[
  {
    "objectName": "StaticObj_Furniture_case_d",
    "inGameName": "-",
    "category": "structures",
    "modelType": "Config",
    "path": "dz/structures/furniture/cases/case_d",
    "usableOnConsole": true,
    "searchTags": "decoration",
    "image": "images/structures/furniture/cases/case_d/staticobj_furniture_case_d.jpg"
  },
  {
    "objectName": "case_d.p3d",
    "inGameName": "-",
    "category": "structures",
    "modelType": "Raw P3D",
    "path": "dz/structures/furniture/cases/case_d",
    "usableOnConsole": false,
    "searchTags": "decoration, furniture",
    "image": "images/structures/furniture/cases/case_d/case_d.p3d.jpg"
  }
]
