[
  {
    "objectName": "M4_OEBttstck",
    "inGameName": "M4-A1 Telescopic Buttstock",
    "category": "weapons",
    "modelType": "Config",
    "path": "dz/weapons/attachments/support",
    "usableOnConsole": true,
    "searchTags": "m4",
    "image": "images/weapons/attachments/support/m4_oebttstck.jpg",
    "id": "dzobj_glku8ik3rt"
  },
  {
    "objectName": "M4_MPBttstck",
    "inGameName": "M4-A1 MP Buttstock",
    "category": "weapons",
    "modelType": "Config",
    "path": "dz/weapons/attachments/support",
    "usableOnConsole": true,
    "searchTags": "m4",
    "image": "images/weapons/attachments/support/m4_mpbttstck.jpg",
    "id": "dzobj_p2rl73kfm7"
  },
  {
    "objectName": "M4_CQBBttstck",
    "inGameName": "M4-A1 CQB Buttstock",
    "category": "weapons",
    "modelType": "Config",
    "path": "dz/weapons/attachments/support",
    "usableOnConsole": true,
    "searchTags": "a1, attachments, buttstock, support, weapon, weapons",
    "image": "images/weapons/attachments/support/m4_cqbbttstck.jpg",
    "id": "dzobj_2tr47vsjd7"
  },
  {
    "objectName": "AK_WoodBttstck",
    "inGameName": "KA Wooden Buttstock",
    "category": "weapons",
    "modelType": "Config",
    "path": "dz/weapons/attachments/support",
    "usableOnConsole": true,
    "searchTags": "ka-74, ak-74",
    "image": "images/weapons/attachments/support/ak_woodbttstck.jpg",
    "id": "dzobj_45d9zrfmg9"
  },
  {
    "objectName": "AK74_WoodBttstck",
    "inGameName": "KA Wooden Buttstock",
    "category": "weapons",
    "modelType": "Config",
    "path": "dz/weapons/attachments/support",
    "usableOnConsole": true,
    "searchTags": "ka-74, ak-74",
    "image": "images/weapons/attachments/support/ak74_woodbttstck.jpg",
    "id": "dzobj_tyx427ivof"
  },
  {
    "objectName": "AK_FoldingBttstck",
    "inGameName": "KA Lightweight Buttstock",
    "category": "weapons",
    "modelType": "Config",
    "path": "dz/weapons/attachments/support",
    "usableOnConsole": true,
    "searchTags": "ka-74, ak-74",
    "image": "images/weapons/attachments/support/ak_foldingbttstck.jpg",
    "id": "dzobj_1hoe7blaev"
  },
  {
    "objectName": "AK_PlasticBttstck",
    "inGameName": "KA Polymer Buttstock",
    "category": "weapons",
    "modelType": "Config",
    "path": "dz/weapons/attachments/support",
    "usableOnConsole": true,
    "searchTags": "ka-74, ak-74",
    "image": "images/weapons/attachments/support/ak_plasticbttstck.jpg",
    "id": "dzobj_voeonefron"
  },
  {
    "objectName": "AKS74U_Bttstck",
    "inGameName": "KAS-74U Lightweight Buttstock",
    "category": "weapons",
    "modelType": "Config",
    "path": "dz/weapons/attachments/support",
    "usableOnConsole": true,
    "searchTags": "kas-74u",
    "image": "images/weapons/attachments/support/aks74u_bttstck.jpg",
    "id": "dzobj_uxjgio58le"
  },
  {
    "objectName": "MP5k_StockBttstck",
    "inGameName": "SG5-K Lightweight Buttstock",
    "category": "weapons",
    "modelType": "Config",
    "path": "dz/weapons/attachments/support",
    "usableOnConsole": true,
    "searchTags": "sg5",
    "image": "images/weapons/attachments/support/mp5k_stockbttstck.jpg",
    "id": "dzobj_dbbhv618c6"
  },
  {
    "objectName": "Red9Bttstck",
    "inGameName": "Red 9 Buttstock",
    "category": "weapons",
    "modelType": "Config",
    "path": "dz/weapons/attachments/support",
    "usableOnConsole": true,
    "searchTags": "not_enabled",
    "image": "images/weapons/attachments/support/red9bttstck.jpg",
    "id": "dzobj_ky1eddbokg"
  },
  {
    "objectName": "Fal_OeBttstck",
    "inGameName": "LAR Polymer Buttstock",
    "category": "weapons",
    "modelType": "Config",
    "path": "dz/weapons/attachments/support",
    "usableOnConsole": true,
    "searchTags": "lar",
    "image": "images/weapons/attachments/support/fal_oebttstck.jpg",
    "id": "dzobj_krbnk780y5"
  },
  {
    "objectName": "Fal_FoldingBttstck",
    "inGameName": "LAR Lightweight Buttstock",
    "category": "weapons",
    "modelType": "Config",
    "path": "dz/weapons/attachments/support",
    "usableOnConsole": true,
    "searchTags": "lar",
    "image": "images/weapons/attachments/support/fal_foldingbttstck.jpg",
    "id": "dzobj_6qyvl4p0j2"
  },
  {
    "objectName": "Saiga_Bttstck",
    "inGameName": "Vaiga Lightweight Buttstock",
    "category": "weapons",
    "modelType": "Config",
    "path": "dz/weapons/attachments/support",
    "usableOnConsole": true,
    "searchTags": "vaiga",
    "image": "images/weapons/attachments/support/saiga_bttstck.jpg",
    "id": "dzobj_l8q1unhzl6"
  },
  {
    "objectName": "PP19_Bttstck",
    "inGameName": "Bizon Lightweight Buttstock",
    "category": "weapons",
    "modelType": "Config",
    "path": "dz/weapons/attachments/support",
    "usableOnConsole": true,
    "searchTags": "bizon",
    "image": "images/weapons/attachments/support/pp19_bttstck.jpg",
    "id": "dzobj_lqinnq7w2k"
  },
  {
    "objectName": "M4_PlasticHndgrd",
    "inGameName": "M4-A1 Polymer Handguard",
    "category": "weapons",
    "modelType": "Config",
    "path": "dz/weapons/attachments/support",
    "usableOnConsole": true,
    "searchTags": "m4",
    "image": "images/weapons/attachments/support/m4_plastichndgrd.jpg",
    "id": "dzobj_88qe2838of"
  },
  {
    "objectName": "M4_RISHndgrd",
    "inGameName": "M4-A1 Rail Handguard",
    "category": "weapons",
    "modelType": "Config",
    "path": "dz/weapons/attachments/support",
    "usableOnConsole": true,
    "searchTags": "m4",
    "image": "images/weapons/attachments/support/m4_rishndgrd.jpg",
    "id": "dzobj_mtp3lqcuku"
  },
  {
    "objectName": "M4_MPHndgrd",
    "inGameName": "M4-A1 MP Handguard",
    "category": "weapons",
    "modelType": "Config",
    "path": "dz/weapons/attachments/support",
    "usableOnConsole": true,
    "searchTags": "m4",
    "image": "images/weapons/attachments/support/m4_mphndgrd.jpg",
    "id": "dzobj_mkhvuurf6h"
  },
  {
    "objectName": "AK_WoodHndgrd",
    "inGameName": "KA Wooden Handguard",
    "category": "weapons",
    "modelType": "Config",
    "path": "dz/weapons/attachments/support",
    "usableOnConsole": true,
    "searchTags": "ka-74, ak-74",
    "image": "images/weapons/attachments/support/ak_woodhndgrd.jpg",
    "id": "dzobj_0609ibruzx"
  },
  {
    "objectName": "AK74_Hndgrd",
    "inGameName": "KA Wooden Handguard",
    "category": "weapons",
    "modelType": "Config",
    "path": "dz/weapons/attachments/support",
    "usableOnConsole": true,
    "searchTags": "ka-74, ak-74",
    "image": "images/weapons/attachments/support/ak74_hndgrd.jpg",
    "id": "dzobj_ikkhpojpaq"
  },
  {
    "objectName": "AK_RailHndgrd",
    "inGameName": "KA Rail Handguard",
    "category": "weapons",
    "modelType": "Config",
    "path": "dz/weapons/attachments/support",
    "usableOnConsole": true,
    "searchTags": "ka-74, ak-74",
    "image": "images/weapons/attachments/support/ak_railhndgrd.jpg",
    "id": "dzobj_08shjncn44"
  },
  {
    "objectName": "AK_PlasticHndgrd",
    "inGameName": "KA Polymer Handguard",
    "category": "weapons",
    "modelType": "Config",
    "path": "dz/weapons/attachments/support",
    "usableOnConsole": true,
    "searchTags": "attachments, handguard, ka, polymer, support, weapon, weapons",
    "image": "images/weapons/attachments/support/ak_plastichndgrd.jpg",
    "id": "dzobj_ywbubd28gp"
  },
  {
    "objectName": "MP5_PlasticHndgrd",
    "inGameName": "SG5-K Polymer Handguard",
    "category": "weapons",
    "modelType": "Config",
    "path": "dz/weapons/attachments/support",
    "usableOnConsole": true,
    "searchTags": "sg5",
    "image": "images/weapons/attachments/support/mp5_plastichndgrd.jpg",
    "id": "dzobj_097kyyixvd"
  },
  {
    "objectName": "MP5_RailHndgrd",
    "inGameName": "SG5-K Rail Handguard",
    "category": "weapons",
    "modelType": "Config",
    "path": "dz/weapons/attachments/support",
    "usableOnConsole": true,
    "searchTags": "sg5",
    "image": "images/weapons/attachments/support/mp5_railhndgrd.jpg",
    "id": "dzobj_zzg0838j3a"
  },
  {
    "objectName": "M249_Hndgrd",
    "inGameName": "M249 handguard",
    "category": "weapons",
    "modelType": "Config",
    "path": "dz/weapons/attachments/support",
    "usableOnConsole": true,
    "searchTags": "not_enabled",
    "image": "images/weapons/attachments/support/m249_hndgrd.jpg",
    "id": "dzobj_wf0424hi4o"
  },
  {
    "objectName": "M249_RisHndgrd",
    "inGameName": "M249 Ris handguard",
    "category": "weapons",
    "modelType": "Config",
    "path": "dz/weapons/attachments/support",
    "usableOnConsole": true,
    "searchTags": "attachments, handguard, support, weapon, weapons",
    "image": "images/weapons/attachments/support/m249_rishndgrd.jpg",
    "id": "dzobj_h7r38d2e3q"
  },
  {
    "objectName": "AtlasBipod",
    "inGameName": "ATLAS Bipod",
    "category": "weapons",
    "modelType": "Config",
    "path": "dz/weapons/attachments/support",
    "usableOnConsole": true,
    "searchTags": "not_enabled",
    "image": "images/weapons/attachments/support/atlasbipod.jpg",
    "id": "dzobj_dkw50ba6ys"
  },
  {
    "objectName": "M249_Bipod",
    "inGameName": "M248 Bipod",
    "category": "weapons",
    "modelType": "Config",
    "path": "dz/weapons/attachments/support",
    "usableOnConsole": true,
    "searchTags": "attachments, m248, support, weapon, weapons",
    "image": "images/weapons/attachments/support/m249_bipod.jpg",
    "id": "dzobj_oeyfa0kmfr"
  },
  {
    "objectName": "GhillieAtt_Mossy",
    "inGameName": "Ghillie Rifle Wrap",
    "category": "weapons",
    "modelType": "Config",
    "path": "dz/weapons/attachments/support",
    "usableOnConsole": true,
    "searchTags": "attachments, firearm, gun, rifle, support, weapon, weapons, wrap",
    "image": "images/weapons/attachments/support/ghillieatt_mossy/ghillieatt_mossy.jpg",
    "id": "dzobj_2w2v7uaxdm"
  },
  {
    "objectName": "GhillieAtt_Tan",
    "inGameName": "Ghillie Rifle Wrap",
    "category": "weapons",
    "modelType": "Config",
    "path": "dz/weapons/attachments/support",
    "usableOnConsole": true,
    "searchTags": "attachments, firearm, gun, rifle, support, weapon, weapons, wrap",
    "image": "images/weapons/attachments/support/ghillieatt_tan/ghillieatt_tan.jpg",
    "id": "dzobj_k79usfkxno"
  },
  {
    "objectName": "GhillieAtt_Winter",
    "inGameName": "Ghillie Rifle Wrap",
    "category": "weapons",
    "modelType": "Config",
    "path": "dz/weapons/attachments/support",
    "usableOnConsole": true,
    "searchTags": "attachments, firearm, gun, rifle, support, weapon, weapons, wrap",
    "image": "images/weapons/attachments/support/ghillieatt_winter/ghillieatt_winter.jpg",
    "id": "dzobj_8opwsofhhg"
  },
  {
    "objectName": "GhillieAtt_Woodland",
    "inGameName": "Ghillie Rifle Wrap",
    "category": "weapons",
    "modelType": "Config",
    "path": "dz/weapons/attachments/support",
    "usableOnConsole": true,
    "searchTags": "attachments, firearm, gun, rifle, support, weapon, weapons, wrap",
    "image": "images/weapons/attachments/support/ghillieatt_woodland/ghillieatt_woodland.jpg",
    "id": "dzobj_n4ze0oiauf"
  },
  {
    "objectName": "ProxyButtstock_M4_OE",
    "inGameName": "-",
    "category": "weapons",
    "modelType": "Config",
    "path": "dz/weapons/attachments/support",
    "usableOnConsole": true,
    "searchTags": "attachments, support, weapon, weapons",
    "image": "images/weapons/attachments/support/proxybuttstock_m4_oe.jpg",
    "id": "dzobj_ty8tgiiavb"
  },
  {
    "objectName": "ProxyButtstock_M4_MP",
    "inGameName": "-",
    "category": "weapons",
    "modelType": "Config",
    "path": "dz/weapons/attachments/support",
    "usableOnConsole": true,
    "searchTags": "attachments, support, weapon, weapons",
    "image": "images/weapons/attachments/support/proxybuttstock_m4_mp.jpg",
    "id": "dzobj_rdw8tzadd0"
  },
  {
    "objectName": "ProxyButtstock_M4_CQB",
    "inGameName": "-",
    "category": "weapons",
    "modelType": "Config",
    "path": "dz/weapons/attachments/support",
    "usableOnConsole": true,
    "searchTags": "attachments, support, weapon, weapons",
    "image": "images/weapons/attachments/support/proxybuttstock_m4_cqb.jpg",
    "id": "dzobj_g57hb1nfcd"
  },
  {
    "objectName": "ProxyButtstock_AK_Wood",
    "inGameName": "-",
    "category": "weapons",
    "modelType": "Config",
    "path": "dz/weapons/attachments/support",
    "usableOnConsole": true,
    "searchTags": "attachments, support, weapon, weapons",
    "image": "images/weapons/attachments/support/proxybuttstock_ak_wood.jpg",
    "id": "dzobj_y7fjrxc213"
  },
  {
    "objectName": "ProxyButtstock_AK_Folding_Black",
    "inGameName": "-",
    "category": "weapons",
    "modelType": "Config",
    "path": "dz/weapons/attachments/support",
    "usableOnConsole": true,
    "searchTags": "attachments, support, weapon, weapons",
    "image": "images/weapons/attachments/support/proxybuttstock_ak_folding_black.jpg",
    "id": "dzobj_w4czztsqbd"
  },
  {
    "objectName": "ProxyButtstock_AK_Plastic",
    "inGameName": "-",
    "category": "weapons",
    "modelType": "Config",
    "path": "dz/weapons/attachments/support",
    "usableOnConsole": true,
    "searchTags": "attachments, support, weapon, weapons",
    "image": "images/weapons/attachments/support/proxybuttstock_ak_plastic.jpg",
    "id": "dzobj_yqbmrc1p5m"
  },
  {
    "objectName": "Proxybuttstock_aks",
    "inGameName": "-",
    "category": "weapons",
    "modelType": "Config",
    "path": "dz/weapons/attachments/support",
    "usableOnConsole": true,
    "searchTags": "attachments, support, weapon, weapons",
    "image": "images/weapons/attachments/support/proxybuttstock_aks.jpg",
    "id": "dzobj_t2expats94"
  },
  {
    "objectName": "ProxyButtstock_mp5K_stock",
    "inGameName": "-",
    "category": "weapons",
    "modelType": "Config",
    "path": "dz/weapons/attachments/support",
    "usableOnConsole": true,
    "searchTags": "attachments, support, weapon, weapons",
    "image": "images/weapons/attachments/support/proxybuttstock_mp5k_stock.jpg",
    "id": "dzobj_vi7e39hxe0"
  },
  {
    "objectName": "ProxyButtstock_red9",
    "inGameName": "-",
    "category": "weapons",
    "modelType": "Config",
    "path": "dz/weapons/attachments/support",
    "usableOnConsole": true,
    "searchTags": "attachments, support, weapon, weapons",
    "image": "images/weapons/attachments/support/proxybuttstock_red9.jpg",
    "id": "dzobj_nsdwhjqtzs"
  },
  {
    "objectName": "ProxyButtstock_fal_oe",
    "inGameName": "-",
    "category": "weapons",
    "modelType": "Config",
    "path": "dz/weapons/attachments/support",
    "usableOnConsole": true,
    "searchTags": "attachments, support, weapon, weapons",
    "image": "images/weapons/attachments/support/proxybuttstock_fal_oe.jpg",
    "id": "dzobj_qkjywkij9u"
  },
  {
    "objectName": "ProxyButtstock_fal_folding",
    "inGameName": "-",
    "category": "weapons",
    "modelType": "Config",
    "path": "dz/weapons/attachments/support",
    "usableOnConsole": true,
    "searchTags": "attachments, support, weapon, weapons",
    "image": "images/weapons/attachments/support/proxybuttstock_fal_folding.jpg",
    "id": "dzobj_i6udt2apx9"
  },
  {
    "objectName": "ProxyButtstock_saiga_folding",
    "inGameName": "-",
    "category": "weapons",
    "modelType": "Config",
    "path": "dz/weapons/attachments/support",
    "usableOnConsole": true,
    "searchTags": "attachments, support, weapon, weapons",
    "image": "images/weapons/attachments/support/proxybuttstock_saiga_folding.jpg",
    "id": "dzobj_0tdtqstzq4"
  },
  {
    "objectName": "ProxyButtstock_pp19",
    "inGameName": "-",
    "category": "weapons",
    "modelType": "Config",
    "path": "dz/weapons/attachments/support",
    "usableOnConsole": true,
    "searchTags": "attachments, support, weapon, weapons",
    "image": "images/weapons/attachments/support/proxybuttstock_pp19.jpg",
    "id": "dzobj_lwuc87vht9"
  },
  {
    "objectName": "ProxyHandguard_M4_Plastic",
    "inGameName": "-",
    "category": "weapons",
    "modelType": "Config",
    "path": "dz/weapons/attachments/support",
    "usableOnConsole": true,
    "searchTags": "attachments, support, weapon, weapons",
    "image": "images/weapons/attachments/support/proxyhandguard_m4_plastic.jpg",
    "id": "dzobj_e3yg2iypxj"
  },
  {
    "objectName": "ProxyHandguard_M4_RIS",
    "inGameName": "-",
    "category": "weapons",
    "modelType": "Config",
    "path": "dz/weapons/attachments/support",
    "usableOnConsole": true,
    "searchTags": "attachments, support, weapon, weapons",
    "image": "images/weapons/attachments/support/proxyhandguard_m4_ris.jpg",
    "id": "dzobj_ubeu3u76kb"
  },
  {
    "objectName": "ProxyHandguard_M4_MP",
    "inGameName": "-",
    "category": "weapons",
    "modelType": "Config",
    "path": "dz/weapons/attachments/support",
    "usableOnConsole": true,
    "searchTags": "attachments, support, weapon, weapons",
    "image": "images/weapons/attachments/support/proxyhandguard_m4_mp.jpg",
    "id": "dzobj_imf4mc9j5c"
  },
  {
    "objectName": "ProxyHandguard_AK_Wood",
    "inGameName": "-",
    "category": "weapons",
    "modelType": "Config",
    "path": "dz/weapons/attachments/support",
    "usableOnConsole": true,
    "searchTags": "attachments, support, weapon, weapons",
    "image": "images/weapons/attachments/support/proxyhandguard_ak_wood.jpg",
    "id": "dzobj_5msjra6bls"
  },
  {
    "objectName": "ProxyHandguard_AK_Rail_Black",
    "inGameName": "-",
    "category": "weapons",
    "modelType": "Config",
    "path": "dz/weapons/attachments/support",
    "usableOnConsole": true,
    "searchTags": "attachments, support, weapon, weapons",
    "image": "images/weapons/attachments/support/proxyhandguard_ak_rail_black.jpg",
    "id": "dzobj_biz2unu6or"
  },
  {
    "objectName": "ProxyHandguard_AK_Plastic",
    "inGameName": "-",
    "category": "weapons",
    "modelType": "Config",
    "path": "dz/weapons/attachments/support",
    "usableOnConsole": true,
    "searchTags": "attachments, support, weapon, weapons",
    "image": "images/weapons/attachments/support/proxyhandguard_ak_plastic.jpg",
    "id": "dzobj_lxwj5ksv9p"
  },
  {
    "objectName": "ProxyHandguard_mp5k_plastic",
    "inGameName": "-",
    "category": "weapons",
    "modelType": "Config",
    "path": "dz/weapons/attachments/support",
    "usableOnConsole": true,
    "searchTags": "attachments, support, weapon, weapons",
    "image": "images/weapons/attachments/support/proxyhandguard_mp5k_plastic.jpg",
    "id": "dzobj_7qiv2hk62b"
  },
  {
    "objectName": "ProxyHandguard_mp5k_rail",
    "inGameName": "-",
    "category": "weapons",
    "modelType": "Config",
    "path": "dz/weapons/attachments/support",
    "usableOnConsole": true,
    "searchTags": "attachments, support, weapon, weapons",
    "image": "images/weapons/attachments/support/proxyhandguard_mp5k_rail.jpg",
    "id": "dzobj_zvls3cijws"
  },
  {
    "objectName": "ProxyHandguard_m249",
    "inGameName": "-",
    "category": "weapons",
    "modelType": "Config",
    "path": "dz/weapons/attachments/support",
    "usableOnConsole": true,
    "searchTags": "attachments, support, weapon, weapons",
    "image": "images/weapons/attachments/support/proxyhandguard_m249.jpg",
    "id": "dzobj_jbla1cjecf"
  },
  {
    "objectName": "ProxyHandguard_m249_ris",
    "inGameName": "-",
    "category": "weapons",
    "modelType": "Config",
    "path": "dz/weapons/attachments/support",
    "usableOnConsole": true,
    "searchTags": "attachments, support, weapon, weapons",
    "image": "images/weapons/attachments/support/proxyhandguard_m249_ris.jpg",
    "id": "dzobj_oye29n1quo"
  },
  {
    "objectName": "ProxyBipod_Atlas",
    "inGameName": "-",
    "category": "weapons",
    "modelType": "Config",
    "path": "dz/weapons/attachments/support",
    "usableOnConsole": true,
    "searchTags": "attachments, support, weapon, weapons",
    "image": "images/weapons/attachments/support/proxybipod_atlas.jpg",
    "id": "dzobj_lcr3hw3qg5"
  },
  {
    "objectName": "ProxyBipod_m249",
    "inGameName": "-",
    "category": "weapons",
    "modelType": "Config",
    "path": "dz/weapons/attachments/support",
    "usableOnConsole": true,
    "searchTags": "attachments, support, weapon, weapons",
    "image": "images/weapons/attachments/support/proxybipod_m249.jpg",
    "id": "dzobj_ojwr9ep7yo"
  },
  {
    "objectName": "ProxyGhillie_wrap",
    "inGameName": "-",
    "category": "weapons",
    "modelType": "Config",
    "path": "dz/weapons/attachments/support",
    "usableOnConsole": true,
    "searchTags": "attachments, support, weapon, weapons",
    "image": "images/weapons/attachments/support/proxyghillie_wrap.jpg",
    "id": "dzobj_4ohd172x5v"
  },
  {
    "objectName": "bipod_atlas.p3d",
    "inGameName": "-",
    "category": "weapons",
    "modelType": "Raw P3D",
    "path": "dz/weapons/attachments/support",
    "usableOnConsole": false,
    "searchTags": "attachments, support, weapon, weapons",
    "image": "images/weapons/attachments/support/bipod_atlas.p3d.jpg",
    "id": "dzobj_t1y6kjz4h8"
  },
  {
    "objectName": "bipod_m249.p3d",
    "inGameName": "-",
    "category": "weapons",
    "modelType": "Raw P3D",
    "path": "dz/weapons/attachments/support",
    "usableOnConsole": false,
    "searchTags": "attachments, support, weapon, weapons",
    "image": "images/weapons/attachments/support/bipod_m249.p3d.jpg",
    "id": "dzobj_4f6dfmllrr"
  },
  {
    "objectName": "bipod_rpg7.p3d",
    "inGameName": "-",
    "category": "weapons",
    "modelType": "Raw P3D",
    "path": "dz/weapons/attachments/support",
    "usableOnConsole": false,
    "searchTags": "attachments, support, weapon, weapons",
    "image": "images/weapons/attachments/support/bipod_rpg7.p3d.jpg",
    "id": "dzobj_9rsvkp4myw"
  },
  {
    "objectName": "buttstock_aks.p3d",
    "inGameName": "-",
    "category": "weapons",
    "modelType": "Raw P3D",
    "path": "dz/weapons/attachments/support",
    "usableOnConsole": false,
    "searchTags": "attachments, support, weapon, weapons",
    "image": "images/weapons/attachments/support/buttstock_aks.p3d.jpg",
    "id": "dzobj_2gqy0ie3kh"
  },
  {
    "objectName": "buttstock_ak_folding.p3d",
    "inGameName": "-",
    "category": "weapons",
    "modelType": "Raw P3D",
    "path": "dz/weapons/attachments/support",
    "usableOnConsole": false,
    "searchTags": "attachments, support, weapon, weapons",
    "image": "images/weapons/attachments/support/buttstock_ak_folding.p3d.jpg",
    "id": "dzobj_e28eh9jsrn"
  },
  {
    "objectName": "buttstock_ak_plastic.p3d",
    "inGameName": "-",
    "category": "weapons",
    "modelType": "Raw P3D",
    "path": "dz/weapons/attachments/support",
    "usableOnConsole": false,
    "searchTags": "attachments, support, weapon, weapons",
    "image": "images/weapons/attachments/support/buttstock_ak_plastic.p3d.jpg",
    "id": "dzobj_mg1dfcvlu3"
  },
  {
    "objectName": "buttstock_ak_wood.p3d",
    "inGameName": "-",
    "category": "weapons",
    "modelType": "Raw P3D",
    "path": "dz/weapons/attachments/support",
    "usableOnConsole": false,
    "searchTags": "attachments, support, weapon, weapons",
    "image": "images/weapons/attachments/support/buttstock_ak_wood.p3d.jpg",
    "id": "dzobj_3td8csnu93"
  },
  {
    "objectName": "buttstock_fal_folding.p3d",
    "inGameName": "-",
    "category": "weapons",
    "modelType": "Raw P3D",
    "path": "dz/weapons/attachments/support",
    "usableOnConsole": false,
    "searchTags": "attachments, support, weapon, weapons",
    "image": "images/weapons/attachments/support/buttstock_fal_folding.p3d.jpg",
    "id": "dzobj_l3nmc24uc0"
  },
  {
    "objectName": "buttstock_fal_oe.p3d",
    "inGameName": "-",
    "category": "weapons",
    "modelType": "Raw P3D",
    "path": "dz/weapons/attachments/support",
    "usableOnConsole": false,
    "searchTags": "attachments, support, weapon, weapons",
    "image": "images/weapons/attachments/support/buttstock_fal_oe.p3d.jpg",
    "id": "dzobj_hnzich1jc1"
  },
  {
    "objectName": "buttstock_m249.p3d",
    "inGameName": "-",
    "category": "weapons",
    "modelType": "Raw P3D",
    "path": "dz/weapons/attachments/support",
    "usableOnConsole": false,
    "searchTags": "attachments, support, weapon, weapons",
    "image": "images/weapons/attachments/support/buttstock_m249.p3d.jpg",
    "id": "dzobj_gy6fq55818"
  },
  {
    "objectName": "buttstock_m4_cqb.p3d",
    "inGameName": "-",
    "category": "weapons",
    "modelType": "Raw P3D",
    "path": "dz/weapons/attachments/support",
    "usableOnConsole": false,
    "searchTags": "attachments, support, weapon, weapons",
    "image": "images/weapons/attachments/support/buttstock_m4_cqb.p3d.jpg",
    "id": "dzobj_1hbch9cgaj"
  },
  {
    "objectName": "buttstock_m4_mp.p3d",
    "inGameName": "-",
    "category": "weapons",
    "modelType": "Raw P3D",
    "path": "dz/weapons/attachments/support",
    "usableOnConsole": false,
    "searchTags": "attachments, support, weapon, weapons",
    "image": "images/weapons/attachments/support/buttstock_m4_mp.p3d.jpg",
    "id": "dzobj_kmipzp24dc"
  },
  {
    "objectName": "buttstock_m4_oe.p3d",
    "inGameName": "-",
    "category": "weapons",
    "modelType": "Raw P3D",
    "path": "dz/weapons/attachments/support",
    "usableOnConsole": false,
    "searchTags": "attachments, support, weapon, weapons",
    "image": "images/weapons/attachments/support/buttstock_m4_oe.p3d.jpg",
    "id": "dzobj_dg6dl1b4zw"
  },
  {
    "objectName": "buttstock_mp5k_stock.p3d",
    "inGameName": "-",
    "category": "weapons",
    "modelType": "Raw P3D",
    "path": "dz/weapons/attachments/support",
    "usableOnConsole": false,
    "searchTags": "attachments, support, weapon, weapons",
    "image": "images/weapons/attachments/support/buttstock_mp5k_stock.p3d.jpg",
    "id": "dzobj_vprcmgi2id"
  },
  {
    "objectName": "buttstock_pkm.p3d",
    "inGameName": "-",
    "category": "weapons",
    "modelType": "Raw P3D",
    "path": "dz/weapons/attachments/support",
    "usableOnConsole": false,
    "searchTags": "attachments, support, weapon, weapons",
    "image": "images/weapons/attachments/support/buttstock_pkm.p3d.jpg",
    "id": "dzobj_vi6ixjbpl0"
  },
  {
    "objectName": "buttstock_pp19.p3d",
    "inGameName": "-",
    "category": "weapons",
    "modelType": "Raw P3D",
    "path": "dz/weapons/attachments/support",
    "usableOnConsole": false,
    "searchTags": "attachments, support, weapon, weapons",
    "image": "images/weapons/attachments/support/buttstock_pp19.p3d.jpg",
    "id": "dzobj_odmdzgk8fe"
  },
  {
    "objectName": "buttstock_red9.p3d",
    "inGameName": "-",
    "category": "weapons",
    "modelType": "Raw P3D",
    "path": "dz/weapons/attachments/support",
    "usableOnConsole": false,
    "searchTags": "attachments, support, weapon, weapons",
    "image": "images/weapons/attachments/support/buttstock_red9.p3d.jpg",
    "id": "dzobj_ebs07xdaw1"
  },
  {
    "objectName": "buttstock_saiga_folding.p3d",
    "inGameName": "-",
    "category": "weapons",
    "modelType": "Raw P3D",
    "path": "dz/weapons/attachments/support",
    "usableOnConsole": false,
    "searchTags": "attachments, support, weapon, weapons",
    "image": "images/weapons/attachments/support/buttstock_saiga_folding.p3d.jpg",
    "id": "dzobj_13w553d8bl"
  },
  {
    "objectName": "ghillie_wrap.p3d",
    "inGameName": "-",
    "category": "weapons",
    "modelType": "Raw P3D",
    "path": "dz/weapons/attachments/support",
    "usableOnConsole": false,
    "searchTags": "attachments, support, weapon, weapons",
    "image": "images/weapons/attachments/support/ghillie_wrap.p3d.jpg",
    "id": "dzobj_zu0urkp80a"
  },
  {
    "objectName": "grip_m4_mp.p3d",
    "inGameName": "-",
    "category": "weapons",
    "modelType": "Raw P3D",
    "path": "dz/weapons/attachments/support",
    "usableOnConsole": false,
    "searchTags": "attachments, support, weapon, weapons",
    "image": "images/weapons/attachments/support/grip_m4_mp.p3d.jpg",
    "id": "dzobj_3luqyuw3p7"
  },
  {
    "objectName": "handguard_ak_plastic.p3d",
    "inGameName": "-",
    "category": "weapons",
    "modelType": "Raw P3D",
    "path": "dz/weapons/attachments/support",
    "usableOnConsole": false,
    "searchTags": "attachments, support, weapon, weapons",
    "image": "images/weapons/attachments/support/handguard_ak_plastic.p3d.jpg",
    "id": "dzobj_re444wnbe2"
  },
  {
    "objectName": "handguard_ak_rail.p3d",
    "inGameName": "-",
    "category": "weapons",
    "modelType": "Raw P3D",
    "path": "dz/weapons/attachments/support",
    "usableOnConsole": false,
    "searchTags": "attachments, support, weapon, weapons",
    "image": "images/weapons/attachments/support/handguard_ak_rail.p3d.jpg",
    "id": "dzobj_vkijs6hf79"
  },
  {
    "objectName": "handguard_ak_wood.p3d",
    "inGameName": "-",
    "category": "weapons",
    "modelType": "Raw P3D",
    "path": "dz/weapons/attachments/support",
    "usableOnConsole": false,
    "searchTags": "attachments, support, weapon, weapons",
    "image": "images/weapons/attachments/support/handguard_ak_wood.p3d.jpg",
    "id": "dzobj_8vg1ttdmt2"
  },
  {
    "objectName": "handguard_m249.p3d",
    "inGameName": "-",
    "category": "weapons",
    "modelType": "Raw P3D",
    "path": "dz/weapons/attachments/support",
    "usableOnConsole": false,
    "searchTags": "attachments, support, weapon, weapons",
    "image": "images/weapons/attachments/support/handguard_m249.p3d.jpg",
    "id": "dzobj_xgyeotd89u"
  },
  {
    "objectName": "handguard_m249_ris.p3d",
    "inGameName": "-",
    "category": "weapons",
    "modelType": "Raw P3D",
    "path": "dz/weapons/attachments/support",
    "usableOnConsole": false,
    "searchTags": "attachments, support, weapon, weapons",
    "image": "images/weapons/attachments/support/handguard_m249_ris.p3d.jpg",
    "id": "dzobj_2inrpbil2t"
  },
  {
    "objectName": "handguard_m4_mp.p3d",
    "inGameName": "-",
    "category": "weapons",
    "modelType": "Raw P3D",
    "path": "dz/weapons/attachments/support",
    "usableOnConsole": false,
    "searchTags": "attachments, support, weapon, weapons",
    "image": "images/weapons/attachments/support/handguard_m4_mp.p3d.jpg",
    "id": "dzobj_scsaakdbwy"
  },
  {
    "objectName": "handguard_m4_mp_ris.p3d",
    "inGameName": "-",
    "category": "weapons",
    "modelType": "Raw P3D",
    "path": "dz/weapons/attachments/support",
    "usableOnConsole": false,
    "searchTags": "attachments, support, weapon, weapons",
    "image": "images/weapons/attachments/support/handguard_m4_mp_ris.p3d.jpg",
    "id": "dzobj_fwrlnkq1rr"
  },
  {
    "objectName": "handguard_m4_plastic.p3d",
    "inGameName": "-",
    "category": "weapons",
    "modelType": "Raw P3D",
    "path": "dz/weapons/attachments/support",
    "usableOnConsole": false,
    "searchTags": "attachments, support, weapon, weapons",
    "image": "images/weapons/attachments/support/handguard_m4_plastic.p3d.jpg",
    "id": "dzobj_rfjok6q2lr"
  },
  {
    "objectName": "handguard_m4_ris.p3d",
    "inGameName": "-",
    "category": "weapons",
    "modelType": "Raw P3D",
    "path": "dz/weapons/attachments/support",
    "usableOnConsole": false,
    "searchTags": "attachments, support, weapon, weapons",
    "image": "images/weapons/attachments/support/handguard_m4_ris.p3d.jpg",
    "id": "dzobj_n22v9bv13v"
  },
  {
    "objectName": "handguard_mp5k_plastic.p3d",
    "inGameName": "-",
    "category": "weapons",
    "modelType": "Raw P3D",
    "path": "dz/weapons/attachments/support",
    "usableOnConsole": false,
    "searchTags": "attachments, support, weapon, weapons",
    "image": "images/weapons/attachments/support/handguard_mp5k_plastic.p3d.jpg",
    "id": "dzobj_4ungle4rky"
  },
  {
    "objectName": "handguard_mp5k_rail.p3d",
    "inGameName": "-",
    "category": "weapons",
    "modelType": "Raw P3D",
    "path": "dz/weapons/attachments/support",
    "usableOnConsole": false,
    "searchTags": "attachments, support, weapon, weapons",
    "image": "images/weapons/attachments/support/handguard_mp5k_rail.p3d.jpg",
    "id": "dzobj_s2okzghuxo"
  },
  {
    "objectName": "mosin_wrap.p3d",
    "inGameName": "-",
    "category": "weapons",
    "modelType": "Raw P3D",
    "path": "dz/weapons/attachments/support",
    "usableOnConsole": false,
    "searchTags": "attachments, support, weapon, weapons",
    "image": "images/weapons/attachments/support/mosin_wrap.p3d.jpg",
    "id": "dzobj_kc2drq3gyd"
  },
  {
    "objectName": "mosin_wrap_grass.p3d",
    "inGameName": "-",
    "category": "weapons",
    "modelType": "Raw P3D",
    "path": "dz/weapons/attachments/support",
    "usableOnConsole": false,
    "searchTags": "attachments, support, weapon, weapons",
    "image": "images/weapons/attachments/support/mosin_wrap_grass.p3d.jpg",
    "id": "dzobj_exnpjvgvfc"
  },
  {
    "objectName": "universal_rail.p3d",
    "inGameName": "-",
    "category": "weapons",
    "modelType": "Raw P3D",
    "path": "dz/weapons/attachments/support",
    "usableOnConsole": false,
    "searchTags": "attachments, support, weapon, weapons",
    "image": "images/weapons/attachments/support/universal_rail.p3d.jpg",
    "id": "dzobj_8elzxqmd3w"
  },
  {
    "objectName": "wrap_burlap.p3d",
    "inGameName": "-",
    "category": "weapons",
    "modelType": "Raw P3D",
    "path": "dz/weapons/attachments/support",
    "usableOnConsole": false,
    "searchTags": "attachments, support, weapon, weapons",
    "image": "images/weapons/attachments/support/wrap_burlap.p3d.jpg",
    "id": "dzobj_j5jvbjgpig"
  },
  {
    "objectName": "wrap_burlap_grass.p3d",
    "inGameName": "-",
    "category": "weapons",
    "modelType": "Raw P3D",
    "path": "dz/weapons/attachments/support",
    "usableOnConsole": false,
    "searchTags": "attachments, support, weapon, weapons",
    "image": "images/weapons/attachments/support/wrap_burlap_grass.p3d.jpg",
    "id": "dzobj_ivwug1gmk8"
  },
  {
    "objectName": "AK_FoldingBttstck_Black",
    "inGameName": "KA Lightweight Buttstock",
    "category": "weapons",
    "modelType": "Config",
    "path": "dz/weapons/attachments/support",
    "usableOnConsole": true,
    "searchTags": "ka-74, ak-74",
    "image": "images/weapons/attachments/support/ak_foldingbttstck.jpg",
    "id": "dzobj_toz8fpmm2i"
  },
  {
    "objectName": "AK_FoldingBttstck_Green",
    "inGameName": "KA Lightweight Buttstock",
    "category": "weapons",
    "modelType": "Config",
    "path": "dz/weapons/attachments/support",
    "usableOnConsole": true,
    "searchTags": "ka-74, ak-74",
    "image": "images/weapons/attachments/support/ak_foldingbttstck.jpg",
    "id": "dzobj_421bcfuait"
  },
  {
    "objectName": "AK_PlasticBttstck_Black",
    "inGameName": "KA Polymer Buttstock",
    "category": "weapons",
    "modelType": "Config",
    "path": "dz/weapons/attachments/support",
    "usableOnConsole": true,
    "searchTags": "ka-74, ak-74",
    "image": "images/weapons/attachments/support/ak_plasticbttstck.jpg",
    "id": "dzobj_ejdhye6gyg"
  },
  {
    "objectName": "AK_PlasticBttstck_Green",
    "inGameName": "KA Polymer Buttstock",
    "category": "weapons",
    "modelType": "Config",
    "path": "dz/weapons/attachments/support",
    "usableOnConsole": true,
    "searchTags": "ka-74, ak-74",
    "image": "images/weapons/attachments/support/ak_plasticbttstck.jpg",
    "id": "dzobj_9xux2q8jul"
  },
  {
    "objectName": "AK_RailHndgrd_Black",
    "inGameName": "KA Rail Handguard",
    "category": "weapons",
    "modelType": "Config",
    "path": "dz/weapons/attachments/support",
    "usableOnConsole": true,
    "searchTags": "ka-74, ak-74",
    "image": "images/weapons/attachments/support/ak_railhndgrd.jpg",
    "id": "dzobj_1148g6mouy"
  },
  {
    "objectName": "AK_RailHndgrd_Green",
    "inGameName": "KA Rail Handguard",
    "category": "weapons",
    "modelType": "Config",
    "path": "dz/weapons/attachments/support",
    "usableOnConsole": true,
    "searchTags": "ka-74, ak-74",
    "image": "images/weapons/attachments/support/ak_railhndgrd.jpg",
    "id": "dzobj_1pqbl7zznb"
  },
  {
    "objectName": "AK_WoodBttstck_Black",
    "inGameName": "KA Wooden Buttstock",
    "category": "weapons",
    "modelType": "Config",
    "path": "dz/weapons/attachments/support",
    "usableOnConsole": true,
    "searchTags": "ka-74, ak-74",
    "image": "images/weapons/attachments/support/ak_woodbttstck.jpg",
    "id": "dzobj_9l9n7giq57"
  },
  {
    "objectName": "AK_WoodBttstck_Camo",
    "inGameName": "KA Wooden Buttstock",
    "category": "weapons",
    "modelType": "Config",
    "path": "dz/weapons/attachments/support",
    "usableOnConsole": true,
    "searchTags": "ka-74, ak-74",
    "image": "images/weapons/attachments/support/ak_woodbttstck.jpg",
    "id": "dzobj_ijq2wogavh"
  },
  {
    "objectName": "AK_WoodHndgrd_Black",
    "inGameName": "KA Wooden Handguard",
    "category": "weapons",
    "modelType": "Config",
    "path": "dz/weapons/attachments/support",
    "usableOnConsole": true,
    "searchTags": "ka-74, ak-74",
    "image": "images/weapons/attachments/support/ak_woodhndgrd.jpg",
    "id": "dzobj_7by4ww3v4d"
  },
  {
    "objectName": "AK_WoodHndgrd_Camo",
    "inGameName": "KA Wooden Handguard",
    "category": "weapons",
    "modelType": "Config",
    "path": "dz/weapons/attachments/support",
    "usableOnConsole": true,
    "searchTags": "ka-74, ak-74",
    "image": "images/weapons/attachments/support/ak_woodhndgrd.jpg",
    "id": "dzobj_jpsxdqb1pz"
  },
  {
    "objectName": "M4_RISHndgrd_Black",
    "inGameName": "M4-A1 Rail Handguard",
    "category": "weapons",
    "modelType": "Config",
    "path": "dz/weapons/attachments/support",
    "usableOnConsole": true,
    "searchTags": "m4",
    "image": "images/weapons/attachments/support/m4_rishndgrd.jpg",
    "id": "dzobj_amno5ajoow"
  },
  {
    "objectName": "M4_RISHndgrd_Green",
    "inGameName": "M4-A1 Rail Handguard",
    "category": "weapons",
    "modelType": "Config",
    "path": "dz/weapons/attachments/support",
    "usableOnConsole": true,
    "searchTags": "m4",
    "image": "images/weapons/attachments/support/m4_rishndgrd.jpg",
    "id": "dzobj_yf2y4ul19g"
  }
]
