[
  {
    "objectName": "StaticObj_Furniture_Light_BathRoom",
    "inGameName": "-",
    "category": "structures",
    "modelType": "Config",
    "path": "dz/structures/furniture/lighting/light_bathroom",
    "usableOnConsole": true,
    "searchTags": "lamp, lighting",
    "image": "images/structures/furniture/lighting/light_bathroom/staticobj_furniture_light_bathroom.jpg",
    "id": "dzobj_qyolfrau2i"
  },
  {
    "objectName": "light_bathroom.p3d",
    "inGameName": "-",
    "category": "structures",
    "modelType": "Raw P3D",
    "path": "dz/structures/furniture/lighting/light_bathroom",
    "usableOnConsole": false,
    "searchTags": "furniture, lamp, lighting",
    "image": "images/structures/furniture/lighting/light_bathroom/light_bathroom.p3d.jpg",
    "id": "dzobj_2hac4zrbpw"
  }
]
