[
  {
    "objectName": "Land_Ruin_BusStop_Village2",
    "inGameName": "-",
    "category": "structures_bliss",
    "modelType": "Config",
    "path": "dz/structures_bliss/ruins",
    "usableOnConsole": true,
    "searchTags": "livoniaa, ruins, transport, vehicle",
    "image": "images/structures_bliss/ruins/land_ruin_busstop_village2.jpg"
  },
  {
    "objectName": "Land_Ruin_Camp_House",
    "inGameName": "-",
    "category": "structures_bliss",
    "modelType": "Config",
    "path": "dz/structures_bliss/ruins",
    "usableOnConsole": true,
    "searchTags": "livoniaa, camping, outdoor, ruins, hunting shack",
    "image": "images/structures_bliss/ruins/land_ruin_camp_house.jpg"
  },
  {
    "objectName": "Land_Ruin_Slum_House2",
    "inGameName": "-",
    "category": "structures_bliss",
    "modelType": "Config",
    "path": "dz/structures_bliss/ruins",
    "usableOnConsole": true,
    "searchTags": "livoniaa, ruins, broken, collapsed",
    "image": "images/structures_bliss/ruins/land_ruin_slum_house2.jpg"
  },
  {
    "objectName": "Land_Ruin_Slum_House3",
    "inGameName": "-",
    "category": "structures_bliss",
    "modelType": "Config",
    "path": "dz/structures_bliss/ruins",
    "usableOnConsole": true,
    "searchTags": "livoniaa, ruins, broken, collapsed",
    "image": "images/structures_bliss/ruins/land_ruin_slum_house3.jpg"
  },
  {
    "objectName": "Land_Ruin_Slum_House4",
    "inGameName": "-",
    "category": "structures_bliss",
    "modelType": "Config",
    "path": "dz/structures_bliss/ruins",
    "usableOnConsole": true,
    "searchTags": "livoniaa, ruins, broken, collapsed",
    "image": "images/structures_bliss/ruins/land_ruin_slum_house4.jpg"
  },
  {
    "objectName": "Land_Ruin_Highway_Pillar1",
    "inGameName": "-",
    "category": "structures_bliss",
    "modelType": "Config",
    "path": "dz/structures_bliss/ruins",
    "usableOnConsole": true,
    "searchTags": "livoniaa, ruins, broken, collapsed",
    "image": "images/structures_bliss/ruins/land_ruin_highway_pillar1.jpg"
  },
  {
    "objectName": "Land_Ruin_Chapel2_White",
    "inGameName": "-",
    "category": "structures_bliss",
    "modelType": "Config",
    "path": "dz/structures_bliss/ruins",
    "usableOnConsole": true,
    "searchTags": "livoniaa, ruins, broken, collapsed",
    "image": "images/structures_bliss/ruins/land_ruin_chapel2_white.jpg"
  },
  {
    "objectName": "Land_Ruin_Chapel2_Yellow",
    "inGameName": "-",
    "category": "structures_bliss",
    "modelType": "Config",
    "path": "dz/structures_bliss/ruins",
    "usableOnConsole": true,
    "searchTags": "livoniaa, ruins, broken, collapsed",
    "image": "images/structures_bliss/ruins/land_ruin_chapel2_yellow.jpg"
  },
  {
    "objectName": "Land_Ruin_Church2",
    "inGameName": "-",
    "category": "structures_bliss",
    "modelType": "Config",
    "path": "dz/structures_bliss/ruins",
    "usableOnConsole": true,
    "searchTags": "livoniaa, religious, ruins",
    "image": "images/structures_bliss/ruins/land_ruin_church2.jpg"
  },
  {
    "objectName": "Land_Ruin_Church2_NoIvy",
    "inGameName": "-",
    "category": "structures_bliss",
    "modelType": "Config",
    "path": "dz/structures_bliss/ruins",
    "usableOnConsole": true,
    "searchTags": "livoniaa, religious, ruins",
    "image": "images/structures_bliss/ruins/land_ruin_church2_noivy.jpg"
  },
  {
    "objectName": "Land_Ruin_House_1B01",
    "inGameName": "-",
    "category": "structures_bliss",
    "modelType": "Config",
    "path": "dz/structures_bliss/ruins",
    "usableOnConsole": true,
    "searchTags": "livoniaa, ruins, broken, collapsed",
    "image": "images/structures_bliss/ruins/land_ruin_house_1b01.jpg"
  },
  {
    "objectName": "Land_Ruin_House_1W01",
    "inGameName": "-",
    "category": "structures_bliss",
    "modelType": "Config",
    "path": "dz/structures_bliss/ruins",
    "usableOnConsole": true,
    "searchTags": "livoniaa, ruins, broken, collapsed",
    "image": "images/structures_bliss/ruins/land_ruin_house_1w01.jpg"
  },
  {
    "objectName": "Land_Ruin_House_1W02",
    "inGameName": "-",
    "category": "structures_bliss",
    "modelType": "Config",
    "path": "dz/structures_bliss/ruins",
    "usableOnConsole": true,
    "searchTags": "livoniaa, ruins, broken, collapsed",
    "image": "images/structures_bliss/ruins/land_ruin_house_1w02.jpg"
  },
  {
    "objectName": "Land_Ruin_House_1W03",
    "inGameName": "-",
    "category": "structures_bliss",
    "modelType": "Config",
    "path": "dz/structures_bliss/ruins",
    "usableOnConsole": true,
    "searchTags": "livoniaa, ruins, broken, collapsed",
    "image": "images/structures_bliss/ruins/land_ruin_house_1w03.jpg"
  },
  {
    "objectName": "Land_Ruin_House_1W04",
    "inGameName": "-",
    "category": "structures_bliss",
    "modelType": "Config",
    "path": "dz/structures_bliss/ruins",
    "usableOnConsole": true,
    "searchTags": "livoniaa, ruins, broken, collapsed",
    "image": "images/structures_bliss/ruins/land_ruin_house_1w04.jpg"
  },
  {
    "objectName": "Land_Ruin_House_1W05",
    "inGameName": "-",
    "category": "structures_bliss",
    "modelType": "Config",
    "path": "dz/structures_bliss/ruins",
    "usableOnConsole": true,
    "searchTags": "livoniaa, ruins, broken, collapsed",
    "image": "images/structures_bliss/ruins/land_ruin_house_1w05.jpg"
  },
  {
    "objectName": "Land_Ruin_House_1W06",
    "inGameName": "-",
    "category": "structures_bliss",
    "modelType": "Config",
    "path": "dz/structures_bliss/ruins",
    "usableOnConsole": true,
    "searchTags": "livoniaa, ruins, broken, collapsed",
    "image": "images/structures_bliss/ruins/land_ruin_house_1w06.jpg"
  },
  {
    "objectName": "Land_Ruin_House_1W07",
    "inGameName": "-",
    "category": "structures_bliss",
    "modelType": "Config",
    "path": "dz/structures_bliss/ruins",
    "usableOnConsole": true,
    "searchTags": "livoniaa, ruins, broken, collapsed",
    "image": "images/structures_bliss/ruins/land_ruin_house_1w07.jpg"
  },
  {
    "objectName": "Land_Ruin_House_1W08",
    "inGameName": "-",
    "category": "structures_bliss",
    "modelType": "Config",
    "path": "dz/structures_bliss/ruins",
    "usableOnConsole": true,
    "searchTags": "livoniaa, ruins, broken, collapsed",
    "image": "images/structures_bliss/ruins/land_ruin_house_1w08.jpg"
  },
  {
    "objectName": "Land_Ruin_House_1W09",
    "inGameName": "-",
    "category": "structures_bliss",
    "modelType": "Config",
    "path": "dz/structures_bliss/ruins",
    "usableOnConsole": true,
    "searchTags": "livoniaa, ruins, broken, collapsed",
    "image": "images/structures_bliss/ruins/land_ruin_house_1w09.jpg"
  },
  {
    "objectName": "Land_Ruin_House_1W10",
    "inGameName": "-",
    "category": "structures_bliss",
    "modelType": "Config",
    "path": "dz/structures_bliss/ruins",
    "usableOnConsole": true,
    "searchTags": "livoniaa, ruins, broken, collapsed",
    "image": "images/structures_bliss/ruins/land_ruin_house_1w10.jpg"
  },
  {
    "objectName": "Land_Ruin_House_1W11",
    "inGameName": "-",
    "category": "structures_bliss",
    "modelType": "Config",
    "path": "dz/structures_bliss/ruins",
    "usableOnConsole": true,
    "searchTags": "livoniaa, ruins, broken, collapsed",
    "image": "images/structures_bliss/ruins/land_ruin_house_1w11.jpg"
  },
  {
    "objectName": "Land_Ruin_House_1W12",
    "inGameName": "-",
    "category": "structures_bliss",
    "modelType": "Config",
    "path": "dz/structures_bliss/ruins",
    "usableOnConsole": true,
    "searchTags": "livoniaa, ruins, broken, collapsed",
    "image": "images/structures_bliss/ruins/land_ruin_house_1w12.jpg"
  },
  {
    "objectName": "Land_Ruin_House_1W13",
    "inGameName": "-",
    "category": "structures_bliss",
    "modelType": "Config",
    "path": "dz/structures_bliss/ruins",
    "usableOnConsole": true,
    "searchTags": "livoniaa, ruins, broken, collapsed",
    "image": "images/structures_bliss/ruins/land_ruin_house_1w13.jpg"
  },
  {
    "objectName": "Land_Ruin_House_2B01",
    "inGameName": "-",
    "category": "structures_bliss",
    "modelType": "Config",
    "path": "dz/structures_bliss/ruins",
    "usableOnConsole": true,
    "searchTags": "livoniaa, ruins, broken, collapsed",
    "image": "images/structures_bliss/ruins/land_ruin_house_2b01.jpg"
  },
  {
    "objectName": "Land_Ruin_House_2B02",
    "inGameName": "-",
    "category": "structures_bliss",
    "modelType": "Config",
    "path": "dz/structures_bliss/ruins",
    "usableOnConsole": true,
    "searchTags": "livoniaa, ruins, broken, collapsed",
    "image": "images/structures_bliss/ruins/land_ruin_house_2b02.jpg"
  },
  {
    "objectName": "Land_Ruin_House_2B03",
    "inGameName": "-",
    "category": "structures_bliss",
    "modelType": "Config",
    "path": "dz/structures_bliss/ruins",
    "usableOnConsole": true,
    "searchTags": "livoniaa, ruins, broken, collapsed",
    "image": "images/structures_bliss/ruins/land_ruin_house_2b03.jpg"
  },
  {
    "objectName": "Land_Ruin_House_2B04",
    "inGameName": "-",
    "category": "structures_bliss",
    "modelType": "Config",
    "path": "dz/structures_bliss/ruins",
    "usableOnConsole": true,
    "searchTags": "livoniaa, ruins, broken, collapsed",
    "image": "images/structures_bliss/ruins/land_ruin_house_2b04.jpg"
  },
  {
    "objectName": "Land_Ruin_House_2W01",
    "inGameName": "-",
    "category": "structures_bliss",
    "modelType": "Config",
    "path": "dz/structures_bliss/ruins",
    "usableOnConsole": true,
    "searchTags": "livoniaa, ruins, broken, collapsed",
    "image": "images/structures_bliss/ruins/land_ruin_house_2w01.jpg"
  },
  {
    "objectName": "Land_Ruin_House_2W02",
    "inGameName": "-",
    "category": "structures_bliss",
    "modelType": "Config",
    "path": "dz/structures_bliss/ruins",
    "usableOnConsole": true,
    "searchTags": "livoniaa, ruins, broken, collapsed",
    "image": "images/structures_bliss/ruins/land_ruin_house_2w02.jpg"
  },
  {
    "objectName": "Land_Ruin_House_2W03",
    "inGameName": "-",
    "category": "structures_bliss",
    "modelType": "Config",
    "path": "dz/structures_bliss/ruins",
    "usableOnConsole": true,
    "searchTags": "livoniaa, ruins, broken, collapsed",
    "image": "images/structures_bliss/ruins/land_ruin_house_2w03.jpg"
  },
  {
    "objectName": "Land_Ruin_House_2W04",
    "inGameName": "-",
    "category": "structures_bliss",
    "modelType": "Config",
    "path": "dz/structures_bliss/ruins",
    "usableOnConsole": true,
    "searchTags": "livoniaa, ruins, broken, collapsed",
    "image": "images/structures_bliss/ruins/land_ruin_house_2w04.jpg"
  },
  {
    "objectName": "Land_Ruin_House_2W05",
    "inGameName": "-",
    "category": "structures_bliss",
    "modelType": "Config",
    "path": "dz/structures_bliss/ruins",
    "usableOnConsole": true,
    "searchTags": "livoniaa, ruins, broken, collapsed",
    "image": "images/structures_bliss/ruins/land_ruin_house_2w05.jpg"
  },
  {
    "objectName": "Land_Ruin_HouseBig1_NoIvy",
    "inGameName": "-",
    "category": "structures_bliss",
    "modelType": "Config",
    "path": "dz/structures_bliss/ruins",
    "usableOnConsole": true,
    "searchTags": "livoniaa, ruins, broken, collapsed",
    "image": "images/structures_bliss/ruins/land_ruin_housebig1_noivy.jpg"
  },
  {
    "objectName": "Land_Ruin_HouseBig1_NoIvy_Half",
    "inGameName": "-",
    "category": "structures_bliss",
    "modelType": "Config",
    "path": "dz/structures_bliss/ruins",
    "usableOnConsole": true,
    "searchTags": "livoniaa, ruins, broken, collapsed",
    "image": "images/structures_bliss/ruins/land_ruin_housebig1_noivy_half.jpg"
  },
  {
    "objectName": "Land_Ruin_HouseBig2_NoIvy",
    "inGameName": "-",
    "category": "structures_bliss",
    "modelType": "Config",
    "path": "dz/structures_bliss/ruins",
    "usableOnConsole": true,
    "searchTags": "livoniaa, ruins, broken, collapsed",
    "image": "images/structures_bliss/ruins/land_ruin_housebig2_noivy.jpg"
  },
  {
    "objectName": "Land_Ruin_HouseBig2_NoIvy_Half",
    "inGameName": "-",
    "category": "structures_bliss",
    "modelType": "Config",
    "path": "dz/structures_bliss/ruins",
    "usableOnConsole": true,
    "searchTags": "livoniaa, ruins, broken, collapsed",
    "image": "images/structures_bliss/ruins/land_ruin_housebig2_noivy_half.jpg"
  },
  {
    "objectName": "Land_Ruin_HouseBig3_NoIvy",
    "inGameName": "-",
    "category": "structures_bliss",
    "modelType": "Config",
    "path": "dz/structures_bliss/ruins",
    "usableOnConsole": true,
    "searchTags": "livoniaa, ruins, broken, collapsed",
    "image": "images/structures_bliss/ruins/land_ruin_housebig3_noivy.jpg"
  },
  {
    "objectName": "Land_Ruin_HouseBig3_NoIvy_Half",
    "inGameName": "-",
    "category": "structures_bliss",
    "modelType": "Config",
    "path": "dz/structures_bliss/ruins",
    "usableOnConsole": true,
    "searchTags": "livoniaa, ruins, broken, collapsed",
    "image": "images/structures_bliss/ruins/land_ruin_housebig3_noivy_half.jpg"
  },
  {
    "objectName": "Land_Ruin_HouseSmall1_NoIvy",
    "inGameName": "-",
    "category": "structures_bliss",
    "modelType": "Config",
    "path": "dz/structures_bliss/ruins",
    "usableOnConsole": true,
    "searchTags": "livoniaa, ruins, broken, collapsed",
    "image": "images/structures_bliss/ruins/land_ruin_housesmall1_noivy.jpg"
  },
  {
    "objectName": "Land_Ruin_HouseSmall1_Half",
    "inGameName": "-",
    "category": "structures_bliss",
    "modelType": "Config",
    "path": "dz/structures_bliss/ruins",
    "usableOnConsole": true,
    "searchTags": "livoniaa, ruins, broken, collapsed",
    "image": "images/structures_bliss/ruins/land_ruin_housesmall1_half.jpg"
  },
  {
    "objectName": "Land_Ruin_HouseSmall1_NoIvy_Half",
    "inGameName": "-",
    "category": "structures_bliss",
    "modelType": "Config",
    "path": "dz/structures_bliss/ruins",
    "usableOnConsole": true,
    "searchTags": "livoniaa, ruins, broken, collapsed",
    "image": "images/structures_bliss/ruins/land_ruin_housesmall1_noivy_half.jpg"
  },
  {
    "objectName": "Land_Ruin_HouseSmall2_NoIvy",
    "inGameName": "-",
    "category": "structures_bliss",
    "modelType": "Config",
    "path": "dz/structures_bliss/ruins",
    "usableOnConsole": true,
    "searchTags": "livoniaa, ruins, broken, collapsed",
    "image": "images/structures_bliss/ruins/land_ruin_housesmall2_noivy.jpg"
  },
  {
    "objectName": "Land_Ruin_Mil_ControlTower",
    "inGameName": "-",
    "category": "structures_bliss",
    "modelType": "Config",
    "path": "dz/structures_bliss/ruins",
    "usableOnConsole": true,
    "searchTags": "livoniaa, ruins, tower, collapsed, broken",
    "image": "images/structures_bliss/ruins/land_ruin_mil_controltower.jpg"
  },
  {
    "objectName": "Land_Ruin_Mil_GuardBox_Brown",
    "inGameName": "-",
    "category": "structures_bliss",
    "modelType": "Config",
    "path": "dz/structures_bliss/ruins",
    "usableOnConsole": true,
    "searchTags": "livoniaa, crate, ruins, storage",
    "image": "images/structures_bliss/ruins/land_ruin_mil_guardbox_brown.jpg"
  },
  {
    "objectName": "Land_Ruin_Mil_GuardBox_Green",
    "inGameName": "-",
    "category": "structures_bliss",
    "modelType": "Config",
    "path": "dz/structures_bliss/ruins",
    "usableOnConsole": true,
    "searchTags": "livoniaa, crate, ruins, storage",
    "image": "images/structures_bliss/ruins/land_ruin_mil_guardbox_green.jpg"
  },
  {
    "objectName": "Land_Ruin_Mil_GuardBox_Smooth",
    "inGameName": "-",
    "category": "structures_bliss",
    "modelType": "Config",
    "path": "dz/structures_bliss/ruins",
    "usableOnConsole": true,
    "searchTags": "livoniaa, crate, ruins, storage",
    "image": "images/structures_bliss/ruins/land_ruin_mil_guardbox_smooth.jpg"
  },
  {
    "objectName": "Land_Ruin_Shed_Closed",
    "inGameName": "-",
    "category": "structures_bliss",
    "modelType": "Config",
    "path": "dz/structures_bliss/ruins",
    "usableOnConsole": true,
    "searchTags": "livoniaa, ruins, broken, collapsed",
    "image": "images/structures_bliss/ruins/land_ruin_shed_closed.jpg"
  },
  {
    "objectName": "Land_Ruin_Shed_Closed2",
    "inGameName": "-",
    "category": "structures_bliss",
    "modelType": "Config",
    "path": "dz/structures_bliss/ruins",
    "usableOnConsole": true,
    "searchTags": "livoniaa, ruins, broken, collapsed",
    "image": "images/structures_bliss/ruins/land_ruin_shed_closed2.jpg"
  },
  {
    "objectName": "Land_Ruin_Smokestack_Metal",
    "inGameName": "-",
    "category": "structures_bliss",
    "modelType": "Config",
    "path": "dz/structures_bliss/ruins",
    "usableOnConsole": true,
    "searchTags": "livoniaa, ruins, broken, collapsed",
    "image": "images/structures_bliss/ruins/land_ruin_smokestack_metal.jpg"
  },
  {
    "objectName": "ruin_busstop_village2.p3d",
    "inGameName": "-",
    "category": "structures_bliss",
    "modelType": "Raw P3D",
    "path": "dz/structures_bliss/ruins",
    "usableOnConsole": false,
    "searchTags": "livonia, ruins, transport, vehicle",
    "image": "images/structures_bliss/ruins/ruin_busstop_village2.jpg"
  },
  {
    "objectName": "ruin_camp_house.p3d",
    "inGameName": "-",
    "category": "structures_bliss",
    "modelType": "Raw P3D",
    "path": "dz/structures_bliss/ruins",
    "usableOnConsole": false,
    "searchTags": "livonia, camping, outdoor, ruins, hunting shack",
    "image": "images/structures_bliss/ruins/ruin_camp_house.jpg"
  },
  {
    "objectName": "ruin_chapel2_white.p3d",
    "inGameName": "-",
    "category": "structures_bliss",
    "modelType": "Raw P3D",
    "path": "dz/structures_bliss/ruins",
    "usableOnConsole": false,
    "searchTags": "livonia, ruins, broken, collapsed",
    "image": "images/structures_bliss/ruins/ruin_chapel2_white.jpg"
  },
  {
    "objectName": "ruin_chapel2_yellow.p3d",
    "inGameName": "-",
    "category": "structures_bliss",
    "modelType": "Raw P3D",
    "path": "dz/structures_bliss/ruins",
    "usableOnConsole": false,
    "searchTags": "livonia, ruins, broken, collapsed",
    "image": "images/structures_bliss/ruins/ruin_chapel2_yellow.jpg"
  },
  {
    "objectName": "ruin_church2.p3d",
    "inGameName": "-",
    "category": "structures_bliss",
    "modelType": "Raw P3D",
    "path": "dz/structures_bliss/ruins",
    "usableOnConsole": false,
    "searchTags": "livonia, religious, ruins",
    "image": "images/structures_bliss/ruins/land_ruin_church2.jpg"
  },
  {
    "objectName": "ruin_church2_noivy.p3d",
    "inGameName": "-",
    "category": "structures_bliss",
    "modelType": "Raw P3D",
    "path": "dz/structures_bliss/ruins",
    "usableOnConsole": false,
    "searchTags": "livonia, religious, ruins",
    "image": "images/structures_bliss/ruins/ruin_church2_noivy.jpg"
  },
  {
    "objectName": "ruin_highway_pillar1.p3d",
    "inGameName": "-",
    "category": "structures_bliss",
    "modelType": "Raw P3D",
    "path": "dz/structures_bliss/ruins",
    "usableOnConsole": false,
    "searchTags": "livonia, ruins, broken, collapsed",
    "image": "images/structures_bliss/ruins/ruin_highway_pillar1.jpg"
  },
  {
    "objectName": "ruin_housebig1_noivy.p3d",
    "inGameName": "-",
    "category": "structures_bliss",
    "modelType": "Raw P3D",
    "path": "dz/structures_bliss/ruins",
    "usableOnConsole": false,
    "searchTags": "livonia, ruins, broken, collapsed",
    "image": "images/structures_bliss/ruins/ruin_housebig1_noivy.jpg"
  },
  {
    "objectName": "ruin_housebig1_noivy_half.p3d",
    "inGameName": "-",
    "category": "structures_bliss",
    "modelType": "Raw P3D",
    "path": "dz/structures_bliss/ruins",
    "usableOnConsole": false,
    "searchTags": "livonia, ruins, broken, collapsed",
    "image": "images/structures_bliss/ruins/ruin_housebig1_noivy_half.jpg"
  },
  {
    "objectName": "ruin_housebig2_noivy.p3d",
    "inGameName": "-",
    "category": "structures_bliss",
    "modelType": "Raw P3D",
    "path": "dz/structures_bliss/ruins",
    "usableOnConsole": false,
    "searchTags": "livonia, ruins, broken, collapsed",
    "image": "images/structures_bliss/ruins/ruin_housebig2_noivy.jpg"
  },
  {
    "objectName": "ruin_housebig2_noivy_half.p3d",
    "inGameName": "-",
    "category": "structures_bliss",
    "modelType": "Raw P3D",
    "path": "dz/structures_bliss/ruins",
    "usableOnConsole": false,
    "searchTags": "livonia, ruins, broken, collapsed",
    "image": "images/structures_bliss/ruins/ruin_housebig2_noivy_half.jpg"
  },
  {
    "objectName": "ruin_housebig3_noivy.p3d",
    "inGameName": "-",
    "category": "structures_bliss",
    "modelType": "Raw P3D",
    "path": "dz/structures_bliss/ruins",
    "usableOnConsole": false,
    "searchTags": "livonia, ruins, broken, collapsed",
    "image": "images/structures_bliss/ruins/ruin_housebig3_noivy.jpg"
  },
  {
    "objectName": "ruin_housebig3_noivy_half.p3d",
    "inGameName": "-",
    "category": "structures_bliss",
    "modelType": "Raw P3D",
    "path": "dz/structures_bliss/ruins",
    "usableOnConsole": false,
    "searchTags": "livonia, ruins, broken, collapsed",
    "image": "images/structures_bliss/ruins/ruin_housebig3_noivy_half.jpg"
  },
  {
    "objectName": "ruin_housesmall1_half.p3d",
    "inGameName": "-",
    "category": "structures_bliss",
    "modelType": "Raw P3D",
    "path": "dz/structures_bliss/ruins",
    "usableOnConsole": false,
    "searchTags": "livonia, ruins, broken, collapsed",
    "image": "images/structures_bliss/ruins/ruin_housesmall1_half.jpg"
  },
  {
    "objectName": "ruin_housesmall1_noivy.p3d",
    "inGameName": "-",
    "category": "structures_bliss",
    "modelType": "Raw P3D",
    "path": "dz/structures_bliss/ruins",
    "usableOnConsole": false,
    "searchTags": "livonia, ruins, broken, collapsed",
    "image": "images/structures_bliss/ruins/ruin_housesmall1_noivy.jpg"
  },
  {
    "objectName": "ruin_housesmall1_noivy_half.p3d",
    "inGameName": "-",
    "category": "structures_bliss",
    "modelType": "Raw P3D",
    "path": "dz/structures_bliss/ruins",
    "usableOnConsole": false,
    "searchTags": "livonia, ruins, broken, collapsed",
    "image": "images/structures_bliss/ruins/ruin_housesmall1_noivy_half.jpg"
  },
  {
    "objectName": "ruin_housesmall2_noivy.p3d",
    "inGameName": "-",
    "category": "structures_bliss",
    "modelType": "Raw P3D",
    "path": "dz/structures_bliss/ruins",
    "usableOnConsole": false,
    "searchTags": "livonia, ruins, broken, collapsed",
    "image": "images/structures_bliss/ruins/ruin_housesmall2_noivy.jpg"
  },
  {
    "objectName": "ruin_house_1b01.p3d",
    "inGameName": "-",
    "category": "structures_bliss",
    "modelType": "Raw P3D",
    "path": "dz/structures_bliss/ruins",
    "usableOnConsole": false,
    "searchTags": "livonia, ruins, broken, collapsed",
    "image": "images/structures_bliss/ruins/ruin_house_1b01.jpg"
  },
  {
    "objectName": "ruin_house_1w01.p3d",
    "inGameName": "-",
    "category": "structures_bliss",
    "modelType": "Raw P3D",
    "path": "dz/structures_bliss/ruins",
    "usableOnConsole": false,
    "searchTags": "livonia, ruins, broken, collapsed",
    "image": "images/structures_bliss/ruins/ruin_house_1w01.jpg"
  },
  {
    "objectName": "ruin_house_1w02.p3d",
    "inGameName": "-",
    "category": "structures_bliss",
    "modelType": "Raw P3D",
    "path": "dz/structures_bliss/ruins",
    "usableOnConsole": false,
    "searchTags": "livonia, ruins, broken, collapsed",
    "image": "images/structures_bliss/ruins/ruin_house_1w02.jpg"
  },
  {
    "objectName": "ruin_house_1w03.p3d",
    "inGameName": "-",
    "category": "structures_bliss",
    "modelType": "Raw P3D",
    "path": "dz/structures_bliss/ruins",
    "usableOnConsole": false,
    "searchTags": "livonia, ruins, broken, collapsed",
    "image": "images/structures_bliss/ruins/ruin_house_1w03.jpg"
  },
  {
    "objectName": "ruin_house_1w04.p3d",
    "inGameName": "-",
    "category": "structures_bliss",
    "modelType": "Raw P3D",
    "path": "dz/structures_bliss/ruins",
    "usableOnConsole": false,
    "searchTags": "livonia, ruins, broken, collapsed",
    "image": "images/structures_bliss/ruins/ruin_house_1w04.jpg"
  },
  {
    "objectName": "ruin_house_1w05.p3d",
    "inGameName": "-",
    "category": "structures_bliss",
    "modelType": "Raw P3D",
    "path": "dz/structures_bliss/ruins",
    "usableOnConsole": false,
    "searchTags": "livonia, ruins, broken, collapsed",
    "image": "images/structures_bliss/ruins/ruin_house_1w05.jpg"
  },
  {
    "objectName": "ruin_house_1w06.p3d",
    "inGameName": "-",
    "category": "structures_bliss",
    "modelType": "Raw P3D",
    "path": "dz/structures_bliss/ruins",
    "usableOnConsole": false,
    "searchTags": "livonia, ruins, broken, collapsed",
    "image": "images/structures_bliss/ruins/ruin_house_1w06.jpg"
  },
  {
    "objectName": "ruin_house_1w07.p3d",
    "inGameName": "-",
    "category": "structures_bliss",
    "modelType": "Raw P3D",
    "path": "dz/structures_bliss/ruins",
    "usableOnConsole": false,
    "searchTags": "livonia, ruins, broken, collapsed",
    "image": "images/structures_bliss/ruins/ruin_house_1w07.jpg"
  },
  {
    "objectName": "ruin_house_1w08.p3d",
    "inGameName": "-",
    "category": "structures_bliss",
    "modelType": "Raw P3D",
    "path": "dz/structures_bliss/ruins",
    "usableOnConsole": false,
    "searchTags": "livonia, ruins, broken, collapsed",
    "image": "images/structures_bliss/ruins/ruin_house_1w08.jpg"
  },
  {
    "objectName": "ruin_house_1w09.p3d",
    "inGameName": "-",
    "category": "structures_bliss",
    "modelType": "Raw P3D",
    "path": "dz/structures_bliss/ruins",
    "usableOnConsole": false,
    "searchTags": "livonia, ruins, broken, collapsed",
    "image": "images/structures_bliss/ruins/ruin_house_1w09.jpg"
  },
  {
    "objectName": "ruin_house_1w10.p3d",
    "inGameName": "-",
    "category": "structures_bliss",
    "modelType": "Raw P3D",
    "path": "dz/structures_bliss/ruins",
    "usableOnConsole": false,
    "searchTags": "livonia, ruins, broken, collapsed",
    "image": "images/structures_bliss/ruins/ruin_house_1w10.jpg"
  },
  {
    "objectName": "ruin_house_1w11.p3d",
    "inGameName": "-",
    "category": "structures_bliss",
    "modelType": "Raw P3D",
    "path": "dz/structures_bliss/ruins",
    "usableOnConsole": false,
    "searchTags": "livonia, ruins, broken, collapsed",
    "image": "images/structures_bliss/ruins/ruin_house_1w11.jpg"
  },
  {
    "objectName": "ruin_house_1w12.p3d",
    "inGameName": "-",
    "category": "structures_bliss",
    "modelType": "Raw P3D",
    "path": "dz/structures_bliss/ruins",
    "usableOnConsole": false,
    "searchTags": "livonia, ruins, broken, collapsed",
    "image": "images/structures_bliss/ruins/ruin_house_1w12.jpg"
  },
  {
    "objectName": "ruin_house_1w13.p3d",
    "inGameName": "-",
    "category": "structures_bliss",
    "modelType": "Raw P3D",
    "path": "dz/structures_bliss/ruins",
    "usableOnConsole": false,
    "searchTags": "livonia, ruins, broken, collapsed",
    "image": "images/structures_bliss/ruins/ruin_house_1w13.jpg"
  },
  {
    "objectName": "ruin_house_2b01.p3d",
    "inGameName": "-",
    "category": "structures_bliss",
    "modelType": "Raw P3D",
    "path": "dz/structures_bliss/ruins",
    "usableOnConsole": false,
    "searchTags": "livonia, ruins, broken, collapsed",
    "image": "images/structures_bliss/ruins/ruin_house_2b01.jpg"
  },
  {
    "objectName": "ruin_house_2b02.p3d",
    "inGameName": "-",
    "category": "structures_bliss",
    "modelType": "Raw P3D",
    "path": "dz/structures_bliss/ruins",
    "usableOnConsole": false,
    "searchTags": "livonia, ruins, broken, collapsed",
    "image": "images/structures_bliss/ruins/ruin_house_2b02.jpg"
  },
  {
    "objectName": "ruin_house_2b03.p3d",
    "inGameName": "-",
    "category": "structures_bliss",
    "modelType": "Raw P3D",
    "path": "dz/structures_bliss/ruins",
    "usableOnConsole": false,
    "searchTags": "livonia, ruins, broken, collapsed",
    "image": "images/structures_bliss/ruins/ruin_house_2b03.jpg"
  },
  {
    "objectName": "ruin_house_2b04.p3d",
    "inGameName": "-",
    "category": "structures_bliss",
    "modelType": "Raw P3D",
    "path": "dz/structures_bliss/ruins",
    "usableOnConsole": false,
    "searchTags": "livonia, ruins, broken, collapsed",
    "image": "images/structures_bliss/ruins/ruin_house_2b04.jpg"
  },
  {
    "objectName": "ruin_house_2w01.p3d",
    "inGameName": "-",
    "category": "structures_bliss",
    "modelType": "Raw P3D",
    "path": "dz/structures_bliss/ruins",
    "usableOnConsole": false,
    "searchTags": "livonia, ruins, broken, collapsed",
    "image": "images/structures_bliss/ruins/ruin_house_2w01.jpg"
  },
  {
    "objectName": "ruin_house_2w02.p3d",
    "inGameName": "-",
    "category": "structures_bliss",
    "modelType": "Raw P3D",
    "path": "dz/structures_bliss/ruins",
    "usableOnConsole": false,
    "searchTags": "livonia, ruins, broken, collapsed",
    "image": "images/structures_bliss/ruins/ruin_house_2w02.jpg"
  },
  {
    "objectName": "ruin_house_2w03.p3d",
    "inGameName": "-",
    "category": "structures_bliss",
    "modelType": "Raw P3D",
    "path": "dz/structures_bliss/ruins",
    "usableOnConsole": false,
    "searchTags": "livonia, ruins, broken, collapsed",
    "image": "images/structures_bliss/ruins/ruin_house_2w03.jpg"
  },
  {
    "objectName": "ruin_house_2w04.p3d",
    "inGameName": "-",
    "category": "structures_bliss",
    "modelType": "Raw P3D",
    "path": "dz/structures_bliss/ruins",
    "usableOnConsole": false,
    "searchTags": "livonia, ruins, broken, collapsed",
    "image": "images/structures_bliss/ruins/ruin_house_2w04.jpg"
  },
  {
    "objectName": "ruin_house_2w05.p3d",
    "inGameName": "-",
    "category": "structures_bliss",
    "modelType": "Raw P3D",
    "path": "dz/structures_bliss/ruins",
    "usableOnConsole": false,
    "searchTags": "livonia, ruins, broken, collapsed",
    "image": "images/structures_bliss/ruins/ruin_house_2w05.jpg"
  },
  {
    "objectName": "ruin_mil_controltower.p3d",
    "inGameName": "-",
    "category": "structures_bliss",
    "modelType": "Raw P3D",
    "path": "dz/structures_bliss/ruins",
    "usableOnConsole": false,
    "searchTags": "livonia, ruins, tower, collapsed, broken",
    "image": "images/structures_bliss/ruins/ruin_mil_controltower.jpg"
  },
  {
    "objectName": "ruin_mil_guardbox_brown.p3d",
    "inGameName": "-",
    "category": "structures_bliss",
    "modelType": "Raw P3D",
    "path": "dz/structures_bliss/ruins",
    "usableOnConsole": false,
    "searchTags": "livonia, crate, ruins, storage",
    "image": "images/structures_bliss/ruins/ruin_mil_guardbox_brown.jpg"
  },
  {
    "objectName": "ruin_mil_guardbox_green.p3d",
    "inGameName": "-",
    "category": "structures_bliss",
    "modelType": "Raw P3D",
    "path": "dz/structures_bliss/ruins",
    "usableOnConsole": false,
    "searchTags": "livonia, crate, ruins, storage",
    "image": "images/structures_bliss/ruins/ruin_mil_guardbox_green.jpg"
  },
  {
    "objectName": "ruin_mil_guardbox_smooth.p3d",
    "inGameName": "-",
    "category": "structures_bliss",
    "modelType": "Raw P3D",
    "path": "dz/structures_bliss/ruins",
    "usableOnConsole": false,
    "searchTags": "livonia, crate, ruins, storage",
    "image": "images/structures_bliss/ruins/ruin_mil_guardbox_smooth.jpg"
  },
  {
    "objectName": "ruin_shed_closed.p3d",
    "inGameName": "-",
    "category": "structures_bliss",
    "modelType": "Raw P3D",
    "path": "dz/structures_bliss/ruins",
    "usableOnConsole": false,
    "searchTags": "livonia, ruins, broken, collapsed",
    "image": "images/structures_bliss/ruins/ruin_shed_closed.jpg"
  },
  {
    "objectName": "ruin_shed_closed2.p3d",
    "inGameName": "-",
    "category": "structures_bliss",
    "modelType": "Raw P3D",
    "path": "dz/structures_bliss/ruins",
    "usableOnConsole": false,
    "searchTags": "livonia, ruins, broken, collapsed",
    "image": "images/structures_bliss/ruins/ruin_shed_closed2.jpg"
  },
  {
    "objectName": "ruin_slum_house2.p3d",
    "inGameName": "-",
    "category": "structures_bliss",
    "modelType": "Raw P3D",
    "path": "dz/structures_bliss/ruins",
    "usableOnConsole": false,
    "searchTags": "livonia, ruins, broken, collapsed",
    "image": "images/structures_bliss/ruins/ruin_slum_house2.jpg"
  },
  {
    "objectName": "ruin_slum_house3.p3d",
    "inGameName": "-",
    "category": "structures_bliss",
    "modelType": "Raw P3D",
    "path": "dz/structures_bliss/ruins",
    "usableOnConsole": false,
    "searchTags": "livonia, ruins, broken, collapsed",
    "image": "images/structures_bliss/ruins/ruin_slum_house3.jpg"
  },
  {
    "objectName": "ruin_slum_house4.p3d",
    "inGameName": "-",
    "category": "structures_bliss",
    "modelType": "Raw P3D",
    "path": "dz/structures_bliss/ruins",
    "usableOnConsole": false,
    "searchTags": "livonia, ruins, broken, collapsed",
    "image": "images/structures_bliss/ruins/ruin_slum_house4.jpg"
  },
  {
    "objectName": "ruin_smokestack_metal.p3d",
    "inGameName": "-",
    "category": "structures_bliss",
    "modelType": "Raw P3D",
    "path": "dz/structures_bliss/ruins",
    "usableOnConsole": false,
    "searchTags": "livonia, ruins, broken, collapsed",
    "image": "images/structures_bliss/ruins/ruin_smokestack_metal.jpg"
  },
  {
    "objectName": "Land_Ruin_Highway_Pillar1_Garage",
    "category": "structures_bliss",
    "modelType": "Config",
    "path": "dz/structures_bliss/ruins",
    "usableOnConsole": true,
    "searchTags": "livoniaa, ruins, broken, collapsed",
    "image": "images/structures_bliss/ruins/land_ruin_highway_pillar1_garage.jpg"
  },
  {
    "objectName": "Land_Ruin_HouseBig1",
    "category": "structures_bliss",
    "modelType": "Config",
    "path": "dz/structures_bliss/ruins",
    "usableOnConsole": true,
    "searchTags": "livoniaa, ruins, broken, collapsed",
    "image": "images/structures_bliss/ruins/land_ruin_housebig1.jpg"
  },
  {
    "objectName": "Land_Ruin_HouseBig1_Half",
    "category": "structures_bliss",
    "modelType": "Config",
    "path": "dz/structures_bliss/ruins",
    "usableOnConsole": true,
    "searchTags": "livoniaa, ruins, broken, collapsed",
    "image": "images/structures_bliss/ruins/land_ruin_housebig1_half.jpg"
  },
  {
    "objectName": "Land_Ruin_HouseBig2",
    "category": "structures_bliss",
    "modelType": "Config",
    "path": "dz/structures_bliss/ruins",
    "usableOnConsole": true,
    "searchTags": "livoniaa, ruins, broken, collapsed",
    "image": "images/structures_bliss/ruins/land_ruin_housebig2.jpg"
  },
  {
    "objectName": "Land_Ruin_HouseBig2_Half",
    "category": "structures_bliss",
    "modelType": "Config",
    "path": "dz/structures_bliss/ruins",
    "usableOnConsole": true,
    "searchTags": "livoniaa, ruins, broken, collapsed",
    "image": "images/structures_bliss/ruins/land_ruin_housebig2_half.jpg"
  },
  {
    "objectName": "Land_Ruin_HouseBig3",
    "category": "structures_bliss",
    "modelType": "Config",
    "path": "dz/structures_bliss/ruins",
    "usableOnConsole": true,
    "searchTags": "livoniaa, ruins, broken, collapsed",
    "image": "images/structures_bliss/ruins/land_ruin_housebig3.jpg"
  },
  {
    "objectName": "Land_Ruin_HouseBig3_Half",
    "category": "structures_bliss",
    "modelType": "Config",
    "path": "dz/structures_bliss/ruins",
    "usableOnConsole": true,
    "searchTags": "livoniaa, ruins, broken, collapsed",
    "image": "images/structures_bliss/ruins/land_ruin_housebig3_half.jpg"
  },
  {
    "objectName": "Land_Ruin_HouseSmall1",
    "category": "structures_bliss",
    "modelType": "Config",
    "path": "dz/structures_bliss/ruins",
    "usableOnConsole": true,
    "searchTags": "livoniaa, ruins, broken, collapsed",
    "image": "images/structures_bliss/ruins/land_ruin_housesmall1.jpg"
  },
  {
    "objectName": "Land_Ruin_HouseSmall2",
    "category": "structures_bliss",
    "modelType": "Config",
    "path": "dz/structures_bliss/ruins",
    "usableOnConsole": true,
    "searchTags": "livoniaa, ruins, broken, collapsed",
    "image": "images/structures_bliss/ruins/land_ruin_housesmall2.jpg"
  },
  {
    "objectName": "ruin_highway_pillar1_garage.p3d",
    "category": "structures_bliss",
    "modelType": "Raw P3D",
    "path": "dz/structures_bliss/ruins",
    "usableOnConsole": false,
    "searchTags": "livoniaa, ruins, broken, collapsed",
    "image": "images/structures_bliss/ruins/ruin_highway_pillar1_garage.jpg"
  },
  {
    "objectName": "ruin_housebig1.p3d",
    "category": "structures_bliss",
    "modelType": "Raw P3D",
    "path": "dz/structures_bliss/ruins",
    "usableOnConsole": false,
    "searchTags": "livoniaa, ruins, broken, collapsed",
    "image": "images/structures_bliss/ruins/land_ruin_housebig1.jpg"
  },
  {
    "objectName": "ruin_housebig1_half.p3d",
    "category": "structures_bliss",
    "modelType": "Raw P3D",
    "path": "dz/structures_bliss/ruins",
    "usableOnConsole": false,
    "searchTags": "livoniaa, ruins, broken, collapsed",
    "image": "images/structures_bliss/ruins/land_ruin_housebig1_half.jpg"
  },
  {
    "objectName": "ruin_housebig2.p3d",
    "category": "structures_bliss",
    "modelType": "Raw P3D",
    "path": "dz/structures_bliss/ruins",
    "usableOnConsole": false,
    "searchTags": "livoniaa, ruins, broken, collapsed",
    "image": "images/structures_bliss/ruins/land_ruin_housebig2.jpg"
  },
  {
    "objectName": "ruin_housebig2_half.p3d",
    "category": "structures_bliss",
    "modelType": "Raw P3D",
    "path": "dz/structures_bliss/ruins",
    "usableOnConsole": false,
    "searchTags": "livoniaa, ruins, broken, collapsed",
    "image": "images/structures_bliss/ruins/land_ruin_housebig2_half.jpg"
  },
  {
    "objectName": "ruin_housebig3.p3d",
    "category": "structures_bliss",
    "modelType": "Raw P3D",
    "path": "dz/structures_bliss/ruins",
    "usableOnConsole": false,
    "searchTags": "livoniaa, ruins, broken, collapsed",
    "image": "images/structures_bliss/ruins/land_ruin_housebig3.jpg"
  },
  {
    "objectName": "ruin_housebig3_half.p3d",
    "category": "structures_bliss",
    "modelType": "Raw P3D",
    "path": "dz/structures_bliss/ruins",
    "usableOnConsole": false,
    "searchTags": "livoniaa, ruins, broken, collapsed",
    "image": "images/structures_bliss/ruins/land_ruin_housebig3_half.jpg"
  },
  {
    "objectName": "ruin_housesmall1.p3d",
    "category": "structures_bliss",
    "modelType": "Raw P3D",
    "path": "dz/structures_bliss/ruins",
    "usableOnConsole": false,
    "searchTags": "livoniaa, ruins, broken, collapsed",
    "image": "images/structures_bliss/ruins/land_ruin_housesmall1.jpg"
  },
  {
    "objectName": "ruin_housesmall2.p3d",
    "category": "structures_bliss",
    "modelType": "Raw P3D",
    "path": "dz/structures_bliss/ruins",
    "usableOnConsole": false,
    "searchTags": "livoniaa, ruins, broken, collapsed",
    "image": "images/structures_bliss/ruins/land_ruin_housesmall2.jpg"
  }
]
