[
  {
    "objectName": "StaticObj_Furniture_lobby_counter",
    "inGameName": "-",
    "category": "structures",
    "modelType": "Config",
    "path": "dz/structures/furniture/tables/lobby_counter",
    "usableOnConsole": true,
    "searchTags": "tables",
    "image": "images/structures/furniture/tables/lobby_counter/staticobj_furniture_lobby_counter.jpg"
  },
  {
    "objectName": "lobby_counter.p3d",
    "inGameName": "-",
    "category": "structures",
    "modelType": "Raw P3D",
    "path": "dz/structures/furniture/tables/lobby_counter",
    "usableOnConsole": false,
    "searchTags": "furniture, tables",
    "image": "images/structures/furniture/tables/lobby_counter/lobby_counter.p3d.jpg"
  }
]
