[
  {
    "objectName": "Land_House_1W01_Red",
    "inGameName": "-",
    "category": "structures_sakhal",
    "modelType": "Config",
    "path": "dz/structures_sakhal/residential/houses",
    "usableOnConsole": true,
    "searchTags": "houses, residential, sakhal",
    "image": "images/structures_sakhal/residential/houses/land_house_1w01_red.jpg"
  },
  {
    "objectName": "Land_House_1W02_Blue",
    "inGameName": "-",
    "category": "structures_sakhal",
    "modelType": "Config",
    "path": "dz/structures_sakhal/residential/houses",
    "usableOnConsole": true,
    "searchTags": "houses, residential, sakhal",
    "image": "images/structures_sakhal/residential/houses/land_house_1w02_blue.jpg"
  },
  {
    "objectName": "Land_House_1W03_Yellow",
    "inGameName": "-",
    "category": "structures_sakhal",
    "modelType": "Config",
    "path": "dz/structures_sakhal/residential/houses",
    "usableOnConsole": true,
    "searchTags": "houses, residential, sakhal",
    "image": "images/structures_sakhal/residential/houses/land_house_1w03_yellow.jpg"
  },
  {
    "objectName": "Land_House_1W04_Yellow",
    "inGameName": "-",
    "category": "structures_sakhal",
    "modelType": "Config",
    "path": "dz/structures_sakhal/residential/houses",
    "usableOnConsole": true,
    "searchTags": "houses, residential, sakhal",
    "image": "images/structures_sakhal/residential/houses/land_house_1w04_yellow.jpg"
  },
  {
    "objectName": "Land_House_1W06_Blue",
    "inGameName": "-",
    "category": "structures_sakhal",
    "modelType": "Config",
    "path": "dz/structures_sakhal/residential/houses",
    "usableOnConsole": true,
    "searchTags": "houses, residential, sakhal",
    "image": "images/structures_sakhal/residential/houses/land_house_1w06_blue.jpg"
  },
  {
    "objectName": "Land_House_1W07_Green",
    "inGameName": "-",
    "category": "structures_sakhal",
    "modelType": "Config",
    "path": "dz/structures_sakhal/residential/houses",
    "usableOnConsole": true,
    "searchTags": "houses, residential, sakhal",
    "image": "images/structures_sakhal/residential/houses/land_house_1w07_green.jpg"
  },
  {
    "objectName": "Land_House_1W08_Blue",
    "inGameName": "-",
    "category": "structures_sakhal",
    "modelType": "Config",
    "path": "dz/structures_sakhal/residential/houses",
    "usableOnConsole": true,
    "searchTags": "houses, residential, sakhal",
    "image": "images/structures_sakhal/residential/houses/land_house_1w08_blue.jpg"
  },
  {
    "objectName": "Land_House_1W11_Blue",
    "inGameName": "-",
    "category": "structures_sakhal",
    "modelType": "Config",
    "path": "dz/structures_sakhal/residential/houses",
    "usableOnConsole": true,
    "searchTags": "houses, residential, sakhal",
    "image": "images/structures_sakhal/residential/houses/land_house_1w11_blue.jpg"
  },
  {
    "objectName": "Land_House_1W13_Dam_NoIvy",
    "inGameName": "-",
    "category": "structures_sakhal",
    "modelType": "Config",
    "path": "dz/structures_sakhal/residential/houses",
    "usableOnConsole": true,
    "searchTags": "houses, residential, sakhal",
    "image": "images/structures_sakhal/residential/houses/land_house_1w13_dam_noivy.jpg"
  },
  {
    "objectName": "Land_House_1W13_Dam_Snow",
    "inGameName": "-",
    "category": "structures_sakhal",
    "modelType": "Config",
    "path": "dz/structures_sakhal/residential/houses",
    "usableOnConsole": true,
    "searchTags": "houses, residential, sakhal",
    "image": "images/structures_sakhal/residential/houses/land_house_1w13_dam_snow.jpg"
  },
  {
    "objectName": "Land_House_2W01_Yellow",
    "inGameName": "-",
    "category": "structures_sakhal",
    "modelType": "Config",
    "path": "dz/structures_sakhal/residential/houses",
    "usableOnConsole": true,
    "searchTags": "houses, residential, sakhal",
    "image": "images/structures_sakhal/residential/houses/land_house_2w01_yellow.jpg"
  },
  {
    "objectName": "Land_House_2W04_Blue",
    "inGameName": "-",
    "category": "structures_sakhal",
    "modelType": "Config",
    "path": "dz/structures_sakhal/residential/houses",
    "usableOnConsole": true,
    "searchTags": "houses, residential, sakhal",
    "image": "images/structures_sakhal/residential/houses/land_house_2w04_blue.jpg"
  },
  {
    "objectName": "Land_House_1W14_Dam",
    "inGameName": "-",
    "category": "structures_sakhal",
    "modelType": "Config",
    "path": "dz/structures_sakhal/residential/houses",
    "usableOnConsole": true,
    "searchTags": "houses, residential, sakhal",
    "image": "images/structures_sakhal/residential/houses/land_house_1w14_dam.jpg"
  },
  {
    "objectName": "Land_House_1W14_Dam_Snow",
    "inGameName": "-",
    "category": "structures_sakhal",
    "modelType": "Config",
    "path": "dz/structures_sakhal/residential/houses",
    "usableOnConsole": true,
    "searchTags": "houses, residential, sakhal",
    "image": "images/structures_sakhal/residential/houses/land_house_1w14_dam_snow.jpg"
  },
  {
    "objectName": "Land_House_1W15_Dam",
    "inGameName": "-",
    "category": "structures_sakhal",
    "modelType": "Config",
    "path": "dz/structures_sakhal/residential/houses",
    "usableOnConsole": true,
    "searchTags": "houses, residential, sakhal",
    "image": "images/structures_sakhal/residential/houses/land_house_1w15_dam.jpg"
  },
  {
    "objectName": "Land_House_1W15_Dam_Snow",
    "inGameName": "-",
    "category": "structures_sakhal",
    "modelType": "Config",
    "path": "dz/structures_sakhal/residential/houses",
    "usableOnConsole": true,
    "searchTags": "houses, residential, sakhal",
    "image": "images/structures_sakhal/residential/houses/land_house_1w15_dam_snow.jpg"
  },
  {
    "objectName": "house_1w01_red.p3d",
    "inGameName": "-",
    "category": "structures_sakhal",
    "modelType": "Raw P3D",
    "path": "dz/structures_sakhal/residential/houses",
    "usableOnConsole": false,
    "searchTags": "houses, residential, sakhal",
    "image": "images/structures_sakhal/residential/houses/land_house_1w01_red.jpg"
  },
  {
    "objectName": "house_1w02_blue.p3d",
    "inGameName": "-",
    "category": "structures_sakhal",
    "modelType": "Raw P3D",
    "path": "dz/structures_sakhal/residential/houses",
    "usableOnConsole": false,
    "searchTags": "houses, residential, sakhal",
    "image": "images/structures_sakhal/residential/houses/land_house_1w02_blue.jpg"
  },
  {
    "objectName": "house_1w03_yellow.p3d",
    "inGameName": "-",
    "category": "structures_sakhal",
    "modelType": "Raw P3D",
    "path": "dz/structures_sakhal/residential/houses",
    "usableOnConsole": false,
    "searchTags": "houses, residential, sakhal",
    "image": "images/structures_sakhal/residential/houses/land_house_1w03_yellow.jpg"
  },
  {
    "objectName": "house_1w04_yellow.p3d",
    "inGameName": "-",
    "category": "structures_sakhal",
    "modelType": "Raw P3D",
    "path": "dz/structures_sakhal/residential/houses",
    "usableOnConsole": false,
    "searchTags": "houses, residential, sakhal",
    "image": "images/structures_sakhal/residential/houses/land_house_1w04_yellow.jpg"
  },
  {
    "objectName": "house_1w06_blue.p3d",
    "inGameName": "-",
    "category": "structures_sakhal",
    "modelType": "Raw P3D",
    "path": "dz/structures_sakhal/residential/houses",
    "usableOnConsole": false,
    "searchTags": "houses, residential, sakhal",
    "image": "images/structures_sakhal/residential/houses/land_house_1w06_blue.jpg"
  },
  {
    "objectName": "house_1w07_green.p3d",
    "inGameName": "-",
    "category": "structures_sakhal",
    "modelType": "Raw P3D",
    "path": "dz/structures_sakhal/residential/houses",
    "usableOnConsole": false,
    "searchTags": "houses, residential, sakhal",
    "image": "images/structures_sakhal/residential/houses/land_house_1w07_green.jpg"
  },
  {
    "objectName": "house_1w08_blue.p3d",
    "inGameName": "-",
    "category": "structures_sakhal",
    "modelType": "Raw P3D",
    "path": "dz/structures_sakhal/residential/houses",
    "usableOnConsole": false,
    "searchTags": "houses, residential, sakhal",
    "image": "images/structures_sakhal/residential/houses/land_house_1w08_blue.jpg"
  },
  {
    "objectName": "house_1w11_blue.p3d",
    "inGameName": "-",
    "category": "structures_sakhal",
    "modelType": "Raw P3D",
    "path": "dz/structures_sakhal/residential/houses",
    "usableOnConsole": false,
    "searchTags": "houses, residential, sakhal",
    "image": "images/structures_sakhal/residential/houses/land_house_1w11_blue.jpg"
  },
  {
    "objectName": "house_1w13_dam_noivy.p3d",
    "inGameName": "-",
    "category": "structures_sakhal",
    "modelType": "Raw P3D",
    "path": "dz/structures_sakhal/residential/houses",
    "usableOnConsole": false,
    "searchTags": "houses, residential, sakhal",
    "image": "images/structures_sakhal/residential/houses/house_1w13_dam_noivy.p3d.jpg"
  },
  {
    "objectName": "house_1w13_dam_snow.p3d",
    "inGameName": "-",
    "category": "structures_sakhal",
    "modelType": "Raw P3D",
    "path": "dz/structures_sakhal/residential/houses",
    "usableOnConsole": false,
    "searchTags": "houses, residential, sakhal",
    "image": "images/structures_sakhal/residential/houses/land_house_1w13_dam_snow.jpg"
  },
  {
    "objectName": "house_1w14_dam.p3d",
    "inGameName": "-",
    "category": "structures_sakhal",
    "modelType": "Raw P3D",
    "path": "dz/structures_sakhal/residential/houses",
    "usableOnConsole": false,
    "searchTags": "houses, residential, sakhal",
    "image": "images/structures_sakhal/residential/houses/land_house_1w14_dam.jpg"
  },
  {
    "objectName": "house_1w14_dam_snow.p3d",
    "inGameName": "-",
    "category": "structures_sakhal",
    "modelType": "Raw P3D",
    "path": "dz/structures_sakhal/residential/houses",
    "usableOnConsole": false,
    "searchTags": "houses, residential, sakhal",
    "image": "images/structures_sakhal/residential/houses/land_house_1w14_dam_snow.jpg"
  },
  {
    "objectName": "house_1w15_dam.p3d",
    "inGameName": "-",
    "category": "structures_sakhal",
    "modelType": "Raw P3D",
    "path": "dz/structures_sakhal/residential/houses",
    "usableOnConsole": false,
    "searchTags": "houses, residential, sakhal",
    "image": "images/structures_sakhal/residential/houses/land_house_1w15_dam.jpg"
  },
  {
    "objectName": "house_1w15_dam_snow.p3d",
    "inGameName": "-",
    "category": "structures_sakhal",
    "modelType": "Raw P3D",
    "path": "dz/structures_sakhal/residential/houses",
    "usableOnConsole": false,
    "searchTags": "houses, residential, sakhal",
    "image": "images/structures_sakhal/residential/houses/land_house_1w15_dam_snow.jpg"
  },
  {
    "objectName": "house_2w01_yellow.p3d",
    "inGameName": "-",
    "category": "structures_sakhal",
    "modelType": "Raw P3D",
    "path": "dz/structures_sakhal/residential/houses",
    "usableOnConsole": false,
    "searchTags": "houses, residential, sakhal",
    "image": "images/structures_sakhal/residential/houses/land_house_2w01_yellow.jpg"
  },
  {
    "objectName": "house_2w04_blue.p3d",
    "inGameName": "-",
    "category": "structures_sakhal",
    "modelType": "Raw P3D",
    "path": "dz/structures_sakhal/residential/houses",
    "usableOnConsole": false,
    "searchTags": "houses, residential, sakhal",
    "image": "images/structures_sakhal/residential/houses/land_house_2w04_blue.jpg"
  }
]
