[
  {
    "objectName": "signenoch_01_1.p3d",
    "inGameName": "-",
    "category": "structures_bliss",
    "modelType": "Raw P3D",
    "path": "dz/structures_bliss/signs/directional",
    "usableOnConsole": false,
    "searchTags": "livoniaa, directional, signs",
    "image": "images/structures_bliss/signs/directional/signenoch_01_1.jpg",
    "id": "dzobj_ff631tszwy"
  },
  {
    "objectName": "signenoch_01_2.p3d",
    "inGameName": "-",
    "category": "structures_bliss",
    "modelType": "Raw P3D",
    "path": "dz/structures_bliss/signs/directional",
    "usableOnConsole": false,
    "searchTags": "livoniaa, directional, signs",
    "image": "images/structures_bliss/signs/directional/signenoch_01_2.jpg",
    "id": "dzobj_kil3jwhn7d"
  },
  {
    "objectName": "signenoch_01_3.p3d",
    "inGameName": "-",
    "category": "structures_bliss",
    "modelType": "Raw P3D",
    "path": "dz/structures_bliss/signs/directional",
    "usableOnConsole": false,
    "searchTags": "livoniaa, directional, signs",
    "image": "images/structures_bliss/signs/directional/signenoch_01_3.jpg",
    "id": "dzobj_it0j61b12s"
  },
  {
    "objectName": "signenoch_02_1.p3d",
    "inGameName": "-",
    "category": "structures_bliss",
    "modelType": "Raw P3D",
    "path": "dz/structures_bliss/signs/directional",
    "usableOnConsole": false,
    "searchTags": "livoniaa, directional, signs",
    "image": "images/structures_bliss/signs/directional/signenoch_02_1.jpg",
    "id": "dzobj_1uksdqzkzc"
  },
  {
    "objectName": "signenoch_02_2.p3d",
    "inGameName": "-",
    "category": "structures_bliss",
    "modelType": "Raw P3D",
    "path": "dz/structures_bliss/signs/directional",
    "usableOnConsole": false,
    "searchTags": "livoniaa, directional, signs",
    "image": "images/structures_bliss/signs/directional/signenoch_02_2.jpg",
    "id": "dzobj_2izbblzlhb"
  },
  {
    "objectName": "signenoch_02_3.p3d",
    "inGameName": "-",
    "category": "structures_bliss",
    "modelType": "Raw P3D",
    "path": "dz/structures_bliss/signs/directional",
    "usableOnConsole": false,
    "searchTags": "livoniaa, directional, signs",
    "image": "images/structures_bliss/signs/directional/signenoch_02_3.jpg",
    "id": "dzobj_pdk815a4jh"
  },
  {
    "objectName": "signenoch_03_1.p3d",
    "inGameName": "-",
    "category": "structures_bliss",
    "modelType": "Raw P3D",
    "path": "dz/structures_bliss/signs/directional",
    "usableOnConsole": false,
    "searchTags": "livoniaa, directional, signs",
    "image": "images/structures_bliss/signs/directional/signenoch_03_1.jpg",
    "id": "dzobj_y89jrvesb7"
  },
  {
    "objectName": "signenoch_03_2.p3d",
    "inGameName": "-",
    "category": "structures_bliss",
    "modelType": "Raw P3D",
    "path": "dz/structures_bliss/signs/directional",
    "usableOnConsole": false,
    "searchTags": "livoniaa, directional, signs",
    "image": "images/structures_bliss/signs/directional/signenoch_03_2.jpg",
    "id": "dzobj_ez5npgj5gy"
  },
  {
    "objectName": "signenoch_03_3.p3d",
    "inGameName": "-",
    "category": "structures_bliss",
    "modelType": "Raw P3D",
    "path": "dz/structures_bliss/signs/directional",
    "usableOnConsole": false,
    "searchTags": "livoniaa, directional, signs",
    "image": "images/structures_bliss/signs/directional/signenoch_03_3.jpg",
    "id": "dzobj_komn2e3uiy"
  },
  {
    "objectName": "signenoch_04_1.p3d",
    "inGameName": "-",
    "category": "structures_bliss",
    "modelType": "Raw P3D",
    "path": "dz/structures_bliss/signs/directional",
    "usableOnConsole": false,
    "searchTags": "livoniaa, directional, signs",
    "image": "images/structures_bliss/signs/directional/signenoch_04_1.jpg",
    "id": "dzobj_b0ph6ru71f"
  },
  {
    "objectName": "signenoch_04_2.p3d",
    "inGameName": "-",
    "category": "structures_bliss",
    "modelType": "Raw P3D",
    "path": "dz/structures_bliss/signs/directional",
    "usableOnConsole": false,
    "searchTags": "livoniaa, directional, signs",
    "image": "images/structures_bliss/signs/directional/signenoch_04_2.jpg",
    "id": "dzobj_3kwcjtozyp"
  },
  {
    "objectName": "signenoch_04_3.p3d",
    "inGameName": "-",
    "category": "structures_bliss",
    "modelType": "Raw P3D",
    "path": "dz/structures_bliss/signs/directional",
    "usableOnConsole": false,
    "searchTags": "livoniaa, directional, signs",
    "image": "images/structures_bliss/signs/directional/signenoch_04_3.jpg",
    "id": "dzobj_1hdvp1s9a1"
  },
  {
    "objectName": "signenoch_04_4.p3d",
    "inGameName": "-",
    "category": "structures_bliss",
    "modelType": "Raw P3D",
    "path": "dz/structures_bliss/signs/directional",
    "usableOnConsole": false,
    "searchTags": "livoniaa, directional, signs",
    "image": "images/structures_bliss/signs/directional/signenoch_04_4.jpg",
    "id": "dzobj_41dearkqs2"
  },
  {
    "objectName": "signenoch_05_1.p3d",
    "inGameName": "-",
    "category": "structures_bliss",
    "modelType": "Raw P3D",
    "path": "dz/structures_bliss/signs/directional",
    "usableOnConsole": false,
    "searchTags": "livoniaa, directional, signs",
    "image": "images/structures_bliss/signs/directional/signenoch_05_1.jpg",
    "id": "dzobj_psqdn8g34y"
  },
  {
    "objectName": "signenoch_05_2.p3d",
    "inGameName": "-",
    "category": "structures_bliss",
    "modelType": "Raw P3D",
    "path": "dz/structures_bliss/signs/directional",
    "usableOnConsole": false,
    "searchTags": "livoniaa, directional, signs",
    "image": "images/structures_bliss/signs/directional/signenoch_05_2.jpg",
    "id": "dzobj_j587i5nsbo"
  },
  {
    "objectName": "signenoch_05_3.p3d",
    "inGameName": "-",
    "category": "structures_bliss",
    "modelType": "Raw P3D",
    "path": "dz/structures_bliss/signs/directional",
    "usableOnConsole": false,
    "searchTags": "livoniaa, directional, signs",
    "image": "images/structures_bliss/signs/directional/signenoch_05_3.jpg",
    "id": "dzobj_d597j7wjm0"
  },
  {
    "objectName": "signenoch_05_4.p3d",
    "inGameName": "-",
    "category": "structures_bliss",
    "modelType": "Raw P3D",
    "path": "dz/structures_bliss/signs/directional",
    "usableOnConsole": false,
    "searchTags": "livoniaa, directional, signs",
    "image": "images/structures_bliss/signs/directional/signenoch_05_4.jpg",
    "id": "dzobj_4i9a1we17d"
  },
  {
    "objectName": "signenoch_06_1.p3d",
    "inGameName": "-",
    "category": "structures_bliss",
    "modelType": "Raw P3D",
    "path": "dz/structures_bliss/signs/directional",
    "usableOnConsole": false,
    "searchTags": "livoniaa, directional, signs",
    "image": "images/structures_bliss/signs/directional/signenoch_06_1.jpg",
    "id": "dzobj_bl5ekx32zq"
  },
  {
    "objectName": "signenoch_06_2.p3d",
    "inGameName": "-",
    "category": "structures_bliss",
    "modelType": "Raw P3D",
    "path": "dz/structures_bliss/signs/directional",
    "usableOnConsole": false,
    "searchTags": "livoniaa, directional, signs",
    "image": "images/structures_bliss/signs/directional/signenoch_06_2.jpg",
    "id": "dzobj_ujpu7o9bca"
  },
  {
    "objectName": "signenoch_06_3.p3d",
    "inGameName": "-",
    "category": "structures_bliss",
    "modelType": "Raw P3D",
    "path": "dz/structures_bliss/signs/directional",
    "usableOnConsole": false,
    "searchTags": "livoniaa, directional, signs",
    "image": "images/structures_bliss/signs/directional/signenoch_06_3.jpg",
    "id": "dzobj_qujlfam9b0"
  },
  {
    "objectName": "signenoch_07_1.p3d",
    "inGameName": "-",
    "category": "structures_bliss",
    "modelType": "Raw P3D",
    "path": "dz/structures_bliss/signs/directional",
    "usableOnConsole": false,
    "searchTags": "livoniaa, directional, signs",
    "image": "images/structures_bliss/signs/directional/signenoch_07_1.jpg",
    "id": "dzobj_kisnxiri8y"
  },
  {
    "objectName": "signenoch_07_2.p3d",
    "inGameName": "-",
    "category": "structures_bliss",
    "modelType": "Raw P3D",
    "path": "dz/structures_bliss/signs/directional",
    "usableOnConsole": false,
    "searchTags": "livoniaa, directional, signs",
    "image": "images/structures_bliss/signs/directional/signenoch_07_2.jpg",
    "id": "dzobj_nk9u68agae"
  },
  {
    "objectName": "signenoch_07_3.p3d",
    "inGameName": "-",
    "category": "structures_bliss",
    "modelType": "Raw P3D",
    "path": "dz/structures_bliss/signs/directional",
    "usableOnConsole": false,
    "searchTags": "livoniaa, directional, signs",
    "image": "images/structures_bliss/signs/directional/signenoch_07_3.jpg",
    "id": "dzobj_dtg8rnntk6"
  },
  {
    "objectName": "signenoch_08_1.p3d",
    "inGameName": "-",
    "category": "structures_bliss",
    "modelType": "Raw P3D",
    "path": "dz/structures_bliss/signs/directional",
    "usableOnConsole": false,
    "searchTags": "livoniaa, directional, signs",
    "image": "images/structures_bliss/signs/directional/signenoch_08_1.jpg",
    "id": "dzobj_ufcxlpoqx1"
  },
  {
    "objectName": "signenoch_08_2.p3d",
    "inGameName": "-",
    "category": "structures_bliss",
    "modelType": "Raw P3D",
    "path": "dz/structures_bliss/signs/directional",
    "usableOnConsole": false,
    "searchTags": "livoniaa, directional, signs",
    "image": "images/structures_bliss/signs/directional/signenoch_08_2.jpg",
    "id": "dzobj_a93534rdcu"
  },
  {
    "objectName": "signenoch_08_3.p3d",
    "inGameName": "-",
    "category": "structures_bliss",
    "modelType": "Raw P3D",
    "path": "dz/structures_bliss/signs/directional",
    "usableOnConsole": false,
    "searchTags": "livoniaa, directional, signs",
    "image": "images/structures_bliss/signs/directional/signenoch_08_3.jpg",
    "id": "dzobj_pekp1vktu6"
  },
  {
    "objectName": "signenoch_09_1.p3d",
    "inGameName": "-",
    "category": "structures_bliss",
    "modelType": "Raw P3D",
    "path": "dz/structures_bliss/signs/directional",
    "usableOnConsole": false,
    "searchTags": "livoniaa, directional, signs",
    "image": "images/structures_bliss/signs/directional/signenoch_09_1.jpg",
    "id": "dzobj_kps8jv8d5p"
  },
  {
    "objectName": "signenoch_09_2.p3d",
    "inGameName": "-",
    "category": "structures_bliss",
    "modelType": "Raw P3D",
    "path": "dz/structures_bliss/signs/directional",
    "usableOnConsole": false,
    "searchTags": "livoniaa, directional, signs",
    "image": "images/structures_bliss/signs/directional/signenoch_09_2.jpg",
    "id": "dzobj_9xhgqgw5tz"
  },
  {
    "objectName": "signenoch_09_3.p3d",
    "inGameName": "-",
    "category": "structures_bliss",
    "modelType": "Raw P3D",
    "path": "dz/structures_bliss/signs/directional",
    "usableOnConsole": false,
    "searchTags": "livoniaa, directional, signs",
    "image": "images/structures_bliss/signs/directional/signenoch_09_3.jpg",
    "id": "dzobj_lhrlfayh1r"
  },
  {
    "objectName": "signenoch_10_1.p3d",
    "inGameName": "-",
    "category": "structures_bliss",
    "modelType": "Raw P3D",
    "path": "dz/structures_bliss/signs/directional",
    "usableOnConsole": false,
    "searchTags": "livoniaa, directional, signs",
    "image": "images/structures_bliss/signs/directional/signenoch_10_1.jpg",
    "id": "dzobj_c9fk15y4jk"
  },
  {
    "objectName": "signenoch_10_2.p3d",
    "inGameName": "-",
    "category": "structures_bliss",
    "modelType": "Raw P3D",
    "path": "dz/structures_bliss/signs/directional",
    "usableOnConsole": false,
    "searchTags": "livoniaa, directional, signs",
    "image": "images/structures_bliss/signs/directional/signenoch_10_2.jpg",
    "id": "dzobj_f8hgey1cz7"
  },
  {
    "objectName": "signenoch_11_1.p3d",
    "inGameName": "-",
    "category": "structures_bliss",
    "modelType": "Raw P3D",
    "path": "dz/structures_bliss/signs/directional",
    "usableOnConsole": false,
    "searchTags": "livoniaa, directional, signs",
    "image": "images/structures_bliss/signs/directional/signenoch_11_1.jpg",
    "id": "dzobj_cyqg2uzvc2"
  },
  {
    "objectName": "signenoch_11_2.p3d",
    "inGameName": "-",
    "category": "structures_bliss",
    "modelType": "Raw P3D",
    "path": "dz/structures_bliss/signs/directional",
    "usableOnConsole": false,
    "searchTags": "livoniaa, directional, signs",
    "image": "images/structures_bliss/signs/directional/signenoch_11_2.jpg",
    "id": "dzobj_ogoa13i888"
  },
  {
    "objectName": "signenoch_11_3.p3d",
    "inGameName": "-",
    "category": "structures_bliss",
    "modelType": "Raw P3D",
    "path": "dz/structures_bliss/signs/directional",
    "usableOnConsole": false,
    "searchTags": "livoniaa, directional, signs",
    "image": "images/structures_bliss/signs/directional/signenoch_11_3.jpg",
    "id": "dzobj_7jspmqd2ag"
  },
  {
    "objectName": "signenoch_12_1.p3d",
    "inGameName": "-",
    "category": "structures_bliss",
    "modelType": "Raw P3D",
    "path": "dz/structures_bliss/signs/directional",
    "usableOnConsole": false,
    "searchTags": "livoniaa, directional, signs",
    "image": "images/structures_bliss/signs/directional/signenoch_12_1.jpg",
    "id": "dzobj_67fmdyvh9i"
  },
  {
    "objectName": "signenoch_12_2.p3d",
    "inGameName": "-",
    "category": "structures_bliss",
    "modelType": "Raw P3D",
    "path": "dz/structures_bliss/signs/directional",
    "usableOnConsole": false,
    "searchTags": "livoniaa, directional, signs",
    "image": "images/structures_bliss/signs/directional/signenoch_12_2.jpg",
    "id": "dzobj_ztsxkgtr76"
  },
  {
    "objectName": "signenoch_12_3.p3d",
    "inGameName": "-",
    "category": "structures_bliss",
    "modelType": "Raw P3D",
    "path": "dz/structures_bliss/signs/directional",
    "usableOnConsole": false,
    "searchTags": "livoniaa, directional, signs",
    "image": "images/structures_bliss/signs/directional/signenoch_12_3.jpg",
    "id": "dzobj_20u5s1l7m5"
  },
  {
    "objectName": "signenoch_13_1.p3d",
    "inGameName": "-",
    "category": "structures_bliss",
    "modelType": "Raw P3D",
    "path": "dz/structures_bliss/signs/directional",
    "usableOnConsole": false,
    "searchTags": "livoniaa, directional, signs",
    "image": "images/structures_bliss/signs/directional/signenoch_13_1.jpg",
    "id": "dzobj_wjhhan5rah"
  },
  {
    "objectName": "signenoch_13_2.p3d",
    "inGameName": "-",
    "category": "structures_bliss",
    "modelType": "Raw P3D",
    "path": "dz/structures_bliss/signs/directional",
    "usableOnConsole": false,
    "searchTags": "livoniaa, directional, signs",
    "image": "images/structures_bliss/signs/directional/signenoch_13_2.jpg",
    "id": "dzobj_r8cuta8951"
  },
  {
    "objectName": "signenoch_13_3.p3d",
    "inGameName": "-",
    "category": "structures_bliss",
    "modelType": "Raw P3D",
    "path": "dz/structures_bliss/signs/directional",
    "usableOnConsole": false,
    "searchTags": "livoniaa, directional, signs",
    "image": "images/structures_bliss/signs/directional/signenoch_13_3.jpg",
    "id": "dzobj_7n1aati5wl"
  },
  {
    "objectName": "signenoch_14_1.p3d",
    "inGameName": "-",
    "category": "structures_bliss",
    "modelType": "Raw P3D",
    "path": "dz/structures_bliss/signs/directional",
    "usableOnConsole": false,
    "searchTags": "livoniaa, directional, signs",
    "image": "images/structures_bliss/signs/directional/signenoch_14_1.jpg",
    "id": "dzobj_84nngok5gw"
  },
  {
    "objectName": "signenoch_14_2.p3d",
    "inGameName": "-",
    "category": "structures_bliss",
    "modelType": "Raw P3D",
    "path": "dz/structures_bliss/signs/directional",
    "usableOnConsole": false,
    "searchTags": "livoniaa, directional, signs",
    "image": "images/structures_bliss/signs/directional/signenoch_14_2.jpg",
    "id": "dzobj_9iyn21depw"
  },
  {
    "objectName": "signenoch_14_3.p3d",
    "inGameName": "-",
    "category": "structures_bliss",
    "modelType": "Raw P3D",
    "path": "dz/structures_bliss/signs/directional",
    "usableOnConsole": false,
    "searchTags": "livoniaa, directional, signs",
    "image": "images/structures_bliss/signs/directional/signenoch_14_3.jpg",
    "id": "dzobj_8fk4w6ognz"
  },
  {
    "objectName": "signenoch_15_1.p3d",
    "inGameName": "-",
    "category": "structures_bliss",
    "modelType": "Raw P3D",
    "path": "dz/structures_bliss/signs/directional",
    "usableOnConsole": false,
    "searchTags": "livoniaa, directional, signs",
    "image": "images/structures_bliss/signs/directional/signenoch_15_1.jpg",
    "id": "dzobj_fems04l2sw"
  },
  {
    "objectName": "signenoch_15_2.p3d",
    "inGameName": "-",
    "category": "structures_bliss",
    "modelType": "Raw P3D",
    "path": "dz/structures_bliss/signs/directional",
    "usableOnConsole": false,
    "searchTags": "livoniaa, directional, signs",
    "image": "images/structures_bliss/signs/directional/signenoch_15_2.jpg",
    "id": "dzobj_06cdhx81pm"
  },
  {
    "objectName": "signenoch_17_1.p3d",
    "inGameName": "-",
    "category": "structures_bliss",
    "modelType": "Raw P3D",
    "path": "dz/structures_bliss/signs/directional",
    "usableOnConsole": false,
    "searchTags": "livoniaa, directional, signs",
    "image": "images/structures_bliss/signs/directional/signenoch_17_1.jpg",
    "id": "dzobj_gauk13z4gf"
  },
  {
    "objectName": "signenoch_17_2.p3d",
    "inGameName": "-",
    "category": "structures_bliss",
    "modelType": "Raw P3D",
    "path": "dz/structures_bliss/signs/directional",
    "usableOnConsole": false,
    "searchTags": "livoniaa, directional, signs",
    "image": "images/structures_bliss/signs/directional/signenoch_17_2.jpg",
    "id": "dzobj_at2ey2plxg"
  },
  {
    "objectName": "signenoch_17_3.p3d",
    "inGameName": "-",
    "category": "structures_bliss",
    "modelType": "Raw P3D",
    "path": "dz/structures_bliss/signs/directional",
    "usableOnConsole": false,
    "searchTags": "livoniaa, directional, signs",
    "image": "images/structures_bliss/signs/directional/signenoch_17_3.jpg",
    "id": "dzobj_ma9hn9p4je"
  },
  {
    "objectName": "signenoch_18_1.p3d",
    "inGameName": "-",
    "category": "structures_bliss",
    "modelType": "Raw P3D",
    "path": "dz/structures_bliss/signs/directional",
    "usableOnConsole": false,
    "searchTags": "livoniaa, directional, signs",
    "image": "images/structures_bliss/signs/directional/signenoch_18_1.jpg",
    "id": "dzobj_hplusqnne2"
  },
  {
    "objectName": "signenoch_18_2.p3d",
    "inGameName": "-",
    "category": "structures_bliss",
    "modelType": "Raw P3D",
    "path": "dz/structures_bliss/signs/directional",
    "usableOnConsole": false,
    "searchTags": "livoniaa, directional, signs",
    "image": "images/structures_bliss/signs/directional/signenoch_18_2.jpg",
    "id": "dzobj_zy3dwfoo4n"
  },
  {
    "objectName": "signenoch_18_3.p3d",
    "inGameName": "-",
    "category": "structures_bliss",
    "modelType": "Raw P3D",
    "path": "dz/structures_bliss/signs/directional",
    "usableOnConsole": false,
    "searchTags": "livoniaa, directional, signs",
    "image": "images/structures_bliss/signs/directional/signenoch_18_3.jpg",
    "id": "dzobj_p14x7qj0se"
  },
  {
    "objectName": "signenoch_19_1.p3d",
    "inGameName": "-",
    "category": "structures_bliss",
    "modelType": "Raw P3D",
    "path": "dz/structures_bliss/signs/directional",
    "usableOnConsole": false,
    "searchTags": "livoniaa, directional, signs",
    "image": "images/structures_bliss/signs/directional/signenoch_19_1.jpg",
    "id": "dzobj_6bq3a4dl9p"
  },
  {
    "objectName": "signenoch_19_2.p3d",
    "inGameName": "-",
    "category": "structures_bliss",
    "modelType": "Raw P3D",
    "path": "dz/structures_bliss/signs/directional",
    "usableOnConsole": false,
    "searchTags": "livoniaa, directional, signs",
    "image": "images/structures_bliss/signs/directional/signenoch_19_2.jpg",
    "id": "dzobj_5g9sdzju7u"
  },
  {
    "objectName": "signenoch_19_3.p3d",
    "inGameName": "-",
    "category": "structures_bliss",
    "modelType": "Raw P3D",
    "path": "dz/structures_bliss/signs/directional",
    "usableOnConsole": false,
    "searchTags": "livoniaa, directional, signs",
    "image": "images/structures_bliss/signs/directional/signenoch_19_3.jpg",
    "id": "dzobj_xgircxnbd0"
  },
  {
    "objectName": "signenoch_19_4.p3d",
    "inGameName": "-",
    "category": "structures_bliss",
    "modelType": "Raw P3D",
    "path": "dz/structures_bliss/signs/directional",
    "usableOnConsole": false,
    "searchTags": "livoniaa, directional, signs",
    "image": "images/structures_bliss/signs/directional/signenoch_19_4.jpg",
    "id": "dzobj_dogefk4k5e"
  },
  {
    "objectName": "signenoch_19_5.p3d",
    "inGameName": "-",
    "category": "structures_bliss",
    "modelType": "Raw P3D",
    "path": "dz/structures_bliss/signs/directional",
    "usableOnConsole": false,
    "searchTags": "livoniaa, directional, signs",
    "image": "images/structures_bliss/signs/directional/signenoch_19_5.jpg",
    "id": "dzobj_0fpf7grh9f"
  },
  {
    "objectName": "signenoch_19_6.p3d",
    "inGameName": "-",
    "category": "structures_bliss",
    "modelType": "Raw P3D",
    "path": "dz/structures_bliss/signs/directional",
    "usableOnConsole": false,
    "searchTags": "livoniaa, directional, signs",
    "image": "images/structures_bliss/signs/directional/signenoch_19_6.jpg",
    "id": "dzobj_qfll2suoum"
  },
  {
    "objectName": "signenoch_20_1.p3d",
    "inGameName": "-",
    "category": "structures_bliss",
    "modelType": "Raw P3D",
    "path": "dz/structures_bliss/signs/directional",
    "usableOnConsole": false,
    "searchTags": "livoniaa, directional, signs",
    "image": "images/structures_bliss/signs/directional/signenoch_20_1.jpg",
    "id": "dzobj_tx0h48obxo"
  },
  {
    "objectName": "signenoch_20_2.p3d",
    "inGameName": "-",
    "category": "structures_bliss",
    "modelType": "Raw P3D",
    "path": "dz/structures_bliss/signs/directional",
    "usableOnConsole": false,
    "searchTags": "livoniaa, directional, signs",
    "image": "images/structures_bliss/signs/directional/signenoch_20_2.jpg",
    "id": "dzobj_gx8ma3g6eq"
  },
  {
    "objectName": "signenoch_20_3.p3d",
    "inGameName": "-",
    "category": "structures_bliss",
    "modelType": "Raw P3D",
    "path": "dz/structures_bliss/signs/directional",
    "usableOnConsole": false,
    "searchTags": "livoniaa, directional, signs",
    "image": "images/structures_bliss/signs/directional/signenoch_20_3.jpg",
    "id": "dzobj_jcbrgqi56v"
  },
  {
    "objectName": "signenoch_21_1.p3d",
    "inGameName": "-",
    "category": "structures_bliss",
    "modelType": "Raw P3D",
    "path": "dz/structures_bliss/signs/directional",
    "usableOnConsole": false,
    "searchTags": "livoniaa, directional, signs",
    "image": "images/structures_bliss/signs/directional/signenoch_21_1.jpg",
    "id": "dzobj_xjx6851tdh"
  },
  {
    "objectName": "signenoch_21_2.p3d",
    "inGameName": "-",
    "category": "structures_bliss",
    "modelType": "Raw P3D",
    "path": "dz/structures_bliss/signs/directional",
    "usableOnConsole": false,
    "searchTags": "livoniaa, directional, signs",
    "image": "images/structures_bliss/signs/directional/signenoch_21_2.jpg",
    "id": "dzobj_iy30oif21x"
  },
  {
    "objectName": "signenoch_21_3.p3d",
    "inGameName": "-",
    "category": "structures_bliss",
    "modelType": "Raw P3D",
    "path": "dz/structures_bliss/signs/directional",
    "usableOnConsole": false,
    "searchTags": "livoniaa, directional, signs",
    "image": "images/structures_bliss/signs/directional/signenoch_21_3.jpg",
    "id": "dzobj_3pdgalk5s0"
  },
  {
    "objectName": "signenoch_22_1.p3d",
    "inGameName": "-",
    "category": "structures_bliss",
    "modelType": "Raw P3D",
    "path": "dz/structures_bliss/signs/directional",
    "usableOnConsole": false,
    "searchTags": "livoniaa, directional, signs",
    "image": "images/structures_bliss/signs/directional/signenoch_22_1.jpg",
    "id": "dzobj_v55k3r0x3w"
  },
  {
    "objectName": "signenoch_22_2.p3d",
    "inGameName": "-",
    "category": "structures_bliss",
    "modelType": "Raw P3D",
    "path": "dz/structures_bliss/signs/directional",
    "usableOnConsole": false,
    "searchTags": "livoniaa, directional, signs",
    "image": "images/structures_bliss/signs/directional/signenoch_22_2.jpg",
    "id": "dzobj_7cx5rsrut2"
  },
  {
    "objectName": "signenoch_22_3.p3d",
    "inGameName": "-",
    "category": "structures_bliss",
    "modelType": "Raw P3D",
    "path": "dz/structures_bliss/signs/directional",
    "usableOnConsole": false,
    "searchTags": "livoniaa, directional, signs",
    "image": "images/structures_bliss/signs/directional/signenoch_22_3.jpg",
    "id": "dzobj_uk207yafvj"
  },
  {
    "objectName": "signenoch_23_1.p3d",
    "inGameName": "-",
    "category": "structures_bliss",
    "modelType": "Raw P3D",
    "path": "dz/structures_bliss/signs/directional",
    "usableOnConsole": false,
    "searchTags": "livoniaa, directional, signs",
    "image": "images/structures_bliss/signs/directional/signenoch_23_1.jpg",
    "id": "dzobj_i7pj1wkq9k"
  },
  {
    "objectName": "signenoch_23_2.p3d",
    "inGameName": "-",
    "category": "structures_bliss",
    "modelType": "Raw P3D",
    "path": "dz/structures_bliss/signs/directional",
    "usableOnConsole": false,
    "searchTags": "livoniaa, directional, signs",
    "image": "images/structures_bliss/signs/directional/signenoch_23_2.jpg",
    "id": "dzobj_wsj3pzkwws"
  },
  {
    "objectName": "signenoch_23_3.p3d",
    "inGameName": "-",
    "category": "structures_bliss",
    "modelType": "Raw P3D",
    "path": "dz/structures_bliss/signs/directional",
    "usableOnConsole": false,
    "searchTags": "livoniaa, directional, signs",
    "image": "images/structures_bliss/signs/directional/signenoch_23_3.jpg",
    "id": "dzobj_hzxnlk6hvw"
  },
  {
    "objectName": "signenoch_24_1.p3d",
    "inGameName": "-",
    "category": "structures_bliss",
    "modelType": "Raw P3D",
    "path": "dz/structures_bliss/signs/directional",
    "usableOnConsole": false,
    "searchTags": "livoniaa, directional, signs",
    "image": "images/structures_bliss/signs/directional/signenoch_24_1.jpg",
    "id": "dzobj_72d00n8l5c"
  },
  {
    "objectName": "signenoch_24_2.p3d",
    "inGameName": "-",
    "category": "structures_bliss",
    "modelType": "Raw P3D",
    "path": "dz/structures_bliss/signs/directional",
    "usableOnConsole": false,
    "searchTags": "livoniaa, directional, signs",
    "image": "images/structures_bliss/signs/directional/signenoch_24_2.jpg",
    "id": "dzobj_gb9ybt2dst"
  },
  {
    "objectName": "signenoch_24_3.p3d",
    "inGameName": "-",
    "category": "structures_bliss",
    "modelType": "Raw P3D",
    "path": "dz/structures_bliss/signs/directional",
    "usableOnConsole": false,
    "searchTags": "livoniaa, directional, signs",
    "image": "images/structures_bliss/signs/directional/signenoch_24_3.jpg",
    "id": "dzobj_bov8tbzu1l"
  },
  {
    "objectName": "signenoch_24_4.p3d",
    "inGameName": "-",
    "category": "structures_bliss",
    "modelType": "Raw P3D",
    "path": "dz/structures_bliss/signs/directional",
    "usableOnConsole": false,
    "searchTags": "livoniaa, directional, signs",
    "image": "images/structures_bliss/signs/directional/signenoch_24_4.jpg",
    "id": "dzobj_40msy8aivm"
  },
  {
    "objectName": "signenoch_24_5.p3d",
    "inGameName": "-",
    "category": "structures_bliss",
    "modelType": "Raw P3D",
    "path": "dz/structures_bliss/signs/directional",
    "usableOnConsole": false,
    "searchTags": "livoniaa, directional, signs",
    "image": "images/structures_bliss/signs/directional/signenoch_24_5.jpg",
    "id": "dzobj_5yyihoyrac"
  },
  {
    "objectName": "signenoch_25_1.p3d",
    "inGameName": "-",
    "category": "structures_bliss",
    "modelType": "Raw P3D",
    "path": "dz/structures_bliss/signs/directional",
    "usableOnConsole": false,
    "searchTags": "livoniaa, directional, signs",
    "image": "images/structures_bliss/signs/directional/signenoch_25_1.jpg",
    "id": "dzobj_yufilk5b1n"
  },
  {
    "objectName": "signenoch_25_2.p3d",
    "inGameName": "-",
    "category": "structures_bliss",
    "modelType": "Raw P3D",
    "path": "dz/structures_bliss/signs/directional",
    "usableOnConsole": false,
    "searchTags": "livoniaa, directional, signs",
    "image": "images/structures_bliss/signs/directional/signenoch_25_2.jpg",
    "id": "dzobj_b2315swkpo"
  },
  {
    "objectName": "signenoch_25_3.p3d",
    "inGameName": "-",
    "category": "structures_bliss",
    "modelType": "Raw P3D",
    "path": "dz/structures_bliss/signs/directional",
    "usableOnConsole": false,
    "searchTags": "livoniaa, directional, signs",
    "image": "images/structures_bliss/signs/directional/signenoch_25_3.jpg",
    "id": "dzobj_pginix82lw"
  },
  {
    "objectName": "signenoch_26_1.p3d",
    "inGameName": "-",
    "category": "structures_bliss",
    "modelType": "Raw P3D",
    "path": "dz/structures_bliss/signs/directional",
    "usableOnConsole": false,
    "searchTags": "livoniaa, directional, signs",
    "image": "images/structures_bliss/signs/directional/signenoch_26_1.jpg",
    "id": "dzobj_n1rhi2jo02"
  },
  {
    "objectName": "signenoch_26_2.p3d",
    "inGameName": "-",
    "category": "structures_bliss",
    "modelType": "Raw P3D",
    "path": "dz/structures_bliss/signs/directional",
    "usableOnConsole": false,
    "searchTags": "livoniaa, directional, signs",
    "image": "images/structures_bliss/signs/directional/signenoch_26_2.jpg",
    "id": "dzobj_jkmjzi5qvj"
  },
  {
    "objectName": "signenoch_26_3.p3d",
    "inGameName": "-",
    "category": "structures_bliss",
    "modelType": "Raw P3D",
    "path": "dz/structures_bliss/signs/directional",
    "usableOnConsole": false,
    "searchTags": "livoniaa, directional, signs",
    "image": "images/structures_bliss/signs/directional/signenoch_26_3.jpg",
    "id": "dzobj_cl89le5zzs"
  },
  {
    "objectName": "signenoch_27_1.p3d",
    "inGameName": "-",
    "category": "structures_bliss",
    "modelType": "Raw P3D",
    "path": "dz/structures_bliss/signs/directional",
    "usableOnConsole": false,
    "searchTags": "livoniaa, directional, signs",
    "image": "images/structures_bliss/signs/directional/signenoch_27_1.jpg",
    "id": "dzobj_bkgt0rje7o"
  },
  {
    "objectName": "signenoch_27_2.p3d",
    "inGameName": "-",
    "category": "structures_bliss",
    "modelType": "Raw P3D",
    "path": "dz/structures_bliss/signs/directional",
    "usableOnConsole": false,
    "searchTags": "livoniaa, directional, signs",
    "image": "images/structures_bliss/signs/directional/signenoch_27_2.jpg",
    "id": "dzobj_pr70iimwhn"
  },
  {
    "objectName": "signenoch_27_3.p3d",
    "inGameName": "-",
    "category": "structures_bliss",
    "modelType": "Raw P3D",
    "path": "dz/structures_bliss/signs/directional",
    "usableOnConsole": false,
    "searchTags": "livoniaa, directional, signs",
    "image": "images/structures_bliss/signs/directional/signenoch_27_3.jpg",
    "id": "dzobj_zxwshzgn74"
  },
  {
    "objectName": "signenoch_28_1.p3d",
    "inGameName": "-",
    "category": "structures_bliss",
    "modelType": "Raw P3D",
    "path": "dz/structures_bliss/signs/directional",
    "usableOnConsole": false,
    "searchTags": "livoniaa, directional, signs",
    "image": "images/structures_bliss/signs/directional/signenoch_28_1.jpg",
    "id": "dzobj_wur62uosgq"
  },
  {
    "objectName": "signenoch_28_2.p3d",
    "inGameName": "-",
    "category": "structures_bliss",
    "modelType": "Raw P3D",
    "path": "dz/structures_bliss/signs/directional",
    "usableOnConsole": false,
    "searchTags": "livoniaa, directional, signs",
    "image": "images/structures_bliss/signs/directional/signenoch_28_2.jpg",
    "id": "dzobj_qru928odce"
  },
  {
    "objectName": "signenoch_28_3.p3d",
    "inGameName": "-",
    "category": "structures_bliss",
    "modelType": "Raw P3D",
    "path": "dz/structures_bliss/signs/directional",
    "usableOnConsole": false,
    "searchTags": "livoniaa, directional, signs",
    "image": "images/structures_bliss/signs/directional/signenoch_28_3.jpg",
    "id": "dzobj_hub6kxalgs"
  },
  {
    "objectName": "signenoch_29_1.p3d",
    "inGameName": "-",
    "category": "structures_bliss",
    "modelType": "Raw P3D",
    "path": "dz/structures_bliss/signs/directional",
    "usableOnConsole": false,
    "searchTags": "livoniaa, directional, signs",
    "image": "images/structures_bliss/signs/directional/signenoch_29_1.jpg",
    "id": "dzobj_d4iqi33hqv"
  },
  {
    "objectName": "signenoch_29_2.p3d",
    "inGameName": "-",
    "category": "structures_bliss",
    "modelType": "Raw P3D",
    "path": "dz/structures_bliss/signs/directional",
    "usableOnConsole": false,
    "searchTags": "livoniaa, directional, signs",
    "image": "images/structures_bliss/signs/directional/signenoch_29_2.jpg",
    "id": "dzobj_kmjif811tv"
  },
  {
    "objectName": "signenoch_30_1.p3d",
    "inGameName": "-",
    "category": "structures_bliss",
    "modelType": "Raw P3D",
    "path": "dz/structures_bliss/signs/directional",
    "usableOnConsole": false,
    "searchTags": "livoniaa, directional, signs",
    "image": "images/structures_bliss/signs/directional/signenoch_30_1.jpg",
    "id": "dzobj_53039hvnhn"
  },
  {
    "objectName": "signenoch_30_2.p3d",
    "inGameName": "-",
    "category": "structures_bliss",
    "modelType": "Raw P3D",
    "path": "dz/structures_bliss/signs/directional",
    "usableOnConsole": false,
    "searchTags": "livoniaa, directional, signs",
    "image": "images/structures_bliss/signs/directional/signenoch_30_2.jpg",
    "id": "dzobj_mygg8jwfa5"
  },
  {
    "objectName": "signenoch_30_3.p3d",
    "inGameName": "-",
    "category": "structures_bliss",
    "modelType": "Raw P3D",
    "path": "dz/structures_bliss/signs/directional",
    "usableOnConsole": false,
    "searchTags": "livoniaa, directional, signs",
    "image": "images/structures_bliss/signs/directional/signenoch_30_3.jpg",
    "id": "dzobj_y0s9b5pbhr"
  },
  {
    "objectName": "signenoch_31_1.p3d",
    "inGameName": "-",
    "category": "structures_bliss",
    "modelType": "Raw P3D",
    "path": "dz/structures_bliss/signs/directional",
    "usableOnConsole": false,
    "searchTags": "livoniaa, directional, signs",
    "image": "images/structures_bliss/signs/directional/signenoch_31_1.jpg",
    "id": "dzobj_libvyis93b"
  },
  {
    "objectName": "signenoch_31_2.p3d",
    "inGameName": "-",
    "category": "structures_bliss",
    "modelType": "Raw P3D",
    "path": "dz/structures_bliss/signs/directional",
    "usableOnConsole": false,
    "searchTags": "livoniaa, directional, signs",
    "image": "images/structures_bliss/signs/directional/signenoch_31_2.jpg",
    "id": "dzobj_9go9s00dwa"
  },
  {
    "objectName": "signenoch_31_3.p3d",
    "inGameName": "-",
    "category": "structures_bliss",
    "modelType": "Raw P3D",
    "path": "dz/structures_bliss/signs/directional",
    "usableOnConsole": false,
    "searchTags": "livoniaa, directional, signs",
    "image": "images/structures_bliss/signs/directional/signenoch_31_3.jpg",
    "id": "dzobj_nmr0w0n95b"
  },
  {
    "objectName": "signenoch_32_1.p3d",
    "inGameName": "-",
    "category": "structures_bliss",
    "modelType": "Raw P3D",
    "path": "dz/structures_bliss/signs/directional",
    "usableOnConsole": false,
    "searchTags": "livoniaa, directional, signs",
    "image": "images/structures_bliss/signs/directional/signenoch_32_1.jpg",
    "id": "dzobj_pfzwfsgxd4"
  },
  {
    "objectName": "signenoch_32_2.p3d",
    "inGameName": "-",
    "category": "structures_bliss",
    "modelType": "Raw P3D",
    "path": "dz/structures_bliss/signs/directional",
    "usableOnConsole": false,
    "searchTags": "livoniaa, directional, signs",
    "image": "images/structures_bliss/signs/directional/signenoch_32_2.jpg",
    "id": "dzobj_bf59ybc2i1"
  },
  {
    "objectName": "signenoch_32_3.p3d",
    "inGameName": "-",
    "category": "structures_bliss",
    "modelType": "Raw P3D",
    "path": "dz/structures_bliss/signs/directional",
    "usableOnConsole": false,
    "searchTags": "livoniaa, directional, signs",
    "image": "images/structures_bliss/signs/directional/signenoch_32_3.jpg",
    "id": "dzobj_1luhsghdij"
  },
  {
    "objectName": "signenoch_33_1.p3d",
    "inGameName": "-",
    "category": "structures_bliss",
    "modelType": "Raw P3D",
    "path": "dz/structures_bliss/signs/directional",
    "usableOnConsole": false,
    "searchTags": "livoniaa, directional, signs",
    "image": "images/structures_bliss/signs/directional/signenoch_33_1.jpg",
    "id": "dzobj_4ffsn1n7yp"
  },
  {
    "objectName": "signenoch_33_2.p3d",
    "inGameName": "-",
    "category": "structures_bliss",
    "modelType": "Raw P3D",
    "path": "dz/structures_bliss/signs/directional",
    "usableOnConsole": false,
    "searchTags": "livoniaa, directional, signs",
    "image": "images/structures_bliss/signs/directional/signenoch_33_2.jpg",
    "id": "dzobj_cpcpjaoso4"
  },
  {
    "objectName": "signenoch_33_3.p3d",
    "inGameName": "-",
    "category": "structures_bliss",
    "modelType": "Raw P3D",
    "path": "dz/structures_bliss/signs/directional",
    "usableOnConsole": false,
    "searchTags": "livoniaa, directional, signs",
    "image": "images/structures_bliss/signs/directional/signenoch_33_3.jpg",
    "id": "dzobj_isk1fytwk3"
  },
  {
    "objectName": "signenoch_34_1.p3d",
    "inGameName": "-",
    "category": "structures_bliss",
    "modelType": "Raw P3D",
    "path": "dz/structures_bliss/signs/directional",
    "usableOnConsole": false,
    "searchTags": "livoniaa, directional, signs",
    "image": "images/structures_bliss/signs/directional/signenoch_34_1.jpg",
    "id": "dzobj_a27hbwbmjc"
  },
  {
    "objectName": "signenoch_34_2.p3d",
    "inGameName": "-",
    "category": "structures_bliss",
    "modelType": "Raw P3D",
    "path": "dz/structures_bliss/signs/directional",
    "usableOnConsole": false,
    "searchTags": "livoniaa, directional, signs",
    "image": "images/structures_bliss/signs/directional/signenoch_34_2.jpg",
    "id": "dzobj_0dlv8hv7pj"
  },
  {
    "objectName": "signenoch_34_3.p3d",
    "inGameName": "-",
    "category": "structures_bliss",
    "modelType": "Raw P3D",
    "path": "dz/structures_bliss/signs/directional",
    "usableOnConsole": false,
    "searchTags": "livoniaa, directional, signs",
    "image": "images/structures_bliss/signs/directional/signenoch_34_3.jpg",
    "id": "dzobj_olsz7u4p8t"
  },
  {
    "objectName": "signenoch_35_1.p3d",
    "inGameName": "-",
    "category": "structures_bliss",
    "modelType": "Raw P3D",
    "path": "dz/structures_bliss/signs/directional",
    "usableOnConsole": false,
    "searchTags": "livoniaa, directional, signs",
    "image": "images/structures_bliss/signs/directional/signenoch_35_1.jpg",
    "id": "dzobj_jssnewm2k9"
  },
  {
    "objectName": "signenoch_35_2.p3d",
    "inGameName": "-",
    "category": "structures_bliss",
    "modelType": "Raw P3D",
    "path": "dz/structures_bliss/signs/directional",
    "usableOnConsole": false,
    "searchTags": "livoniaa, directional, signs",
    "image": "images/structures_bliss/signs/directional/signenoch_35_2.jpg",
    "id": "dzobj_5gzkkc5fv8"
  },
  {
    "objectName": "signenoch_35_3.p3d",
    "inGameName": "-",
    "category": "structures_bliss",
    "modelType": "Raw P3D",
    "path": "dz/structures_bliss/signs/directional",
    "usableOnConsole": false,
    "searchTags": "livoniaa, directional, signs",
    "image": "images/structures_bliss/signs/directional/signenoch_35_3.jpg",
    "id": "dzobj_znzfu5n628"
  },
  {
    "objectName": "signenoch_36_1.p3d",
    "inGameName": "-",
    "category": "structures_bliss",
    "modelType": "Raw P3D",
    "path": "dz/structures_bliss/signs/directional",
    "usableOnConsole": false,
    "searchTags": "livoniaa, directional, signs",
    "image": "images/structures_bliss/signs/directional/signenoch_36_1.jpg",
    "id": "dzobj_na2vb3kpx4"
  },
  {
    "objectName": "signenoch_36_2.p3d",
    "inGameName": "-",
    "category": "structures_bliss",
    "modelType": "Raw P3D",
    "path": "dz/structures_bliss/signs/directional",
    "usableOnConsole": false,
    "searchTags": "livoniaa, directional, signs",
    "image": "images/structures_bliss/signs/directional/signenoch_36_2.jpg",
    "id": "dzobj_21ps5bk390"
  },
  {
    "objectName": "signenoch_36_3.p3d",
    "inGameName": "-",
    "category": "structures_bliss",
    "modelType": "Raw P3D",
    "path": "dz/structures_bliss/signs/directional",
    "usableOnConsole": false,
    "searchTags": "livoniaa, directional, signs",
    "image": "images/structures_bliss/signs/directional/signenoch_36_3.jpg",
    "id": "dzobj_lm847sjcm6"
  }
]
