[
  {
    "objectName": "stones_leaf_bar.p3d",
    "inGameName": "-",
    "category": "water",
    "modelType": "Raw P3D",
    "path": "dz/water/streambed/misc",
    "usableOnConsole": false,
    "searchTags": "",
    "image": "images/water/streambed/misc/stones_leaf_bar.p3d.jpg",
    "id": "dzobj_g2qun7uwzr"
  },
  {
    "objectName": "stones_leaf_bar_curve.p3d",
    "inGameName": "-",
    "category": "water",
    "modelType": "Raw P3D",
    "path": "dz/water/streambed/misc",
    "usableOnConsole": false,
    "searchTags": "",
    "image": "images/water/streambed/misc/stones_leaf_bar_curve.p3d.jpg",
    "id": "dzobj_6n9kqf8vue"
  },
  {
    "objectName": "stones_leaf_group_1.p3d",
    "inGameName": "-",
    "category": "water",
    "modelType": "Raw P3D",
    "path": "dz/water/streambed/misc",
    "usableOnConsole": false,
    "searchTags": "",
    "image": "images/water/streambed/misc/stones_leaf_group_1.p3d.jpg",
    "id": "dzobj_0xzoat67c9"
  },
  {
    "objectName": "stones_leaf_group_2.p3d",
    "inGameName": "-",
    "category": "water",
    "modelType": "Raw P3D",
    "path": "dz/water/streambed/misc",
    "usableOnConsole": false,
    "searchTags": "",
    "image": "images/water/streambed/misc/stones_leaf_group_2.p3d.jpg",
    "id": "dzobj_0yrgglq7zz"
  },
  {
    "objectName": "stones_leaf_group_3.p3d",
    "inGameName": "-",
    "category": "water",
    "modelType": "Raw P3D",
    "path": "dz/water/streambed/misc",
    "usableOnConsole": false,
    "searchTags": "",
    "image": "images/water/streambed/misc/stones_leaf_group_3.p3d.jpg",
    "id": "dzobj_e4i1usawzl"
  },
  {
    "objectName": "stones_moss_bar.p3d",
    "inGameName": "-",
    "category": "water",
    "modelType": "Raw P3D",
    "path": "dz/water/streambed/misc",
    "usableOnConsole": false,
    "searchTags": "",
    "image": "images/water/streambed/misc/stones_moss_bar.p3d.jpg",
    "id": "dzobj_yvsied7rsc"
  },
  {
    "objectName": "stones_moss_bar_curve.p3d",
    "inGameName": "-",
    "category": "water",
    "modelType": "Raw P3D",
    "path": "dz/water/streambed/misc",
    "usableOnConsole": false,
    "searchTags": "",
    "image": "images/water/streambed/misc/stones_moss_bar_curve.p3d.jpg",
    "id": "dzobj_l4trfrj9j4"
  },
  {
    "objectName": "stones_moss_group_1.p3d",
    "inGameName": "-",
    "category": "water",
    "modelType": "Raw P3D",
    "path": "dz/water/streambed/misc",
    "usableOnConsole": false,
    "searchTags": "",
    "image": "images/water/streambed/misc/stones_moss_group_1.p3d.jpg",
    "id": "dzobj_262lblf49l"
  },
  {
    "objectName": "stones_moss_group_2.p3d",
    "inGameName": "-",
    "category": "water",
    "modelType": "Raw P3D",
    "path": "dz/water/streambed/misc",
    "usableOnConsole": false,
    "searchTags": "",
    "image": "images/water/streambed/misc/stones_moss_group_2.p3d.jpg",
    "id": "dzobj_lupd3irl0r"
  },
  {
    "objectName": "stones_moss_group_3.p3d",
    "inGameName": "-",
    "category": "water",
    "modelType": "Raw P3D",
    "path": "dz/water/streambed/misc",
    "usableOnConsole": false,
    "searchTags": "",
    "image": "images/water/streambed/misc/stones_moss_group_3.p3d.jpg",
    "id": "dzobj_68hxjzk4o0"
  },
  {
    "objectName": "stones_sand_bar.p3d",
    "inGameName": "-",
    "category": "water",
    "modelType": "Raw P3D",
    "path": "dz/water/streambed/misc",
    "usableOnConsole": false,
    "searchTags": "",
    "image": "images/water/streambed/misc/stones_sand_bar.p3d.jpg",
    "id": "dzobj_d6h59b5opn"
  },
  {
    "objectName": "stones_sand_bar_curve.p3d",
    "inGameName": "-",
    "category": "water",
    "modelType": "Raw P3D",
    "path": "dz/water/streambed/misc",
    "usableOnConsole": false,
    "searchTags": "",
    "image": "images/water/streambed/misc/stones_sand_bar_curve.p3d.jpg",
    "id": "dzobj_j7epg8posw"
  },
  {
    "objectName": "stones_sand_group_1.p3d",
    "inGameName": "-",
    "category": "water",
    "modelType": "Raw P3D",
    "path": "dz/water/streambed/misc",
    "usableOnConsole": false,
    "searchTags": "",
    "image": "images/water/streambed/misc/stones_sand_group_1.p3d.jpg",
    "id": "dzobj_5w47pcs0os"
  },
  {
    "objectName": "stones_sand_group_2.p3d",
    "inGameName": "-",
    "category": "water",
    "modelType": "Raw P3D",
    "path": "dz/water/streambed/misc",
    "usableOnConsole": false,
    "searchTags": "",
    "image": "images/water/streambed/misc/stones_sand_group_2.p3d.jpg",
    "id": "dzobj_oe70qfc2gp"
  },
  {
    "objectName": "stones_sand_group_3.p3d",
    "inGameName": "-",
    "category": "water",
    "modelType": "Raw P3D",
    "path": "dz/water/streambed/misc",
    "usableOnConsole": false,
    "searchTags": "",
    "image": "images/water/streambed/misc/stones_sand_group_3.p3d.jpg",
    "id": "dzobj_htz1shggq8"
  }
]
