[
  {
    "objectName": "sign_accomodation.p3d",
    "inGameName": "-",
    "category": "structures",
    "modelType": "Raw P3D",
    "path": "dz/structures/signs/traffic",
    "usableOnConsole": false,
    "searchTags": "marker, notice, signs, traffic",
    "image": "images/structures/signs/traffic/sign_accomodation.p3d.jpg"
  },
  {
    "objectName": "sign_airport.p3d",
    "inGameName": "-",
    "category": "structures",
    "modelType": "Raw P3D",
    "path": "dz/structures/signs/traffic",
    "usableOnConsole": false,
    "searchTags": "marker, notice, signs, traffic",
    "image": "images/structures/signs/traffic/sign_airport.p3d.jpg"
  },
  {
    "objectName": "sign_attention.p3d",
    "inGameName": "-",
    "category": "structures",
    "modelType": "Raw P3D",
    "path": "dz/structures/signs/traffic",
    "usableOnConsole": false,
    "searchTags": "marker, notice, signs, traffic",
    "image": "images/structures/signs/traffic/sign_attention.p3d.jpg"
  },
  {
    "objectName": "sign_badroadside.p3d",
    "inGameName": "-",
    "category": "structures",
    "modelType": "Raw P3D",
    "path": "dz/structures/signs/traffic",
    "usableOnConsole": false,
    "searchTags": "marker, notice, signs, traffic",
    "image": "images/structures/signs/traffic/sign_badroadside.p3d.jpg"
  },
  {
    "objectName": "sign_blindway.p3d",
    "inGameName": "-",
    "category": "structures",
    "modelType": "Raw P3D",
    "path": "dz/structures/signs/traffic",
    "usableOnConsole": false,
    "searchTags": "marker, notice, signs, traffic",
    "image": "images/structures/signs/traffic/sign_blindway.p3d.jpg"
  },
  {
    "objectName": "sign_blindway_left.p3d",
    "inGameName": "-",
    "category": "structures",
    "modelType": "Raw P3D",
    "path": "dz/structures/signs/traffic",
    "usableOnConsole": false,
    "searchTags": "marker, notice, signs, traffic",
    "image": "images/structures/signs/traffic/sign_blindway_left.p3d.jpg"
  },
  {
    "objectName": "sign_blindway_left_new.p3d",
    "inGameName": "-",
    "category": "structures",
    "modelType": "Raw P3D",
    "path": "dz/structures/signs/traffic",
    "usableOnConsole": false,
    "searchTags": "marker, notice, signs, traffic",
    "image": "images/structures/signs/traffic/sign_blindway_left_new.p3d.jpg"
  },
  {
    "objectName": "sign_blindway_right.p3d",
    "inGameName": "-",
    "category": "structures",
    "modelType": "Raw P3D",
    "path": "dz/structures/signs/traffic",
    "usableOnConsole": false,
    "searchTags": "marker, notice, signs, traffic",
    "image": "images/structures/signs/traffic/sign_blindway_right.p3d.jpg"
  },
  {
    "objectName": "sign_bus.p3d",
    "inGameName": "-",
    "category": "structures",
    "modelType": "Raw P3D",
    "path": "dz/structures/signs/traffic",
    "usableOnConsole": false,
    "searchTags": "marker, notice, signs, traffic, transport, vehicle",
    "image": "images/structures/signs/traffic/sign_bus.p3d.jpg"
  },
  {
    "objectName": "sign_cow.p3d",
    "inGameName": "-",
    "category": "structures",
    "modelType": "Raw P3D",
    "path": "dz/structures/signs/traffic",
    "usableOnConsole": false,
    "searchTags": "marker, notice, signs, traffic",
    "image": "images/structures/signs/traffic/sign_cow.p3d.jpg"
  },
  {
    "objectName": "sign_cow_new.p3d",
    "inGameName": "-",
    "category": "structures",
    "modelType": "Raw P3D",
    "path": "dz/structures/signs/traffic",
    "usableOnConsole": false,
    "searchTags": "marker, notice, signs, traffic",
    "image": "images/structures/signs/traffic/sign_cow_new.p3d.jpg"
  },
  {
    "objectName": "sign_crossroadmain.p3d",
    "inGameName": "-",
    "category": "structures",
    "modelType": "Raw P3D",
    "path": "dz/structures/signs/traffic",
    "usableOnConsole": false,
    "searchTags": "marker, notice, signs, traffic",
    "image": "images/structures/signs/traffic/sign_crossroadmain.p3d.jpg"
  },
  {
    "objectName": "sign_danger.p3d",
    "inGameName": "-",
    "category": "structures",
    "modelType": "Raw P3D",
    "path": "dz/structures/signs/traffic",
    "usableOnConsole": false,
    "searchTags": "marker, notice, signs, traffic",
    "image": "images/structures/signs/traffic/sign_danger.p3d.jpg"
  },
  {
    "objectName": "sign_deer.p3d",
    "inGameName": "-",
    "category": "structures",
    "modelType": "Raw P3D",
    "path": "dz/structures/signs/traffic",
    "usableOnConsole": false,
    "searchTags": "marker, notice, signs, traffic",
    "image": "images/structures/signs/traffic/sign_deer.p3d.jpg"
  },
  {
    "objectName": "sign_downhill.p3d",
    "inGameName": "-",
    "category": "structures",
    "modelType": "Raw P3D",
    "path": "dz/structures/signs/traffic",
    "usableOnConsole": false,
    "searchTags": "marker, notice, signs, traffic",
    "image": "images/structures/signs/traffic/sign_downhill.p3d.jpg"
  },
  {
    "objectName": "sign_flyawaygrit.p3d",
    "inGameName": "-",
    "category": "structures",
    "modelType": "Raw P3D",
    "path": "dz/structures/signs/traffic",
    "usableOnConsole": false,
    "searchTags": "marker, notice, signs, traffic",
    "image": "images/structures/signs/traffic/sign_flyawaygrit.p3d.jpg"
  },
  {
    "objectName": "sign_food.p3d",
    "inGameName": "-",
    "category": "structures",
    "modelType": "Raw P3D",
    "path": "dz/structures/signs/traffic",
    "usableOnConsole": false,
    "searchTags": "marker, notice, signs, traffic",
    "image": "images/structures/signs/traffic/sign_food.p3d.jpg"
  },
  {
    "objectName": "sign_heightlimit.p3d",
    "inGameName": "-",
    "category": "structures",
    "modelType": "Raw P3D",
    "path": "dz/structures/signs/traffic",
    "usableOnConsole": false,
    "searchTags": "marker, notice, signs, traffic",
    "image": "images/structures/signs/traffic/sign_heightlimit.p3d.jpg"
  },
  {
    "objectName": "sign_left.p3d",
    "inGameName": "-",
    "category": "structures",
    "modelType": "Raw P3D",
    "path": "dz/structures/signs/traffic",
    "usableOnConsole": false,
    "searchTags": "marker, notice, signs, traffic",
    "image": "images/structures/signs/traffic/sign_left.p3d.jpg"
  },
  {
    "objectName": "sign_leftdirection.p3d",
    "inGameName": "-",
    "category": "structures",
    "modelType": "Raw P3D",
    "path": "dz/structures/signs/traffic",
    "usableOnConsole": false,
    "searchTags": "marker, notice, signs, traffic",
    "image": "images/structures/signs/traffic/sign_leftdirection.p3d.jpg"
  },
  {
    "objectName": "sign_left_new.p3d",
    "inGameName": "-",
    "category": "structures",
    "modelType": "Raw P3D",
    "path": "dz/structures/signs/traffic",
    "usableOnConsole": false,
    "searchTags": "marker, notice, signs, traffic",
    "image": "images/structures/signs/traffic/sign_left_new.p3d.jpg"
  },
  {
    "objectName": "sign_main.p3d",
    "inGameName": "-",
    "category": "structures",
    "modelType": "Raw P3D",
    "path": "dz/structures/signs/traffic",
    "usableOnConsole": false,
    "searchTags": "marker, notice, signs, traffic",
    "image": "images/structures/signs/traffic/sign_main.p3d.jpg"
  },
  {
    "objectName": "sign_main_end.p3d",
    "inGameName": "-",
    "category": "structures",
    "modelType": "Raw P3D",
    "path": "dz/structures/signs/traffic",
    "usableOnConsole": false,
    "searchTags": "marker, notice, signs, traffic",
    "image": "images/structures/signs/traffic/sign_main_end.p3d.jpg"
  },
  {
    "objectName": "sign_main_new.p3d",
    "inGameName": "-",
    "category": "structures",
    "modelType": "Raw P3D",
    "path": "dz/structures/signs/traffic",
    "usableOnConsole": false,
    "searchTags": "marker, notice, signs, traffic",
    "image": "images/structures/signs/traffic/sign_main_new.p3d.jpg"
  },
  {
    "objectName": "sign_nodriving.p3d",
    "inGameName": "-",
    "category": "structures",
    "modelType": "Raw P3D",
    "path": "dz/structures/signs/traffic",
    "usableOnConsole": false,
    "searchTags": "marker, notice, signs, traffic",
    "image": "images/structures/signs/traffic/sign_nodriving.p3d.jpg"
  },
  {
    "objectName": "sign_nodrivingwronway.p3d",
    "inGameName": "-",
    "category": "structures",
    "modelType": "Raw P3D",
    "path": "dz/structures/signs/traffic",
    "usableOnConsole": false,
    "searchTags": "marker, notice, signs, traffic",
    "image": "images/structures/signs/traffic/sign_nodrivingwronway.p3d.jpg"
  },
  {
    "objectName": "sign_nodriving_new.p3d",
    "inGameName": "-",
    "category": "structures",
    "modelType": "Raw P3D",
    "path": "dz/structures/signs/traffic",
    "usableOnConsole": false,
    "searchTags": "marker, notice, signs, traffic",
    "image": "images/structures/signs/traffic/sign_nodriving_new.p3d.jpg"
  },
  {
    "objectName": "sign_oneway.p3d",
    "inGameName": "-",
    "category": "structures",
    "modelType": "Raw P3D",
    "path": "dz/structures/signs/traffic",
    "usableOnConsole": false,
    "searchTags": "marker, notice, signs, traffic",
    "image": "images/structures/signs/traffic/sign_oneway.p3d.jpg"
  },
  {
    "objectName": "sign_parking.p3d",
    "inGameName": "-",
    "category": "structures",
    "modelType": "Raw P3D",
    "path": "dz/structures/signs/traffic",
    "usableOnConsole": false,
    "searchTags": "marker, notice, signs, traffic",
    "image": "images/structures/signs/traffic/sign_parking.p3d.jpg"
  },
  {
    "objectName": "sign_pedcrossing.p3d",
    "inGameName": "-",
    "category": "structures",
    "modelType": "Raw P3D",
    "path": "dz/structures/signs/traffic",
    "usableOnConsole": false,
    "searchTags": "marker, notice, signs, traffic",
    "image": "images/structures/signs/traffic/sign_pedcrossing.p3d.jpg"
  },
  {
    "objectName": "sign_priority.p3d",
    "inGameName": "-",
    "category": "structures",
    "modelType": "Raw P3D",
    "path": "dz/structures/signs/traffic",
    "usableOnConsole": false,
    "searchTags": "marker, notice, signs, traffic",
    "image": "images/structures/signs/traffic/sign_priority.p3d.jpg"
  },
  {
    "objectName": "sign_priority_new.p3d",
    "inGameName": "-",
    "category": "structures",
    "modelType": "Raw P3D",
    "path": "dz/structures/signs/traffic",
    "usableOnConsole": false,
    "searchTags": "marker, notice, signs, traffic",
    "image": "images/structures/signs/traffic/sign_priority_new.p3d.jpg"
  },
  {
    "objectName": "sign_railcross_160m.p3d",
    "inGameName": "-",
    "category": "structures",
    "modelType": "Raw P3D",
    "path": "dz/structures/signs/traffic",
    "usableOnConsole": false,
    "searchTags": "marker, notice, signs, traffic",
    "image": "images/structures/signs/traffic/sign_railcross_160m.p3d.jpg"
  },
  {
    "objectName": "sign_railcross_240m.p3d",
    "inGameName": "-",
    "category": "structures",
    "modelType": "Raw P3D",
    "path": "dz/structures/signs/traffic",
    "usableOnConsole": false,
    "searchTags": "marker, notice, signs, traffic",
    "image": "images/structures/signs/traffic/sign_railcross_240m.p3d.jpg"
  },
  {
    "objectName": "sign_railcross_80m.p3d",
    "inGameName": "-",
    "category": "structures",
    "modelType": "Raw P3D",
    "path": "dz/structures/signs/traffic",
    "usableOnConsole": false,
    "searchTags": "marker, notice, signs, traffic",
    "image": "images/structures/signs/traffic/sign_railcross_80m.p3d.jpg"
  },
  {
    "objectName": "sign_right.p3d",
    "inGameName": "-",
    "category": "structures",
    "modelType": "Raw P3D",
    "path": "dz/structures/signs/traffic",
    "usableOnConsole": false,
    "searchTags": "marker, notice, signs, traffic",
    "image": "images/structures/signs/traffic/sign_right.p3d.jpg"
  },
  {
    "objectName": "sign_rightdirection.p3d",
    "inGameName": "-",
    "category": "structures",
    "modelType": "Raw P3D",
    "path": "dz/structures/signs/traffic",
    "usableOnConsole": false,
    "searchTags": "marker, notice, signs, traffic",
    "image": "images/structures/signs/traffic/sign_rightdirection.p3d.jpg"
  },
  {
    "objectName": "sign_serpentine_left.p3d",
    "inGameName": "-",
    "category": "structures",
    "modelType": "Raw P3D",
    "path": "dz/structures/signs/traffic",
    "usableOnConsole": false,
    "searchTags": "marker, notice, signs, traffic",
    "image": "images/structures/signs/traffic/sign_serpentine_left.p3d.jpg"
  },
  {
    "objectName": "sign_serpentine_right.p3d",
    "inGameName": "-",
    "category": "structures",
    "modelType": "Raw P3D",
    "path": "dz/structures/signs/traffic",
    "usableOnConsole": false,
    "searchTags": "marker, notice, signs, traffic",
    "image": "images/structures/signs/traffic/sign_serpentine_right.p3d.jpg"
  },
  {
    "objectName": "sign_service.p3d",
    "inGameName": "-",
    "category": "structures",
    "modelType": "Raw P3D",
    "path": "dz/structures/signs/traffic",
    "usableOnConsole": false,
    "searchTags": "marker, notice, signs, traffic",
    "image": "images/structures/signs/traffic/sign_service.p3d.jpg"
  },
  {
    "objectName": "sign_snowchains.p3d",
    "inGameName": "-",
    "category": "structures",
    "modelType": "Raw P3D",
    "path": "dz/structures/signs/traffic",
    "usableOnConsole": false,
    "searchTags": "marker, notice, signs, traffic",
    "image": "images/structures/signs/traffic/sign_snowchains.p3d.jpg"
  },
  {
    "objectName": "sign_snowchains_end.p3d",
    "inGameName": "-",
    "category": "structures",
    "modelType": "Raw P3D",
    "path": "dz/structures/signs/traffic",
    "usableOnConsole": false,
    "searchTags": "marker, notice, signs, traffic",
    "image": "images/structures/signs/traffic/sign_snowchains_end.p3d.jpg"
  },
  {
    "objectName": "sign_snow_new.p3d",
    "inGameName": "-",
    "category": "structures",
    "modelType": "Raw P3D",
    "path": "dz/structures/signs/traffic",
    "usableOnConsole": false,
    "searchTags": "marker, notice, signs, traffic",
    "image": "images/structures/signs/traffic/sign_snow_new.p3d.jpg"
  },
  {
    "objectName": "sign_speed20.p3d",
    "inGameName": "-",
    "category": "structures",
    "modelType": "Raw P3D",
    "path": "dz/structures/signs/traffic",
    "usableOnConsole": false,
    "searchTags": "marker, notice, signs, traffic",
    "image": "images/structures/signs/traffic/sign_speed20.p3d.jpg"
  },
  {
    "objectName": "sign_speed50.p3d",
    "inGameName": "-",
    "category": "structures",
    "modelType": "Raw P3D",
    "path": "dz/structures/signs/traffic",
    "usableOnConsole": false,
    "searchTags": "marker, notice, signs, traffic",
    "image": "images/structures/signs/traffic/sign_speed50.p3d.jpg"
  },
  {
    "objectName": "sign_stop.p3d",
    "inGameName": "-",
    "category": "structures",
    "modelType": "Raw P3D",
    "path": "dz/structures/signs/traffic",
    "usableOnConsole": false,
    "searchTags": "marker, notice, signs, traffic",
    "image": "images/structures/signs/traffic/sign_stop.p3d.jpg"
  },
  {
    "objectName": "sign_stopprohibited.p3d",
    "inGameName": "-",
    "category": "structures",
    "modelType": "Raw P3D",
    "path": "dz/structures/signs/traffic",
    "usableOnConsole": false,
    "searchTags": "marker, notice, signs, traffic",
    "image": "images/structures/signs/traffic/sign_stopprohibited.p3d.jpg"
  },
  {
    "objectName": "sign_stop_new.p3d",
    "inGameName": "-",
    "category": "structures",
    "modelType": "Raw P3D",
    "path": "dz/structures/signs/traffic",
    "usableOnConsole": false,
    "searchTags": "marker, notice, signs, traffic",
    "image": "images/structures/signs/traffic/sign_stop_new.p3d.jpg"
  },
  {
    "objectName": "sign_tractorprohibited.p3d",
    "inGameName": "-",
    "category": "structures",
    "modelType": "Raw P3D",
    "path": "dz/structures/signs/traffic",
    "usableOnConsole": false,
    "searchTags": "marker, notice, signs, traffic",
    "image": "images/structures/signs/traffic/sign_tractorprohibited.p3d.jpg"
  },
  {
    "objectName": "sign_train.p3d",
    "inGameName": "-",
    "category": "structures",
    "modelType": "Raw P3D",
    "path": "dz/structures/signs/traffic",
    "usableOnConsole": false,
    "searchTags": "marker, notice, signs, traffic",
    "image": "images/structures/signs/traffic/sign_train.p3d.jpg"
  },
  {
    "objectName": "sign_train2.p3d",
    "inGameName": "-",
    "category": "structures",
    "modelType": "Raw P3D",
    "path": "dz/structures/signs/traffic",
    "usableOnConsole": false,
    "searchTags": "marker, notice, signs, traffic",
    "image": "images/structures/signs/traffic/sign_train2.p3d.jpg"
  },
  {
    "objectName": "sign_uphill.p3d",
    "inGameName": "-",
    "category": "structures",
    "modelType": "Raw P3D",
    "path": "dz/structures/signs/traffic",
    "usableOnConsole": false,
    "searchTags": "marker, notice, signs, traffic",
    "image": "images/structures/signs/traffic/sign_uphill.p3d.jpg"
  },
  {
    "objectName": "sign_wiatingprohibited.p3d",
    "inGameName": "-",
    "category": "structures",
    "modelType": "Raw P3D",
    "path": "dz/structures/signs/traffic",
    "usableOnConsole": false,
    "searchTags": "marker, notice, signs, traffic",
    "image": "images/structures/signs/traffic/sign_wiatingprohibited.p3d.jpg"
  }
]
