[
  {
    "objectName": "b_betulanana_1s_summer.p3d",
    "inGameName": "-",
    "category": "plants_bliss",
    "modelType": "Raw P3D",
    "path": "dz/plants_bliss/bush",
    "usableOnConsole": true,
    "searchTags": "dwarf_birch, small, green, livoniaa",
    "image": "images/plants_bliss/bush/dzplants_blissbushb_betulanana_1s_summer.p3d.jpeg"
  },
  {
    "objectName": "b_caraganaarborescens_2s_summer.p3d",
    "inGameName": "-",
    "category": "plants_bliss",
    "modelType": "Raw P3D",
    "path": "dz/plants_bliss/bush",
    "usableOnConsole": true,
    "searchTags": "siberian_peashrub, medium, green, livoniaa",
    "image": "images/plants_bliss/bush/dzplants_blissbushb_caraganaarborescens_2s_summer.p3d.jpeg"
  },
  {
    "objectName": "b_corylusheterophylla_1s_summer.p3d",
    "inGameName": "-",
    "category": "plants_bliss",
    "modelType": "Raw P3D",
    "path": "dz/plants_bliss/bush",
    "usableOnConsole": true,
    "searchTags": "hazel, small, green, livoniaa",
    "image": "images/plants_bliss/bush/dzplants_blissbushb_corylusheterophylla_1s_summer.p3d.jpeg"
  },
  {
    "objectName": "b_corylusheterophylla_2s_summer.p3d",
    "inGameName": "-",
    "category": "plants_bliss",
    "modelType": "Raw P3D",
    "path": "dz/plants_bliss/bush",
    "usableOnConsole": true,
    "searchTags": "hazel, medium, green, livoniaa",
    "image": "images/plants_bliss/bush/dzplants_blissbushb_corylusheterophylla_2s_summer.p3d.jpeg"
  },
  {
    "objectName": "b_fagussylvatica_1f_summer.p3d",
    "inGameName": "-",
    "category": "plants_bliss",
    "modelType": "Raw P3D",
    "path": "dz/plants_bliss/bush",
    "usableOnConsole": true,
    "searchTags": "beech, small, green, livoniaa",
    "image": "images/plants_bliss/bush/dzplants_blissbushb_fagussylvatica_1f_summer.p3d.jpeg"
  },
  {
    "objectName": "b_phragmitesaustralis_summer.p3d",
    "inGameName": "-",
    "category": "plants_bliss",
    "modelType": "Raw P3D",
    "path": "dz/plants_bliss/bush",
    "usableOnConsole": true,
    "searchTags": "reed, medium, green, livoniaa",
    "image": "images/plants_bliss/bush/dzplants_blissbushb_phragmitesaustralis_summer.p3d.jpeg"
  },
  {
    "objectName": "b_prunusspinosa_1s_summer.p3d",
    "inGameName": "-",
    "category": "plants_bliss",
    "modelType": "Raw P3D",
    "path": "dz/plants_bliss/bush",
    "usableOnConsole": true,
    "searchTags": "blackthorn, sloe, small, green, livoniaa",
    "image": "images/plants_bliss/bush/dzplants_blissbushb_prunusspinosa_1s_summer.p3d.jpeg"
  },
  {
    "objectName": "b_prunusspinosa_2s_summer.p3d",
    "inGameName": "-",
    "category": "plants_bliss",
    "modelType": "Raw P3D",
    "path": "dz/plants_bliss/bush",
    "usableOnConsole": true,
    "searchTags": "blackthorn, sloe, medium, green, livoniaa",
    "image": "images/plants_bliss/bush/dzplants_blissbushb_prunusspinosa_2s_summer.p3d.jpeg"
  },
  {
    "objectName": "b_rosacanina_1s_summer.p3d",
    "inGameName": "-",
    "category": "plants_bliss",
    "modelType": "Raw P3D",
    "path": "dz/plants_bliss/bush",
    "usableOnConsole": true,
    "searchTags": "dog_rose, small, green, livoniaa",
    "image": "images/plants_bliss/bush/dzplants_blissbushb_rosacanina_1s_summer.p3d.jpeg"
  },
  {
    "objectName": "b_rosacanina_2s_summer.p3d",
    "inGameName": "-",
    "category": "plants_bliss",
    "modelType": "Raw P3D",
    "path": "dz/plants_bliss/bush",
    "usableOnConsole": true,
    "searchTags": "dog_rose, small, green, livoniaa",
    "image": "images/plants_bliss/bush/dzplants_blissbushb_rosacanina_2s_summer.p3d.jpeg"
  },
  {
    "objectName": "b_sambucusnigra_1s_summer.p3d",
    "inGameName": "-",
    "category": "plants_bliss",
    "modelType": "Raw P3D",
    "path": "dz/plants_bliss/bush",
    "usableOnConsole": true,
    "searchTags": "elderberry, small, green, livoniaa",
    "image": "images/plants_bliss/bush/dzplants_blissbushb_sambucusnigra_1s_summer.p3d.jpeg"
  },
  {
    "objectName": "b_sambucusnigra_2s_summer.p3d",
    "inGameName": "-",
    "category": "plants_bliss",
    "modelType": "Raw P3D",
    "path": "dz/plants_bliss/bush",
    "usableOnConsole": true,
    "searchTags": "elderberry, medium, green, livoniaa",
    "image": "images/plants_bliss/bush/dzplants_blissbushb_sambucusnigra_2s_summer.p3d.jpeg"
  }
]