[
  {
    "objectName": "camp_house_brown.p3d",
    "category": "structures",
    "modelType": "Raw P3D",
    "path": "dz/structures/specific/camps",
    "usableOnConsole": false,
    "searchTags": "camping, camps, outdoor, specific",
    "image": "images/structures/specific/camps/camp_house_brown.p3d.jpg",
    "id": "dzobj_wt5x6a9vch"
  },
  {
    "objectName": "camp_house_red.p3d",
    "category": "structures",
    "modelType": "Raw P3D",
    "path": "dz/structures/specific/camps",
    "usableOnConsole": false,
    "searchTags": "camping, camps, outdoor, specific",
    "image": "images/structures/specific/camps/camp_house_red.p3d.jpg",
    "id": "dzobj_0i6tqyz9c1"
  },
  {
    "objectName": "camp_house_white.p3d",
    "category": "structures",
    "modelType": "Raw P3D",
    "path": "dz/structures/specific/camps",
    "usableOnConsole": false,
    "searchTags": "camping, camps, outdoor, specific",
    "image": "images/structures/specific/camps/camp_house_white.p3d.jpg",
    "id": "dzobj_otz3rer2ed"
  },
  {
    "objectName": "Land_Camp_House_brown",
    "category": "structures",
    "modelType": "Config",
    "path": "dz/structures/specific/camps",
    "usableOnConsole": true,
    "searchTags": "camp, cabin, house, small, wooden, brown, summer, holiday, campsite, lodge, summer_camp",
    "image": "images/structures/specific/camps/land_camp_house_brown.jpg",
    "id": "dzobj_vq0y40b83l"
  },
  {
    "objectName": "Land_Camp_House_red",
    "category": "structures",
    "modelType": "Config",
    "path": "dz/structures/specific/camps",
    "usableOnConsole": true,
    "searchTags": "camp, cabin, house, small, wooden, red, summer, holiday, campsite, lodge, summer_camp",
    "image": "images/structures/specific/camps/land_camp_house_red.jpg",
    "id": "dzobj_7we51dd2e2"
  },
  {
    "objectName": "Land_Camp_House_white",
    "category": "structures",
    "modelType": "Config",
    "path": "dz/structures/specific/camps",
    "usableOnConsole": true,
    "searchTags": "camp, cabin, house, small, wooden, white, summer, holiday, campsite, lodge, summer_camp",
    "image": "images/structures/specific/camps/land_camp_house_white.jpg",
    "id": "dzobj_4z97c1t09n"
  }
]
