[
  {
    "objectName": "UniversalLight",
    "inGameName": "Universal Flashlight",
    "category": "weapons",
    "modelType": "Config",
    "path": "dz/weapons/attachments/light",
    "usableOnConsole": true,
    "searchTags": "light, tactical_helmet, mich2001helmet",
    "image": "images/weapons/attachments/light/universallight.jpg",
    "id": "dzobj_zbdc8wdh2p"
  },
  {
    "objectName": "TLRLight",
    "inGameName": "Pistol Flashlight",
    "category": "weapons",
    "modelType": "Config",
    "path": "dz/weapons/attachments/light",
    "usableOnConsole": true,
    "searchTags": "light, pistol",
    "image": "images/weapons/attachments/light/tlrlight.jpg",
    "id": "dzobj_j1phm22j58"
  },
  {
    "objectName": "ProxyWeaponlight_universal",
    "inGameName": "-",
    "category": "weapons",
    "modelType": "Config",
    "path": "dz/weapons/attachments/light",
    "usableOnConsole": true,
    "searchTags": "attachments, lamp, light, lighting, weapon, weapons",
    "image": "images/weapons/attachments/light/proxyweaponlight_universal.jpg",
    "id": "dzobj_d5iqamplqz"
  },
  {
    "objectName": "ProxyWeaponlight_TLR",
    "inGameName": "-",
    "category": "weapons",
    "modelType": "Config",
    "path": "dz/weapons/attachments/light",
    "usableOnConsole": true,
    "searchTags": "attachments, lamp, light, lighting, weapon, weapons",
    "image": "images/weapons/attachments/light/proxyweaponlight_tlr.jpg",
    "id": "dzobj_6rvb1dj45j"
  },
  {
    "objectName": "weaponlight_peq2.p3d",
    "inGameName": "-",
    "category": "weapons",
    "modelType": "Raw P3D",
    "path": "dz/weapons/attachments/light",
    "usableOnConsole": false,
    "searchTags": "attachments, lamp, light, lighting, weapon, weapons",
    "image": "images/weapons/attachments/light/weaponlight_peq2.p3d.jpg",
    "id": "dzobj_r9yrcut0on"
  },
  {
    "objectName": "weaponlight_tlr.p3d",
    "inGameName": "-",
    "category": "weapons",
    "modelType": "Raw P3D",
    "path": "dz/weapons/attachments/light",
    "usableOnConsole": false,
    "searchTags": "attachments, lamp, light, lighting, weapon, weapons",
    "image": "images/weapons/attachments/light/weaponlight_tlr.p3d.jpg",
    "id": "dzobj_fmnoa8he1d"
  },
  {
    "objectName": "weaponlight_tlr_mich2001_slothelper.p3d",
    "inGameName": "-",
    "category": "weapons",
    "modelType": "Raw P3D",
    "path": "dz/weapons/attachments/light",
    "usableOnConsole": false,
    "searchTags": "attachments, lamp, light, lighting, weapon, weapons",
    "image": "images/weapons/attachments/light/weaponlight_tlr_mich2001_slothelper.p3d.jpg",
    "id": "dzobj_g07ba6w49s"
  },
  {
    "objectName": "weaponlight_universal.p3d",
    "inGameName": "-",
    "category": "weapons",
    "modelType": "Raw P3D",
    "path": "dz/weapons/attachments/light",
    "usableOnConsole": false,
    "searchTags": "attachments, lamp, light, lighting, weapon, weapons",
    "image": "images/weapons/attachments/light/weaponlight_universal.p3d.jpg",
    "id": "dzobj_0xbexa0bxs"
  }
]
