[
  {
    "objectName": "b_piceaabies_1fb_dark.p3d",
    "inGameName": "-",
    "category": "plants_sakhal",
    "modelType": "Raw P3D",
    "path": "dz/plants_sakhal/dark",
    "usableOnConsole": true,
    "searchTags": "spruce, small, green, sakhal",
    "image": "images/plants_sakhal/dark/dzplants_sakhaldarkb_piceaabies_1fb_dark.p3d.jpeg"
  },
  {
    "objectName": "b_piceaabies_1f_dark.p3d",
    "inGameName": "-",
    "category": "plants_sakhal",
    "modelType": "Raw P3D",
    "path": "dz/plants_sakhal/dark",
    "usableOnConsole": true,
    "searchTags": "spruce, small, green, sakhal",
    "image": "images/plants_sakhal/dark/dzplants_sakhaldarkb_piceaabies_1f_dark.p3d.jpeg"
  },
  {
    "objectName": "d_piceaabies_fallenb_dark.p3d",
    "inGameName": "-",
    "category": "plants_sakhal",
    "modelType": "Raw P3D",
    "path": "dz/plants_sakhal/dark",
    "usableOnConsole": true,
    "searchTags": "spruce, dead, sakhal",
    "image": "images/plants_sakhal/dark/dzplants_sakhaldarkd_piceaabies_fallenb_dark.p3d.jpeg"
  },
  {
    "objectName": "d_piceaabies_fallenc_dark.p3d",
    "inGameName": "-",
    "category": "plants_sakhal",
    "modelType": "Raw P3D",
    "path": "dz/plants_sakhal/dark",
    "usableOnConsole": true,
    "searchTags": "spruce, dead, sakhal",
    "image": "images/plants_sakhal/dark/dzplants_sakhaldarkd_piceaabies_fallenc_dark.p3d.jpeg"
  },
  {
    "objectName": "d_piceaabies_fallend_dark.p3d",
    "inGameName": "-",
    "category": "plants_sakhal",
    "modelType": "Raw P3D",
    "path": "dz/plants_sakhal/dark",
    "usableOnConsole": true,
    "searchTags": "plants, sakhal",
    "image": "images/plants_sakhal/dark/d_piceaabies_fallend_dark.p3d.jpg"
  },
  {
    "objectName": "d_piceaabies_fallene_dark.p3d",
    "inGameName": "-",
    "category": "plants_sakhal",
    "modelType": "Raw P3D",
    "path": "dz/plants_sakhal/dark",
    "usableOnConsole": true,
    "searchTags": "spruce, dead, sakhal",
    "image": "images/plants_sakhal/dark/dzplants_sakhaldarkd_piceaabies_fallend_dark.p3d.jpeg"
  },
  {
    "objectName": "d_piceaabies_fallen_dark.p3d",
    "inGameName": "-",
    "category": "plants_sakhal",
    "modelType": "Raw P3D",
    "path": "dz/plants_sakhal/dark",
    "usableOnConsole": true,
    "searchTags": "spruce, dead, sakhal",
    "image": "images/plants_sakhal/dark/dzplants_sakhaldarkd_piceaabies_fallen_dark.p3d.jpeg"
  },
  {
    "objectName": "d_piceaabies_stumpb_dark.p3d",
    "inGameName": "-",
    "category": "plants_sakhal",
    "modelType": "Raw P3D",
    "path": "dz/plants_sakhal/dark",
    "usableOnConsole": true,
    "searchTags": "spruce, dead, sakhal",
    "image": "images/plants_sakhal/dark/dzplants_sakhaldarkd_piceaabies_stump_dark.p3d.jpeg"
  },
  {
    "objectName": "d_piceaabies_stumpc_dark.p3d",
    "inGameName": "-",
    "category": "plants_sakhal",
    "modelType": "Raw P3D",
    "path": "dz/plants_sakhal/dark",
    "usableOnConsole": true,
    "searchTags": "spruce, dead, sakhal",
    "image": "images/plants_sakhal/dark/dzplants_sakhaldarkd_piceaabies_stumpc_dark.p3d.jpeg"
  },
  {
    "objectName": "d_piceaabies_stump_dark.p3d",
    "inGameName": "-",
    "category": "plants_sakhal",
    "modelType": "Raw P3D",
    "path": "dz/plants_sakhal/dark",
    "usableOnConsole": true,
    "searchTags": "spruce, dead, sakhal",
    "image": "images/plants_sakhal/dark/dzplants_sakhaldarkd_piceaabies_stump_dark.p3d.jpeg"
  },
  {
    "objectName": "t_piceaabies_1f_dark.p3d",
    "inGameName": "-",
    "category": "plants_sakhal",
    "modelType": "Raw P3D",
    "path": "dz/plants_sakhal/dark",
    "usableOnConsole": true,
    "searchTags": "spruce, tall, green, sakhal",
    "image": "images/plants_sakhal/dark/dzplants_sakhaldarkt_piceaabies_1f_dark.p3d.jpeg"
  },
  {
    "objectName": "t_piceaabies_1sb_dark.p3d",
    "inGameName": "-",
    "category": "plants_sakhal",
    "modelType": "Raw P3D",
    "path": "dz/plants_sakhal/dark",
    "usableOnConsole": true,
    "searchTags": "spruce, small, green, sakhal",
    "image": "images/plants_sakhal/dark/dzplants_sakhaldarkt_piceaabies_1sb_dark.p3d.jpeg"
  },
  {
    "objectName": "t_piceaabies_1s_dark.p3d",
    "inGameName": "-",
    "category": "plants_sakhal",
    "modelType": "Raw P3D",
    "path": "dz/plants_sakhal/dark",
    "usableOnConsole": true,
    "searchTags": "spruce, small, green, sakhal",
    "image": "images/plants_sakhal/dark/dzplants_sakhaldarkt_piceaabies_1s_dark.p3d.jpeg"
  },
  {
    "objectName": "t_piceaabies_2d_dark.p3d",
    "inGameName": "-",
    "category": "plants_sakhal",
    "modelType": "Raw P3D",
    "path": "dz/plants_sakhal/dark",
    "usableOnConsole": true,
    "searchTags": "spruce, tall, dead, sakhal",
    "image": "images/plants_sakhal/dark/dzplants_sakhaldarkt_piceaabies_2d_dark.p3d.jpeg"
  },
  {
    "objectName": "t_piceaabies_2fb_dark.p3d",
    "inGameName": "-",
    "category": "plants_sakhal",
    "modelType": "Raw P3D",
    "path": "dz/plants_sakhal/dark",
    "usableOnConsole": true,
    "searchTags": "spruce, tall, green, sakhal",
    "image": "images/plants_sakhal/dark/dzplants_sakhaldarkt_piceaabies_2fb_dark.p3d.jpeg"
  },
  {
    "objectName": "t_piceaabies_2f_dark.p3d",
    "inGameName": "-",
    "category": "plants_sakhal",
    "modelType": "Raw P3D",
    "path": "dz/plants_sakhal/dark",
    "usableOnConsole": true,
    "searchTags": "spruce, tall, green, sakhal",
    "image": "images/plants_sakhal/dark/dzplants_sakhaldarkt_piceaabies_2f_dark.p3d.jpeg"
  },
  {
    "objectName": "t_piceaabies_2sb_dark.p3d",
    "inGameName": "-",
    "category": "plants_sakhal",
    "modelType": "Raw P3D",
    "path": "dz/plants_sakhal/dark",
    "usableOnConsole": true,
    "searchTags": "spruce, tall, green, sakhal",
    "image": "images/plants_sakhal/dark/dzplants_sakhaldarkt_piceaabies_2sb_dark.p3d.jpeg"
  },
  {
    "objectName": "t_piceaabies_2s_dark.p3d",
    "inGameName": "-",
    "category": "plants_sakhal",
    "modelType": "Raw P3D",
    "path": "dz/plants_sakhal/dark",
    "usableOnConsole": true,
    "searchTags": "spruce, tall, green, sakhal",
    "image": "images/plants_sakhal/dark/dzplants_sakhaldarkt_piceaabies_2s_dark.p3d.jpeg"
  },
  {
    "objectName": "t_piceaabies_3d_dark.p3d",
    "inGameName": "-",
    "category": "plants_sakhal",
    "modelType": "Raw P3D",
    "path": "dz/plants_sakhal/dark",
    "usableOnConsole": true,
    "searchTags": "spruce, tall, dead, sakhal",
    "image": "images/plants_sakhal/dark/dzplants_sakhaldarkt_piceaabies_3d_dark.p3d.jpeg"
  }
]
