[
  {
    "objectName": "StaticObj_Furniture_radar_electronics",
    "inGameName": "-",
    "category": "structures",
    "modelType": "Config",
    "path": "dz/structures/furniture/radar_equipment",
    "usableOnConsole": true,
    "searchTags": "equipment",
    "image": "images/structures/furniture/radar_equipment/staticobj_furniture_radar_electronics.jpg",
    "id": "dzobj_wlx451hz4l"
  },
  {
    "objectName": "StaticObj_Furniture_radar_panel",
    "inGameName": "-",
    "category": "structures",
    "modelType": "Config",
    "path": "dz/structures/furniture/radar_equipment",
    "usableOnConsole": true,
    "searchTags": "equipment",
    "image": "images/structures/furniture/radar_equipment/staticobj_furniture_radar_panel.jpg",
    "id": "dzobj_e20sx1pd1f"
  },
  {
    "objectName": "StaticObj_Furniture_radar_panel_flat",
    "inGameName": "-",
    "category": "structures",
    "modelType": "Config",
    "path": "dz/structures/furniture/radar_equipment",
    "usableOnConsole": true,
    "searchTags": "equipment",
    "image": "images/structures/furniture/radar_equipment/staticobj_furniture_radar_panel_flat.jpg",
    "id": "dzobj_t3p7lxwi7v"
  },
  {
    "objectName": "StaticObj_Furniture_radar_rack",
    "inGameName": "-",
    "category": "structures",
    "modelType": "Config",
    "path": "dz/structures/furniture/radar_equipment",
    "usableOnConsole": true,
    "searchTags": "equipment",
    "image": "images/structures/furniture/radar_equipment/staticobj_furniture_radar_rack.jpg",
    "id": "dzobj_1t9azetat7"
  },
  {
    "objectName": "StaticObj_Furniture_radar_rack_quad",
    "inGameName": "-",
    "category": "structures",
    "modelType": "Config",
    "path": "dz/structures/furniture/radar_equipment",
    "usableOnConsole": true,
    "searchTags": "equipment",
    "image": "images/structures/furniture/radar_equipment/staticobj_furniture_radar_rack_quad.jpg",
    "id": "dzobj_bonwhd7xnb"
  },
  {
    "objectName": "radar_electronics.p3d",
    "inGameName": "-",
    "category": "structures",
    "modelType": "Raw P3D",
    "path": "dz/structures/furniture/radar_equipment",
    "usableOnConsole": false,
    "searchTags": "equipment, furniture",
    "image": "images/structures/furniture/radar_equipment/radar_electronics.p3d.jpg",
    "id": "dzobj_g6mio5x37z"
  },
  {
    "objectName": "radar_panel.p3d",
    "inGameName": "-",
    "category": "structures",
    "modelType": "Raw P3D",
    "path": "dz/structures/furniture/radar_equipment",
    "usableOnConsole": false,
    "searchTags": "equipment, furniture",
    "image": "images/structures/furniture/radar_equipment/radar_panel.p3d.jpg",
    "id": "dzobj_4b9ibnibln"
  },
  {
    "objectName": "radar_panel_flat.p3d",
    "inGameName": "-",
    "category": "structures",
    "modelType": "Raw P3D",
    "path": "dz/structures/furniture/radar_equipment",
    "usableOnConsole": false,
    "searchTags": "equipment, furniture",
    "image": "images/structures/furniture/radar_equipment/radar_panel_flat.p3d.jpg",
    "id": "dzobj_n14bdht2p2"
  },
  {
    "objectName": "radar_rack.p3d",
    "inGameName": "-",
    "category": "structures",
    "modelType": "Raw P3D",
    "path": "dz/structures/furniture/radar_equipment",
    "usableOnConsole": false,
    "searchTags": "equipment, furniture",
    "image": "images/structures/furniture/radar_equipment/radar_rack.p3d.jpg",
    "id": "dzobj_3jstsftb1x"
  },
  {
    "objectName": "radar_rack_quad.p3d",
    "inGameName": "-",
    "category": "structures",
    "modelType": "Raw P3D",
    "path": "dz/structures/furniture/radar_equipment",
    "usableOnConsole": false,
    "searchTags": "equipment, furniture",
    "image": "images/structures/furniture/radar_equipment/radar_rack_quad.p3d.jpg",
    "id": "dzobj_54xe0zy8bn"
  }
]
