[
  {
    "objectName": "StaticObj_Furniture_radar_electronics",
    "inGameName": "-",
    "category": "structures",
    "modelType": "Config",
    "path": "dz/structures/furniture/radar_equipment",
    "usableOnConsole": true,
    "searchTags": "equipment",
    "image": "images/structures/furniture/radar_equipment/staticobj_furniture_radar_electronics.jpg"
  },
  {
    "objectName": "StaticObj_Furniture_radar_panel",
    "inGameName": "-",
    "category": "structures",
    "modelType": "Config",
    "path": "dz/structures/furniture/radar_equipment",
    "usableOnConsole": true,
    "searchTags": "equipment",
    "image": "images/structures/furniture/radar_equipment/staticobj_furniture_radar_panel.jpg"
  },
  {
    "objectName": "StaticObj_Furniture_radar_panel_flat",
    "inGameName": "-",
    "category": "structures",
    "modelType": "Config",
    "path": "dz/structures/furniture/radar_equipment",
    "usableOnConsole": true,
    "searchTags": "equipment",
    "image": "images/structures/furniture/radar_equipment/staticobj_furniture_radar_panel_flat.jpg"
  },
  {
    "objectName": "StaticObj_Furniture_radar_rack",
    "inGameName": "-",
    "category": "structures",
    "modelType": "Config",
    "path": "dz/structures/furniture/radar_equipment",
    "usableOnConsole": true,
    "searchTags": "equipment",
    "image": "images/structures/furniture/radar_equipment/staticobj_furniture_radar_rack.jpg"
  },
  {
    "objectName": "StaticObj_Furniture_radar_rack_quad",
    "inGameName": "-",
    "category": "structures",
    "modelType": "Config",
    "path": "dz/structures/furniture/radar_equipment",
    "usableOnConsole": true,
    "searchTags": "equipment",
    "image": "images/structures/furniture/radar_equipment/staticobj_furniture_radar_rack_quad.jpg"
  },
  {
    "objectName": "radar_electronics.p3d",
    "inGameName": "-",
    "category": "structures",
    "modelType": "Raw P3D",
    "path": "dz/structures/furniture/radar_equipment",
    "usableOnConsole": false,
    "searchTags": "equipment, furniture",
    "image": "images/structures/furniture/radar_equipment/radar_electronics.p3d.jpg"
  },
  {
    "objectName": "radar_panel.p3d",
    "inGameName": "-",
    "category": "structures",
    "modelType": "Raw P3D",
    "path": "dz/structures/furniture/radar_equipment",
    "usableOnConsole": false,
    "searchTags": "equipment, furniture",
    "image": "images/structures/furniture/radar_equipment/radar_panel.p3d.jpg"
  },
  {
    "objectName": "radar_panel_flat.p3d",
    "inGameName": "-",
    "category": "structures",
    "modelType": "Raw P3D",
    "path": "dz/structures/furniture/radar_equipment",
    "usableOnConsole": false,
    "searchTags": "equipment, furniture",
    "image": "images/structures/furniture/radar_equipment/radar_panel_flat.p3d.jpg"
  },
  {
    "objectName": "radar_rack.p3d",
    "inGameName": "-",
    "category": "structures",
    "modelType": "Raw P3D",
    "path": "dz/structures/furniture/radar_equipment",
    "usableOnConsole": false,
    "searchTags": "equipment, furniture",
    "image": "images/structures/furniture/radar_equipment/radar_rack.p3d.jpg"
  },
  {
    "objectName": "radar_rack_quad.p3d",
    "inGameName": "-",
    "category": "structures",
    "modelType": "Raw P3D",
    "path": "dz/structures/furniture/radar_equipment",
    "usableOnConsole": false,
    "searchTags": "equipment, furniture",
    "image": "images/structures/furniture/radar_equipment/radar_rack_quad.p3d.jpg"
  }
]
