[
  {
    "objectName": "tenement_big_entry.p3d",
    "inGameName": "-",
    "category": "structures",
    "modelType": "Raw P3D",
    "path": "dz/structures/residential/tenements",
    "usableOnConsole": false,
    "searchTags": "",
    "image": "images/structures/residential/tenements/tenement_big_entry.p3d.jpg",
    "id": "dzobj_srylzbyhdg"
  },
  {
    "objectName": "tenement_small_entry.p3d",
    "inGameName": "-",
    "category": "structures",
    "modelType": "Raw P3D",
    "path": "dz/structures/residential/tenements",
    "usableOnConsole": false,
    "searchTags": "",
    "image": "images/structures/residential/tenements/tenement_small_entry.p3d.jpg",
    "id": "dzobj_magdj6vy88"
  },
  {
    "objectName": "Land_Tenement_Big",
    "category": "structures",
    "modelType": "Config",
    "path": "dz/structures/residential/tenements",
    "usableOnConsole": true,
    "searchTags": "tenement, apartment, block, large, residential, housing, flats, concrete, urban, highrise, building",
    "image": "images/structures/residential/tenements/land_tenement_big.jpg",
    "id": "dzobj_28znb9cph8"
  },
  {
    "objectName": "Land_Tenement_Small",
    "category": "structures",
    "modelType": "Config",
    "path": "dz/structures/residential/tenements",
    "usableOnConsole": true,
    "searchTags": "tenement, apartment, block, small, residential, housing, flats, concrete, urban, lowrise, building",
    "image": "images/structures/residential/tenements/land_tenement_small.jpg",
    "id": "dzobj_oxho0l8lip"
  },
  {
    "objectName": "tenement_big.p3d",
    "category": "structures",
    "modelType": "Raw P3D",
    "path": "dz/structures/residential/tenements",
    "usableOnConsole": false,
    "searchTags": "tenement, apartment, block, large, residential, housing, flats, concrete, urban, highrise, building",
    "image": "images/structures/residential/tenements/land_tenement_big.jpg",
    "id": "dzobj_68ncyj7u7b"
  },
  {
    "objectName": "tenement_small.p3d",
    "category": "structures",
    "modelType": "Raw P3D",
    "path": "dz/structures/residential/tenements",
    "usableOnConsole": false,
    "searchTags": "tenement, apartment, block, small, residential, housing, flats, concrete, urban, lowrise, building",
    "image": "images/structures/residential/tenements/land_tenement_small.jpg",
    "id": "dzobj_8n1ep6qdg1"
  }
]
