[
  {
    "objectName": "transitbus.p3d",
    "inGameName": "-",
    "category": "vehicles",
    "modelType": "Raw P3D",
    "path": "dz/vehicles/wheeled/transitbus",
    "usableOnConsole": false,
    "searchTags": "car, transport, vehicle, vehicles, wheeled, ikarus",
    "image": "images/vehicles/wheeled/transitbus/transitbus.p3d.jpg"
  },
  {
    "objectName": "transitbus_big.p3d",
    "inGameName": "-",
    "category": "vehicles",
    "modelType": "Raw P3D",
    "path": "dz/vehicles/wheeled/transitbus",
    "usableOnConsole": false,
    "searchTags": "car, transport, vehicle, vehicles, wheeled, ikarus",
    "image": "images/vehicles/wheeled/transitbus/transitbus_big.p3d.jpg"
  }
]
