[
  {
    "objectName": "StaticObj_asf1sakhal_dashedline_0_2000",
    "inGameName": "-",
    "category": "structures_sakhal",
    "modelType": "Config",
    "path": "dz/structures_sakhal/roads/parts",
    "usableOnConsole": true,
    "searchTags": "",
    "image": "images/structures_sakhal/roads/parts/staticobj_asf1sakhal_dashedline_0_2000.jpg",
    "id": "dzobj_67dhfqq30j"
  },
  {
    "objectName": "StaticObj_asf1sakhal_dashedline_1_1000",
    "inGameName": "-",
    "category": "structures_sakhal",
    "modelType": "Config",
    "path": "dz/structures_sakhal/roads/parts",
    "usableOnConsole": true,
    "searchTags": "",
    "image": "images/structures_sakhal/roads/parts/staticobj_asf1sakhal_dashedline_1_1000.jpg",
    "id": "dzobj_dpna7dfm5a"
  },
  {
    "objectName": "StaticObj_asf1sakhal_dashedline_6",
    "inGameName": "-",
    "category": "structures_sakhal",
    "modelType": "Config",
    "path": "dz/structures_sakhal/roads/parts",
    "usableOnConsole": true,
    "searchTags": "",
    "image": "images/structures_sakhal/roads/parts/staticobj_asf1sakhal_dashedline_6.jpg",
    "id": "dzobj_nki9hdhhrw"
  },
  {
    "objectName": "StaticObj_asf1sakhal_dashedline_6konec",
    "inGameName": "-",
    "category": "structures_sakhal",
    "modelType": "Config",
    "path": "dz/structures_sakhal/roads/parts",
    "usableOnConsole": true,
    "searchTags": "",
    "image": "images/structures_sakhal/roads/parts/staticobj_asf1sakhal_dashedline_6konec.jpg",
    "id": "dzobj_wdbztm6tm8"
  },
  {
    "objectName": "StaticObj_asf1sakhal_dashedline_7_100",
    "inGameName": "-",
    "category": "structures_sakhal",
    "modelType": "Config",
    "path": "dz/structures_sakhal/roads/parts",
    "usableOnConsole": true,
    "searchTags": "",
    "image": "images/structures_sakhal/roads/parts/staticobj_asf1sakhal_dashedline_7_100.jpg",
    "id": "dzobj_vmnbt25tq2"
  },
  {
    "objectName": "StaticObj_asf1sakhal_dashedline_10_25",
    "inGameName": "-",
    "category": "structures_sakhal",
    "modelType": "Config",
    "path": "dz/structures_sakhal/roads/parts",
    "usableOnConsole": true,
    "searchTags": "",
    "image": "images/structures_sakhal/roads/parts/staticobj_asf1sakhal_dashedline_10_25.jpg",
    "id": "dzobj_khrkqcjwr5"
  },
  {
    "objectName": "StaticObj_asf1sakhal_dashedline_10_50",
    "inGameName": "-",
    "category": "structures_sakhal",
    "modelType": "Config",
    "path": "dz/structures_sakhal/roads/parts",
    "usableOnConsole": true,
    "searchTags": "",
    "image": "images/structures_sakhal/roads/parts/staticobj_asf1sakhal_dashedline_10_50.jpg",
    "id": "dzobj_s554k0k4u7"
  },
  {
    "objectName": "StaticObj_asf1sakhal_dashedline_10_75",
    "inGameName": "-",
    "category": "structures_sakhal",
    "modelType": "Config",
    "path": "dz/structures_sakhal/roads/parts",
    "usableOnConsole": true,
    "searchTags": "",
    "image": "images/structures_sakhal/roads/parts/staticobj_asf1sakhal_dashedline_10_75.jpg",
    "id": "dzobj_c94cpqcdaz"
  },
  {
    "objectName": "StaticObj_asf1sakhal_dashedline_10_100",
    "inGameName": "-",
    "category": "structures_sakhal",
    "modelType": "Config",
    "path": "dz/structures_sakhal/roads/parts",
    "usableOnConsole": true,
    "searchTags": "",
    "image": "images/structures_sakhal/roads/parts/staticobj_asf1sakhal_dashedline_10_100.jpg",
    "id": "dzobj_quj2730fej"
  },
  {
    "objectName": "StaticObj_asf1sakhal_dashedline_12",
    "inGameName": "-",
    "category": "structures_sakhal",
    "modelType": "Config",
    "path": "dz/structures_sakhal/roads/parts",
    "usableOnConsole": true,
    "searchTags": "",
    "image": "images/structures_sakhal/roads/parts/staticobj_asf1sakhal_dashedline_12.jpg",
    "id": "dzobj_7rq2t77nbe"
  },
  {
    "objectName": "StaticObj_asf1sakhal_dashedline_30_25",
    "inGameName": "-",
    "category": "structures_sakhal",
    "modelType": "Config",
    "path": "dz/structures_sakhal/roads/parts",
    "usableOnConsole": true,
    "searchTags": "",
    "image": "images/structures_sakhal/roads/parts/staticobj_asf1sakhal_dashedline_30_25.jpg",
    "id": "dzobj_wsl0kewtwk"
  },
  {
    "objectName": "StaticObj_asf1sakhal_dashedline_60_10",
    "inGameName": "-",
    "category": "structures_sakhal",
    "modelType": "Config",
    "path": "dz/structures_sakhal/roads/parts",
    "usableOnConsole": true,
    "searchTags": "",
    "image": "images/structures_sakhal/roads/parts/staticobj_asf1sakhal_dashedline_60_10.jpg",
    "id": "dzobj_dyg1dqwtfo"
  },
  {
    "objectName": "StaticObj_asf1sakhal_fullline_0_2000",
    "inGameName": "-",
    "category": "structures_sakhal",
    "modelType": "Config",
    "path": "dz/structures_sakhal/roads/parts",
    "usableOnConsole": true,
    "searchTags": "",
    "image": "images/structures_sakhal/roads/parts/staticobj_asf1sakhal_fullline_0_2000.jpg",
    "id": "dzobj_o71o5voftj"
  },
  {
    "objectName": "StaticObj_asf1sakhal_fullline_1_1000",
    "inGameName": "-",
    "category": "structures_sakhal",
    "modelType": "Config",
    "path": "dz/structures_sakhal/roads/parts",
    "usableOnConsole": true,
    "searchTags": "",
    "image": "images/structures_sakhal/roads/parts/staticobj_asf1sakhal_fullline_1_1000.jpg",
    "id": "dzobj_f2nrveq8ex"
  },
  {
    "objectName": "StaticObj_asf1sakhal_fullline_6",
    "inGameName": "-",
    "category": "structures_sakhal",
    "modelType": "Config",
    "path": "dz/structures_sakhal/roads/parts",
    "usableOnConsole": true,
    "searchTags": "",
    "image": "images/structures_sakhal/roads/parts/staticobj_asf1sakhal_fullline_6.jpg",
    "id": "dzobj_ugqqz6rgbb"
  },
  {
    "objectName": "StaticObj_asf1sakhal_fullline_6konec",
    "inGameName": "-",
    "category": "structures_sakhal",
    "modelType": "Config",
    "path": "dz/structures_sakhal/roads/parts",
    "usableOnConsole": true,
    "searchTags": "",
    "image": "images/structures_sakhal/roads/parts/staticobj_asf1sakhal_fullline_6konec.jpg",
    "id": "dzobj_sf249mlw5d"
  },
  {
    "objectName": "StaticObj_asf1sakhal_fullline_7_100",
    "inGameName": "-",
    "category": "structures_sakhal",
    "modelType": "Config",
    "path": "dz/structures_sakhal/roads/parts",
    "usableOnConsole": true,
    "searchTags": "",
    "image": "images/structures_sakhal/roads/parts/staticobj_asf1sakhal_fullline_7_100.jpg",
    "id": "dzobj_drhrrmzr9j"
  },
  {
    "objectName": "StaticObj_asf1sakhal_fullline_10_25",
    "inGameName": "-",
    "category": "structures_sakhal",
    "modelType": "Config",
    "path": "dz/structures_sakhal/roads/parts",
    "usableOnConsole": true,
    "searchTags": "",
    "image": "images/structures_sakhal/roads/parts/staticobj_asf1sakhal_fullline_10_25.jpg",
    "id": "dzobj_4j7aoxtt2t"
  },
  {
    "objectName": "StaticObj_asf1sakhal_fullline_10_50",
    "inGameName": "-",
    "category": "structures_sakhal",
    "modelType": "Config",
    "path": "dz/structures_sakhal/roads/parts",
    "usableOnConsole": true,
    "searchTags": "",
    "image": "images/structures_sakhal/roads/parts/staticobj_asf1sakhal_fullline_10_50.jpg",
    "id": "dzobj_xf3u6zb7ps"
  },
  {
    "objectName": "StaticObj_asf1sakhal_fullline_10_75",
    "inGameName": "-",
    "category": "structures_sakhal",
    "modelType": "Config",
    "path": "dz/structures_sakhal/roads/parts",
    "usableOnConsole": true,
    "searchTags": "",
    "image": "images/structures_sakhal/roads/parts/staticobj_asf1sakhal_fullline_10_75.jpg",
    "id": "dzobj_5p1ajgctmp"
  },
  {
    "objectName": "StaticObj_asf1sakhal_fullline_10_100",
    "inGameName": "-",
    "category": "structures_sakhal",
    "modelType": "Config",
    "path": "dz/structures_sakhal/roads/parts",
    "usableOnConsole": true,
    "searchTags": "",
    "image": "images/structures_sakhal/roads/parts/staticobj_asf1sakhal_fullline_10_100.jpg",
    "id": "dzobj_r48oesfiep"
  },
  {
    "objectName": "StaticObj_asf1sakhal_fullline_12",
    "inGameName": "-",
    "category": "structures_sakhal",
    "modelType": "Config",
    "path": "dz/structures_sakhal/roads/parts",
    "usableOnConsole": true,
    "searchTags": "",
    "image": "images/structures_sakhal/roads/parts/staticobj_asf1sakhal_fullline_12.jpg",
    "id": "dzobj_158nj81825"
  },
  {
    "objectName": "StaticObj_asf1sakhal_fullline_30_25",
    "inGameName": "-",
    "category": "structures_sakhal",
    "modelType": "Config",
    "path": "dz/structures_sakhal/roads/parts",
    "usableOnConsole": true,
    "searchTags": "",
    "image": "images/structures_sakhal/roads/parts/staticobj_asf1sakhal_fullline_30_25.jpg",
    "id": "dzobj_0ezeu3om2t"
  },
  {
    "objectName": "StaticObj_asf1sakhal_fullline_60_10",
    "inGameName": "-",
    "category": "structures_sakhal",
    "modelType": "Config",
    "path": "dz/structures_sakhal/roads/parts",
    "usableOnConsole": true,
    "searchTags": "",
    "image": "images/structures_sakhal/roads/parts/staticobj_asf1sakhal_fullline_60_10.jpg",
    "id": "dzobj_u622k9tw1c"
  },
  {
    "objectName": "StaticObj_asf2sakhal_0_2000",
    "inGameName": "-",
    "category": "structures_sakhal",
    "modelType": "Config",
    "path": "dz/structures_sakhal/roads/parts",
    "usableOnConsole": true,
    "searchTags": "",
    "image": "images/structures_sakhal/roads/parts/staticobj_asf2sakhal_0_2000.jpg",
    "id": "dzobj_vyod5bbzvj"
  },
  {
    "objectName": "StaticObj_asf2sakhal_1_1000",
    "inGameName": "-",
    "category": "structures_sakhal",
    "modelType": "Config",
    "path": "dz/structures_sakhal/roads/parts",
    "usableOnConsole": true,
    "searchTags": "",
    "image": "images/structures_sakhal/roads/parts/staticobj_asf2sakhal_1_1000.jpg",
    "id": "dzobj_opq4s1zj1v"
  },
  {
    "objectName": "StaticObj_asf2sakhal_6",
    "inGameName": "-",
    "category": "structures_sakhal",
    "modelType": "Config",
    "path": "dz/structures_sakhal/roads/parts",
    "usableOnConsole": true,
    "searchTags": "",
    "image": "images/structures_sakhal/roads/parts/staticobj_asf2sakhal_6.jpg",
    "id": "dzobj_o1nz39pzfi"
  },
  {
    "objectName": "StaticObj_asf2sakhal_6konec1",
    "inGameName": "-",
    "category": "structures_sakhal",
    "modelType": "Config",
    "path": "dz/structures_sakhal/roads/parts",
    "usableOnConsole": true,
    "searchTags": "",
    "image": "images/structures_sakhal/roads/parts/staticobj_asf2sakhal_6konec1.jpg",
    "id": "dzobj_sdcn0fikru"
  },
  {
    "objectName": "StaticObj_asf2sakhal_6konec2",
    "inGameName": "-",
    "category": "structures_sakhal",
    "modelType": "Config",
    "path": "dz/structures_sakhal/roads/parts",
    "usableOnConsole": true,
    "searchTags": "",
    "image": "images/structures_sakhal/roads/parts/staticobj_asf2sakhal_6konec2.jpg",
    "id": "dzobj_51rgga476s"
  },
  {
    "objectName": "StaticObj_asf2sakhal_7_100",
    "inGameName": "-",
    "category": "structures_sakhal",
    "modelType": "Config",
    "path": "dz/structures_sakhal/roads/parts",
    "usableOnConsole": true,
    "searchTags": "",
    "image": "images/structures_sakhal/roads/parts/staticobj_asf2sakhal_7_100.jpg",
    "id": "dzobj_ivtset3met"
  },
  {
    "objectName": "StaticObj_asf2sakhal_10_25",
    "inGameName": "-",
    "category": "structures_sakhal",
    "modelType": "Config",
    "path": "dz/structures_sakhal/roads/parts",
    "usableOnConsole": true,
    "searchTags": "",
    "image": "images/structures_sakhal/roads/parts/staticobj_asf2sakhal_10_25.jpg",
    "id": "dzobj_snbultdh1v"
  },
  {
    "objectName": "StaticObj_asf2sakhal_10_50",
    "inGameName": "-",
    "category": "structures_sakhal",
    "modelType": "Config",
    "path": "dz/structures_sakhal/roads/parts",
    "usableOnConsole": true,
    "searchTags": "",
    "image": "images/structures_sakhal/roads/parts/staticobj_asf2sakhal_10_50.jpg",
    "id": "dzobj_88ikrunetr"
  },
  {
    "objectName": "StaticObj_asf2sakhal_10_75",
    "inGameName": "-",
    "category": "structures_sakhal",
    "modelType": "Config",
    "path": "dz/structures_sakhal/roads/parts",
    "usableOnConsole": true,
    "searchTags": "",
    "image": "images/structures_sakhal/roads/parts/staticobj_asf2sakhal_10_75.jpg",
    "id": "dzobj_l1jp3lrj2i"
  },
  {
    "objectName": "StaticObj_asf2sakhal_10_100",
    "inGameName": "-",
    "category": "structures_sakhal",
    "modelType": "Config",
    "path": "dz/structures_sakhal/roads/parts",
    "usableOnConsole": true,
    "searchTags": "",
    "image": "images/structures_sakhal/roads/parts/staticobj_asf2sakhal_10_100.jpg",
    "id": "dzobj_n0gsh6dhd0"
  },
  {
    "objectName": "StaticObj_asf2sakhal_12",
    "inGameName": "-",
    "category": "structures_sakhal",
    "modelType": "Config",
    "path": "dz/structures_sakhal/roads/parts",
    "usableOnConsole": true,
    "searchTags": "",
    "image": "images/structures_sakhal/roads/parts/staticobj_asf2sakhal_12.jpg",
    "id": "dzobj_44uc6zugyo"
  },
  {
    "objectName": "StaticObj_asf2sakhal_30_25",
    "inGameName": "-",
    "category": "structures_sakhal",
    "modelType": "Config",
    "path": "dz/structures_sakhal/roads/parts",
    "usableOnConsole": true,
    "searchTags": "",
    "image": "images/structures_sakhal/roads/parts/staticobj_asf2sakhal_30_25.jpg",
    "id": "dzobj_ma4ggav9ps"
  },
  {
    "objectName": "StaticObj_asf2sakhal_60_10",
    "inGameName": "-",
    "category": "structures_sakhal",
    "modelType": "Config",
    "path": "dz/structures_sakhal/roads/parts",
    "usableOnConsole": true,
    "searchTags": "",
    "image": "images/structures_sakhal/roads/parts/staticobj_asf2sakhal_60_10.jpg",
    "id": "dzobj_p4wjmikx53"
  },
  {
    "objectName": "StaticObj_asf3sakhal_0_2000",
    "inGameName": "-",
    "category": "structures_sakhal",
    "modelType": "Config",
    "path": "dz/structures_sakhal/roads/parts",
    "usableOnConsole": true,
    "searchTags": "",
    "image": "images/structures_sakhal/roads/parts/staticobj_asf3sakhal_0_2000.jpg",
    "id": "dzobj_tel0er4ljs"
  },
  {
    "objectName": "StaticObj_asf3sakhal_1_1000",
    "inGameName": "-",
    "category": "structures_sakhal",
    "modelType": "Config",
    "path": "dz/structures_sakhal/roads/parts",
    "usableOnConsole": true,
    "searchTags": "",
    "image": "images/structures_sakhal/roads/parts/staticobj_asf3sakhal_1_1000.jpg",
    "id": "dzobj_z0kxfgdrw3"
  },
  {
    "objectName": "StaticObj_asf3sakhal_6",
    "inGameName": "-",
    "category": "structures_sakhal",
    "modelType": "Config",
    "path": "dz/structures_sakhal/roads/parts",
    "usableOnConsole": true,
    "searchTags": "",
    "image": "images/structures_sakhal/roads/parts/staticobj_asf3sakhal_6.jpg",
    "id": "dzobj_tb6tupy5ay"
  },
  {
    "objectName": "StaticObj_asf3sakhal_6konec1",
    "inGameName": "-",
    "category": "structures_sakhal",
    "modelType": "Config",
    "path": "dz/structures_sakhal/roads/parts",
    "usableOnConsole": true,
    "searchTags": "",
    "image": "images/structures_sakhal/roads/parts/staticobj_asf3sakhal_6konec1.jpg",
    "id": "dzobj_0dlxlezfls"
  },
  {
    "objectName": "StaticObj_asf3sakhal_7_100",
    "inGameName": "-",
    "category": "structures_sakhal",
    "modelType": "Config",
    "path": "dz/structures_sakhal/roads/parts",
    "usableOnConsole": true,
    "searchTags": "",
    "image": "images/structures_sakhal/roads/parts/staticobj_asf3sakhal_7_100.jpg",
    "id": "dzobj_i32fbxfqsm"
  },
  {
    "objectName": "StaticObj_asf3sakhal_10_25",
    "inGameName": "-",
    "category": "structures_sakhal",
    "modelType": "Config",
    "path": "dz/structures_sakhal/roads/parts",
    "usableOnConsole": true,
    "searchTags": "",
    "image": "images/structures_sakhal/roads/parts/staticobj_asf3sakhal_10_25.jpg",
    "id": "dzobj_wtw95kigbr"
  },
  {
    "objectName": "StaticObj_asf3sakhal_10_50",
    "inGameName": "-",
    "category": "structures_sakhal",
    "modelType": "Config",
    "path": "dz/structures_sakhal/roads/parts",
    "usableOnConsole": true,
    "searchTags": "",
    "image": "images/structures_sakhal/roads/parts/staticobj_asf3sakhal_10_50.jpg",
    "id": "dzobj_qgn66aywrz"
  },
  {
    "objectName": "StaticObj_asf3sakhal_10_75",
    "inGameName": "-",
    "category": "structures_sakhal",
    "modelType": "Config",
    "path": "dz/structures_sakhal/roads/parts",
    "usableOnConsole": true,
    "searchTags": "",
    "image": "images/structures_sakhal/roads/parts/staticobj_asf3sakhal_10_75.jpg",
    "id": "dzobj_alkivawhk3"
  },
  {
    "objectName": "StaticObj_asf3sakhal_10_100",
    "inGameName": "-",
    "category": "structures_sakhal",
    "modelType": "Config",
    "path": "dz/structures_sakhal/roads/parts",
    "usableOnConsole": true,
    "searchTags": "",
    "image": "images/structures_sakhal/roads/parts/staticobj_asf3sakhal_10_100.jpg",
    "id": "dzobj_6oihqxvy79"
  },
  {
    "objectName": "StaticObj_asf3sakhal_12",
    "inGameName": "-",
    "category": "structures_sakhal",
    "modelType": "Config",
    "path": "dz/structures_sakhal/roads/parts",
    "usableOnConsole": true,
    "searchTags": "",
    "image": "images/structures_sakhal/roads/parts/staticobj_asf3sakhal_12.jpg",
    "id": "dzobj_pt5depp8vr"
  },
  {
    "objectName": "StaticObj_asf3sakhal_30_25",
    "inGameName": "-",
    "category": "structures_sakhal",
    "modelType": "Config",
    "path": "dz/structures_sakhal/roads/parts",
    "usableOnConsole": true,
    "searchTags": "",
    "image": "images/structures_sakhal/roads/parts/staticobj_asf3sakhal_30_25.jpg",
    "id": "dzobj_a4mcv8v43e"
  },
  {
    "objectName": "StaticObj_asf3sakhal_60_10",
    "inGameName": "-",
    "category": "structures_sakhal",
    "modelType": "Config",
    "path": "dz/structures_sakhal/roads/parts",
    "usableOnConsole": true,
    "searchTags": "",
    "image": "images/structures_sakhal/roads/parts/staticobj_asf3sakhal_60_10.jpg",
    "id": "dzobj_ow5f549kcp"
  },
  {
    "objectName": "StaticObj_gravsakhal_0_2000",
    "inGameName": "-",
    "category": "structures_sakhal",
    "modelType": "Config",
    "path": "dz/structures_sakhal/roads/parts",
    "usableOnConsole": true,
    "searchTags": "",
    "image": "images/structures_sakhal/roads/parts/staticobj_gravsakhal_0_2000.jpg",
    "id": "dzobj_8zx7pa15ky"
  },
  {
    "objectName": "StaticObj_gravsakhal_1_1000",
    "inGameName": "-",
    "category": "structures_sakhal",
    "modelType": "Config",
    "path": "dz/structures_sakhal/roads/parts",
    "usableOnConsole": true,
    "searchTags": "",
    "image": "images/structures_sakhal/roads/parts/staticobj_gravsakhal_1_1000.jpg",
    "id": "dzobj_ppgpup8m35"
  },
  {
    "objectName": "StaticObj_gravsakhal_6",
    "inGameName": "-",
    "category": "structures_sakhal",
    "modelType": "Config",
    "path": "dz/structures_sakhal/roads/parts",
    "usableOnConsole": true,
    "searchTags": "",
    "image": "images/structures_sakhal/roads/parts/staticobj_gravsakhal_6.jpg",
    "id": "dzobj_qoi6c4eu9z"
  },
  {
    "objectName": "StaticObj_gravsakhal_6konec1",
    "inGameName": "-",
    "category": "structures_sakhal",
    "modelType": "Config",
    "path": "dz/structures_sakhal/roads/parts",
    "usableOnConsole": true,
    "searchTags": "",
    "image": "images/structures_sakhal/roads/parts/staticobj_gravsakhal_6konec1.jpg",
    "id": "dzobj_38zagct6yx"
  },
  {
    "objectName": "StaticObj_gravsakhal_7_100",
    "inGameName": "-",
    "category": "structures_sakhal",
    "modelType": "Config",
    "path": "dz/structures_sakhal/roads/parts",
    "usableOnConsole": true,
    "searchTags": "",
    "image": "images/structures_sakhal/roads/parts/staticobj_gravsakhal_7_100.jpg",
    "id": "dzobj_utvs3szv29"
  },
  {
    "objectName": "StaticObj_gravsakhal_10_25",
    "inGameName": "-",
    "category": "structures_sakhal",
    "modelType": "Config",
    "path": "dz/structures_sakhal/roads/parts",
    "usableOnConsole": true,
    "searchTags": "",
    "image": "images/structures_sakhal/roads/parts/staticobj_gravsakhal_10_25.jpg",
    "id": "dzobj_hl19qhtv1g"
  },
  {
    "objectName": "StaticObj_gravsakhal_10_50",
    "inGameName": "-",
    "category": "structures_sakhal",
    "modelType": "Config",
    "path": "dz/structures_sakhal/roads/parts",
    "usableOnConsole": true,
    "searchTags": "",
    "image": "images/structures_sakhal/roads/parts/staticobj_gravsakhal_10_50.jpg",
    "id": "dzobj_1xprlyjxb7"
  },
  {
    "objectName": "StaticObj_gravsakhal_10_75",
    "inGameName": "-",
    "category": "structures_sakhal",
    "modelType": "Config",
    "path": "dz/structures_sakhal/roads/parts",
    "usableOnConsole": true,
    "searchTags": "",
    "image": "images/structures_sakhal/roads/parts/staticobj_gravsakhal_10_75.jpg",
    "id": "dzobj_ac36ndt0tj"
  },
  {
    "objectName": "StaticObj_gravsakhal_10_100",
    "inGameName": "-",
    "category": "structures_sakhal",
    "modelType": "Config",
    "path": "dz/structures_sakhal/roads/parts",
    "usableOnConsole": true,
    "searchTags": "",
    "image": "images/structures_sakhal/roads/parts/staticobj_gravsakhal_10_100.jpg",
    "id": "dzobj_7o7rgfd7ap"
  },
  {
    "objectName": "StaticObj_gravsakhal_12",
    "inGameName": "-",
    "category": "structures_sakhal",
    "modelType": "Config",
    "path": "dz/structures_sakhal/roads/parts",
    "usableOnConsole": true,
    "searchTags": "",
    "image": "images/structures_sakhal/roads/parts/staticobj_gravsakhal_12.jpg",
    "id": "dzobj_o93q5lpzsa"
  },
  {
    "objectName": "StaticObj_gravsakhal_30_25",
    "inGameName": "-",
    "category": "structures_sakhal",
    "modelType": "Config",
    "path": "dz/structures_sakhal/roads/parts",
    "usableOnConsole": true,
    "searchTags": "",
    "image": "images/structures_sakhal/roads/parts/staticobj_gravsakhal_30_25.jpg",
    "id": "dzobj_hdtrx5nfaq"
  },
  {
    "objectName": "StaticObj_gravsakhal_60_10",
    "inGameName": "-",
    "category": "structures_sakhal",
    "modelType": "Config",
    "path": "dz/structures_sakhal/roads/parts",
    "usableOnConsole": true,
    "searchTags": "",
    "image": "images/structures_sakhal/roads/parts/staticobj_gravsakhal_60_10.jpg",
    "id": "dzobj_zo9mj67vv6"
  },
  {
    "objectName": "StaticObj_mudsakhal_0_2000",
    "inGameName": "-",
    "category": "structures_sakhal",
    "modelType": "Config",
    "path": "dz/structures_sakhal/roads/parts",
    "usableOnConsole": true,
    "searchTags": "",
    "image": "images/structures_sakhal/roads/parts/staticobj_mudsakhal_0_2000.jpg",
    "id": "dzobj_b6na9pl214"
  },
  {
    "objectName": "StaticObj_mudsakhal_1_1000",
    "inGameName": "-",
    "category": "structures_sakhal",
    "modelType": "Config",
    "path": "dz/structures_sakhal/roads/parts",
    "usableOnConsole": true,
    "searchTags": "",
    "image": "images/structures_sakhal/roads/parts/staticobj_mudsakhal_1_1000.jpg",
    "id": "dzobj_r6q2t3s8oz"
  },
  {
    "objectName": "StaticObj_mudsakhal_6",
    "inGameName": "-",
    "category": "structures_sakhal",
    "modelType": "Config",
    "path": "dz/structures_sakhal/roads/parts",
    "usableOnConsole": true,
    "searchTags": "",
    "image": "images/structures_sakhal/roads/parts/staticobj_mudsakhal_6.jpg",
    "id": "dzobj_tmmwwt77pw"
  },
  {
    "objectName": "StaticObj_mudsakhal_6konec1",
    "inGameName": "-",
    "category": "structures_sakhal",
    "modelType": "Config",
    "path": "dz/structures_sakhal/roads/parts",
    "usableOnConsole": true,
    "searchTags": "",
    "image": "images/structures_sakhal/roads/parts/staticobj_mudsakhal_6konec1.jpg",
    "id": "dzobj_ykujvlgqcc"
  },
  {
    "objectName": "StaticObj_mudsakhal_7_100",
    "inGameName": "-",
    "category": "structures_sakhal",
    "modelType": "Config",
    "path": "dz/structures_sakhal/roads/parts",
    "usableOnConsole": true,
    "searchTags": "",
    "image": "images/structures_sakhal/roads/parts/staticobj_mudsakhal_7_100.jpg",
    "id": "dzobj_csp80v42gb"
  },
  {
    "objectName": "StaticObj_mudsakhal_10_25",
    "inGameName": "-",
    "category": "structures_sakhal",
    "modelType": "Config",
    "path": "dz/structures_sakhal/roads/parts",
    "usableOnConsole": true,
    "searchTags": "",
    "image": "images/structures_sakhal/roads/parts/staticobj_mudsakhal_10_25.jpg",
    "id": "dzobj_1y3aluepww"
  },
  {
    "objectName": "StaticObj_mudsakhal_10_50",
    "inGameName": "-",
    "category": "structures_sakhal",
    "modelType": "Config",
    "path": "dz/structures_sakhal/roads/parts",
    "usableOnConsole": true,
    "searchTags": "",
    "image": "images/structures_sakhal/roads/parts/staticobj_mudsakhal_10_50.jpg",
    "id": "dzobj_29m0znwmi5"
  },
  {
    "objectName": "StaticObj_mudsakhal_10_75",
    "inGameName": "-",
    "category": "structures_sakhal",
    "modelType": "Config",
    "path": "dz/structures_sakhal/roads/parts",
    "usableOnConsole": true,
    "searchTags": "",
    "image": "images/structures_sakhal/roads/parts/staticobj_mudsakhal_10_75.jpg",
    "id": "dzobj_4k4a4sg3yr"
  },
  {
    "objectName": "StaticObj_mudsakhal_10_100",
    "inGameName": "-",
    "category": "structures_sakhal",
    "modelType": "Config",
    "path": "dz/structures_sakhal/roads/parts",
    "usableOnConsole": true,
    "searchTags": "",
    "image": "images/structures_sakhal/roads/parts/staticobj_mudsakhal_10_100.jpg",
    "id": "dzobj_qdhpm13yrk"
  },
  {
    "objectName": "StaticObj_mudsakhal_12",
    "inGameName": "-",
    "category": "structures_sakhal",
    "modelType": "Config",
    "path": "dz/structures_sakhal/roads/parts",
    "usableOnConsole": true,
    "searchTags": "",
    "image": "images/structures_sakhal/roads/parts/staticobj_mudsakhal_12.jpg",
    "id": "dzobj_5mvobwfxsb"
  },
  {
    "objectName": "StaticObj_mudsakhal_30_25",
    "inGameName": "-",
    "category": "structures_sakhal",
    "modelType": "Config",
    "path": "dz/structures_sakhal/roads/parts",
    "usableOnConsole": true,
    "searchTags": "",
    "image": "images/structures_sakhal/roads/parts/staticobj_mudsakhal_30_25.jpg",
    "id": "dzobj_aau0hn02y5"
  },
  {
    "objectName": "StaticObj_mudsakhal_60_10",
    "inGameName": "-",
    "category": "structures_sakhal",
    "modelType": "Config",
    "path": "dz/structures_sakhal/roads/parts",
    "usableOnConsole": true,
    "searchTags": "",
    "image": "images/structures_sakhal/roads/parts/staticobj_mudsakhal_60_10.jpg",
    "id": "dzobj_f3bln2huye"
  },
  {
    "objectName": "StaticObj_quarrysakhal_0_2000",
    "inGameName": "-",
    "category": "structures_sakhal",
    "modelType": "Config",
    "path": "dz/structures_sakhal/roads/parts",
    "usableOnConsole": true,
    "searchTags": "",
    "image": "images/structures_sakhal/roads/parts/staticobj_quarrysakhal_0_2000.jpg",
    "id": "dzobj_ge4bhunydb"
  },
  {
    "objectName": "StaticObj_quarrysakhal_1_1000",
    "inGameName": "-",
    "category": "structures_sakhal",
    "modelType": "Config",
    "path": "dz/structures_sakhal/roads/parts",
    "usableOnConsole": true,
    "searchTags": "",
    "image": "images/structures_sakhal/roads/parts/staticobj_quarrysakhal_1_1000.jpg",
    "id": "dzobj_gjaa28kxwm"
  },
  {
    "objectName": "StaticObj_quarrysakhal_6",
    "inGameName": "-",
    "category": "structures_sakhal",
    "modelType": "Config",
    "path": "dz/structures_sakhal/roads/parts",
    "usableOnConsole": true,
    "searchTags": "",
    "image": "images/structures_sakhal/roads/parts/staticobj_quarrysakhal_6.jpg",
    "id": "dzobj_hqyxopd41l"
  },
  {
    "objectName": "StaticObj_quarrysakhal_6konec1",
    "inGameName": "-",
    "category": "structures_sakhal",
    "modelType": "Config",
    "path": "dz/structures_sakhal/roads/parts",
    "usableOnConsole": true,
    "searchTags": "",
    "image": "images/structures_sakhal/roads/parts/staticobj_quarrysakhal_6konec1.jpg",
    "id": "dzobj_4d1znnv7b1"
  },
  {
    "objectName": "StaticObj_quarrysakhal_7_100",
    "inGameName": "-",
    "category": "structures_sakhal",
    "modelType": "Config",
    "path": "dz/structures_sakhal/roads/parts",
    "usableOnConsole": true,
    "searchTags": "",
    "image": "images/structures_sakhal/roads/parts/staticobj_quarrysakhal_7_100.jpg",
    "id": "dzobj_l57qmr4dnz"
  },
  {
    "objectName": "StaticObj_quarrysakhal_10_25",
    "inGameName": "-",
    "category": "structures_sakhal",
    "modelType": "Config",
    "path": "dz/structures_sakhal/roads/parts",
    "usableOnConsole": true,
    "searchTags": "",
    "image": "images/structures_sakhal/roads/parts/staticobj_quarrysakhal_10_25.jpg",
    "id": "dzobj_alt0uwjf0e"
  },
  {
    "objectName": "StaticObj_quarrysakhal_10_50",
    "inGameName": "-",
    "category": "structures_sakhal",
    "modelType": "Config",
    "path": "dz/structures_sakhal/roads/parts",
    "usableOnConsole": true,
    "searchTags": "",
    "image": "images/structures_sakhal/roads/parts/staticobj_quarrysakhal_10_50.jpg",
    "id": "dzobj_xq85ou6wk9"
  },
  {
    "objectName": "StaticObj_quarrysakhal_10_75",
    "inGameName": "-",
    "category": "structures_sakhal",
    "modelType": "Config",
    "path": "dz/structures_sakhal/roads/parts",
    "usableOnConsole": true,
    "searchTags": "",
    "image": "images/structures_sakhal/roads/parts/staticobj_quarrysakhal_10_75.jpg",
    "id": "dzobj_hjp8p0dc3w"
  },
  {
    "objectName": "StaticObj_quarrysakhal_10_100",
    "inGameName": "-",
    "category": "structures_sakhal",
    "modelType": "Config",
    "path": "dz/structures_sakhal/roads/parts",
    "usableOnConsole": true,
    "searchTags": "",
    "image": "images/structures_sakhal/roads/parts/staticobj_quarrysakhal_10_100.jpg",
    "id": "dzobj_4rfra9h0po"
  },
  {
    "objectName": "StaticObj_quarrysakhal_12",
    "inGameName": "-",
    "category": "structures_sakhal",
    "modelType": "Config",
    "path": "dz/structures_sakhal/roads/parts",
    "usableOnConsole": true,
    "searchTags": "",
    "image": "images/structures_sakhal/roads/parts/staticobj_quarrysakhal_12.jpg",
    "id": "dzobj_h782z99puj"
  },
  {
    "objectName": "StaticObj_quarrysakhal_30_25",
    "inGameName": "-",
    "category": "structures_sakhal",
    "modelType": "Config",
    "path": "dz/structures_sakhal/roads/parts",
    "usableOnConsole": true,
    "searchTags": "",
    "image": "images/structures_sakhal/roads/parts/staticobj_quarrysakhal_30_25.jpg",
    "id": "dzobj_20o3m6vydq"
  },
  {
    "objectName": "StaticObj_quarrysakhal_60_10",
    "inGameName": "-",
    "category": "structures_sakhal",
    "modelType": "Config",
    "path": "dz/structures_sakhal/roads/parts",
    "usableOnConsole": true,
    "searchTags": "",
    "image": "images/structures_sakhal/roads/parts/staticobj_quarrysakhal_60_10.jpg",
    "id": "dzobj_5bpn88l2m9"
  },
  {
    "objectName": "asf1sakhal_dashedline_0 2000.p3d",
    "inGameName": "-",
    "category": "structures_sakhal",
    "modelType": "Raw P3D",
    "path": "dz/structures_sakhal/roads/parts",
    "usableOnConsole": false,
    "searchTags": "",
    "image": "images/structures_sakhal/roads/parts/asf1sakhal_dashedline_0 2000.p3d.jpg",
    "id": "dzobj_ayxm45ihf2"
  },
  {
    "objectName": "asf1sakhal_dashedline_1 1000.p3d",
    "inGameName": "-",
    "category": "structures_sakhal",
    "modelType": "Raw P3D",
    "path": "dz/structures_sakhal/roads/parts",
    "usableOnConsole": false,
    "searchTags": "",
    "image": "images/structures_sakhal/roads/parts/asf1sakhal_dashedline_1 1000.p3d.jpg",
    "id": "dzobj_cxta3gu7xe"
  },
  {
    "objectName": "asf1sakhal_dashedline_10 100.p3d",
    "inGameName": "-",
    "category": "structures_sakhal",
    "modelType": "Raw P3D",
    "path": "dz/structures_sakhal/roads/parts",
    "usableOnConsole": false,
    "searchTags": "",
    "image": "images/structures_sakhal/roads/parts/asf1sakhal_dashedline_10 100.p3d.jpg",
    "id": "dzobj_b6jrlxewnv"
  },
  {
    "objectName": "asf1sakhal_dashedline_10 25.p3d",
    "inGameName": "-",
    "category": "structures_sakhal",
    "modelType": "Raw P3D",
    "path": "dz/structures_sakhal/roads/parts",
    "usableOnConsole": false,
    "searchTags": "",
    "image": "images/structures_sakhal/roads/parts/asf1sakhal_dashedline_10 25.p3d.jpg",
    "id": "dzobj_idlgr52g31"
  },
  {
    "objectName": "asf1sakhal_dashedline_10 50.p3d",
    "inGameName": "-",
    "category": "structures_sakhal",
    "modelType": "Raw P3D",
    "path": "dz/structures_sakhal/roads/parts",
    "usableOnConsole": false,
    "searchTags": "",
    "image": "images/structures_sakhal/roads/parts/asf1sakhal_dashedline_10 50.p3d.jpg",
    "id": "dzobj_0vjoqifa7l"
  },
  {
    "objectName": "asf1sakhal_dashedline_10 75.p3d",
    "inGameName": "-",
    "category": "structures_sakhal",
    "modelType": "Raw P3D",
    "path": "dz/structures_sakhal/roads/parts",
    "usableOnConsole": false,
    "searchTags": "",
    "image": "images/structures_sakhal/roads/parts/asf1sakhal_dashedline_10 75.p3d.jpg",
    "id": "dzobj_6m5iz6m4dd"
  },
  {
    "objectName": "asf1sakhal_dashedline_12.p3d",
    "inGameName": "-",
    "category": "structures_sakhal",
    "modelType": "Raw P3D",
    "path": "dz/structures_sakhal/roads/parts",
    "usableOnConsole": false,
    "searchTags": "",
    "image": "images/structures_sakhal/roads/parts/asf1sakhal_dashedline_12.p3d.jpg",
    "id": "dzobj_9ggaq0jt5j"
  },
  {
    "objectName": "asf1sakhal_dashedline_15 75.p3d",
    "inGameName": "-",
    "category": "structures_sakhal",
    "modelType": "Raw P3D",
    "path": "dz/structures_sakhal/roads/parts",
    "usableOnConsole": false,
    "searchTags": "",
    "image": "images/structures_sakhal/roads/parts/asf1sakhal_dashedline_15 75.p3d.jpg",
    "id": "dzobj_zrg2ctgj9v"
  },
  {
    "objectName": "asf1sakhal_dashedline_22 50.p3d",
    "inGameName": "-",
    "category": "structures_sakhal",
    "modelType": "Raw P3D",
    "path": "dz/structures_sakhal/roads/parts",
    "usableOnConsole": false,
    "searchTags": "",
    "image": "images/structures_sakhal/roads/parts/asf1sakhal_dashedline_22 50.p3d.jpg",
    "id": "dzobj_3jrge4a7wz"
  },
  {
    "objectName": "asf1sakhal_dashedline_25.p3d",
    "inGameName": "-",
    "category": "structures_sakhal",
    "modelType": "Raw P3D",
    "path": "dz/structures_sakhal/roads/parts",
    "usableOnConsole": false,
    "searchTags": "",
    "image": "images/structures_sakhal/roads/parts/asf1sakhal_dashedline_25.p3d.jpg",
    "id": "dzobj_r8k0cb52d7"
  },
  {
    "objectName": "asf1sakhal_dashedline_30 25.p3d",
    "inGameName": "-",
    "category": "structures_sakhal",
    "modelType": "Raw P3D",
    "path": "dz/structures_sakhal/roads/parts",
    "usableOnConsole": false,
    "searchTags": "",
    "image": "images/structures_sakhal/roads/parts/asf1sakhal_dashedline_30 25.p3d.jpg",
    "id": "dzobj_r62u98ccfy"
  },
  {
    "objectName": "asf1sakhal_dashedline_6.p3d",
    "inGameName": "-",
    "category": "structures_sakhal",
    "modelType": "Raw P3D",
    "path": "dz/structures_sakhal/roads/parts",
    "usableOnConsole": false,
    "searchTags": "",
    "image": "images/structures_sakhal/roads/parts/asf1sakhal_dashedline_6.p3d.jpg",
    "id": "dzobj_3rsiguqpha"
  },
  {
    "objectName": "asf1sakhal_dashedline_60 10.p3d",
    "inGameName": "-",
    "category": "structures_sakhal",
    "modelType": "Raw P3D",
    "path": "dz/structures_sakhal/roads/parts",
    "usableOnConsole": false,
    "searchTags": "",
    "image": "images/structures_sakhal/roads/parts/asf1sakhal_dashedline_60 10.p3d.jpg",
    "id": "dzobj_3lyw73hkjy"
  },
  {
    "objectName": "asf1sakhal_dashedline_6konec.p3d",
    "inGameName": "-",
    "category": "structures_sakhal",
    "modelType": "Raw P3D",
    "path": "dz/structures_sakhal/roads/parts",
    "usableOnConsole": false,
    "searchTags": "",
    "image": "images/structures_sakhal/roads/parts/asf1sakhal_dashedline_6konec.p3d.jpg",
    "id": "dzobj_hfbx18k4rd"
  },
  {
    "objectName": "asf1sakhal_dashedline_7 100.p3d",
    "inGameName": "-",
    "category": "structures_sakhal",
    "modelType": "Raw P3D",
    "path": "dz/structures_sakhal/roads/parts",
    "usableOnConsole": false,
    "searchTags": "",
    "image": "images/structures_sakhal/roads/parts/asf1sakhal_dashedline_7 100.p3d.jpg",
    "id": "dzobj_dey1785b5t"
  },
  {
    "objectName": "asf1sakhal_fullline_0 2000.p3d",
    "inGameName": "-",
    "category": "structures_sakhal",
    "modelType": "Raw P3D",
    "path": "dz/structures_sakhal/roads/parts",
    "usableOnConsole": false,
    "searchTags": "",
    "image": "images/structures_sakhal/roads/parts/asf1sakhal_fullline_0 2000.p3d.jpg",
    "id": "dzobj_4azd52ue84"
  },
  {
    "objectName": "asf1sakhal_fullline_1 1000.p3d",
    "inGameName": "-",
    "category": "structures_sakhal",
    "modelType": "Raw P3D",
    "path": "dz/structures_sakhal/roads/parts",
    "usableOnConsole": false,
    "searchTags": "",
    "image": "images/structures_sakhal/roads/parts/asf1sakhal_fullline_1 1000.p3d.jpg",
    "id": "dzobj_ztpvdwl9ac"
  },
  {
    "objectName": "asf1sakhal_fullline_10 100.p3d",
    "inGameName": "-",
    "category": "structures_sakhal",
    "modelType": "Raw P3D",
    "path": "dz/structures_sakhal/roads/parts",
    "usableOnConsole": false,
    "searchTags": "",
    "image": "images/structures_sakhal/roads/parts/asf1sakhal_fullline_10 100.p3d.jpg",
    "id": "dzobj_ptszfyi1bg"
  },
  {
    "objectName": "asf1sakhal_fullline_10 25.p3d",
    "inGameName": "-",
    "category": "structures_sakhal",
    "modelType": "Raw P3D",
    "path": "dz/structures_sakhal/roads/parts",
    "usableOnConsole": false,
    "searchTags": "",
    "image": "images/structures_sakhal/roads/parts/asf1sakhal_fullline_10 25.p3d.jpg",
    "id": "dzobj_m9sey3azw2"
  },
  {
    "objectName": "asf1sakhal_fullline_10 50.p3d",
    "inGameName": "-",
    "category": "structures_sakhal",
    "modelType": "Raw P3D",
    "path": "dz/structures_sakhal/roads/parts",
    "usableOnConsole": false,
    "searchTags": "",
    "image": "images/structures_sakhal/roads/parts/asf1sakhal_fullline_10 50.p3d.jpg",
    "id": "dzobj_h85cxnqkam"
  },
  {
    "objectName": "asf1sakhal_fullline_10 75.p3d",
    "inGameName": "-",
    "category": "structures_sakhal",
    "modelType": "Raw P3D",
    "path": "dz/structures_sakhal/roads/parts",
    "usableOnConsole": false,
    "searchTags": "",
    "image": "images/structures_sakhal/roads/parts/asf1sakhal_fullline_10 75.p3d.jpg",
    "id": "dzobj_30qmlt9bku"
  },
  {
    "objectName": "asf1sakhal_fullline_12.p3d",
    "inGameName": "-",
    "category": "structures_sakhal",
    "modelType": "Raw P3D",
    "path": "dz/structures_sakhal/roads/parts",
    "usableOnConsole": false,
    "searchTags": "",
    "image": "images/structures_sakhal/roads/parts/asf1sakhal_fullline_12.p3d.jpg",
    "id": "dzobj_t6z5muqffr"
  },
  {
    "objectName": "asf1sakhal_fullline_15 75.p3d",
    "inGameName": "-",
    "category": "structures_sakhal",
    "modelType": "Raw P3D",
    "path": "dz/structures_sakhal/roads/parts",
    "usableOnConsole": false,
    "searchTags": "",
    "image": "images/structures_sakhal/roads/parts/asf1sakhal_fullline_15 75.p3d.jpg",
    "id": "dzobj_4a37mphs2k"
  },
  {
    "objectName": "asf1sakhal_fullline_22 50.p3d",
    "inGameName": "-",
    "category": "structures_sakhal",
    "modelType": "Raw P3D",
    "path": "dz/structures_sakhal/roads/parts",
    "usableOnConsole": false,
    "searchTags": "",
    "image": "images/structures_sakhal/roads/parts/asf1sakhal_fullline_22 50.p3d.jpg",
    "id": "dzobj_yaimehiou3"
  },
  {
    "objectName": "asf1sakhal_fullline_25.p3d",
    "inGameName": "-",
    "category": "structures_sakhal",
    "modelType": "Raw P3D",
    "path": "dz/structures_sakhal/roads/parts",
    "usableOnConsole": false,
    "searchTags": "",
    "image": "images/structures_sakhal/roads/parts/asf1sakhal_fullline_25.p3d.jpg",
    "id": "dzobj_iv5y4gyx0p"
  },
  {
    "objectName": "asf1sakhal_fullline_30 25.p3d",
    "inGameName": "-",
    "category": "structures_sakhal",
    "modelType": "Raw P3D",
    "path": "dz/structures_sakhal/roads/parts",
    "usableOnConsole": false,
    "searchTags": "",
    "image": "images/structures_sakhal/roads/parts/asf1sakhal_fullline_30 25.p3d.jpg",
    "id": "dzobj_uhq7lcsg95"
  },
  {
    "objectName": "asf1sakhal_fullline_6.p3d",
    "inGameName": "-",
    "category": "structures_sakhal",
    "modelType": "Raw P3D",
    "path": "dz/structures_sakhal/roads/parts",
    "usableOnConsole": false,
    "searchTags": "",
    "image": "images/structures_sakhal/roads/parts/asf1sakhal_fullline_6.p3d.jpg",
    "id": "dzobj_c2ublubq2n"
  },
  {
    "objectName": "asf1sakhal_fullline_60 10.p3d",
    "inGameName": "-",
    "category": "structures_sakhal",
    "modelType": "Raw P3D",
    "path": "dz/structures_sakhal/roads/parts",
    "usableOnConsole": false,
    "searchTags": "",
    "image": "images/structures_sakhal/roads/parts/asf1sakhal_fullline_60 10.p3d.jpg",
    "id": "dzobj_e7a124ze15"
  },
  {
    "objectName": "asf1sakhal_fullline_6konec.p3d",
    "inGameName": "-",
    "category": "structures_sakhal",
    "modelType": "Raw P3D",
    "path": "dz/structures_sakhal/roads/parts",
    "usableOnConsole": false,
    "searchTags": "",
    "image": "images/structures_sakhal/roads/parts/asf1sakhal_fullline_6konec.p3d.jpg",
    "id": "dzobj_d1yhzq2e59"
  },
  {
    "objectName": "asf1sakhal_fullline_7 100.p3d",
    "inGameName": "-",
    "category": "structures_sakhal",
    "modelType": "Raw P3D",
    "path": "dz/structures_sakhal/roads/parts",
    "usableOnConsole": false,
    "searchTags": "",
    "image": "images/structures_sakhal/roads/parts/asf1sakhal_fullline_7 100.p3d.jpg",
    "id": "dzobj_mfqfjf2f80"
  },
  {
    "objectName": "asf2sakhal_0 2000.p3d",
    "inGameName": "-",
    "category": "structures_sakhal",
    "modelType": "Raw P3D",
    "path": "dz/structures_sakhal/roads/parts",
    "usableOnConsole": false,
    "searchTags": "",
    "image": "images/structures_sakhal/roads/parts/asf2sakhal_0 2000.p3d.jpg",
    "id": "dzobj_qk7l8iwmjk"
  },
  {
    "objectName": "asf2sakhal_1 1000.p3d",
    "inGameName": "-",
    "category": "structures_sakhal",
    "modelType": "Raw P3D",
    "path": "dz/structures_sakhal/roads/parts",
    "usableOnConsole": false,
    "searchTags": "",
    "image": "images/structures_sakhal/roads/parts/asf2sakhal_1 1000.p3d.jpg",
    "id": "dzobj_gdxjypiob0"
  },
  {
    "objectName": "asf2sakhal_10 100.p3d",
    "inGameName": "-",
    "category": "structures_sakhal",
    "modelType": "Raw P3D",
    "path": "dz/structures_sakhal/roads/parts",
    "usableOnConsole": false,
    "searchTags": "",
    "image": "images/structures_sakhal/roads/parts/asf2sakhal_10 100.p3d.jpg",
    "id": "dzobj_nojh1u3tka"
  },
  {
    "objectName": "asf2sakhal_10 25.p3d",
    "inGameName": "-",
    "category": "structures_sakhal",
    "modelType": "Raw P3D",
    "path": "dz/structures_sakhal/roads/parts",
    "usableOnConsole": false,
    "searchTags": "",
    "image": "images/structures_sakhal/roads/parts/asf2sakhal_10 25.p3d.jpg",
    "id": "dzobj_4lp58gk79m"
  },
  {
    "objectName": "asf2sakhal_10 50.p3d",
    "inGameName": "-",
    "category": "structures_sakhal",
    "modelType": "Raw P3D",
    "path": "dz/structures_sakhal/roads/parts",
    "usableOnConsole": false,
    "searchTags": "",
    "image": "images/structures_sakhal/roads/parts/asf2sakhal_10 50.p3d.jpg",
    "id": "dzobj_d4e408m0ld"
  },
  {
    "objectName": "asf2sakhal_10 75.p3d",
    "inGameName": "-",
    "category": "structures_sakhal",
    "modelType": "Raw P3D",
    "path": "dz/structures_sakhal/roads/parts",
    "usableOnConsole": false,
    "searchTags": "",
    "image": "images/structures_sakhal/roads/parts/asf2sakhal_10 75.p3d.jpg",
    "id": "dzobj_wb19cg5dam"
  },
  {
    "objectName": "asf2sakhal_12.p3d",
    "inGameName": "-",
    "category": "structures_sakhal",
    "modelType": "Raw P3D",
    "path": "dz/structures_sakhal/roads/parts",
    "usableOnConsole": false,
    "searchTags": "",
    "image": "images/structures_sakhal/roads/parts/asf2sakhal_12.p3d.jpg",
    "id": "dzobj_ngm6kdpcnt"
  },
  {
    "objectName": "asf2sakhal_15 75.p3d",
    "inGameName": "-",
    "category": "structures_sakhal",
    "modelType": "Raw P3D",
    "path": "dz/structures_sakhal/roads/parts",
    "usableOnConsole": false,
    "searchTags": "",
    "image": "images/structures_sakhal/roads/parts/asf2sakhal_15 75.p3d.jpg",
    "id": "dzobj_zzretrl9ih"
  },
  {
    "objectName": "asf2sakhal_22 50.p3d",
    "inGameName": "-",
    "category": "structures_sakhal",
    "modelType": "Raw P3D",
    "path": "dz/structures_sakhal/roads/parts",
    "usableOnConsole": false,
    "searchTags": "",
    "image": "images/structures_sakhal/roads/parts/asf2sakhal_22 50.p3d.jpg",
    "id": "dzobj_hdqi8gm3xr"
  },
  {
    "objectName": "asf2sakhal_25.p3d",
    "inGameName": "-",
    "category": "structures_sakhal",
    "modelType": "Raw P3D",
    "path": "dz/structures_sakhal/roads/parts",
    "usableOnConsole": false,
    "searchTags": "",
    "image": "images/structures_sakhal/roads/parts/asf2sakhal_25.p3d.jpg",
    "id": "dzobj_n54ghdwxqo"
  },
  {
    "objectName": "asf2sakhal_30 25.p3d",
    "inGameName": "-",
    "category": "structures_sakhal",
    "modelType": "Raw P3D",
    "path": "dz/structures_sakhal/roads/parts",
    "usableOnConsole": false,
    "searchTags": "",
    "image": "images/structures_sakhal/roads/parts/asf2sakhal_30 25.p3d.jpg",
    "id": "dzobj_sxu2pe2iqq"
  },
  {
    "objectName": "asf2sakhal_6.p3d",
    "inGameName": "-",
    "category": "structures_sakhal",
    "modelType": "Raw P3D",
    "path": "dz/structures_sakhal/roads/parts",
    "usableOnConsole": false,
    "searchTags": "",
    "image": "images/structures_sakhal/roads/parts/asf2sakhal_6.p3d.jpg",
    "id": "dzobj_zv1o0f06wn"
  },
  {
    "objectName": "asf2sakhal_60 10.p3d",
    "inGameName": "-",
    "category": "structures_sakhal",
    "modelType": "Raw P3D",
    "path": "dz/structures_sakhal/roads/parts",
    "usableOnConsole": false,
    "searchTags": "",
    "image": "images/structures_sakhal/roads/parts/asf2sakhal_60 10.p3d.jpg",
    "id": "dzobj_mblzvxgmwz"
  },
  {
    "objectName": "asf2sakhal_6konec1.p3d",
    "inGameName": "-",
    "category": "structures_sakhal",
    "modelType": "Raw P3D",
    "path": "dz/structures_sakhal/roads/parts",
    "usableOnConsole": false,
    "searchTags": "",
    "image": "images/structures_sakhal/roads/parts/asf2sakhal_6konec1.p3d.jpg",
    "id": "dzobj_4znel2sy2l"
  },
  {
    "objectName": "asf2sakhal_6konec2.p3d",
    "inGameName": "-",
    "category": "structures_sakhal",
    "modelType": "Raw P3D",
    "path": "dz/structures_sakhal/roads/parts",
    "usableOnConsole": false,
    "searchTags": "",
    "image": "images/structures_sakhal/roads/parts/asf2sakhal_6konec2.p3d.jpg",
    "id": "dzobj_57zjwle493"
  },
  {
    "objectName": "asf2sakhal_7 100.p3d",
    "inGameName": "-",
    "category": "structures_sakhal",
    "modelType": "Raw P3D",
    "path": "dz/structures_sakhal/roads/parts",
    "usableOnConsole": false,
    "searchTags": "",
    "image": "images/structures_sakhal/roads/parts/asf2sakhal_7 100.p3d.jpg",
    "id": "dzobj_j0ibo7siy8"
  },
  {
    "objectName": "asf3sakhal_0 2000.p3d",
    "inGameName": "-",
    "category": "structures_sakhal",
    "modelType": "Raw P3D",
    "path": "dz/structures_sakhal/roads/parts",
    "usableOnConsole": false,
    "searchTags": "",
    "image": "images/structures_sakhal/roads/parts/asf3sakhal_0 2000.p3d.jpg",
    "id": "dzobj_4y7z6igm71"
  },
  {
    "objectName": "asf3sakhal_1 1000.p3d",
    "inGameName": "-",
    "category": "structures_sakhal",
    "modelType": "Raw P3D",
    "path": "dz/structures_sakhal/roads/parts",
    "usableOnConsole": false,
    "searchTags": "",
    "image": "images/structures_sakhal/roads/parts/asf3sakhal_1 1000.p3d.jpg",
    "id": "dzobj_uhsy6rgnd3"
  },
  {
    "objectName": "asf3sakhal_10 100.p3d",
    "inGameName": "-",
    "category": "structures_sakhal",
    "modelType": "Raw P3D",
    "path": "dz/structures_sakhal/roads/parts",
    "usableOnConsole": false,
    "searchTags": "",
    "image": "images/structures_sakhal/roads/parts/asf3sakhal_10 100.p3d.jpg",
    "id": "dzobj_l7igifxxsf"
  },
  {
    "objectName": "asf3sakhal_10 25.p3d",
    "inGameName": "-",
    "category": "structures_sakhal",
    "modelType": "Raw P3D",
    "path": "dz/structures_sakhal/roads/parts",
    "usableOnConsole": false,
    "searchTags": "",
    "image": "images/structures_sakhal/roads/parts/asf3sakhal_10 25.p3d.jpg",
    "id": "dzobj_ptmy5skqu3"
  },
  {
    "objectName": "asf3sakhal_10 50.p3d",
    "inGameName": "-",
    "category": "structures_sakhal",
    "modelType": "Raw P3D",
    "path": "dz/structures_sakhal/roads/parts",
    "usableOnConsole": false,
    "searchTags": "",
    "image": "images/structures_sakhal/roads/parts/asf3sakhal_10 50.p3d.jpg",
    "id": "dzobj_lyfqde4hl1"
  },
  {
    "objectName": "asf3sakhal_10 75.p3d",
    "inGameName": "-",
    "category": "structures_sakhal",
    "modelType": "Raw P3D",
    "path": "dz/structures_sakhal/roads/parts",
    "usableOnConsole": false,
    "searchTags": "",
    "image": "images/structures_sakhal/roads/parts/asf3sakhal_10 75.p3d.jpg",
    "id": "dzobj_d8ao2g8nlt"
  },
  {
    "objectName": "asf3sakhal_12.p3d",
    "inGameName": "-",
    "category": "structures_sakhal",
    "modelType": "Raw P3D",
    "path": "dz/structures_sakhal/roads/parts",
    "usableOnConsole": false,
    "searchTags": "",
    "image": "images/structures_sakhal/roads/parts/asf3sakhal_12.p3d.jpg",
    "id": "dzobj_zrnfuyrszl"
  },
  {
    "objectName": "asf3sakhal_15 75.p3d",
    "inGameName": "-",
    "category": "structures_sakhal",
    "modelType": "Raw P3D",
    "path": "dz/structures_sakhal/roads/parts",
    "usableOnConsole": false,
    "searchTags": "",
    "image": "images/structures_sakhal/roads/parts/asf3sakhal_15 75.p3d.jpg",
    "id": "dzobj_hgoq9tsc4b"
  },
  {
    "objectName": "asf3sakhal_22 50.p3d",
    "inGameName": "-",
    "category": "structures_sakhal",
    "modelType": "Raw P3D",
    "path": "dz/structures_sakhal/roads/parts",
    "usableOnConsole": false,
    "searchTags": "",
    "image": "images/structures_sakhal/roads/parts/asf3sakhal_22 50.p3d.jpg",
    "id": "dzobj_bmmpkb3kjk"
  },
  {
    "objectName": "asf3sakhal_25.p3d",
    "inGameName": "-",
    "category": "structures_sakhal",
    "modelType": "Raw P3D",
    "path": "dz/structures_sakhal/roads/parts",
    "usableOnConsole": false,
    "searchTags": "",
    "image": "images/structures_sakhal/roads/parts/asf3sakhal_25.p3d.jpg",
    "id": "dzobj_yu5glf3jph"
  },
  {
    "objectName": "asf3sakhal_30 25.p3d",
    "inGameName": "-",
    "category": "structures_sakhal",
    "modelType": "Raw P3D",
    "path": "dz/structures_sakhal/roads/parts",
    "usableOnConsole": false,
    "searchTags": "",
    "image": "images/structures_sakhal/roads/parts/asf3sakhal_30 25.p3d.jpg",
    "id": "dzobj_wh2y709tpf"
  },
  {
    "objectName": "asf3sakhal_6.p3d",
    "inGameName": "-",
    "category": "structures_sakhal",
    "modelType": "Raw P3D",
    "path": "dz/structures_sakhal/roads/parts",
    "usableOnConsole": false,
    "searchTags": "",
    "image": "images/structures_sakhal/roads/parts/asf3sakhal_6.p3d.jpg",
    "id": "dzobj_9l1cxqi0yi"
  },
  {
    "objectName": "asf3sakhal_60 10.p3d",
    "inGameName": "-",
    "category": "structures_sakhal",
    "modelType": "Raw P3D",
    "path": "dz/structures_sakhal/roads/parts",
    "usableOnConsole": false,
    "searchTags": "",
    "image": "images/structures_sakhal/roads/parts/asf3sakhal_60 10.p3d.jpg",
    "id": "dzobj_80gk73bkkv"
  },
  {
    "objectName": "asf3sakhal_6konec.p3d",
    "inGameName": "-",
    "category": "structures_sakhal",
    "modelType": "Raw P3D",
    "path": "dz/structures_sakhal/roads/parts",
    "usableOnConsole": false,
    "searchTags": "",
    "image": "images/structures_sakhal/roads/parts/asf3sakhal_6konec.p3d.jpg",
    "id": "dzobj_qp2gj58ny0"
  },
  {
    "objectName": "asf3sakhal_7 100.p3d",
    "inGameName": "-",
    "category": "structures_sakhal",
    "modelType": "Raw P3D",
    "path": "dz/structures_sakhal/roads/parts",
    "usableOnConsole": false,
    "searchTags": "",
    "image": "images/structures_sakhal/roads/parts/asf3sakhal_7 100.p3d.jpg",
    "id": "dzobj_nyo7k8m8xq"
  },
  {
    "objectName": "gravsakhal_0 2000.p3d",
    "inGameName": "-",
    "category": "structures_sakhal",
    "modelType": "Raw P3D",
    "path": "dz/structures_sakhal/roads/parts",
    "usableOnConsole": false,
    "searchTags": "",
    "image": "images/structures_sakhal/roads/parts/gravsakhal_0 2000.p3d.jpg",
    "id": "dzobj_43dzdqbbea"
  },
  {
    "objectName": "gravsakhal_1 1000.p3d",
    "inGameName": "-",
    "category": "structures_sakhal",
    "modelType": "Raw P3D",
    "path": "dz/structures_sakhal/roads/parts",
    "usableOnConsole": false,
    "searchTags": "",
    "image": "images/structures_sakhal/roads/parts/gravsakhal_1 1000.p3d.jpg",
    "id": "dzobj_u1coju5ksp"
  },
  {
    "objectName": "gravsakhal_10 100.p3d",
    "inGameName": "-",
    "category": "structures_sakhal",
    "modelType": "Raw P3D",
    "path": "dz/structures_sakhal/roads/parts",
    "usableOnConsole": false,
    "searchTags": "",
    "image": "images/structures_sakhal/roads/parts/gravsakhal_10 100.p3d.jpg",
    "id": "dzobj_bwtszf8sr5"
  },
  {
    "objectName": "gravsakhal_10 25.p3d",
    "inGameName": "-",
    "category": "structures_sakhal",
    "modelType": "Raw P3D",
    "path": "dz/structures_sakhal/roads/parts",
    "usableOnConsole": false,
    "searchTags": "",
    "image": "images/structures_sakhal/roads/parts/gravsakhal_10 25.p3d.jpg",
    "id": "dzobj_eo0w4ikt8j"
  },
  {
    "objectName": "gravsakhal_10 50.p3d",
    "inGameName": "-",
    "category": "structures_sakhal",
    "modelType": "Raw P3D",
    "path": "dz/structures_sakhal/roads/parts",
    "usableOnConsole": false,
    "searchTags": "",
    "image": "images/structures_sakhal/roads/parts/gravsakhal_10 50.p3d.jpg",
    "id": "dzobj_83i9xflzm5"
  },
  {
    "objectName": "gravsakhal_10 75.p3d",
    "inGameName": "-",
    "category": "structures_sakhal",
    "modelType": "Raw P3D",
    "path": "dz/structures_sakhal/roads/parts",
    "usableOnConsole": false,
    "searchTags": "",
    "image": "images/structures_sakhal/roads/parts/gravsakhal_10 75.p3d.jpg",
    "id": "dzobj_jw9v9nzlfl"
  },
  {
    "objectName": "gravsakhal_12.p3d",
    "inGameName": "-",
    "category": "structures_sakhal",
    "modelType": "Raw P3D",
    "path": "dz/structures_sakhal/roads/parts",
    "usableOnConsole": false,
    "searchTags": "",
    "image": "images/structures_sakhal/roads/parts/gravsakhal_12.p3d.jpg",
    "id": "dzobj_gk7vz2ntwb"
  },
  {
    "objectName": "gravsakhal_15 75.p3d",
    "inGameName": "-",
    "category": "structures_sakhal",
    "modelType": "Raw P3D",
    "path": "dz/structures_sakhal/roads/parts",
    "usableOnConsole": false,
    "searchTags": "",
    "image": "images/structures_sakhal/roads/parts/gravsakhal_15 75.p3d.jpg",
    "id": "dzobj_8yqcb2abnc"
  },
  {
    "objectName": "gravsakhal_22 50.p3d",
    "inGameName": "-",
    "category": "structures_sakhal",
    "modelType": "Raw P3D",
    "path": "dz/structures_sakhal/roads/parts",
    "usableOnConsole": false,
    "searchTags": "",
    "image": "images/structures_sakhal/roads/parts/gravsakhal_22 50.p3d.jpg",
    "id": "dzobj_ppne0liwkj"
  },
  {
    "objectName": "gravsakhal_25.p3d",
    "inGameName": "-",
    "category": "structures_sakhal",
    "modelType": "Raw P3D",
    "path": "dz/structures_sakhal/roads/parts",
    "usableOnConsole": false,
    "searchTags": "",
    "image": "images/structures_sakhal/roads/parts/gravsakhal_25.p3d.jpg",
    "id": "dzobj_ocw6vusqdp"
  },
  {
    "objectName": "gravsakhal_30 25.p3d",
    "inGameName": "-",
    "category": "structures_sakhal",
    "modelType": "Raw P3D",
    "path": "dz/structures_sakhal/roads/parts",
    "usableOnConsole": false,
    "searchTags": "",
    "image": "images/structures_sakhal/roads/parts/gravsakhal_30 25.p3d.jpg",
    "id": "dzobj_fbsle2szp4"
  },
  {
    "objectName": "gravsakhal_6.p3d",
    "inGameName": "-",
    "category": "structures_sakhal",
    "modelType": "Raw P3D",
    "path": "dz/structures_sakhal/roads/parts",
    "usableOnConsole": false,
    "searchTags": "",
    "image": "images/structures_sakhal/roads/parts/gravsakhal_6.p3d.jpg",
    "id": "dzobj_zgi79z5o9k"
  },
  {
    "objectName": "gravsakhal_60 10.p3d",
    "inGameName": "-",
    "category": "structures_sakhal",
    "modelType": "Raw P3D",
    "path": "dz/structures_sakhal/roads/parts",
    "usableOnConsole": false,
    "searchTags": "",
    "image": "images/structures_sakhal/roads/parts/gravsakhal_60 10.p3d.jpg",
    "id": "dzobj_l0ps1wtl6o"
  },
  {
    "objectName": "gravsakhal_6konec.p3d",
    "inGameName": "-",
    "category": "structures_sakhal",
    "modelType": "Raw P3D",
    "path": "dz/structures_sakhal/roads/parts",
    "usableOnConsole": false,
    "searchTags": "",
    "image": "images/structures_sakhal/roads/parts/gravsakhal_6konec.p3d.jpg",
    "id": "dzobj_2ue76wb4z3"
  },
  {
    "objectName": "gravsakhal_7 100.p3d",
    "inGameName": "-",
    "category": "structures_sakhal",
    "modelType": "Raw P3D",
    "path": "dz/structures_sakhal/roads/parts",
    "usableOnConsole": false,
    "searchTags": "",
    "image": "images/structures_sakhal/roads/parts/gravsakhal_7 100.p3d.jpg",
    "id": "dzobj_16zz33op6c"
  },
  {
    "objectName": "mudsakhal_0 2000.p3d",
    "inGameName": "-",
    "category": "structures_sakhal",
    "modelType": "Raw P3D",
    "path": "dz/structures_sakhal/roads/parts",
    "usableOnConsole": false,
    "searchTags": "",
    "image": "images/structures_sakhal/roads/parts/mudsakhal_0 2000.p3d.jpg",
    "id": "dzobj_6xnrumz5vk"
  },
  {
    "objectName": "mudsakhal_1 1000.p3d",
    "inGameName": "-",
    "category": "structures_sakhal",
    "modelType": "Raw P3D",
    "path": "dz/structures_sakhal/roads/parts",
    "usableOnConsole": false,
    "searchTags": "",
    "image": "images/structures_sakhal/roads/parts/mudsakhal_1 1000.p3d.jpg",
    "id": "dzobj_89dnmrzatw"
  },
  {
    "objectName": "mudsakhal_10 100.p3d",
    "inGameName": "-",
    "category": "structures_sakhal",
    "modelType": "Raw P3D",
    "path": "dz/structures_sakhal/roads/parts",
    "usableOnConsole": false,
    "searchTags": "",
    "image": "images/structures_sakhal/roads/parts/mudsakhal_10 100.p3d.jpg",
    "id": "dzobj_zvcnzyurh4"
  },
  {
    "objectName": "mudsakhal_10 25.p3d",
    "inGameName": "-",
    "category": "structures_sakhal",
    "modelType": "Raw P3D",
    "path": "dz/structures_sakhal/roads/parts",
    "usableOnConsole": false,
    "searchTags": "",
    "image": "images/structures_sakhal/roads/parts/mudsakhal_10 25.p3d.jpg",
    "id": "dzobj_s8pm5v64hl"
  },
  {
    "objectName": "mudsakhal_10 50.p3d",
    "inGameName": "-",
    "category": "structures_sakhal",
    "modelType": "Raw P3D",
    "path": "dz/structures_sakhal/roads/parts",
    "usableOnConsole": false,
    "searchTags": "",
    "image": "images/structures_sakhal/roads/parts/mudsakhal_10 50.p3d.jpg",
    "id": "dzobj_x44aecvv93"
  },
  {
    "objectName": "mudsakhal_10 75.p3d",
    "inGameName": "-",
    "category": "structures_sakhal",
    "modelType": "Raw P3D",
    "path": "dz/structures_sakhal/roads/parts",
    "usableOnConsole": false,
    "searchTags": "",
    "image": "images/structures_sakhal/roads/parts/mudsakhal_10 75.p3d.jpg",
    "id": "dzobj_f2twp0hjoq"
  },
  {
    "objectName": "mudsakhal_12.p3d",
    "inGameName": "-",
    "category": "structures_sakhal",
    "modelType": "Raw P3D",
    "path": "dz/structures_sakhal/roads/parts",
    "usableOnConsole": false,
    "searchTags": "",
    "image": "images/structures_sakhal/roads/parts/mudsakhal_12.p3d.jpg",
    "id": "dzobj_82843ny4kv"
  },
  {
    "objectName": "mudsakhal_15 75.p3d",
    "inGameName": "-",
    "category": "structures_sakhal",
    "modelType": "Raw P3D",
    "path": "dz/structures_sakhal/roads/parts",
    "usableOnConsole": false,
    "searchTags": "",
    "image": "images/structures_sakhal/roads/parts/mudsakhal_15 75.p3d.jpg",
    "id": "dzobj_zvh20ngumo"
  },
  {
    "objectName": "mudsakhal_22 50.p3d",
    "inGameName": "-",
    "category": "structures_sakhal",
    "modelType": "Raw P3D",
    "path": "dz/structures_sakhal/roads/parts",
    "usableOnConsole": false,
    "searchTags": "",
    "image": "images/structures_sakhal/roads/parts/mudsakhal_22 50.p3d.jpg",
    "id": "dzobj_t0nnfy5rbn"
  },
  {
    "objectName": "mudsakhal_25.p3d",
    "inGameName": "-",
    "category": "structures_sakhal",
    "modelType": "Raw P3D",
    "path": "dz/structures_sakhal/roads/parts",
    "usableOnConsole": false,
    "searchTags": "",
    "image": "images/structures_sakhal/roads/parts/mudsakhal_25.p3d.jpg",
    "id": "dzobj_s6c4klbej3"
  },
  {
    "objectName": "mudsakhal_30 25.p3d",
    "inGameName": "-",
    "category": "structures_sakhal",
    "modelType": "Raw P3D",
    "path": "dz/structures_sakhal/roads/parts",
    "usableOnConsole": false,
    "searchTags": "",
    "image": "images/structures_sakhal/roads/parts/mudsakhal_30 25.p3d.jpg",
    "id": "dzobj_7d9983is5i"
  },
  {
    "objectName": "mudsakhal_6.p3d",
    "inGameName": "-",
    "category": "structures_sakhal",
    "modelType": "Raw P3D",
    "path": "dz/structures_sakhal/roads/parts",
    "usableOnConsole": false,
    "searchTags": "",
    "image": "images/structures_sakhal/roads/parts/mudsakhal_6.p3d.jpg",
    "id": "dzobj_q61viubr3t"
  },
  {
    "objectName": "mudsakhal_60 10.p3d",
    "inGameName": "-",
    "category": "structures_sakhal",
    "modelType": "Raw P3D",
    "path": "dz/structures_sakhal/roads/parts",
    "usableOnConsole": false,
    "searchTags": "",
    "image": "images/structures_sakhal/roads/parts/mudsakhal_60 10.p3d.jpg",
    "id": "dzobj_nj1k3adc7a"
  },
  {
    "objectName": "mudsakhal_6konec.p3d",
    "inGameName": "-",
    "category": "structures_sakhal",
    "modelType": "Raw P3D",
    "path": "dz/structures_sakhal/roads/parts",
    "usableOnConsole": false,
    "searchTags": "",
    "image": "images/structures_sakhal/roads/parts/mudsakhal_6konec.p3d.jpg",
    "id": "dzobj_4z8100otll"
  },
  {
    "objectName": "mudsakhal_7 100.p3d",
    "inGameName": "-",
    "category": "structures_sakhal",
    "modelType": "Raw P3D",
    "path": "dz/structures_sakhal/roads/parts",
    "usableOnConsole": false,
    "searchTags": "",
    "image": "images/structures_sakhal/roads/parts/mudsakhal_7 100.p3d.jpg",
    "id": "dzobj_zjgk4f8rfd"
  },
  {
    "objectName": "quarrysakhal_0 2000.p3d",
    "inGameName": "-",
    "category": "structures_sakhal",
    "modelType": "Raw P3D",
    "path": "dz/structures_sakhal/roads/parts",
    "usableOnConsole": false,
    "searchTags": "",
    "image": "images/structures_sakhal/roads/parts/quarrysakhal_0 2000.p3d.jpg",
    "id": "dzobj_loruwasmou"
  },
  {
    "objectName": "quarrysakhal_1 1000.p3d",
    "inGameName": "-",
    "category": "structures_sakhal",
    "modelType": "Raw P3D",
    "path": "dz/structures_sakhal/roads/parts",
    "usableOnConsole": false,
    "searchTags": "",
    "image": "images/structures_sakhal/roads/parts/quarrysakhal_1 1000.p3d.jpg",
    "id": "dzobj_tc9rtv9zn1"
  },
  {
    "objectName": "quarrysakhal_10 100.p3d",
    "inGameName": "-",
    "category": "structures_sakhal",
    "modelType": "Raw P3D",
    "path": "dz/structures_sakhal/roads/parts",
    "usableOnConsole": false,
    "searchTags": "",
    "image": "images/structures_sakhal/roads/parts/quarrysakhal_10 100.p3d.jpg",
    "id": "dzobj_3znq8mrt5t"
  },
  {
    "objectName": "quarrysakhal_10 25.p3d",
    "inGameName": "-",
    "category": "structures_sakhal",
    "modelType": "Raw P3D",
    "path": "dz/structures_sakhal/roads/parts",
    "usableOnConsole": false,
    "searchTags": "",
    "image": "images/structures_sakhal/roads/parts/quarrysakhal_10 25.p3d.jpg",
    "id": "dzobj_pzl63va0z7"
  },
  {
    "objectName": "quarrysakhal_10 50.p3d",
    "inGameName": "-",
    "category": "structures_sakhal",
    "modelType": "Raw P3D",
    "path": "dz/structures_sakhal/roads/parts",
    "usableOnConsole": false,
    "searchTags": "",
    "image": "images/structures_sakhal/roads/parts/quarrysakhal_10 50.p3d.jpg",
    "id": "dzobj_ter4xk6qr9"
  },
  {
    "objectName": "quarrysakhal_10 75.p3d",
    "inGameName": "-",
    "category": "structures_sakhal",
    "modelType": "Raw P3D",
    "path": "dz/structures_sakhal/roads/parts",
    "usableOnConsole": false,
    "searchTags": "",
    "image": "images/structures_sakhal/roads/parts/quarrysakhal_10 75.p3d.jpg",
    "id": "dzobj_uugzfl4u6t"
  },
  {
    "objectName": "quarrysakhal_12.p3d",
    "inGameName": "-",
    "category": "structures_sakhal",
    "modelType": "Raw P3D",
    "path": "dz/structures_sakhal/roads/parts",
    "usableOnConsole": false,
    "searchTags": "",
    "image": "images/structures_sakhal/roads/parts/quarrysakhal_12.p3d.jpg",
    "id": "dzobj_1vrdaflspn"
  },
  {
    "objectName": "quarrysakhal_15 75.p3d",
    "inGameName": "-",
    "category": "structures_sakhal",
    "modelType": "Raw P3D",
    "path": "dz/structures_sakhal/roads/parts",
    "usableOnConsole": false,
    "searchTags": "",
    "image": "images/structures_sakhal/roads/parts/quarrysakhal_15 75.p3d.jpg",
    "id": "dzobj_ltpvfbd82y"
  },
  {
    "objectName": "quarrysakhal_22 50.p3d",
    "inGameName": "-",
    "category": "structures_sakhal",
    "modelType": "Raw P3D",
    "path": "dz/structures_sakhal/roads/parts",
    "usableOnConsole": false,
    "searchTags": "",
    "image": "images/structures_sakhal/roads/parts/quarrysakhal_22 50.p3d.jpg",
    "id": "dzobj_qcbivp346q"
  },
  {
    "objectName": "quarrysakhal_25.p3d",
    "inGameName": "-",
    "category": "structures_sakhal",
    "modelType": "Raw P3D",
    "path": "dz/structures_sakhal/roads/parts",
    "usableOnConsole": false,
    "searchTags": "",
    "image": "images/structures_sakhal/roads/parts/quarrysakhal_25.p3d.jpg",
    "id": "dzobj_bgzx7ak68r"
  },
  {
    "objectName": "quarrysakhal_30 25.p3d",
    "inGameName": "-",
    "category": "structures_sakhal",
    "modelType": "Raw P3D",
    "path": "dz/structures_sakhal/roads/parts",
    "usableOnConsole": false,
    "searchTags": "",
    "image": "images/structures_sakhal/roads/parts/quarrysakhal_30 25.p3d.jpg",
    "id": "dzobj_f5tkiy3spx"
  },
  {
    "objectName": "quarrysakhal_6.p3d",
    "inGameName": "-",
    "category": "structures_sakhal",
    "modelType": "Raw P3D",
    "path": "dz/structures_sakhal/roads/parts",
    "usableOnConsole": false,
    "searchTags": "",
    "image": "images/structures_sakhal/roads/parts/quarrysakhal_6.p3d.jpg",
    "id": "dzobj_hdfz3mn22b"
  },
  {
    "objectName": "quarrysakhal_60 10.p3d",
    "inGameName": "-",
    "category": "structures_sakhal",
    "modelType": "Raw P3D",
    "path": "dz/structures_sakhal/roads/parts",
    "usableOnConsole": false,
    "searchTags": "",
    "image": "images/structures_sakhal/roads/parts/quarrysakhal_60 10.p3d.jpg",
    "id": "dzobj_m42yya2vri"
  },
  {
    "objectName": "quarrysakhal_6konec.p3d",
    "inGameName": "-",
    "category": "structures_sakhal",
    "modelType": "Raw P3D",
    "path": "dz/structures_sakhal/roads/parts",
    "usableOnConsole": false,
    "searchTags": "",
    "image": "images/structures_sakhal/roads/parts/quarrysakhal_6konec.p3d.jpg",
    "id": "dzobj_z5e5c71wro"
  },
  {
    "objectName": "quarrysakhal_7 100.p3d",
    "inGameName": "-",
    "category": "structures_sakhal",
    "modelType": "Raw P3D",
    "path": "dz/structures_sakhal/roads/parts",
    "usableOnConsole": false,
    "searchTags": "",
    "image": "images/structures_sakhal/roads/parts/quarrysakhal_7 100.p3d.jpg",
    "id": "dzobj_y24f68brh6"
  },
  {
    "objectName": "snowroad_0 2000.p3d",
    "inGameName": "-",
    "category": "structures_sakhal",
    "modelType": "Raw P3D",
    "path": "dz/structures_sakhal/roads/parts",
    "usableOnConsole": false,
    "searchTags": "",
    "image": "images/structures_sakhal/roads/parts/snowroad_0 2000.p3d.jpg",
    "id": "dzobj_we14bnh6nu"
  },
  {
    "objectName": "snowroad_1 1000.p3d",
    "inGameName": "-",
    "category": "structures_sakhal",
    "modelType": "Raw P3D",
    "path": "dz/structures_sakhal/roads/parts",
    "usableOnConsole": false,
    "searchTags": "",
    "image": "images/structures_sakhal/roads/parts/snowroad_1 1000.p3d.jpg",
    "id": "dzobj_2a03pr138d"
  },
  {
    "objectName": "snowroad_10 100.p3d",
    "inGameName": "-",
    "category": "structures_sakhal",
    "modelType": "Raw P3D",
    "path": "dz/structures_sakhal/roads/parts",
    "usableOnConsole": false,
    "searchTags": "",
    "image": "images/structures_sakhal/roads/parts/snowroad_10 100.p3d.jpg",
    "id": "dzobj_36z01gbhy1"
  },
  {
    "objectName": "snowroad_10 25.p3d",
    "inGameName": "-",
    "category": "structures_sakhal",
    "modelType": "Raw P3D",
    "path": "dz/structures_sakhal/roads/parts",
    "usableOnConsole": false,
    "searchTags": "",
    "image": "images/structures_sakhal/roads/parts/snowroad_10 25.p3d.jpg",
    "id": "dzobj_x03x2jkcmg"
  },
  {
    "objectName": "snowroad_10 50.p3d",
    "inGameName": "-",
    "category": "structures_sakhal",
    "modelType": "Raw P3D",
    "path": "dz/structures_sakhal/roads/parts",
    "usableOnConsole": false,
    "searchTags": "",
    "image": "images/structures_sakhal/roads/parts/snowroad_10 50.p3d.jpg",
    "id": "dzobj_4rt8fl3dj0"
  },
  {
    "objectName": "snowroad_10 75.p3d",
    "inGameName": "-",
    "category": "structures_sakhal",
    "modelType": "Raw P3D",
    "path": "dz/structures_sakhal/roads/parts",
    "usableOnConsole": false,
    "searchTags": "",
    "image": "images/structures_sakhal/roads/parts/snowroad_10 75.p3d.jpg",
    "id": "dzobj_x5uuimkyz1"
  },
  {
    "objectName": "snowroad_12.p3d",
    "inGameName": "-",
    "category": "structures_sakhal",
    "modelType": "Raw P3D",
    "path": "dz/structures_sakhal/roads/parts",
    "usableOnConsole": false,
    "searchTags": "",
    "image": "images/structures_sakhal/roads/parts/snowroad_12.p3d.jpg",
    "id": "dzobj_m3e4p864si"
  },
  {
    "objectName": "snowroad_15 75.p3d",
    "inGameName": "-",
    "category": "structures_sakhal",
    "modelType": "Raw P3D",
    "path": "dz/structures_sakhal/roads/parts",
    "usableOnConsole": false,
    "searchTags": "",
    "image": "images/structures_sakhal/roads/parts/snowroad_15 75.p3d.jpg",
    "id": "dzobj_byv68dtpnh"
  },
  {
    "objectName": "snowroad_22 50.p3d",
    "inGameName": "-",
    "category": "structures_sakhal",
    "modelType": "Raw P3D",
    "path": "dz/structures_sakhal/roads/parts",
    "usableOnConsole": false,
    "searchTags": "",
    "image": "images/structures_sakhal/roads/parts/snowroad_22 50.p3d.jpg",
    "id": "dzobj_d6z46x4b4n"
  },
  {
    "objectName": "snowroad_25.p3d",
    "inGameName": "-",
    "category": "structures_sakhal",
    "modelType": "Raw P3D",
    "path": "dz/structures_sakhal/roads/parts",
    "usableOnConsole": false,
    "searchTags": "",
    "image": "images/structures_sakhal/roads/parts/snowroad_25.p3d.jpg",
    "id": "dzobj_77i7fgd7a5"
  },
  {
    "objectName": "snowroad_30 25.p3d",
    "inGameName": "-",
    "category": "structures_sakhal",
    "modelType": "Raw P3D",
    "path": "dz/structures_sakhal/roads/parts",
    "usableOnConsole": false,
    "searchTags": "",
    "image": "images/structures_sakhal/roads/parts/snowroad_30 25.p3d.jpg",
    "id": "dzobj_0nmc9rx7i6"
  },
  {
    "objectName": "snowroad_6.p3d",
    "inGameName": "-",
    "category": "structures_sakhal",
    "modelType": "Raw P3D",
    "path": "dz/structures_sakhal/roads/parts",
    "usableOnConsole": false,
    "searchTags": "",
    "image": "images/structures_sakhal/roads/parts/snowroad_6.p3d.jpg",
    "id": "dzobj_ws07h8pqe1"
  },
  {
    "objectName": "snowroad_60 10.p3d",
    "inGameName": "-",
    "category": "structures_sakhal",
    "modelType": "Raw P3D",
    "path": "dz/structures_sakhal/roads/parts",
    "usableOnConsole": false,
    "searchTags": "",
    "image": "images/structures_sakhal/roads/parts/snowroad_60 10.p3d.jpg",
    "id": "dzobj_irjne7dx8h"
  },
  {
    "objectName": "snowroad_6konec.p3d",
    "inGameName": "-",
    "category": "structures_sakhal",
    "modelType": "Raw P3D",
    "path": "dz/structures_sakhal/roads/parts",
    "usableOnConsole": false,
    "searchTags": "",
    "image": "images/structures_sakhal/roads/parts/snowroad_6konec.p3d.jpg",
    "id": "dzobj_53a4ztibgs"
  },
  {
    "objectName": "snowroad_7 100.p3d",
    "inGameName": "-",
    "category": "structures_sakhal",
    "modelType": "Raw P3D",
    "path": "dz/structures_sakhal/roads/parts",
    "usableOnConsole": false,
    "searchTags": "",
    "image": "images/structures_sakhal/roads/parts/snowroad_7 100.p3d.jpg",
    "id": "dzobj_fpjz0vxflw"
  }
]
