[
  {
    "objectName": "CZ61",
    "inGameName": "CR-61 Skorpion",
    "category": "weapons",
    "modelType": "Config",
    "path": "dz/weapons/firearms/cz61",
    "usableOnConsole": true,
    "searchTags": "submachine_gun, skorpion automatic, .380acp",
    "image": "images/weapons/firearms/cz61.jpg"
  },
  {
    "objectName": "cz61.p3d",
    "inGameName": "CR-61 Skorpion",
    "category": "weapons",
    "modelType": "Raw P3D",
    "path": "dz/weapons/firearms/cz61",
    "usableOnConsole": false,
    "searchTags": "submachine_gun, skorpion automatic, .380acp",
    "image": "images/weapons/firearms/dzweaponsfirearmscz61cz61.p3d.jpg"
  }
]
