[
  {
    "objectName": "Land_Underground_Tunnel_Single",
    "inGameName": "-",
    "category": "structures_bliss",
    "modelType": "Config",
    "path": "dz/structures_bliss/underground/tunnel",
    "usableOnConsole": true,
    "searchTags": "livonia, bunker",
    "image": "images/structures_bliss/underground/tunnel/land_underground_tunnel_single.jpg"
  },
  {
    "objectName": "Land_Underground_Tunnel_Single_Left",
    "inGameName": "-",
    "category": "structures_bliss",
    "modelType": "Config",
    "path": "dz/structures_bliss/underground/tunnel",
    "usableOnConsole": true,
    "searchTags": "livonia, bunker",
    "image": "images/structures_bliss/underground/tunnel/land_underground_tunnel_single_left.jpg"
  },
  {
    "objectName": "Land_Underground_Tunnel_Single_Right",
    "inGameName": "-",
    "category": "structures_bliss",
    "modelType": "Config",
    "path": "dz/structures_bliss/underground/tunnel",
    "usableOnConsole": true,
    "searchTags": "livonia, bunker",
    "image": "images/structures_bliss/underground/tunnel/land_underground_tunnel_single_right.jpg"
  },
  {
    "objectName": "underground_tunnel_single.p3d",
    "inGameName": "-",
    "category": "structures_bliss",
    "modelType": "Raw P3D",
    "path": "dz/structures_bliss/underground/tunnel",
    "usableOnConsole": false,
    "searchTags": "livonia, bunker",
    "image": "images/structures_bliss/underground/tunnel/land_underground_tunnel_single.jpg"
  },
  {
    "objectName": "underground_tunnel_single_left.p3d",
    "inGameName": "-",
    "category": "structures_bliss",
    "modelType": "Raw P3D",
    "path": "dz/structures_bliss/underground/tunnel",
    "usableOnConsole": false,
    "searchTags": "livonia, bunker",
    "image": "images/structures_bliss/underground/tunnel/land_underground_tunnel_single_left.jpg"
  },
  {
    "objectName": "underground_tunnel_single_right.p3d",
    "inGameName": "-",
    "category": "structures_bliss",
    "modelType": "Raw P3D",
    "path": "dz/structures_bliss/underground/tunnel",
    "usableOnConsole": false,
    "searchTags": "livonia, bunker",
    "image": "images/structures_bliss/underground/tunnel/land_underground_tunnel_single_right.jpg"
  }
]
