[
  {
    "objectName": "Land_Power_Pole_Conc1_Amp",
    "inGameName": "Amplion on concrete pole",
    "category": "structures",
    "modelType": "Config",
    "path": "dz/structures/industrial/power",
    "usableOnConsole": true,
    "searchTags": "pole, metal, PA, pa_system, speaker, infrastructure, electricity, utility",
    "image": "images/structures/industrial/power/land_power_pole_conc1_amp.jpg",
    "id": "dzobj_40bu63hgps"
  },
  {
    "objectName": "Land_Power_Pole_Conc4_Lamp_Amp",
    "inGameName": "Amplion on concrete pole",
    "category": "structures",
    "modelType": "Config",
    "path": "dz/structures/industrial/power",
    "usableOnConsole": true,
    "searchTags": "pole, metal, PA, pa_system, speaker, infrastructure, street_light, street_lamp",
    "image": "images/structures/industrial/power/land_power_pole_conc4_lamp_amp.jpg",
    "id": "dzobj_0eidmm5ira"
  },
  {
    "objectName": "Land_Power_Pole_Wood1_Amp",
    "inGameName": "Amplion on wooden pole",
    "category": "structures",
    "modelType": "Config",
    "path": "dz/structures/industrial/power",
    "usableOnConsole": true,
    "searchTags": "electricity, pole, wood, powerline, infrastructure, utility, PA, pa_system, speaker",
    "image": "images/structures/industrial/power/land_power_pole_wood1_amp.jpg",
    "id": "dzobj_biv9plax23"
  },
  {
    "objectName": "Land_Power_Pole_Wood1_Lamp_Amp",
    "inGameName": "Amplion on wooden pole",
    "category": "structures",
    "modelType": "Config",
    "path": "dz/structures/industrial/power",
    "usableOnConsole": true,
    "searchTags": "electricity, pole, wood, lamp, light, streetlight, utility, PA, pa_system, speaker",
    "image": "images/structures/industrial/power/land_power_pole_wood1_lamp_amp.jpg",
    "id": "dzobj_k5wbdsg5pw"
  },
  {
    "objectName": "StaticObj_Power_HV_Line",
    "inGameName": "-",
    "category": "structures",
    "modelType": "Config",
    "path": "dz/structures/industrial/power",
    "usableOnConsole": true,
    "searchTags": "industrial",
    "image": "images/structures/industrial/power/staticobj_power_hv_line.jpg",
    "id": "dzobj_gicbpt98eh"
  },
  {
    "objectName": "StaticObj_Power_HV_Line_80m_damaged",
    "inGameName": "-",
    "category": "structures",
    "modelType": "Config",
    "path": "dz/structures/industrial/power",
    "usableOnConsole": true,
    "searchTags": "electricity, powerline, damaged, infrastructure, high_voltage",
    "image": "images/structures/industrial/power/staticobj_power_hv_line_80m_damaged.jpg",
    "id": "dzobj_t1mzs2b91a"
  },
  {
    "objectName": "StaticObj_Power_HV_Line_damaged",
    "inGameName": "-",
    "category": "structures",
    "modelType": "Config",
    "path": "dz/structures/industrial/power",
    "usableOnConsole": true,
    "searchTags": "electricity, powerline, damaged, infrastructure, high_voltage",
    "image": "images/structures/industrial/power/staticobj_power_hv_line_damaged.jpg",
    "id": "dzobj_i4zptrda38"
  },
  {
    "objectName": "StaticObj_Power_HV_Line_Turn",
    "inGameName": "-",
    "category": "structures",
    "modelType": "Config",
    "path": "dz/structures/industrial/power",
    "usableOnConsole": true,
    "searchTags": "electricity, powerline, infrastructure, high_voltage, corner",
    "image": "images/structures/industrial/power/staticobj_power_hv_line_turn.jpg",
    "id": "dzobj_odim32j5ro"
  },
  {
    "objectName": "StaticObj_Power_HV_Line_TurnL",
    "inGameName": "-",
    "category": "structures",
    "modelType": "Config",
    "path": "dz/structures/industrial/power",
    "usableOnConsole": true,
    "searchTags": "electricity, powerline, infrastructure, high_voltage, left_turn",
    "image": "images/structures/industrial/power/staticobj_power_hv_line_turnl.jpg",
    "id": "dzobj_ftiweu5x8q"
  },
  {
    "objectName": "StaticObj_Power_HV_Line_TurnR",
    "inGameName": "-",
    "category": "structures",
    "modelType": "Config",
    "path": "dz/structures/industrial/power",
    "usableOnConsole": true,
    "searchTags": "electricity, powerline, infrastructure, high_voltage, right_turn",
    "image": "images/structures/industrial/power/staticobj_power_hv_line_turnr.jpg",
    "id": "dzobj_3zil4ezhgj"
  },
  {
    "objectName": "StaticObj_Power_HV_Tower",
    "inGameName": "-",
    "category": "structures",
    "modelType": "Config",
    "path": "dz/structures/industrial/power",
    "usableOnConsole": true,
    "searchTags": "electricity, powerline, pylon, metal, tower, high_voltage, infrastructure",
    "image": "images/structures/industrial/power/staticobj_power_hv_tower.jpg",
    "id": "dzobj_w4q9xtamhn"
  },
  {
    "objectName": "StaticObj_Power_Pole_ConcT",
    "inGameName": "-",
    "category": "structures",
    "modelType": "Config",
    "path": "dz/structures/industrial/power",
    "usableOnConsole": true,
    "searchTags": "electricity, pole, concrete, utility, powerline",
    "image": "images/structures/industrial/power/staticobj_power_pole_conct.jpg",
    "id": "dzobj_emwe6zchap"
  },
  {
    "objectName": "StaticObj_Power_Pole_Wood1_Trail_B",
    "inGameName": "-",
    "category": "structures",
    "modelType": "Config",
    "path": "dz/structures/industrial/power",
    "usableOnConsole": true,
    "searchTags": "electricity, pole, wood, trail, marker, blue, utility",
    "image": "images/structures/industrial/power/staticobj_power_pole_wood1_trail_b.jpg",
    "id": "dzobj_kwdmqylde1"
  },
  {
    "objectName": "StaticObj_Power_Pole_Wood1_Trail_G",
    "inGameName": "-",
    "category": "structures",
    "modelType": "Config",
    "path": "dz/structures/industrial/power",
    "usableOnConsole": true,
    "searchTags": "electricity, pole, wood, trail, marker, green, utility",
    "image": "images/structures/industrial/power/staticobj_power_pole_wood1_trail_g.jpg",
    "id": "dzobj_46lgxy9xma"
  },
  {
    "objectName": "StaticObj_Power_Pole_Wood1_Trail_R",
    "inGameName": "-",
    "category": "structures",
    "modelType": "Config",
    "path": "dz/structures/industrial/power",
    "usableOnConsole": true,
    "searchTags": "electricity, pole, wood, trail, marker, red, utility",
    "image": "images/structures/industrial/power/staticobj_power_pole_wood1_trail_r.jpg",
    "id": "dzobj_q9ubr410iv"
  },
  {
    "objectName": "StaticObj_Power_Pole_Wood1_Trail_Y",
    "inGameName": "-",
    "category": "structures",
    "modelType": "Config",
    "path": "dz/structures/industrial/power",
    "usableOnConsole": true,
    "searchTags": "electricity, pole, wood, trail, marker, yellow, utility",
    "image": "images/structures/industrial/power/staticobj_power_pole_wood1_trail_y.jpg",
    "id": "dzobj_zws9pc8wvt"
  },
  {
    "objectName": "StaticObj_Power_Pole_Wood2",
    "inGameName": "-",
    "category": "structures",
    "modelType": "Config",
    "path": "dz/structures/industrial/power",
    "usableOnConsole": true,
    "searchTags": "electricity, pole, wood, powerline, infrastructure, utility",
    "image": "images/structures/industrial/power/staticobj_power_pole_wood2.jpg",
    "id": "dzobj_o6uj46li0r"
  },
  {
    "objectName": "StaticObj_Power_Pole_Wood3",
    "inGameName": "-",
    "category": "structures",
    "modelType": "Config",
    "path": "dz/structures/industrial/power",
    "usableOnConsole": true,
    "searchTags": "electricity, pole, wood, powerline, infrastructure, utility",
    "image": "images/structures/industrial/power/staticobj_power_pole_wood3.jpg",
    "id": "dzobj_46p6800bhk"
  },
  {
    "objectName": "StaticObj_Power_Transformer_Small",
    "inGameName": "-",
    "category": "structures",
    "modelType": "Config",
    "path": "dz/structures/industrial/power",
    "usableOnConsole": true,
    "searchTags": "electricity, transformer, utility, small, substation",
    "image": "images/structures/industrial/power/staticobj_power_transformer_small.jpg",
    "id": "dzobj_0uvcibqint"
  },
  {
    "objectName": "StaticObj_Power_TransformerStation_Big",
    "inGameName": "-",
    "category": "structures",
    "modelType": "Config",
    "path": "dz/structures/industrial/power",
    "usableOnConsole": true,
    "searchTags": "electricity, transformer, utility, large, station, substation",
    "image": "images/structures/industrial/power/staticobj_power_transformerstation_big.jpg",
    "id": "dzobj_9tepwumlz6"
  },
  {
    "objectName": "StaticObj_Power_TransformerStation_Cables",
    "inGameName": "-",
    "category": "structures",
    "modelType": "Config",
    "path": "dz/structures/industrial/power",
    "usableOnConsole": true,
    "searchTags": "electricity, transformer, utility, station, substation, cables",
    "image": "images/structures/industrial/power/staticobj_power_transformerstation_cables.jpg",
    "id": "dzobj_71anvcfu74"
  },
  {
    "objectName": "power_hv_line.p3d",
    "inGameName": "-",
    "category": "structures",
    "modelType": "Raw P3D",
    "path": "dz/structures/industrial/power",
    "usableOnConsole": false,
    "searchTags": "electricity, powerline, infrastructure, high_voltage",
    "image": "images/structures/industrial/power/staticobj_power_hv_line_turn.jpg",
    "id": "dzobj_9xqm9cs6yv"
  },
  {
    "objectName": "power_hv_line_80m_damaged.p3d",
    "inGameName": "-",
    "category": "structures",
    "modelType": "Raw P3D",
    "path": "dz/structures/industrial/power",
    "usableOnConsole": false,
    "searchTags": "electricity, powerline, damaged, infrastructure, high_voltage",
    "image": "images/structures/industrial/power/staticobj_power_hv_line_80m_damaged.jpg",
    "id": "dzobj_912u7j11e5"
  },
  {
    "objectName": "power_hv_line_damaged.p3d",
    "inGameName": "-",
    "category": "structures",
    "modelType": "Raw P3D",
    "path": "dz/structures/industrial/power",
    "usableOnConsole": false,
    "searchTags": "electricity, powerline, damaged, infrastructure, high_voltage",
    "image": "images/structures/industrial/power/staticobj_power_hv_line_damaged.jpg",
    "id": "dzobj_vdz7k67fsy"
  },
  {
    "objectName": "power_hv_line_turn.p3d",
    "inGameName": "-",
    "category": "structures",
    "modelType": "Raw P3D",
    "path": "dz/structures/industrial/power",
    "usableOnConsole": false,
    "searchTags": "industrial",
    "image": "images/structures/industrial/power/staticobj_power_hv_line_turn.jpg",
    "id": "dzobj_2tsoncg98j"
  },
  {
    "objectName": "power_hv_line_turnl.p3d",
    "inGameName": "-",
    "category": "structures",
    "modelType": "Raw P3D",
    "path": "dz/structures/industrial/power",
    "usableOnConsole": false,
    "searchTags": "electricity, powerline, infrastructure, high_voltage, left_turn",
    "image": "images/structures/industrial/power/staticobj_power_hv_line_turnl.jpg",
    "id": "dzobj_cgfyjhpjj9"
  },
  {
    "objectName": "power_hv_line_turnr.p3d",
    "inGameName": "-",
    "category": "structures",
    "modelType": "Raw P3D",
    "path": "dz/structures/industrial/power",
    "usableOnConsole": false,
    "searchTags": "electricity, powerline, infrastructure, high_voltage, right_turn",
    "image": "images/structures/industrial/power/staticobj_power_hv_line_turnr.jpg",
    "id": "dzobj_a3309b54rf"
  },
  {
    "objectName": "power_hv_tower.p3d",
    "inGameName": "-",
    "category": "structures",
    "modelType": "Raw P3D",
    "path": "dz/structures/industrial/power",
    "usableOnConsole": false,
    "searchTags": "electricity, powerline, pylon, metal, tower, high_voltage, infrastructure",
    "image": "images/structures/industrial/power/staticobj_power_hv_tower.jpg",
    "id": "dzobj_myxd0fjow5"
  },
  {
    "objectName": "power_pole_conc1.p3d",
    "inGameName": "-",
    "category": "structures",
    "modelType": "Raw P3D",
    "path": "dz/structures/industrial/power",
    "usableOnConsole": false,
    "searchTags": "industrial",
    "image": "images/structures/industrial/power/power_pole_conc1.p3d.jpg",
    "id": "dzobj_7c3kpivryz"
  },
  {
    "objectName": "power_pole_conc1_amp.p3d",
    "inGameName": "Amplion on concrete pole",
    "category": "structures",
    "modelType": "Raw P3D",
    "path": "dz/structures/industrial/power",
    "usableOnConsole": false,
    "searchTags": "pole, metal, PA, pa_system, speaker, infrastructure, electricity, utility",
    "image": "images/structures/industrial/power/land_power_pole_conc1_amp.jpg",
    "id": "dzobj_fy8xypl3z4"
  },
  {
    "objectName": "power_pole_conc3.p3d",
    "inGameName": "-",
    "category": "structures",
    "modelType": "Raw P3D",
    "path": "dz/structures/industrial/power",
    "usableOnConsole": false,
    "searchTags": "industrial",
    "image": "images/structures/industrial/power/power_pole_conc3.p3d.jpg",
    "id": "dzobj_d2cvixqw1l"
  },
  {
    "objectName": "power_pole_conc4.p3d",
    "inGameName": "-",
    "category": "structures",
    "modelType": "Raw P3D",
    "path": "dz/structures/industrial/power",
    "usableOnConsole": false,
    "searchTags": "industrial",
    "image": "images/structures/industrial/power/power_pole_conc4.p3d.jpg",
    "id": "dzobj_npyvg9lhjv"
  },
  {
    "objectName": "power_pole_conc4_lamp.p3d",
    "inGameName": "-",
    "category": "structures",
    "modelType": "Raw P3D",
    "path": "dz/structures/industrial/power",
    "usableOnConsole": false,
    "searchTags": "industrial, light, lighting",
    "image": "images/structures/industrial/power/power_pole_conc4_lamp.p3d.jpg",
    "id": "dzobj_opybn22jn8"
  },
  {
    "objectName": "power_pole_conc4_lamp_amp.p3d",
    "inGameName": "Amplion on concrete pole",
    "category": "structures",
    "modelType": "Raw P3D",
    "path": "dz/structures/industrial/power",
    "usableOnConsole": false,
    "searchTags": "pole, metal, PA, pa_system, speaker, infrastructure, street_light, street_lamp",
    "image": "images/structures/industrial/power/land_power_pole_conc4_lamp_amp.jpg",
    "id": "dzobj_e2yqqjxdxr"
  },
  {
    "objectName": "power_pole_conc4_lamp_trail_b.p3d",
    "inGameName": "-",
    "category": "structures",
    "modelType": "Raw P3D",
    "path": "dz/structures/industrial/power",
    "usableOnConsole": false,
    "searchTags": "industrial, light, lighting",
    "image": "images/structures/industrial/power/power_pole_conc4_lamp_trail_b.p3d.jpg",
    "id": "dzobj_6w7oemged9"
  },
  {
    "objectName": "power_pole_conc4_lamp_trail_g.p3d",
    "inGameName": "-",
    "category": "structures",
    "modelType": "Raw P3D",
    "path": "dz/structures/industrial/power",
    "usableOnConsole": false,
    "searchTags": "industrial, light, lighting",
    "image": "images/structures/industrial/power/power_pole_conc4_lamp_trail_g.p3d.jpg",
    "id": "dzobj_9yt4yqloqj"
  },
  {
    "objectName": "power_pole_conc4_lamp_trail_r.p3d",
    "inGameName": "-",
    "category": "structures",
    "modelType": "Raw P3D",
    "path": "dz/structures/industrial/power",
    "usableOnConsole": false,
    "searchTags": "industrial, light, lighting",
    "image": "images/structures/industrial/power/power_pole_conc4_lamp_trail_r.p3d.jpg",
    "id": "dzobj_ylepk4r3iw"
  },
  {
    "objectName": "power_pole_conc4_lamp_trail_y.p3d",
    "inGameName": "-",
    "category": "structures",
    "modelType": "Raw P3D",
    "path": "dz/structures/industrial/power",
    "usableOnConsole": false,
    "searchTags": "industrial, light, lighting",
    "image": "images/structures/industrial/power/power_pole_conc4_lamp_trail_y.p3d.jpg",
    "id": "dzobj_ek96fuzjyc"
  },
  {
    "objectName": "power_pole_conct.p3d",
    "inGameName": "-",
    "category": "structures",
    "modelType": "Raw P3D",
    "path": "dz/structures/industrial/power",
    "usableOnConsole": false,
    "searchTags": "electricity, pole, concrete, utility, powerline",
    "image": "images/structures/industrial/power/staticobj_power_pole_conct.jpg",
    "id": "dzobj_hdd9m8l3mh"
  },
  {
    "objectName": "power_pole_wood1.p3d",
    "inGameName": "-",
    "category": "structures",
    "modelType": "Raw P3D",
    "path": "dz/structures/industrial/power",
    "usableOnConsole": false,
    "searchTags": "industrial",
    "image": "images/structures/industrial/power/power_pole_wood1.p3d.jpg",
    "id": "dzobj_xpffnlqajb"
  },
  {
    "objectName": "power_pole_wood1_amp.p3d",
    "inGameName": "Amplion on wooden pole",
    "category": "structures",
    "modelType": "Raw P3D",
    "path": "dz/structures/industrial/power",
    "usableOnConsole": false,
    "searchTags": "electricity, pole, wood, powerline, infrastructure, utility, PA, pa_system, speaker",
    "image": "images/structures/industrial/power/land_power_pole_wood1_amp.jpg",
    "id": "dzobj_s6mqvus26x"
  },
  {
    "objectName": "power_pole_wood1_lamp.p3d",
    "inGameName": "-",
    "category": "structures",
    "modelType": "Raw P3D",
    "path": "dz/structures/industrial/power",
    "usableOnConsole": false,
    "searchTags": "industrial, light, lighting",
    "image": "images/structures/industrial/power/power_pole_wood1_lamp.p3d.jpg",
    "id": "dzobj_zw7100sc3m"
  },
  {
    "objectName": "power_pole_wood1_lamp_amp.p3d",
    "inGameName": "Amplion on wooden pole",
    "category": "structures",
    "modelType": "Raw P3D",
    "path": "dz/structures/industrial/power",
    "usableOnConsole": false,
    "searchTags": "electricity, pole, wood, lamp, light, streetlight, utility, PA, pa_system, speaker",
    "image": "images/structures/industrial/power/land_power_pole_wood1_lamp_amp.jpg",
    "id": "dzobj_pyzhbk6wfo"
  },
  {
    "objectName": "power_pole_wood1_lamp_only.p3d",
    "inGameName": "-",
    "category": "structures",
    "modelType": "Raw P3D",
    "path": "dz/structures/industrial/power",
    "usableOnConsole": false,
    "searchTags": "industrial, light, lighting",
    "image": "images/structures/industrial/power/power_pole_wood1_lamp_only.p3d.jpg",
    "id": "dzobj_d3sc3m04gk"
  },
  {
    "objectName": "power_pole_wood1_trail_b.p3d",
    "inGameName": "-",
    "category": "structures",
    "modelType": "Raw P3D",
    "path": "dz/structures/industrial/power",
    "usableOnConsole": false,
    "searchTags": "electricity, pole, wood, trail, marker, blue, utility",
    "image": "images/structures/industrial/power/staticobj_power_pole_wood1_trail_b.jpg",
    "id": "dzobj_0dd6ficu1w"
  },
  {
    "objectName": "power_pole_wood1_trail_g.p3d",
    "inGameName": "-",
    "category": "structures",
    "modelType": "Raw P3D",
    "path": "dz/structures/industrial/power",
    "usableOnConsole": false,
    "searchTags": "electricity, pole, wood, trail, marker, green, utility",
    "image": "images/structures/industrial/power/staticobj_power_pole_wood1_trail_g.jpg",
    "id": "dzobj_1qd9860t5e"
  },
  {
    "objectName": "power_pole_wood1_trail_r.p3d",
    "inGameName": "-",
    "category": "structures",
    "modelType": "Raw P3D",
    "path": "dz/structures/industrial/power",
    "usableOnConsole": false,
    "searchTags": "electricity, pole, wood, trail, marker, red, utility",
    "image": "images/structures/industrial/power/staticobj_power_pole_wood1_trail_r.jpg",
    "id": "dzobj_hhoct8ocl5"
  },
  {
    "objectName": "power_pole_wood1_trail_y.p3d",
    "inGameName": "-",
    "category": "structures",
    "modelType": "Raw P3D",
    "path": "dz/structures/industrial/power",
    "usableOnConsole": false,
    "searchTags": "electricity, pole, wood, trail, marker, yellow, utility",
    "image": "images/structures/industrial/power/staticobj_power_pole_wood1_trail_y.jpg",
    "id": "dzobj_e4acrnfokw"
  },
  {
    "objectName": "power_pole_wood2.p3d",
    "inGameName": "-",
    "category": "structures",
    "modelType": "Raw P3D",
    "path": "dz/structures/industrial/power",
    "usableOnConsole": false,
    "searchTags": "electricity, pole, wood, powerline, infrastructure, utility",
    "image": "images/structures/industrial/power/staticobj_power_pole_wood2.jpg",
    "id": "dzobj_voxpb8ande"
  },
  {
    "objectName": "power_pole_wood3.p3d",
    "inGameName": "-",
    "category": "structures",
    "modelType": "Raw P3D",
    "path": "dz/structures/industrial/power",
    "usableOnConsole": false,
    "searchTags": "electricity, pole, wood, powerline, infrastructure, utility",
    "image": "images/structures/industrial/power/staticobj_power_pole_wood3.jpg",
    "id": "dzobj_bdasoa3qzr"
  },
  {
    "objectName": "power_transformerstation_big.p3d",
    "inGameName": "-",
    "category": "structures",
    "modelType": "Raw P3D",
    "path": "dz/structures/industrial/power",
    "usableOnConsole": false,
    "searchTags": "electricity, transformer, utility, large, station, substation",
    "image": "images/structures/industrial/power/staticobj_power_transformerstation_big.jpg",
    "id": "dzobj_4nvt0nm3oa"
  },
  {
    "objectName": "power_transformerstation_cables.p3d",
    "inGameName": "-",
    "category": "structures",
    "modelType": "Raw P3D",
    "path": "dz/structures/industrial/power",
    "usableOnConsole": false,
    "searchTags": "electricity, transformer, utility, station, substation, cables",
    "image": "images/structures/industrial/power/staticobj_power_transformerstation_cables.jpg",
    "id": "dzobj_3d27hnjqad"
  },
  {
    "objectName": "power_transformer_small.p3d",
    "inGameName": "-",
    "category": "structures",
    "modelType": "Raw P3D",
    "path": "dz/structures/industrial/power",
    "usableOnConsole": false,
    "searchTags": "electricity, transformer, utility, small, substation",
    "image": "images/structures/industrial/power/staticobj_power_transformer_small.jpg",
    "id": "dzobj_hsjlsjr3sf"
  },
  {
    "objectName": "Land_Power_Station",
    "category": "structures",
    "modelType": "Config",
    "path": "dz/structures/industrial/power",
    "usableOnConsole": true,
    "searchTags": "electricity, building, industrial, utility, loading, generator",
    "image": "images/structures/industrial/power/land_power_station.jpg",
    "id": "dzobj_fmxw4hn4un"
  },
  {
    "objectName": "Land_Power_Transformer_Build",
    "category": "structures",
    "modelType": "Config",
    "path": "dz/structures/industrial/power",
    "usableOnConsole": true,
    "searchTags": "electricity, utility, tower",
    "image": "images/structures/industrial/power/land_power_transformer_build.jpg",
    "id": "dzobj_3vgif4b662"
  },
  {
    "objectName": "power_station.p3d",
    "category": "structures",
    "modelType": "Raw P3D",
    "path": "dz/structures/industrial/power",
    "usableOnConsole": false,
    "searchTags": "electricity, building, industrial, utility, loading, generator",
    "image": "images/structures/industrial/power/land_power_station.jpg",
    "id": "dzobj_t8tefjxvsw"
  },
  {
    "objectName": "power_transformer_build.p3d",
    "category": "structures",
    "modelType": "Raw P3D",
    "path": "dz/structures/industrial/power",
    "usableOnConsole": false,
    "searchTags": "electricity, utility, tower",
    "image": "images/structures/industrial/power/land_power_transformer_build.jpg",
    "id": "dzobj_n44734el3j"
  }
]
