[
  {
    "objectName": "rock_wallh4.p3d",
    "inGameName": "-",
    "category": "rocks_bliss",
    "modelType": "Raw P3D",
    "path": "dz/rocks_bliss",
    "usableOnConsole": true,
    "searchTags": "medium, livoniaa",
    "image": "images/rocks_bliss/rock_wallh4.p3d.jpg"
  },
  {
    "objectName": "rock_wallh5.p3d",
    "inGameName": "-",
    "category": "rocks_bliss",
    "modelType": "Raw P3D",
    "path": "dz/rocks_bliss",
    "usableOnConsole": true,
    "searchTags": "medium, livoniaa",
    "image": "images/rocks_bliss/rock_wallh5.p3d.jpg"
  },
  {
    "objectName": "rock_wallh6.p3d",
    "inGameName": "-",
    "category": "rocks_bliss",
    "modelType": "Raw P3D",
    "path": "dz/rocks_bliss",
    "usableOnConsole": true,
    "searchTags": "medium, livoniaa",
    "image": "images/rocks_bliss/rock_wallh6.p3d.jpg"
  },
  {
    "objectName": "stone10.p3d",
    "inGameName": "-",
    "category": "rocks_bliss",
    "modelType": "Raw P3D",
    "path": "dz/rocks_bliss",
    "usableOnConsole": true,
    "searchTags": "small, livoniaa",
    "image": "images/rocks_bliss/stone9.p3d.jpg"
  },
  {
    "objectName": "stone10_moss.p3d",
    "inGameName": "-",
    "category": "rocks_bliss",
    "modelType": "Raw P3D",
    "path": "dz/rocks_bliss",
    "usableOnConsole": true,
    "searchTags": "small, livoniaa",
    "image": "images/rocks_bliss/stone9.p3d.jpg"
  },
  {
    "objectName": "stone10_moss_lc.p3d",
    "inGameName": "-",
    "category": "rocks_bliss",
    "modelType": "Raw P3D",
    "path": "dz/rocks_bliss",
    "usableOnConsole": true,
    "searchTags": "small, livoniaa",
    "image": "images/rocks_bliss/stone9.p3d.jpg"
  },
  {
    "objectName": "stone6.p3d",
    "inGameName": "-",
    "category": "rocks_bliss",
    "modelType": "Raw P3D",
    "path": "dz/rocks_bliss",
    "usableOnConsole": true,
    "searchTags": "small, livoniaa",
    "image": "images/rocks_bliss/stone6.p3d.jpg"
  },
  {
    "objectName": "stone6_moss.p3d",
    "inGameName": "-",
    "category": "rocks_bliss",
    "modelType": "Raw P3D",
    "path": "dz/rocks_bliss",
    "usableOnConsole": true,
    "searchTags": "small, livoniaa",
    "image": "images/rocks_bliss/stone6_moss.p3d.jpg"
  },
  {
    "objectName": "stone6_moss_lc.p3d",
    "inGameName": "-",
    "category": "rocks_bliss",
    "modelType": "Raw P3D",
    "path": "dz/rocks_bliss",
    "usableOnConsole": true,
    "searchTags": "small, livoniaa",
    "image": "images/rocks_bliss/stone6_moss_lc.p3d.jpg"
  },
  {
    "objectName": "stone7.p3d",
    "inGameName": "-",
    "category": "rocks_bliss",
    "modelType": "Raw P3D",
    "path": "dz/rocks_bliss",
    "usableOnConsole": true,
    "searchTags": "small, livoniaa",
    "image": "images/rocks_bliss/stone7.p3d.jpg"
  },
  {
    "objectName": "stone7_moss.p3d",
    "inGameName": "-",
    "category": "rocks_bliss",
    "modelType": "Raw P3D",
    "path": "dz/rocks_bliss",
    "usableOnConsole": true,
    "searchTags": "small, livoniaa",
    "image": "images/rocks_bliss/stone7_moss.p3d.jpg"
  },
  {
    "objectName": "stone7_moss_lc.p3d",
    "inGameName": "-",
    "category": "rocks_bliss",
    "modelType": "Raw P3D",
    "path": "dz/rocks_bliss",
    "usableOnConsole": true,
    "searchTags": "small, livoniaa",
    "image": "images/rocks_bliss/stone7_moss_lc.p3d.jpg"
  },
  {
    "objectName": "stone7_trail_b.p3d",
    "inGameName": "-",
    "category": "rocks_bliss",
    "modelType": "Raw P3D",
    "path": "dz/rocks_bliss",
    "usableOnConsole": true,
    "searchTags": "small, livoniaa",
    "image": "images/rocks_bliss/stone7_trail_b.p3d.jpg"
  },
  {
    "objectName": "stone7_trail_g.p3d",
    "inGameName": "-",
    "category": "rocks_bliss",
    "modelType": "Raw P3D",
    "path": "dz/rocks_bliss",
    "usableOnConsole": true,
    "searchTags": "small, livoniaa",
    "image": "images/rocks_bliss/stone7_trail_g.p3d.jpg"
  },
  {
    "objectName": "stone7_trail_r.p3d",
    "inGameName": "-",
    "category": "rocks_bliss",
    "modelType": "Raw P3D",
    "path": "dz/rocks_bliss",
    "usableOnConsole": true,
    "searchTags": "small, livoniaa",
    "image": "images/rocks_bliss/stone7_trail_r.p3d.jpg"
  },
  {
    "objectName": "stone7_trail_y.p3d",
    "inGameName": "-",
    "category": "rocks_bliss",
    "modelType": "Raw P3D",
    "path": "dz/rocks_bliss",
    "usableOnConsole": true,
    "searchTags": "small, livoniaa",
    "image": "images/rocks_bliss/stone7_trail_y.p3d.jpg"
  },
  {
    "objectName": "stone8.p3d",
    "inGameName": "-",
    "category": "rocks_bliss",
    "modelType": "Raw P3D",
    "path": "dz/rocks_bliss",
    "usableOnConsole": true,
    "searchTags": "small, livoniaa",
    "image": "images/rocks_bliss/stone8.p3d.jpg"
  },
  {
    "objectName": "stone8_carving.p3d",
    "inGameName": "-",
    "category": "rocks_bliss",
    "modelType": "Raw P3D",
    "path": "dz/rocks_bliss",
    "usableOnConsole": true,
    "searchTags": "small, livoniaa, art",
    "image": "images/rocks_bliss/stone8_carving.p3d.jpg"
  },
  {
    "objectName": "stone8_moss.p3d",
    "inGameName": "-",
    "category": "rocks_bliss",
    "modelType": "Raw P3D",
    "path": "dz/rocks_bliss",
    "usableOnConsole": true,
    "searchTags": "small, livoniaa",
    "image": "images/rocks_bliss/stone8_moss.p3d.jpg"
  },
  {
    "objectName": "stone8_moss_lc.p3d",
    "inGameName": "-",
    "category": "rocks_bliss",
    "modelType": "Raw P3D",
    "path": "dz/rocks_bliss",
    "usableOnConsole": true,
    "searchTags": "small, livoniaa",
    "image": "images/rocks_bliss/stone8_moss_lc.p3d.jpg"
  },
  {
    "objectName": "stone9.p3d",
    "inGameName": "-",
    "category": "rocks_bliss",
    "modelType": "Raw P3D",
    "path": "dz/rocks_bliss",
    "usableOnConsole": true,
    "searchTags": "small, livoniaa",
    "image": "images/rocks_bliss/stone9.p3d.jpg"
  },
  {
    "objectName": "stone9_moss.p3d",
    "inGameName": "-",
    "category": "rocks_bliss",
    "modelType": "Raw P3D",
    "path": "dz/rocks_bliss",
    "usableOnConsole": true,
    "searchTags": "small, livoniaa",
    "image": "images/rocks_bliss/stone9_moss.p3d.jpg"
  },
  {
    "objectName": "stone9_moss_lc.p3d",
    "inGameName": "-",
    "category": "rocks_bliss",
    "modelType": "Raw P3D",
    "path": "dz/rocks_bliss",
    "usableOnConsole": true,
    "searchTags": "small, livoniaa",
    "image": "images/rocks_bliss/stone9_moss_lc.p3d.jpg"
  }
]