[
  {
    "objectName": "Animal_RangiferTarandus",
    "inGameName": "Reindeer",
    "category": "animal",
    "modelType": "Config",
    "path": "dz/animals/rangifer_tarandus",
    "usableOnConsole": true,
    "searchTags": "Reindeer, christmas, antlers, wild, prey, santa, winter, xmas, festive, male",
    "image": "images/animals/rangifer_tarandus/animal_rangifertarandus/animal_rangifertarandus.jpg",
    "id": "dzobj_70wjycds67"
  },
  {
    "objectName": "Animal_RangiferTarandus_Xmas",
    "inGameName": "Reindeer",
    "category": "animal",
    "modelType": "Config",
    "path": "dz/animals/rangifer_tarandus",
    "usableOnConsole": true,
    "searchTags": "Reindeer, christmas, antlers, wild, prey, santa, winter, xmas, festive, male",
    "image": "images/animals/rangifer_tarandus/animal_rangifertarandus_xmas/animal_rangifertarandus_xmas.jpg",
    "id": "dzobj_p13f5ug3ec"
  }
]
