[
  {
    "objectName": "StaticObj_Forest_Anthill",
    "inGameName": "-",
    "category": "structures_bliss",
    "modelType": "Config",
    "path": "dz/structures_bliss/specific/forest",
    "usableOnConsole": true,
    "searchTags": "livoniaa, specific, wood, wildlife",
    "image": "images/structures_bliss/specific/forest/staticobj_forest_anthill.jpg",
    "id": "dzobj_cpqoirpp8z"
  },
  {
    "objectName": "StaticObj_Forest_BeetleTrap1",
    "inGameName": "-",
    "category": "structures_bliss",
    "modelType": "Config",
    "path": "dz/structures_bliss/specific/forest",
    "usableOnConsole": true,
    "searchTags": "livoniaa, specific, wood, wildlife",
    "image": "images/structures_bliss/specific/forest/staticobj_forest_beetletrap1.jpg",
    "id": "dzobj_wwko5wkc61"
  },
  {
    "objectName": "StaticObj_Forest_BeetleTrap2",
    "inGameName": "-",
    "category": "structures_bliss",
    "modelType": "Config",
    "path": "dz/structures_bliss/specific/forest",
    "usableOnConsole": true,
    "searchTags": "livoniaa, specific, wood, wildlife",
    "image": "images/structures_bliss/specific/forest/staticobj_forest_beetletrap2.jpg",
    "id": "dzobj_khvskjl2kc"
  },
  {
    "objectName": "StaticObj_Forest_BeetleTrap3",
    "inGameName": "-",
    "category": "structures_bliss",
    "modelType": "Config",
    "path": "dz/structures_bliss/specific/forest",
    "usableOnConsole": true,
    "searchTags": "livoniaa, specific, wood, wildlife",
    "image": "images/structures_bliss/specific/forest/staticobj_forest_beetletrap3.jpg",
    "id": "dzobj_g4gdxs1qg0"
  },
  {
    "objectName": "StaticObj_Forest_DeerSkeleton_Dam",
    "inGameName": "-",
    "category": "structures_bliss",
    "modelType": "Config",
    "path": "dz/structures_bliss/specific/forest",
    "usableOnConsole": true,
    "searchTags": "livoniaa, specific, wood, wildlife, bones",
    "image": "images/structures_bliss/specific/forest/staticobj_forest_deerskeleton_dam.jpg",
    "id": "dzobj_goo357vto7"
  },
  {
    "objectName": "StaticObj_Forest_DeerSkeleton_Full",
    "inGameName": "-",
    "category": "structures_bliss",
    "modelType": "Config",
    "path": "dz/structures_bliss/specific/forest",
    "usableOnConsole": true,
    "searchTags": "livoniaa, specific, wood, wildlife, bones",
    "image": "images/structures_bliss/specific/forest/staticobj_forest_deerskeleton_full.jpg",
    "id": "dzobj_h7mzh5t2f6"
  },
  {
    "objectName": "StaticObj_Forest_DeerSkeleton_Pile",
    "inGameName": "-",
    "category": "structures_bliss",
    "modelType": "Config",
    "path": "dz/structures_bliss/specific/forest",
    "usableOnConsole": true,
    "searchTags": "livoniaa, specific, wood, wildlife, bones",
    "image": "images/structures_bliss/specific/forest/staticobj_forest_deerskeleton_pile.jpg",
    "id": "dzobj_ul58nm49nv"
  },
  {
    "objectName": "StaticObj_Forest_DeerSkeleton_Skull",
    "inGameName": "-",
    "category": "structures_bliss",
    "modelType": "Config",
    "path": "dz/structures_bliss/specific/forest",
    "usableOnConsole": true,
    "searchTags": "livoniaa, specific, wood, wildlife, bones",
    "image": "images/structures_bliss/specific/forest/staticobj_forest_deerskeleton_skull.jpg",
    "id": "dzobj_mf2jwj5jbw"
  },
  {
    "objectName": "StaticObj_Forest_HumanSkeleton",
    "inGameName": "-",
    "category": "structures_bliss",
    "modelType": "Config",
    "path": "dz/structures_bliss/specific/forest",
    "usableOnConsole": true,
    "searchTags": "livoniaa, specific, wood, wildlife, bones",
    "image": "images/structures_bliss/specific/forest/staticobj_forest_humanskeleton.jpg",
    "id": "dzobj_xkhjqgnerf"
  },
  {
    "objectName": "forest_anthill.p3d",
    "inGameName": "-",
    "category": "structures_bliss",
    "modelType": "Raw P3D",
    "path": "dz/structures_bliss/specific/forest",
    "usableOnConsole": false,
    "searchTags": "livoniaa, specific, wood, wildlife",
    "image": "images/structures_bliss/specific/forest/staticobj_forest_anthill.jpg",
    "id": "dzobj_1mbn38d0rb"
  },
  {
    "objectName": "forest_beetletrap1.p3d",
    "inGameName": "-",
    "category": "structures_bliss",
    "modelType": "Raw P3D",
    "path": "dz/structures_bliss/specific/forest",
    "usableOnConsole": false,
    "searchTags": "livoniaa, specific, wood, wildlife",
    "image": "images/structures_bliss/specific/forest/staticobj_forest_beetletrap1.jpg",
    "id": "dzobj_m0m9c3mz6l"
  },
  {
    "objectName": "forest_beetletrap2.p3d",
    "inGameName": "-",
    "category": "structures_bliss",
    "modelType": "Raw P3D",
    "path": "dz/structures_bliss/specific/forest",
    "usableOnConsole": false,
    "searchTags": "livoniaa, specific, wood, wildlife",
    "image": "images/structures_bliss/specific/forest/staticobj_forest_beetletrap2.jpg",
    "id": "dzobj_7yvt89jdwe"
  },
  {
    "objectName": "forest_beetletrap3.p3d",
    "inGameName": "-",
    "category": "structures_bliss",
    "modelType": "Raw P3D",
    "path": "dz/structures_bliss/specific/forest",
    "usableOnConsole": false,
    "searchTags": "livoniaa, specific, wood, wildlife",
    "image": "images/structures_bliss/specific/forest/staticobj_forest_beetletrap3.jpg",
    "id": "dzobj_7i1nhg7qed"
  },
  {
    "objectName": "forest_deerskeleton_dam.p3d",
    "inGameName": "-",
    "category": "structures_bliss",
    "modelType": "Raw P3D",
    "path": "dz/structures_bliss/specific/forest",
    "usableOnConsole": false,
    "searchTags": "livoniaa, specific, wood, wildlife, bones",
    "image": "images/structures_bliss/specific/forest/staticobj_forest_deerskeleton_dam.jpg",
    "id": "dzobj_cufs2l522i"
  },
  {
    "objectName": "forest_deerskeleton_full.p3d",
    "inGameName": "-",
    "category": "structures_bliss",
    "modelType": "Raw P3D",
    "path": "dz/structures_bliss/specific/forest",
    "usableOnConsole": false,
    "searchTags": "livoniaa, specific, wood, wildlife, bones",
    "image": "images/structures_bliss/specific/forest/staticobj_forest_deerskeleton_full.jpg",
    "id": "dzobj_9loax27a85"
  },
  {
    "objectName": "forest_deerskeleton_pile.p3d",
    "inGameName": "-",
    "category": "structures_bliss",
    "modelType": "Raw P3D",
    "path": "dz/structures_bliss/specific/forest",
    "usableOnConsole": false,
    "searchTags": "livoniaa, specific, wood, wildlife, bones",
    "image": "images/structures_bliss/specific/forest/staticobj_forest_deerskeleton_pile.jpg",
    "id": "dzobj_o1npslxgx7"
  },
  {
    "objectName": "forest_deerskeleton_skull.p3d",
    "inGameName": "-",
    "category": "structures_bliss",
    "modelType": "Raw P3D",
    "path": "dz/structures_bliss/specific/forest",
    "usableOnConsole": false,
    "searchTags": "livoniaa, specific, wood, wildlife, bones",
    "image": "images/structures_bliss/specific/forest/staticobj_forest_deerskeleton_skull.jpg",
    "id": "dzobj_gsayvze77c"
  },
  {
    "objectName": "forest_humanskeleton.p3d",
    "inGameName": "-",
    "category": "structures_bliss",
    "modelType": "Raw P3D",
    "path": "dz/structures_bliss/specific/forest",
    "usableOnConsole": false,
    "searchTags": "livoniaa, specific, wood, wildlife, bones",
    "image": "images/structures_bliss/specific/forest/staticobj_forest_humanskeleton.jpg",
    "id": "dzobj_o4klcilazm"
  }
]
