[
  {
    "objectName": "case_wall_unit_part_c.p3d",
    "inGameName": "-",
    "category": "structures",
    "modelType": "Raw P3D",
    "path": "dz/structures/furniture/cases",
    "usableOnConsole": false,
    "searchTags": "barrier, decoration, furniture",
    "image": "images/structures/furniture/cases/case_wall_unit_part_c.p3d.jpg",
    "id": "dzobj_bcxsg3phw0"
  },
  {
    "objectName": "case_wall_unit_part_d.p3d",
    "inGameName": "-",
    "category": "structures",
    "modelType": "Raw P3D",
    "path": "dz/structures/furniture/cases",
    "usableOnConsole": false,
    "searchTags": "barrier, decoration, furniture",
    "image": "images/structures/furniture/cases/case_wall_unit_part_d.p3d.jpg",
    "id": "dzobj_398cs229u3"
  }
]
