[
  {
    "objectName": "TaloonBag_Blue",
    "inGameName": "Hiking Backpack",
    "category": "characters",
    "modelType": "Config",
    "path": "dz/characters/backpacks",
    "usableOnConsole": true,
    "searchTags": "backpack, hiking, taloon, medium, blue",
    "image": "images/characters/backpacks/hiking_backpack_blue.jpg",
    "id": "dzobj_oxfa0zcqeg"
  },
  {
    "objectName": "TaloonBag_Green",
    "inGameName": "Hiking Backpack",
    "category": "characters",
    "modelType": "Config",
    "path": "dz/characters/backpacks",
    "usableOnConsole": true,
    "searchTags": "backpack, hiking, taloon, medium, green",
    "image": "images/characters/backpacks/hiking_backpack_green.jpg",
    "id": "dzobj_hwuxdpti6g"
  },
  {
    "objectName": "TaloonBag_Orange",
    "inGameName": "Hiking Backpack",
    "category": "characters",
    "modelType": "Config",
    "path": "dz/characters/backpacks",
    "usableOnConsole": true,
    "searchTags": "backpack, hiking, taloon, medium, orange",
    "image": "images/characters/backpacks/hiking_backpack_orange.jpg",
    "id": "dzobj_p3layidgoi"
  },
  {
    "objectName": "TaloonBag_Violet",
    "inGameName": "Hiking Backpack",
    "category": "characters",
    "modelType": "Config",
    "path": "dz/characters/backpacks",
    "usableOnConsole": true,
    "searchTags": "backpack, hiking, taloon, medium, violet, purple",
    "image": "images/characters/backpacks/hiking_backpack_violet.jpg",
    "id": "dzobj_klkzekc5cf"
  },
  {
    "objectName": "TortillaBag",
    "inGameName": "Combat Backpack",
    "category": "characters",
    "modelType": "Config",
    "path": "dz/characters/backpacks",
    "usableOnConsole": true,
    "searchTags": "bag, military, large, backpack, combat",
    "image": "images/characters/backpacks/combat_backpack.jpg",
    "id": "dzobj_uumolb2kjh"
  },
  {
    "objectName": "TortillaBag_Winter",
    "inGameName": "Combat Backpack",
    "category": "characters",
    "modelType": "Config",
    "path": "dz/characters/backpacks",
    "usableOnConsole": true,
    "searchTags": "bag, military, large, backpack, combat, winter, snow",
    "image": "images/characters/backpacks/tortillabag_winter.jpg",
    "id": "dzobj_ikhmx9zzdc"
  },
  {
    "objectName": "CourierBag",
    "inGameName": "Burlap Courier Bag",
    "category": "characters",
    "modelType": "Config",
    "path": "dz/characters/backpacks",
    "usableOnConsole": true,
    "searchTags": "bag, small, satchel, courier, burlap",
    "image": "images/characters/backpacks/burlap_courier_bag.jpg",
    "id": "dzobj_s8yq0n2zds"
  },
  {
    "objectName": "FurCourierBag",
    "inGameName": "Fur Courier Bag",
    "category": "characters",
    "modelType": "Config",
    "path": "dz/characters/backpacks",
    "usableOnConsole": true,
    "searchTags": "bag, small, satchel, courier, fur, warm",
    "image": "images/characters/backpacks/fur_courier_bag.jpg",
    "id": "dzobj_0yut0jrlpu"
  },
  {
    "objectName": "ImprovisedBag",
    "inGameName": "Burlap Backpack",
    "category": "characters",
    "modelType": "Config",
    "path": "dz/characters/backpacks",
    "usableOnConsole": true,
    "searchTags": "bag, small, backpack, improvised, burlap, craftable, medium",
    "image": "images/characters/backpacks/burlap_backpack.jpg",
    "id": "dzobj_1kg5nwqpkt"
  },
  {
    "objectName": "FurImprovisedBag",
    "inGameName": "Fur Backpack",
    "category": "characters",
    "modelType": "Config",
    "path": "dz/characters/backpacks",
    "usableOnConsole": true,
    "searchTags": "bag, small, backpack, improvised, fur, craftable, warm",
    "image": "images/characters/backpacks/fur_backpack.jpg",
    "id": "dzobj_1ctqjlgzdw"
  },
  {
    "objectName": "DryBag_Black",
    "inGameName": "Drybag Backpack",
    "category": "characters",
    "modelType": "Config",
    "path": "dz/characters/backpacks",
    "usableOnConsole": true,
    "searchTags": "backpack, drybag, waterproof, roll-top, large, black",
    "image": "images/characters/backpacks/drybag_black.jpg",
    "id": "dzobj_7cycsm6o6x"
  },
  {
    "objectName": "DryBag_Blue",
    "inGameName": "Drybag Backpack",
    "category": "characters",
    "modelType": "Config",
    "path": "dz/characters/backpacks",
    "usableOnConsole": true,
    "searchTags": "backpack, drybag, waterproof, roll-top, large, blue",
    "image": "images/characters/backpacks/drybag_blue.jpg",
    "id": "dzobj_ztjoy9sap9"
  },
  {
    "objectName": "DryBag_Green",
    "inGameName": "Drybag Backpack",
    "category": "characters",
    "modelType": "Config",
    "path": "dz/characters/backpacks",
    "usableOnConsole": true,
    "searchTags": "backpack, drybag, waterproof, roll-top, large, green",
    "image": "images/characters/backpacks/drybag_green.jpg",
    "id": "dzobj_kad39hs8uv"
  },
  {
    "objectName": "DryBag_Orange",
    "inGameName": "Drybag Backpack",
    "category": "characters",
    "modelType": "Config",
    "path": "dz/characters/backpacks",
    "usableOnConsole": true,
    "searchTags": "backpack, drybag, waterproof, roll-top, large, orange",
    "image": "images/characters/backpacks/drybag_orange.jpg",
    "id": "dzobj_rwqdgt18hn"
  },
  {
    "objectName": "DryBag_Red",
    "inGameName": "Drybag Backpack",
    "category": "characters",
    "modelType": "Config",
    "path": "dz/characters/backpacks",
    "usableOnConsole": true,
    "searchTags": "backpack, drybag, waterproof, roll-top, large, red",
    "image": "images/characters/backpacks/drybag_red.jpg",
    "id": "dzobj_uig0pks8qn"
  },
  {
    "objectName": "DryBag_Yellow",
    "inGameName": "Drybag Backpack",
    "category": "characters",
    "modelType": "Config",
    "path": "dz/characters/backpacks",
    "usableOnConsole": true,
    "searchTags": "backpack, drybag, waterproof, roll-top, large, yellow",
    "image": "images/characters/backpacks/drybag_yellow.jpg",
    "id": "dzobj_rd05hivgw1"
  },
  {
    "objectName": "HuntingBag",
    "inGameName": "Hunter Backpack",
    "category": "characters",
    "modelType": "Config",
    "path": "dz/characters/backpacks",
    "usableOnConsole": true,
    "searchTags": "bag, large, green, backpack, hunter, outdoors, camouflage",
    "image": "images/characters/backpacks/hunting_bag.jpg",
    "id": "dzobj_u04ol63ekf"
  },
  {
    "objectName": "HuntingBag_Hannah",
    "inGameName": "-",
    "category": "characters",
    "modelType": "Config",
    "path": "dz/characters/backpacks",
    "usableOnConsole": true,
    "searchTags": "bag, large, green, backpack, hunter, outdoors, camouflage, hannah, variant",
    "image": "images/characters/backpacks/hunting_bag.jpg",
    "id": "dzobj_k96tip1aiu"
  },
  {
    "objectName": "MountainBag_Blue",
    "inGameName": "Mountain Backpack",
    "category": "characters",
    "modelType": "Config",
    "path": "dz/characters/backpacks",
    "usableOnConsole": true,
    "searchTags": "backpack, mountain, expedition, large, blue",
    "image": "images/characters/backpacks/mountain_bag_blue.jpg",
    "id": "dzobj_hh2744881z"
  },
  {
    "objectName": "MountainBag_Green",
    "inGameName": "Mountain Backpack",
    "category": "characters",
    "modelType": "Config",
    "path": "dz/characters/backpacks",
    "usableOnConsole": true,
    "searchTags": "backpack, mountain, expedition, large, green",
    "image": "images/characters/backpacks/mountain_bag_green.jpg",
    "id": "dzobj_zrgyqmpgym"
  },
  {
    "objectName": "MountainBag_Orange",
    "inGameName": "Mountain Backpack",
    "category": "characters",
    "modelType": "Config",
    "path": "dz/characters/backpacks",
    "usableOnConsole": true,
    "searchTags": "backpack, mountain, expedition, large, orange",
    "image": "images/characters/backpacks/mountain_bag_orange.jpg",
    "id": "dzobj_9a5epemdi9"
  },
  {
    "objectName": "MountainBag_Red",
    "inGameName": "Mountain Backpack",
    "category": "characters",
    "modelType": "Config",
    "path": "dz/characters/backpacks",
    "usableOnConsole": true,
    "searchTags": "backpack, mountain, expedition, large, red",
    "image": "images/characters/backpacks/mountain_bag_red.jpg",
    "id": "dzobj_f2jg72mpx5"
  },
  {
    "objectName": "SmershBag",
    "inGameName": "Utility Buttpack",
    "category": "characters",
    "modelType": "Config",
    "path": "dz/characters/backpacks",
    "usableOnConsole": true,
    "searchTags": "bag, military, green, backpack, utility, buttpack, modular",
    "image": "images/characters/backpacks/utility_buttpack.jpg",
    "id": "dzobj_a7hhtgh1ka"
  },
  {
    "objectName": "ChildBag_Blue",
    "inGameName": "School Backpack",
    "category": "characters",
    "modelType": "Config",
    "path": "dz/characters/backpacks",
    "usableOnConsole": true,
    "searchTags": "backpack, school, kids, small, blue",
    "image": "images/characters/backpacks/school_backpack_blue.jpg",
    "id": "dzobj_v7glyrycqd"
  },
  {
    "objectName": "ChildBag_Green",
    "inGameName": "School Backpack",
    "category": "characters",
    "modelType": "Config",
    "path": "dz/characters/backpacks",
    "usableOnConsole": true,
    "searchTags": "backpack, school, kids, small, green",
    "image": "images/characters/backpacks/school_backpack_green.jpg",
    "id": "dzobj_as7jq0a9wc"
  },
  {
    "objectName": "ChildBag_Red",
    "inGameName": "School Backpack",
    "category": "characters",
    "modelType": "Config",
    "path": "dz/characters/backpacks",
    "usableOnConsole": true,
    "searchTags": "backpack, school, kids, small, red",
    "image": "images/characters/backpacks/school_backpack_red.jpg",
    "id": "dzobj_k15589jy2p"
  },
  {
    "objectName": "GhillieBushrag_Mossy",
    "inGameName": "Ghillie Shrug",
    "category": "characters",
    "modelType": "Config",
    "path": "dz/characters/backpacks",
    "usableOnConsole": true,
    "searchTags": "ghillie, shrug, camouflage, sniper, mossy",
    "image": "images/characters/backpacks/ghillie_mossy.jpg",
    "id": "dzobj_a7onrht9rf"
  },
  {
    "objectName": "GhillieBushrag_Tan",
    "inGameName": "Ghillie Shrug",
    "category": "characters",
    "modelType": "Config",
    "path": "dz/characters/backpacks",
    "usableOnConsole": true,
    "searchTags": "ghillie, shrug, camouflage, sniper, tan, desert",
    "image": "images/characters/backpacks/ghillie_tan.jpg",
    "id": "dzobj_jm8l1gzidw"
  },
  {
    "objectName": "GhillieBushrag_Winter",
    "inGameName": "Ghillie Shrug",
    "category": "characters",
    "modelType": "Config",
    "path": "dz/characters/backpacks",
    "usableOnConsole": true,
    "searchTags": "ghillie, shrug, camouflage, sniper, winter, snow",
    "image": "images/characters/backpacks/ghillie_winter.jpg",
    "id": "dzobj_txitldnlz6"
  },
  {
    "objectName": "GhillieBushrag_Woodland",
    "inGameName": "Ghillie Shrug",
    "category": "characters",
    "modelType": "Config",
    "path": "dz/characters/backpacks",
    "usableOnConsole": true,
    "searchTags": "ghillie, shrug, camouflage, sniper, woodland, forest",
    "image": "images/characters/backpacks/ghillie_woodland.jpg",
    "id": "dzobj_cslzfhj0gu"
  },
  {
    "objectName": "GhillieTop_Mossy",
    "inGameName": "Ghillie Cloak",
    "category": "characters",
    "modelType": "Config",
    "path": "dz/characters/backpacks",
    "usableOnConsole": true,
    "searchTags": "ghillie, cloak, camouflage, sniper, mossy",
    "image": "images/characters/backpacks/ghillie_mossy.jpg",
    "id": "dzobj_ivslgslgtx"
  },
  {
    "objectName": "GhillieTop_Tan",
    "inGameName": "Ghillie Cloak",
    "category": "characters",
    "modelType": "Config",
    "path": "dz/characters/backpacks",
    "usableOnConsole": true,
    "searchTags": "ghillie, cloak, camouflage, sniper, tan, desert",
    "image": "images/characters/backpacks/ghillie_tan.jpg",
    "id": "dzobj_tijmf31hm7"
  },
  {
    "objectName": "GhillieTop_Winter",
    "inGameName": "Ghillie Cloak",
    "category": "characters",
    "modelType": "Config",
    "path": "dz/characters/backpacks",
    "usableOnConsole": true,
    "searchTags": "ghillie, cloak, camouflage, sniper, winter, snow",
    "image": "images/characters/backpacks/ghillie_winter.jpg",
    "id": "dzobj_v5iufnyljv"
  },
  {
    "objectName": "GhillieTop_Woodland",
    "inGameName": "Ghillie Cloak",
    "category": "characters",
    "modelType": "Config",
    "path": "dz/characters/backpacks",
    "usableOnConsole": true,
    "searchTags": "ghillie, cloak, camouflage, sniper, woodland, forest",
    "image": "images/characters/backpacks/ghillie_woodland.jpg",
    "id": "dzobj_o3kqph8nl0"
  },
  {
    "objectName": "GhillieSuit_Mossy",
    "inGameName": "Ghillie Suit",
    "category": "characters",
    "modelType": "Config",
    "path": "dz/characters/backpacks",
    "usableOnConsole": true,
    "searchTags": "ghillie, suit, camouflage, sniper, mossy",
    "image": "images/characters/backpacks/ghillie_mossy.jpg",
    "id": "dzobj_k6khyf3dua"
  },
  {
    "objectName": "GhillieSuit_Tan",
    "inGameName": "Ghillie Suit",
    "category": "characters",
    "modelType": "Config",
    "path": "dz/characters/backpacks",
    "usableOnConsole": true,
    "searchTags": "ghillie, suit, camouflage, sniper, tan, desert",
    "image": "images/characters/backpacks/ghillie_tan.jpg",
    "id": "dzobj_syrzda30xp"
  },
  {
    "objectName": "GhillieSuit_Winter",
    "inGameName": "Ghillie Suit",
    "category": "characters",
    "modelType": "Config",
    "path": "dz/characters/backpacks",
    "usableOnConsole": true,
    "searchTags": "ghillie, suit, camouflage, sniper, winter, snow",
    "image": "images/characters/backpacks/ghillie_winter.jpg",
    "id": "dzobj_9l6qsxuhp5"
  },
  {
    "objectName": "GhillieSuit_Woodland",
    "inGameName": "Ghillie Suit",
    "category": "characters",
    "modelType": "Config",
    "path": "dz/characters/backpacks",
    "usableOnConsole": true,
    "searchTags": "ghillie, suit, camouflage, sniper, woodland, forest",
    "image": "images/characters/backpacks/ghillie_woodland.jpg",
    "id": "dzobj_8xhsuf81b5"
  },
  {
    "objectName": "LeatherSack_Beige",
    "inGameName": "Leather Backpack",
    "category": "characters",
    "modelType": "Config",
    "path": "dz/characters/backpacks",
    "usableOnConsole": true,
    "searchTags": "backpack, leather, craftable, medium, beige",
    "image": "images/characters/backpacks/leathersack_beige.jpg",
    "id": "dzobj_yc6y8kplua"
  },
  {
    "objectName": "LeatherSack_Black",
    "inGameName": "Leather Backpack",
    "category": "characters",
    "modelType": "Config",
    "path": "dz/characters/backpacks",
    "usableOnConsole": true,
    "searchTags": "backpack, leather, craftable, medium, black",
    "image": "images/characters/backpacks/leathersack_black.jpg",
    "id": "dzobj_gy9w27bvzg"
  },
  {
    "objectName": "LeatherSack_Brown",
    "inGameName": "Leather Backpack",
    "category": "characters",
    "modelType": "Config",
    "path": "dz/characters/backpacks",
    "usableOnConsole": true,
    "searchTags": "backpack, leather, craftable, medium, brown",
    "image": "images/characters/backpacks/leathersack_brown.jpg",
    "id": "dzobj_hig0vq9wud"
  },
  {
    "objectName": "LeatherSack_Natural",
    "inGameName": "Leather Backpack",
    "category": "characters",
    "modelType": "Config",
    "path": "dz/characters/backpacks",
    "usableOnConsole": true,
    "searchTags": "backpack, leather, craftable, medium, natural, tan",
    "image": "images/characters/backpacks/leathersack_natural.jpg",
    "id": "dzobj_sl5osbl3qe"
  },
  {
    "objectName": "AssaultBag_Black",
    "inGameName": "Assault Backpack",
    "category": "characters",
    "modelType": "Config",
    "path": "dz/characters/backpacks",
    "usableOnConsole": true,
    "searchTags": "backpack, assault, tactical, military, black",
    "image": "images/characters/backpacks/assault_bag_black.jpg",
    "id": "dzobj_qy09d5bi09"
  },
  {
    "objectName": "AssaultBag_Green",
    "inGameName": "Assault Backpack",
    "category": "characters",
    "modelType": "Config",
    "path": "dz/characters/backpacks",
    "usableOnConsole": true,
    "searchTags": "backpack, assault, tactical, military, green",
    "image": "images/characters/backpacks/assault_bag_green.jpg",
    "id": "dzobj_bzdfkpq3od"
  },
  {
    "objectName": "AssaultBag_Ttsko",
    "inGameName": "Assault Backpack",
    "category": "characters",
    "modelType": "Config",
    "path": "dz/characters/backpacks",
    "usableOnConsole": true,
    "searchTags": "backpack, assault, tactical, military, ttsko, camouflage",
    "image": "images/characters/backpacks/assault_bag_ttsko.jpg",
    "id": "dzobj_sg0vnvr7qn"
  },
  {
    "objectName": "AssaultBag_Winter",
    "inGameName": "Assault Backpack",
    "category": "characters",
    "modelType": "Config",
    "path": "dz/characters/backpacks",
    "usableOnConsole": true,
    "searchTags": "backpack, assault, tactical, military, winter, snow",
    "image": "images/characters/backpacks/assault_bag_winter.jpg",
    "id": "dzobj_kj31wm4p02"
  },
  {
    "objectName": "CoyoteBag_Brown",
    "inGameName": "Tactical Backpack",
    "category": "characters",
    "modelType": "Config",
    "path": "dz/characters/backpacks",
    "usableOnConsole": true,
    "searchTags": "backpack, coyote, tactical, frame, military, brown",
    "image": "images/characters/backpacks/coyote_brown.jpg",
    "id": "dzobj_3yexdf0udf"
  },
  {
    "objectName": "CoyoteBag_Green",
    "inGameName": "Tactical Backpack",
    "category": "characters",
    "modelType": "Config",
    "path": "dz/characters/backpacks",
    "usableOnConsole": true,
    "searchTags": "backpack, coyote, tactical, frame, military, green",
    "image": "images/characters/backpacks/coyote_green.jpg",
    "id": "dzobj_v08gmhm7x0"
  },
  {
    "objectName": "CoyoteBag_Winter",
    "inGameName": "Tactical Backpack",
    "category": "characters",
    "modelType": "Config",
    "path": "dz/characters/backpacks",
    "usableOnConsole": true,
    "searchTags": "backpack, coyote, tactical, frame, military, winter, snow",
    "image": "images/characters/backpacks/coyote_winter.jpg",
    "id": "dzobj_i9de821qdz"
  },
  {
    "objectName": "AliceBag_Black",
    "inGameName": "Field Backpack",
    "category": "characters",
    "modelType": "Config",
    "path": "dz/characters/backpacks",
    "usableOnConsole": true,
    "searchTags": "backpack, alice, field, military, large, black",
    "image": "images/characters/backpacks/alice_bag_black.jpg",
    "id": "dzobj_1yy550bhiy"
  },
  {
    "objectName": "AliceBag_Camo",
    "inGameName": "Field Backpack",
    "category": "characters",
    "modelType": "Config",
    "path": "dz/characters/backpacks",
    "usableOnConsole": true,
    "searchTags": "backpack, alice, field, military, large, camo, camouflage",
    "image": "images/characters/backpacks/alice_bag_camo.jpg",
    "id": "dzobj_pc9h7odqwf"
  },
  {
    "objectName": "AliceBag_Green",
    "inGameName": "Field Backpack",
    "category": "characters",
    "modelType": "Config",
    "path": "dz/characters/backpacks",
    "usableOnConsole": true,
    "searchTags": "backpack, alice, field, military, large, green",
    "image": "images/characters/backpacks/alice_bag_green.jpg",
    "id": "dzobj_tw3kbkvex2"
  },
  {
    "objectName": "AliceBag_NearBubble",
    "inGameName": "Field Backpack",
    "category": "characters",
    "modelType": "Config",
    "path": "dz/characters/backpacks",
    "usableOnConsole": true,
    "searchTags": "backpack, alice, field, military, large, green",
    "image": "images/characters/backpacks/alice_bag_green.jpg",
    "id": "dzobj_pmpth9yell"
  },
  {
    "objectName": "AliceBag_FarBubble",
    "inGameName": "Field Backpack",
    "category": "characters",
    "modelType": "Config",
    "path": "dz/characters/backpacks",
    "usableOnConsole": true,
    "searchTags": "backpack, alice, field, military, large, green",
    "image": "images/characters/backpacks/alice_bag_green.jpg",
    "id": "dzobj_v196ova1wd"
  },
  {
    "objectName": "Slingbag_Black",
    "inGameName": "Sling Bag",
    "category": "characters",
    "modelType": "Config",
    "path": "dz/characters/backpacks",
    "usableOnConsole": true,
    "searchTags": "bag, sling, casual, urban, small, black",
    "image": "images/characters/backpacks/sling_bag_black.jpg",
    "id": "dzobj_5hmgoik4je"
  },
  {
    "objectName": "SlingBag_Brown",
    "inGameName": "Sling Bag",
    "category": "characters",
    "modelType": "Config",
    "path": "dz/characters/backpacks",
    "usableOnConsole": true,
    "searchTags": "bag, sling, casual, urban, small, brown, black",
    "image": "images/characters/backpacks/sling_bag_brown.jpg",
    "id": "dzobj_3zst918hn4"
  },
  {
    "objectName": "Slingbag_Gray",
    "inGameName": "Sling Bag",
    "category": "characters",
    "modelType": "Config",
    "path": "dz/characters/backpacks",
    "usableOnConsole": true,
    "searchTags": "bag, sling, casual, urban, small, black, gray, grey",
    "image": "images/characters/backpacks/sling_bag_black.jpg",
    "id": "dzobj_w08foexjif"
  },
  {
    "objectName": "ArmyPouch_Beige",
    "inGameName": "Army Pouch",
    "category": "characters",
    "modelType": "Config",
    "path": "dz/characters/backpacks",
    "usableOnConsole": true,
    "searchTags": "pouch, utility, military, small, beige",
    "image": "images/characters/backpacks/army_pouch_beige.jpg",
    "id": "dzobj_fxfx4un6n4"
  },
  {
    "objectName": "ArmyPouch_Black",
    "inGameName": "Army Pouch",
    "category": "characters",
    "modelType": "Config",
    "path": "dz/characters/backpacks",
    "usableOnConsole": true,
    "searchTags": "pouch, utility, military, small, black",
    "image": "images/characters/backpacks/army_pouch_black.jpg",
    "id": "dzobj_yw2bwkb4z1"
  },
  {
    "objectName": "ArmyPouch_Camo",
    "inGameName": "Army Pouch",
    "category": "characters",
    "modelType": "Config",
    "path": "dz/characters/backpacks",
    "usableOnConsole": true,
    "searchTags": "pouch, utility, military, small, camo, camouflage",
    "image": "images/characters/backpacks/army_pouch_camo.jpg",
    "id": "dzobj_43itbvqo8r"
  },
  {
    "objectName": "ArmyPouch_Green",
    "inGameName": "Army Pouch",
    "category": "characters",
    "modelType": "Config",
    "path": "dz/characters/backpacks",
    "usableOnConsole": true,
    "searchTags": "pouch, utility, military, small, green",
    "image": "images/characters/backpacks/army_pouch_green.jpg",
    "id": "dzobj_2d9no54hmx"
  },
  {
    "objectName": "DuffelBagSmall_Camo",
    "inGameName": "Leather Duffel Bag",
    "category": "characters",
    "modelType": "Config",
    "path": "dz/characters/backpacks",
    "usableOnConsole": true,
    "searchTags": "bag, duffel, leather, carry, medium, camo, camouflage",
    "image": "images/characters/backpacks/duffelbagsmall_camo.jpg",
    "id": "dzobj_ztzedn9qud"
  },
  {
    "objectName": "DuffelBagSmall_Green",
    "inGameName": "Leather Duffel Bag",
    "category": "characters",
    "modelType": "Config",
    "path": "dz/characters/backpacks",
    "usableOnConsole": true,
    "searchTags": "bag, duffel, leather, carry, medium, green",
    "image": "images/characters/backpacks/duffel_bag_green.jpg",
    "id": "dzobj_tf7ds938rq"
  },
  {
    "objectName": "DuffelBagSmall_Medical",
    "inGameName": "Leather Duffel Bag",
    "category": "characters",
    "modelType": "Config",
    "path": "dz/characters/backpacks",
    "usableOnConsole": true,
    "searchTags": "bag, duffel, leather, carry, medium, medical",
    "image": "images/characters/backpacks/duffelbagsmall_medical.jpg",
    "id": "dzobj_0twvwlg58w"
  },
  {
    "objectName": "CanvasBag_Medical",
    "inGameName": "Canvas Bag",
    "category": "characters",
    "modelType": "Config",
    "path": "dz/characters/backpacks",
    "usableOnConsole": true,
    "searchTags": "bag, canvas, messenger, medium, medical",
    "image": "images/characters/backpacks/canvas_bag_medical.jpg",
    "id": "dzobj_3c1h1jzap0"
  },
  {
    "objectName": "CanvasBag_Olive",
    "inGameName": "Canvas Bag",
    "category": "characters",
    "modelType": "Config",
    "path": "dz/characters/backpacks",
    "usableOnConsole": true,
    "searchTags": "bag, canvas, messenger, medium, olive",
    "image": "images/characters/backpacks/canvas_bag_olive.jpg",
    "id": "dzobj_8ak04c94ch"
  },
  {
    "objectName": "DrysackBag_Green",
    "inGameName": "Drysack Bag",
    "category": "characters",
    "modelType": "Config",
    "path": "dz/characters/backpacks",
    "usableOnConsole": true,
    "searchTags": "bag, drysack, waterproof, roll-top, medium, green",
    "image": "images/characters/backpacks/drysack_bag_green.jpg",
    "id": "dzobj_wx47xzpax0"
  },
  {
    "objectName": "DrysackBag_Orange",
    "inGameName": "Drysack Bag",
    "category": "characters",
    "modelType": "Config",
    "path": "dz/characters/backpacks",
    "usableOnConsole": true,
    "searchTags": "bag, drysack, waterproof, roll-top, medium, orange",
    "image": "images/characters/backpacks/drysack_bag_orange.jpg",
    "id": "dzobj_7c1zzif0yt"
  },
  {
    "objectName": "DrysackBag_Yellow",
    "inGameName": "Drysack Bag",
    "category": "characters",
    "modelType": "Config",
    "path": "dz/characters/backpacks",
    "usableOnConsole": true,
    "searchTags": "bag, drysack, waterproof, roll-top, medium, yellow",
    "image": "images/characters/backpacks/drysack_bag_yellow.jpg",
    "id": "dzobj_s0q108yivo"
  },
  {
    "objectName": "alicebackpack_g.p3d",
    "inGameName": "Field Backpack",
    "category": "characters",
    "modelType": "Raw P3D",
    "path": "dz/characters/backpacks",
    "usableOnConsole": false,
    "searchTags": "bag, military, large, alicebackpack_f, alicebackpack_m, backpack, alice, field",
    "image": "images/characters/backpacks/alice_bag_camo.jpg",
    "id": "dzobj_trdtu27401"
  },
  {
    "objectName": "armypouch_g.p3d",
    "inGameName": "Army Pouch",
    "category": "characters",
    "modelType": "Raw P3D",
    "path": "dz/characters/backpacks",
    "usableOnConsole": false,
    "searchTags": "bag, satchel, military, small, armypouch_f armypouch_m, pouch, utility",
    "image": "images/characters/backpacks/army_pouch_green.jpg",
    "id": "dzobj_kgxe9ro063"
  },
  {
    "objectName": "bag_leathersack_g.p3d",
    "inGameName": "Leather Backpack",
    "category": "characters",
    "modelType": "Raw P3D",
    "path": "dz/characters/backpacks",
    "usableOnConsole": false,
    "searchTags": "bag, satchel, small, bag_leathersack_m, bag_leathersack_f, backpack, leather, craftable, medium",
    "image": "images/characters/backpacks/leathersack_beige.jpg",
    "id": "dzobj_0v4wnb3l27"
  },
  {
    "objectName": "boulder_m53_g.p3d",
    "inGameName": "Assault Backpack",
    "category": "characters",
    "modelType": "Raw P3D",
    "path": "dz/characters/backpacks",
    "usableOnConsole": false,
    "searchTags": "bag, military, small, boulder_m53_f, boulder_m53_m, backpack, assault, tactical",
    "image": "images/characters/backpacks/assault_bag_green.jpg",
    "id": "dzobj_yy8i4jb39t"
  },
  {
    "objectName": "bp_improvisedfur_g.p3d",
    "inGameName": "-",
    "category": "characters",
    "modelType": "Raw P3D",
    "path": "dz/characters/backpacks",
    "usableOnConsole": false,
    "searchTags": "backpack, improvised, fur, craftable, warm",
    "image": "images/characters/backpacks/fur_backpack.jpg",
    "id": "dzobj_hget6ha61l"
  },
  {
    "objectName": "bp_improvised_g.p3d",
    "inGameName": "Fur Backpack",
    "category": "characters",
    "modelType": "Raw P3D",
    "path": "dz/characters/backpacks",
    "usableOnConsole": false,
    "searchTags": "bag, small, bag_leathersack_f, bag_leathersack_m, backpack, improvised, burlap, craftable, medium",
    "image": "images/characters/backpacks/burlap_backpack.jpg",
    "id": "dzobj_n3omturz64"
  },
  {
    "objectName": "canvasbag_g.p3d",
    "inGameName": "Canvas Bag",
    "category": "characters",
    "modelType": "Raw P3D",
    "path": "dz/characters/backpacks",
    "usableOnConsole": false,
    "searchTags": "bag, canvas, messenger, medium",
    "image": "images/characters/backpacks/canvas_bag_olive.jpg",
    "id": "dzobj_86j01s7nko"
  },
  {
    "objectName": "childs_g.p3d",
    "inGameName": "School Backpack",
    "category": "characters",
    "modelType": "Raw P3D",
    "path": "dz/characters/backpacks",
    "usableOnConsole": false,
    "searchTags": "backpack, school, kids, small",
    "image": "images/characters/backpacks/school_backpack_blue.jpg",
    "id": "dzobj_6xy8rt3fvu"
  },
  {
    "objectName": "coyotesbp_g.p3d",
    "inGameName": "Tactical Backpack",
    "category": "characters",
    "modelType": "Raw P3D",
    "path": "dz/characters/backpacks",
    "usableOnConsole": false,
    "searchTags": "backpack, coyote, tactical, frame, military",
    "image": "images/characters/backpacks/coyote_green.jpg",
    "id": "dzobj_8ej7q6pk7h"
  },
  {
    "objectName": "drybag_g.p3d",
    "inGameName": "Drybag Backpack",
    "category": "characters",
    "modelType": "Raw P3D",
    "path": "dz/characters/backpacks",
    "usableOnConsole": false,
    "searchTags": "bag, waterproof, large, drybag_f drybag_m, backpack, drybag, roll-top",
    "image": "images/characters/backpacks/drybag_black.jpg",
    "id": "dzobj_nw7sawueon"
  },
  {
    "objectName": "drysackbag_g.p3d",
    "inGameName": "Drysack Bag",
    "category": "characters",
    "modelType": "Raw P3D",
    "path": "dz/characters/backpacks",
    "usableOnConsole": false,
    "searchTags": "bag, drysack, waterproof, roll-top, medium",
    "image": "images/characters/backpacks/drysack_bag_green.jpg",
    "id": "dzobj_5tycufkxmg"
  },
  {
    "objectName": "duffelbagsmall_g.p3d",
    "inGameName": "Leather Duffel Bag",
    "category": "characters",
    "modelType": "Raw P3D",
    "path": "dz/characters/backpacks",
    "usableOnConsole": false,
    "searchTags": "bag, satchel, small, duffelbagsmall_f duffelbagsmall_m, duffel, leather, carry, medium",
    "image": "images/characters/backpacks/duffel_bag_green.jpg",
    "id": "dzobj_lgkrl70p3l"
  },
  {
    "objectName": "ghilliebushrag_g.p3d",
    "inGameName": "Ghillie Suit",
    "category": "characters",
    "modelType": "Raw P3D",
    "path": "dz/characters/backpacks",
    "usableOnConsole": false,
    "searchTags": "camo, ghilliebushrag_f ghilliebushrag_m, ghillie, shrug, camouflage, sniper",
    "image": "images/characters/backpacks/ghillie_woodland.jpg",
    "id": "dzobj_dcfv6cc3go"
  },
  {
    "objectName": "hunting_g.p3d",
    "inGameName": "Hunter Backpack",
    "category": "characters",
    "modelType": "Raw P3D",
    "path": "dz/characters/backpacks",
    "usableOnConsole": false,
    "searchTags": "backpack, hunter, outdoors, camouflage, large",
    "image": "images/characters/backpacks/hunting_bag.jpg",
    "id": "dzobj_wkq7qr0m15"
  },
  {
    "objectName": "hunting_hannah_g.p3d",
    "inGameName": "-",
    "category": "characters",
    "modelType": "Raw P3D",
    "path": "dz/characters/backpacks",
    "usableOnConsole": false,
    "searchTags": "backpack, hunter, outdoors, camouflage, large, hannah, variant",
    "image": "images/characters/backpacks/huntingbag_hannah.jpg",
    "id": "dzobj_wl4m1zqn1o"
  },
  {
    "objectName": "impcourierbagfur_g.p3d",
    "inGameName": "Fur Courier Bag",
    "category": "characters",
    "modelType": "Raw P3D",
    "path": "dz/characters/backpacks",
    "usableOnConsole": false,
    "searchTags": "bag, courier, fur, satchel, small, warm",
    "image": "images/characters/backpacks/fur_courier_bag.jpg",
    "id": "dzobj_euqfie93r0"
  },
  {
    "objectName": "impcourierbag_g.p3d",
    "inGameName": "Burlap Courier Bag",
    "category": "characters",
    "modelType": "Raw P3D",
    "path": "dz/characters/backpacks",
    "usableOnConsole": false,
    "searchTags": "bag, courier, burlap, satchel, small",
    "image": "images/characters/backpacks/burlap_courier_bag.jpg",
    "id": "dzobj_bdoqqtr0cc"
  },
  {
    "objectName": "mountain_g.p3d",
    "inGameName": "Mountain Backpack",
    "category": "characters",
    "modelType": "Raw P3D",
    "path": "dz/characters/backpacks",
    "usableOnConsole": false,
    "searchTags": "bag, large, moutain_f mountain_m, backpack, mountain, expedition",
    "image": "images/characters/backpacks/mountain_bag_blue.jpg",
    "id": "dzobj_layb7sau33"
  },
  {
    "objectName": "slingbag_g.p3d",
    "inGameName": "Sling Bag",
    "category": "characters",
    "modelType": "Raw P3D",
    "path": "dz/characters/backpacks",
    "usableOnConsole": false,
    "searchTags": "bag, sling, casual, urban, small",
    "image": "images/characters/backpacks/sling_bag_black.jpg",
    "id": "dzobj_tqj40sb9ev"
  },
  {
    "objectName": "smershbag_alternate_g.p3d",
    "inGameName": "Utility Buttpack",
    "category": "characters",
    "modelType": "Raw P3D",
    "path": "dz/characters/backpacks",
    "usableOnConsole": false,
    "searchTags": "bag, military, green, backpack, utility, buttpack, modular, alternate",
    "image": "images/characters/backpacks/utility_buttpack.jpg",
    "id": "dzobj_m333jgdrdm"
  },
  {
    "objectName": "smershbag_g.p3d",
    "inGameName": "-",
    "category": "characters",
    "modelType": "Raw P3D",
    "path": "dz/characters/backpacks",
    "usableOnConsole": false,
    "searchTags": "bag, military, green, smershbag_f smershbag_m, backpack, utility, buttpack, modular",
    "image": "images/characters/backpacks/utility_buttpack.jpg",
    "id": "dzobj_kp2u968slf"
  },
  {
    "objectName": "taloon_g.p3d",
    "inGameName": "Hiking Backpack",
    "category": "characters",
    "modelType": "Raw P3D",
    "path": "dz/characters/backpacks",
    "usableOnConsole": false,
    "searchTags": "bag, medium, taloon_f taloon_m, backpack, hiking, taloon",
    "image": "images/characters/backpacks/hiking_backpack_blue.jpg",
    "id": "dzobj_i2t8wfmlnc"
  },
  {
    "objectName": "tortilla_g.p3d",
    "inGameName": "Combat Backpack",
    "category": "characters",
    "modelType": "Raw P3D",
    "path": "dz/characters/backpacks",
    "usableOnConsole": false,
    "searchTags": "bag, military, large, tortilla_f tortilla_m, backpack, combat",
    "image": "images/characters/backpacks/combat_backpack.jpg",
    "id": "dzobj_7qxm8xe2bg"
  },
  {
    "objectName": "Attack2Bag_Black",
    "inGameName": "Long Haul Backpack",
    "category": "characters",
    "modelType": "Config",
    "path": "dz/characters/backpacks",
    "usableOnConsole": true,
    "searchTags": "military, bag, big, combat, assault, v1.29",
    "image": "images/characters/backpacks/attack2bag_black/attack2bag_black.jpg",
    "id": "dzobj_p3gx59u4nn"
  },
  {
    "objectName": "Attack2Bag_Green",
    "inGameName": "Long Haul Backpack",
    "category": "characters",
    "modelType": "Config",
    "path": "dz/characters/backpacks",
    "usableOnConsole": true,
    "searchTags": "military, bag, big, combat, assault, v1.29",
    "image": "images/characters/backpacks/attack2bag_green/attack2bag_green.jpg",
    "id": "dzobj_ets2of8kgf"
  },
  {
    "objectName": "Attack2Bag_Ttsko",
    "inGameName": "Long Haul Backpack",
    "category": "characters",
    "modelType": "Config",
    "path": "dz/characters/backpacks",
    "usableOnConsole": true,
    "searchTags": "military, bag, big, combat, assault, v1.29",
    "image": "images/characters/backpacks/attack2bag_ttsko/attack2bag_ttsko.jpg",
    "id": "dzobj_m95ob1ufjx"
  },
  {
    "objectName": "Attack2Bag_Yeger",
    "inGameName": "Long Haul Backpack",
    "category": "characters",
    "modelType": "Config",
    "path": "dz/characters/backpacks",
    "usableOnConsole": true,
    "searchTags": "military, bag, big, combat, assault, v1.29",
    "image": "images/characters/backpacks/attack2bag_yeger/attack2bag_yeger.jpg",
    "id": "dzobj_zq3tvorl5c"
  },
  {
    "objectName": "attack2backpack_g.p3d",
    "inGameName": "Long Haul Backpack",
    "category": "characters",
    "modelType": "Raw P3D",
    "path": "dz/characters/backpacks",
    "usableOnConsole": false,
    "searchTags": "military, bag, big, combat, assault, v1.29",
    "image": "images/characters/backpacks/attack2bag_black/attack2bag_black.jpg",
    "id": "dzobj_89qaewbqo5"
  },
  {
    "objectName": "attack2backpack_g.p3d",
    "inGameName": "Long Haul Backpack",
    "category": "characters",
    "modelType": "Raw P3D",
    "path": "dz/characters/backpacks",
    "usableOnConsole": false,
    "searchTags": "military, bag, big, combat, assault, v1.29",
    "image": "images/characters/backpacks/attack2bag_green/attack2bag_green.jpg",
    "id": "dzobj_f9j7tggepb"
  },
  {
    "objectName": "attack2backpack_g.p3d",
    "inGameName": "Long Haul Backpack",
    "category": "characters",
    "modelType": "Raw P3D",
    "path": "dz/characters/backpacks",
    "usableOnConsole": false,
    "searchTags": "military, bag, big, combat, assault, v1.29",
    "image": "images/characters/backpacks/attack2bag_ttsko/attack2bag_ttsko.jpg",
    "id": "dzobj_l8a2kf368b"
  },
  {
    "objectName": "attack2backpack_g.p3d",
    "inGameName": "Long Haul Backpack",
    "category": "characters",
    "modelType": "Raw P3D",
    "path": "dz/characters/backpacks",
    "usableOnConsole": false,
    "searchTags": "military, bag, big, combat, assault, v1.29",
    "image": "images/characters/backpacks/attack2bag_yeger/attack2bag_yeger.jpg",
    "id": "dzobj_l2iemaqs4r"
  }
]
