[
  {
    "objectName": "TaloonBag_Blue",
    "inGameName": "Hiking Backpack",
    "category": "characters",
    "modelType": "Config",
    "path": "dz/characters/backpacks",
    "usableOnConsole": true,
    "searchTags": "backpack, hiking, taloon, medium, blue",
    "image": "images/characters/backpacks/hiking_backpack_blue.jpg"
  },
  {
    "objectName": "TaloonBag_Green",
    "inGameName": "Hiking Backpack",
    "category": "characters",
    "modelType": "Config",
    "path": "dz/characters/backpacks",
    "usableOnConsole": true,
    "searchTags": "backpack, hiking, taloon, medium, green",
    "image": "images/characters/backpacks/hiking_backpack_green.jpg"
  },
  {
    "objectName": "TaloonBag_Orange",
    "inGameName": "Hiking Backpack",
    "category": "characters",
    "modelType": "Config",
    "path": "dz/characters/backpacks",
    "usableOnConsole": true,
    "searchTags": "backpack, hiking, taloon, medium, orange",
    "image": "images/characters/backpacks/hiking_backpack_orange.jpg"
  },
  {
    "objectName": "TaloonBag_Violet",
    "inGameName": "Hiking Backpack",
    "category": "characters",
    "modelType": "Config",
    "path": "dz/characters/backpacks",
    "usableOnConsole": true,
    "searchTags": "backpack, hiking, taloon, medium, violet, purple",
    "image": "images/characters/backpacks/hiking_backpack_violet.jpg"
  },
  {
    "objectName": "TortillaBag",
    "inGameName": "Combat Backpack",
    "category": "characters",
    "modelType": "Config",
    "path": "dz/characters/backpacks",
    "usableOnConsole": true,
    "searchTags": "bag, military, large, backpack, combat",
    "image": "images/characters/backpacks/combat_backpack.jpg"
  },
  {
    "objectName": "TortillaBag_Winter",
    "inGameName": "Combat Backpack",
    "category": "characters",
    "modelType": "Config",
    "path": "dz/characters/backpacks",
    "usableOnConsole": true,
    "searchTags": "bag, military, large, backpack, combat, winter, snow",
    "image": "images/characters/backpacks/tortillabag_winter.jpg"
  },
  {
    "objectName": "CourierBag",
    "inGameName": "Burlap Courier Bag",
    "category": "characters",
    "modelType": "Config",
    "path": "dz/characters/backpacks",
    "usableOnConsole": true,
    "searchTags": "bag, small, satchel, courier, burlap",
    "image": "images/characters/backpacks/burlap_courier_bag.jpg"
  },
  {
    "objectName": "FurCourierBag",
    "inGameName": "Fur Courier Bag",
    "category": "characters",
    "modelType": "Config",
    "path": "dz/characters/backpacks",
    "usableOnConsole": true,
    "searchTags": "bag, small, satchel, courier, fur, warm",
    "image": "images/characters/backpacks/fur_courier_bag.jpg"
  },
  {
    "objectName": "ImprovisedBag",
    "inGameName": "Burlap Backpack",
    "category": "characters",
    "modelType": "Config",
    "path": "dz/characters/backpacks",
    "usableOnConsole": true,
    "searchTags": "bag, small, backpack, improvised, burlap, craftable, medium",
    "image": "images/characters/backpacks/burlap_backpack.jpg"
  },
  {
    "objectName": "FurImprovisedBag",
    "inGameName": "Fur Backpack",
    "category": "characters",
    "modelType": "Config",
    "path": "dz/characters/backpacks",
    "usableOnConsole": true,
    "searchTags": "bag, small, backpack, improvised, fur, craftable, warm",
    "image": "images/characters/backpacks/fur_backpack.jpg"
  },
  {
    "objectName": "DryBag_Black",
    "inGameName": "Drybag Backpack",
    "category": "characters",
    "modelType": "Config",
    "path": "dz/characters/backpacks",
    "usableOnConsole": true,
    "searchTags": "backpack, drybag, waterproof, roll-top, large, black",
    "image": "images/characters/backpacks/drybag_black.jpg"
  },
  {
    "objectName": "DryBag_Blue",
    "inGameName": "Drybag Backpack",
    "category": "characters",
    "modelType": "Config",
    "path": "dz/characters/backpacks",
    "usableOnConsole": true,
    "searchTags": "backpack, drybag, waterproof, roll-top, large, blue",
    "image": "images/characters/backpacks/drybag_blue.jpg"
  },
  {
    "objectName": "DryBag_Green",
    "inGameName": "Drybag Backpack",
    "category": "characters",
    "modelType": "Config",
    "path": "dz/characters/backpacks",
    "usableOnConsole": true,
    "searchTags": "backpack, drybag, waterproof, roll-top, large, green",
    "image": "images/characters/backpacks/drybag_green.jpg"
  },
  {
    "objectName": "DryBag_Orange",
    "inGameName": "Drybag Backpack",
    "category": "characters",
    "modelType": "Config",
    "path": "dz/characters/backpacks",
    "usableOnConsole": true,
    "searchTags": "backpack, drybag, waterproof, roll-top, large, orange",
    "image": "images/characters/backpacks/drybag_orange.jpg"
  },
  {
    "objectName": "DryBag_Red",
    "inGameName": "Drybag Backpack",
    "category": "characters",
    "modelType": "Config",
    "path": "dz/characters/backpacks",
    "usableOnConsole": true,
    "searchTags": "backpack, drybag, waterproof, roll-top, large, red",
    "image": "images/characters/backpacks/drybag_red.jpg"
  },
  {
    "objectName": "DryBag_Yellow",
    "inGameName": "Drybag Backpack",
    "category": "characters",
    "modelType": "Config",
    "path": "dz/characters/backpacks",
    "usableOnConsole": true,
    "searchTags": "backpack, drybag, waterproof, roll-top, large, yellow",
    "image": "images/characters/backpacks/drybag_yellow.jpg"
  },
  {
    "objectName": "HuntingBag",
    "inGameName": "Hunter Backpack",
    "category": "characters",
    "modelType": "Config",
    "path": "dz/characters/backpacks",
    "usableOnConsole": true,
    "searchTags": "bag, large, green, backpack, hunter, outdoors, camouflage",
    "image": "images/characters/backpacks/hunting_bag.jpg"
  },
  {
    "objectName": "HuntingBag_Hannah",
    "inGameName": "-",
    "category": "characters",
    "modelType": "Config",
    "path": "dz/characters/backpacks",
    "usableOnConsole": true,
    "searchTags": "bag, large, green, backpack, hunter, outdoors, camouflage, hannah, variant",
    "image": "images/characters/backpacks/hunting_bag.jpg"
  },
  {
    "objectName": "MountainBag_Blue",
    "inGameName": "Mountain Backpack",
    "category": "characters",
    "modelType": "Config",
    "path": "dz/characters/backpacks",
    "usableOnConsole": true,
    "searchTags": "backpack, mountain, expedition, large, blue",
    "image": "images/characters/backpacks/mountain_bag_blue.jpg"
  },
  {
    "objectName": "MountainBag_Green",
    "inGameName": "Mountain Backpack",
    "category": "characters",
    "modelType": "Config",
    "path": "dz/characters/backpacks",
    "usableOnConsole": true,
    "searchTags": "backpack, mountain, expedition, large, green",
    "image": "images/characters/backpacks/mountain_bag_green.jpg"
  },
  {
    "objectName": "MountainBag_Orange",
    "inGameName": "Mountain Backpack",
    "category": "characters",
    "modelType": "Config",
    "path": "dz/characters/backpacks",
    "usableOnConsole": true,
    "searchTags": "backpack, mountain, expedition, large, orange",
    "image": "images/characters/backpacks/mountain_bag_orange.jpg"
  },
  {
    "objectName": "MountainBag_Red",
    "inGameName": "Mountain Backpack",
    "category": "characters",
    "modelType": "Config",
    "path": "dz/characters/backpacks",
    "usableOnConsole": true,
    "searchTags": "backpack, mountain, expedition, large, red",
    "image": "images/characters/backpacks/mountain_bag_red.jpg"
  },
  {
    "objectName": "SmershBag",
    "inGameName": "Utility Buttpack",
    "category": "characters",
    "modelType": "Config",
    "path": "dz/characters/backpacks",
    "usableOnConsole": true,
    "searchTags": "bag, military, green, backpack, utility, buttpack, modular",
    "image": "images/characters/backpacks/utility_buttpack.jpg"
  },
  {
    "objectName": "ChildBag_Blue",
    "inGameName": "School Backpack",
    "category": "characters",
    "modelType": "Config",
    "path": "dz/characters/backpacks",
    "usableOnConsole": true,
    "searchTags": "backpack, school, kids, small, blue",
    "image": "images/characters/backpacks/school_backpack_blue.jpg"
  },
  {
    "objectName": "ChildBag_Green",
    "inGameName": "School Backpack",
    "category": "characters",
    "modelType": "Config",
    "path": "dz/characters/backpacks",
    "usableOnConsole": true,
    "searchTags": "backpack, school, kids, small, green",
    "image": "images/characters/backpacks/school_backpack_green.jpg"
  },
  {
    "objectName": "ChildBag_Red",
    "inGameName": "School Backpack",
    "category": "characters",
    "modelType": "Config",
    "path": "dz/characters/backpacks",
    "usableOnConsole": true,
    "searchTags": "backpack, school, kids, small, red",
    "image": "images/characters/backpacks/school_backpack_red.jpg"
  },
  {
    "objectName": "GhillieBushrag_Mossy",
    "inGameName": "Ghillie Shrug",
    "category": "characters",
    "modelType": "Config",
    "path": "dz/characters/backpacks",
    "usableOnConsole": true,
    "searchTags": "ghillie, shrug, camouflage, sniper, mossy",
    "image": "images/characters/backpacks/ghillie_mossy.jpg"
  },
  {
    "objectName": "GhillieBushrag_Tan",
    "inGameName": "Ghillie Shrug",
    "category": "characters",
    "modelType": "Config",
    "path": "dz/characters/backpacks",
    "usableOnConsole": true,
    "searchTags": "ghillie, shrug, camouflage, sniper, tan, desert",
    "image": "images/characters/backpacks/ghillie_tan.jpg"
  },
  {
    "objectName": "GhillieBushrag_Winter",
    "inGameName": "Ghillie Shrug",
    "category": "characters",
    "modelType": "Config",
    "path": "dz/characters/backpacks",
    "usableOnConsole": true,
    "searchTags": "ghillie, shrug, camouflage, sniper, winter, snow",
    "image": "images/characters/backpacks/ghillie_winter.jpg"
  },
  {
    "objectName": "GhillieBushrag_Woodland",
    "inGameName": "Ghillie Shrug",
    "category": "characters",
    "modelType": "Config",
    "path": "dz/characters/backpacks",
    "usableOnConsole": true,
    "searchTags": "ghillie, shrug, camouflage, sniper, woodland, forest",
    "image": "images/characters/backpacks/ghillie_woodland.jpg"
  },
  {
    "objectName": "GhillieTop_Mossy",
    "inGameName": "Ghillie Cloak",
    "category": "characters",
    "modelType": "Config",
    "path": "dz/characters/backpacks",
    "usableOnConsole": true,
    "searchTags": "ghillie, cloak, camouflage, sniper, mossy",
    "image": "images/characters/backpacks/ghillie_mossy.jpg"
  },
  {
    "objectName": "GhillieTop_Tan",
    "inGameName": "Ghillie Cloak",
    "category": "characters",
    "modelType": "Config",
    "path": "dz/characters/backpacks",
    "usableOnConsole": true,
    "searchTags": "ghillie, cloak, camouflage, sniper, tan, desert",
    "image": "images/characters/backpacks/ghillie_tan.jpg"
  },
  {
    "objectName": "GhillieTop_Winter",
    "inGameName": "Ghillie Cloak",
    "category": "characters",
    "modelType": "Config",
    "path": "dz/characters/backpacks",
    "usableOnConsole": true,
    "searchTags": "ghillie, cloak, camouflage, sniper, winter, snow",
    "image": "images/characters/backpacks/ghillie_winter.jpg"
  },
  {
    "objectName": "GhillieTop_Woodland",
    "inGameName": "Ghillie Cloak",
    "category": "characters",
    "modelType": "Config",
    "path": "dz/characters/backpacks",
    "usableOnConsole": true,
    "searchTags": "ghillie, cloak, camouflage, sniper, woodland, forest",
    "image": "images/characters/backpacks/ghillie_woodland.jpg"
  },
  {
    "objectName": "GhillieSuit_Mossy",
    "inGameName": "Ghillie Suit",
    "category": "characters",
    "modelType": "Config",
    "path": "dz/characters/backpacks",
    "usableOnConsole": true,
    "searchTags": "ghillie, suit, camouflage, sniper, mossy",
    "image": "images/characters/backpacks/ghillie_mossy.jpg"
  },
  {
    "objectName": "GhillieSuit_Tan",
    "inGameName": "Ghillie Suit",
    "category": "characters",
    "modelType": "Config",
    "path": "dz/characters/backpacks",
    "usableOnConsole": true,
    "searchTags": "ghillie, suit, camouflage, sniper, tan, desert",
    "image": "images/characters/backpacks/ghillie_tan.jpg"
  },
  {
    "objectName": "GhillieSuit_Winter",
    "inGameName": "Ghillie Suit",
    "category": "characters",
    "modelType": "Config",
    "path": "dz/characters/backpacks",
    "usableOnConsole": true,
    "searchTags": "ghillie, suit, camouflage, sniper, winter, snow",
    "image": "images/characters/backpacks/ghillie_winter.jpg"
  },
  {
    "objectName": "GhillieSuit_Woodland",
    "inGameName": "Ghillie Suit",
    "category": "characters",
    "modelType": "Config",
    "path": "dz/characters/backpacks",
    "usableOnConsole": true,
    "searchTags": "ghillie, suit, camouflage, sniper, woodland, forest",
    "image": "images/characters/backpacks/ghillie_woodland.jpg"
  },
  {
    "objectName": "LeatherSack_Beige",
    "inGameName": "Leather Backpack",
    "category": "characters",
    "modelType": "Config",
    "path": "dz/characters/backpacks",
    "usableOnConsole": true,
    "searchTags": "backpack, leather, craftable, medium, beige",
    "image": "images/characters/backpacks/leathersack_beige.jpg"
  },
  {
    "objectName": "LeatherSack_Black",
    "inGameName": "Leather Backpack",
    "category": "characters",
    "modelType": "Config",
    "path": "dz/characters/backpacks",
    "usableOnConsole": true,
    "searchTags": "backpack, leather, craftable, medium, black",
    "image": "images/characters/backpacks/leathersack_black.jpg"
  },
  {
    "objectName": "LeatherSack_Brown",
    "inGameName": "Leather Backpack",
    "category": "characters",
    "modelType": "Config",
    "path": "dz/characters/backpacks",
    "usableOnConsole": true,
    "searchTags": "backpack, leather, craftable, medium, brown",
    "image": "images/characters/backpacks/leathersack_brown.jpg"
  },
  {
    "objectName": "LeatherSack_Natural",
    "inGameName": "Leather Backpack",
    "category": "characters",
    "modelType": "Config",
    "path": "dz/characters/backpacks",
    "usableOnConsole": true,
    "searchTags": "backpack, leather, craftable, medium, natural, tan",
    "image": "images/characters/backpacks/leathersack_natural.jpg"
  },
  {
    "objectName": "AssaultBag_Black",
    "inGameName": "Assault Backpack",
    "category": "characters",
    "modelType": "Config",
    "path": "dz/characters/backpacks",
    "usableOnConsole": true,
    "searchTags": "backpack, assault, tactical, military, black",
    "image": "images/characters/backpacks/assault_bag_black.jpg"
  },
  {
    "objectName": "AssaultBag_Green",
    "inGameName": "Assault Backpack",
    "category": "characters",
    "modelType": "Config",
    "path": "dz/characters/backpacks",
    "usableOnConsole": true,
    "searchTags": "backpack, assault, tactical, military, green",
    "image": "images/characters/backpacks/assault_bag_green.jpg"
  },
  {
    "objectName": "AssaultBag_Ttsko",
    "inGameName": "Assault Backpack",
    "category": "characters",
    "modelType": "Config",
    "path": "dz/characters/backpacks",
    "usableOnConsole": true,
    "searchTags": "backpack, assault, tactical, military, ttsko, camouflage",
    "image": "images/characters/backpacks/assault_bag_ttsko.jpg"
  },
  {
    "objectName": "AssaultBag_Winter",
    "inGameName": "Assault Backpack",
    "category": "characters",
    "modelType": "Config",
    "path": "dz/characters/backpacks",
    "usableOnConsole": true,
    "searchTags": "backpack, assault, tactical, military, winter, snow",
    "image": "images/characters/backpacks/assault_bag_winter.jpg"
  },
  {
    "objectName": "CoyoteBag_Brown",
    "inGameName": "Tactical Backpack",
    "category": "characters",
    "modelType": "Config",
    "path": "dz/characters/backpacks",
    "usableOnConsole": true,
    "searchTags": "backpack, coyote, tactical, frame, military, brown",
    "image": "images/characters/backpacks/coyote_brown.jpg"
  },
  {
    "objectName": "CoyoteBag_Green",
    "inGameName": "Tactical Backpack",
    "category": "characters",
    "modelType": "Config",
    "path": "dz/characters/backpacks",
    "usableOnConsole": true,
    "searchTags": "backpack, coyote, tactical, frame, military, green",
    "image": "images/characters/backpacks/coyote_green.jpg"
  },
  {
    "objectName": "CoyoteBag_Winter",
    "inGameName": "Tactical Backpack",
    "category": "characters",
    "modelType": "Config",
    "path": "dz/characters/backpacks",
    "usableOnConsole": true,
    "searchTags": "backpack, coyote, tactical, frame, military, winter, snow",
    "image": "images/characters/backpacks/coyote_winter.jpg"
  },
  {
    "objectName": "AliceBag_Black",
    "inGameName": "Field Backpack",
    "category": "characters",
    "modelType": "Config",
    "path": "dz/characters/backpacks",
    "usableOnConsole": true,
    "searchTags": "backpack, alice, field, military, large, black",
    "image": "images/characters/backpacks/alice_bag_black.jpg"
  },
  {
    "objectName": "AliceBag_Camo",
    "inGameName": "Field Backpack",
    "category": "characters",
    "modelType": "Config",
    "path": "dz/characters/backpacks",
    "usableOnConsole": true,
    "searchTags": "backpack, alice, field, military, large, camo, camouflage",
    "image": "images/characters/backpacks/alice_bag_camo.jpg"
  },
  {
    "objectName": "AliceBag_Green",
    "inGameName": "Field Backpack",
    "category": "characters",
    "modelType": "Config",
    "path": "dz/characters/backpacks",
    "usableOnConsole": true,
    "searchTags": "backpack, alice, field, military, large, green",
    "image": "images/characters/backpacks/alice_bag_green.jpg"
  },
  {
    "objectName": "AliceBag_NearBubble",
    "inGameName": "Field Backpack",
    "category": "characters",
    "modelType": "Config",
    "path": "dz/characters/backpacks",
    "usableOnConsole": true,
    "searchTags": "backpack, alice, field, military, large, green",
    "image": "images/characters/backpacks/alice_bag_green.jpg"
  },
  {
    "objectName": "AliceBag_FarBubble",
    "inGameName": "Field Backpack",
    "category": "characters",
    "modelType": "Config",
    "path": "dz/characters/backpacks",
    "usableOnConsole": true,
    "searchTags": "backpack, alice, field, military, large, green",
    "image": "images/characters/backpacks/alice_bag_green.jpg"
  },
  {
    "objectName": "SlingBag_Black",
    "inGameName": "Sling Bag",
    "category": "characters",
    "modelType": "Config",
    "path": "dz/characters/backpacks",
    "usableOnConsole": true,
    "searchTags": "bag, sling, casual, urban, small, black",
    "image": "images/characters/backpacks/sling_bag_black.jpg"
  },
  {
    "objectName": "SlingBag_Brown",
    "inGameName": "Sling Bag",
    "category": "characters",
    "modelType": "Config",
    "path": "dz/characters/backpacks",
    "usableOnConsole": true,
    "searchTags": "bag, sling, casual, urban, small, brown",
    "image": "images/characters/backpacks/sling_bag_brown.jpg"
  },
  {
    "objectName": "SlingBag_Gray",
    "inGameName": "Sling Bag",
    "category": "characters",
    "modelType": "Config",
    "path": "dz/characters/backpacks",
    "usableOnConsole": true,
    "searchTags": "bag, sling, casual, urban, small, gray, grey",
    "image": "images/characters/backpacks/sling_bag_grey.jpg"
  },
  {
    "objectName": "ArmyPouch_Beige",
    "inGameName": "Army Pouch",
    "category": "characters",
    "modelType": "Config",
    "path": "dz/characters/backpacks",
    "usableOnConsole": true,
    "searchTags": "pouch, utility, military, small, beige",
    "image": "images/characters/backpacks/army_pouch_beige.jpg"
  },
  {
    "objectName": "ArmyPouch_Black",
    "inGameName": "Army Pouch",
    "category": "characters",
    "modelType": "Config",
    "path": "dz/characters/backpacks",
    "usableOnConsole": true,
    "searchTags": "pouch, utility, military, small, black",
    "image": "images/characters/backpacks/army_pouch_black.jpg"
  },
  {
    "objectName": "ArmyPouch_Camo",
    "inGameName": "Army Pouch",
    "category": "characters",
    "modelType": "Config",
    "path": "dz/characters/backpacks",
    "usableOnConsole": true,
    "searchTags": "pouch, utility, military, small, camo, camouflage",
    "image": "images/characters/backpacks/army_pouch_camo.jpg"
  },
  {
    "objectName": "ArmyPouch_Green",
    "inGameName": "Army Pouch",
    "category": "characters",
    "modelType": "Config",
    "path": "dz/characters/backpacks",
    "usableOnConsole": true,
    "searchTags": "pouch, utility, military, small, green",
    "image": "images/characters/backpacks/army_pouch_green.jpg"
  },
  {
    "objectName": "DuffelBagSmall_Camo",
    "inGameName": "Leather Duffel Bag",
    "category": "characters",
    "modelType": "Config",
    "path": "dz/characters/backpacks",
    "usableOnConsole": true,
    "searchTags": "bag, duffel, leather, carry, medium, camo, camouflage",
    "image": "images/characters/backpacks/duffelbagsmall_camo.jpg"
  },
  {
    "objectName": "DuffelBagSmall_Green",
    "inGameName": "Leather Duffel Bag",
    "category": "characters",
    "modelType": "Config",
    "path": "dz/characters/backpacks",
    "usableOnConsole": true,
    "searchTags": "bag, duffel, leather, carry, medium, green",
    "image": "images/characters/backpacks/duffel_bag_green.jpg"
  },
  {
    "objectName": "DuffelBagSmall_Medical",
    "inGameName": "Leather Duffel Bag",
    "category": "characters",
    "modelType": "Config",
    "path": "dz/characters/backpacks",
    "usableOnConsole": true,
    "searchTags": "bag, duffel, leather, carry, medium, medical",
    "image": "images/characters/backpacks/duffelbagsmall_medical.jpg"
  },
  {
    "objectName": "CanvasBag_Medical",
    "inGameName": "Canvas Bag",
    "category": "characters",
    "modelType": "Config",
    "path": "dz/characters/backpacks",
    "usableOnConsole": true,
    "searchTags": "bag, canvas, messenger, medium, medical",
    "image": "images/characters/backpacks/canvas_bag_medical.jpg"
  },
  {
    "objectName": "CanvasBag_Olive",
    "inGameName": "Canvas Bag",
    "category": "characters",
    "modelType": "Config",
    "path": "dz/characters/backpacks",
    "usableOnConsole": true,
    "searchTags": "bag, canvas, messenger, medium, olive",
    "image": "images/characters/backpacks/canvas_bag_olive.jpg"
  },
  {
    "objectName": "DrysackBag_Green",
    "inGameName": "Drysack Bag",
    "category": "characters",
    "modelType": "Config",
    "path": "dz/characters/backpacks",
    "usableOnConsole": true,
    "searchTags": "bag, drysack, waterproof, roll-top, medium, green",
    "image": "images/characters/backpacks/drysack_bag_green.jpg"
  },
  {
    "objectName": "DrysackBag_Orange",
    "inGameName": "Drysack Bag",
    "category": "characters",
    "modelType": "Config",
    "path": "dz/characters/backpacks",
    "usableOnConsole": true,
    "searchTags": "bag, drysack, waterproof, roll-top, medium, orange",
    "image": "images/characters/backpacks/drysack_bag_orange.jpg"
  },
  {
    "objectName": "DrysackBag_Yellow",
    "inGameName": "Drysack Bag",
    "category": "characters",
    "modelType": "Config",
    "path": "dz/characters/backpacks",
    "usableOnConsole": true,
    "searchTags": "bag, drysack, waterproof, roll-top, medium, yellow",
    "image": "images/characters/backpacks/drysack_bag_yellow.jpg"
  },
  {
    "objectName": "alicebackpack_g.p3d",
    "inGameName": "Field Backpack",
    "category": "characters",
    "modelType": "Raw P3D",
    "path": "dz/characters/backpacks",
    "usableOnConsole": false,
    "searchTags": "bag, military, large, alicebackpack_f, alicebackpack_m, backpack, alice, field",
    "image": "images/characters/backpacks/alice_bag_camo.jpg"
  },
  {
    "objectName": "armypouch_g.p3d",
    "inGameName": "Army Pouch",
    "category": "characters",
    "modelType": "Raw P3D",
    "path": "dz/characters/backpacks",
    "usableOnConsole": false,
    "searchTags": "bag, satchel, military, small, armypouch_f armypouch_m, pouch, utility",
    "image": "images/characters/backpacks/army_pouch_green.jpg"
  },
  {
    "objectName": "bag_leathersack_g.p3d",
    "inGameName": "Leather Backpack",
    "category": "characters",
    "modelType": "Raw P3D",
    "path": "dz/characters/backpacks",
    "usableOnConsole": false,
    "searchTags": "bag, satchel, small, bag_leathersack_m, bag_leathersack_f, backpack, leather, craftable, medium",
    "image": "images/characters/backpacks/leathersack_beige.jpg"
  },
  {
    "objectName": "boulder_m53_g.p3d",
    "inGameName": "Assault Backpack",
    "category": "characters",
    "modelType": "Raw P3D",
    "path": "dz/characters/backpacks",
    "usableOnConsole": false,
    "searchTags": "bag, military, small, boulder_m53_f, boulder_m53_m, backpack, assault, tactical",
    "image": "images/characters/backpacks/assault_bag_green.jpg"
  },
  {
    "objectName": "bp_improvisedfur_g.p3d",
    "inGameName": "-",
    "category": "characters",
    "modelType": "Raw P3D",
    "path": "dz/characters/backpacks",
    "usableOnConsole": false,
    "searchTags": "backpack, improvised, fur, craftable, warm",
    "image": "images/characters/backpacks/fur_backpack.jpg"
  },
  {
    "objectName": "bp_improvised_g.p3d",
    "inGameName": "Fur Backpack",
    "category": "characters",
    "modelType": "Raw P3D",
    "path": "dz/characters/backpacks",
    "usableOnConsole": false,
    "searchTags": "bag, small, bag_leathersack_f, bag_leathersack_m, backpack, improvised, burlap, craftable, medium",
    "image": "images/characters/backpacks/burlap_backpack.jpg"
  },
  {
    "objectName": "canvasbag_g.p3d",
    "inGameName": "Canvas Bag",
    "category": "characters",
    "modelType": "Raw P3D",
    "path": "dz/characters/backpacks",
    "usableOnConsole": false,
    "searchTags": "bag, canvas, messenger, medium",
    "image": "images/characters/backpacks/canvas_bag_olive.jpg"
  },
  {
    "objectName": "childs_g.p3d",
    "inGameName": "School Backpack",
    "category": "characters",
    "modelType": "Raw P3D",
    "path": "dz/characters/backpacks",
    "usableOnConsole": false,
    "searchTags": "backpack, school, kids, small",
    "image": "images/characters/backpacks/school_backpack_blue.jpg"
  },
  {
    "objectName": "coyotesbp_g.p3d",
    "inGameName": "Tactical Backpack",
    "category": "characters",
    "modelType": "Raw P3D",
    "path": "dz/characters/backpacks",
    "usableOnConsole": false,
    "searchTags": "backpack, coyote, tactical, frame, military",
    "image": "images/characters/backpacks/coyote_green.jpg"
  },
  {
    "objectName": "drybag_g.p3d",
    "inGameName": "Drybag Backpack",
    "category": "characters",
    "modelType": "Raw P3D",
    "path": "dz/characters/backpacks",
    "usableOnConsole": false,
    "searchTags": "bag, waterproof, large, drybag_f drybag_m, backpack, drybag, roll-top",
    "image": "images/characters/backpacks/drybag_black.jpg"
  },
  {
    "objectName": "drysackbag_g.p3d",
    "inGameName": "Drysack Bag",
    "category": "characters",
    "modelType": "Raw P3D",
    "path": "dz/characters/backpacks",
    "usableOnConsole": false,
    "searchTags": "bag, drysack, waterproof, roll-top, medium",
    "image": "images/characters/backpacks/drysack_bag_green.jpg"
  },
  {
    "objectName": "duffelbagsmall_g.p3d",
    "inGameName": "Leather Duffel Bag",
    "category": "characters",
    "modelType": "Raw P3D",
    "path": "dz/characters/backpacks",
    "usableOnConsole": false,
    "searchTags": "bag, satchel, small, duffelbagsmall_f duffelbagsmall_m, duffel, leather, carry, medium",
    "image": "images/characters/backpacks/duffel_bag_green.jpg"
  },
  {
    "objectName": "ghilliebushrag_g.p3d",
    "inGameName": "Ghillie Suit",
    "category": "characters",
    "modelType": "Raw P3D",
    "path": "dz/characters/backpacks",
    "usableOnConsole": false,
    "searchTags": "camo, ghilliebushrag_f ghilliebushrag_m, ghillie, shrug, camouflage, sniper",
    "image": "images/characters/backpacks/ghillie_woodland.jpg"
  },
  {
    "objectName": "hunting_g.p3d",
    "inGameName": "Hunter Backpack",
    "category": "characters",
    "modelType": "Raw P3D",
    "path": "dz/characters/backpacks",
    "usableOnConsole": false,
    "searchTags": "backpack, hunter, outdoors, camouflage, large",
    "image": "images/characters/backpacks/hunting_bag.jpg"
  },
  {
    "objectName": "hunting_hannah_g.p3d",
    "inGameName": "-",
    "category": "characters",
    "modelType": "Raw P3D",
    "path": "dz/characters/backpacks",
    "usableOnConsole": false,
    "searchTags": "backpack, hunter, outdoors, camouflage, large, hannah, variant",
    "image": "images/characters/backpacks/huntingbag_hannah.jpg"
  },
  {
    "objectName": "impcourierbagfur_g.p3d",
    "inGameName": "Fur Courier Bag",
    "category": "characters",
    "modelType": "Raw P3D",
    "path": "dz/characters/backpacks",
    "usableOnConsole": false,
    "searchTags": "bag, courier, fur, satchel, small, warm",
    "image": "images/characters/backpacks/fur_courier_bag.jpg"
  },
  {
    "objectName": "impcourierbag_g.p3d",
    "inGameName": "Burlap Courier Bag",
    "category": "characters",
    "modelType": "Raw P3D",
    "path": "dz/characters/backpacks",
    "usableOnConsole": false,
    "searchTags": "bag, courier, burlap, satchel, small",
    "image": "images/characters/backpacks/burlap_courier_bag.jpg"
  },
  {
    "objectName": "mountain_g.p3d",
    "inGameName": "Mountain Backpack",
    "category": "characters",
    "modelType": "Raw P3D",
    "path": "dz/characters/backpacks",
    "usableOnConsole": false,
    "searchTags": "bag, large, moutain_f mountain_m, backpack, mountain, expedition",
    "image": "images/characters/backpacks/mountain_bag_blue.jpg"
  },
  {
    "objectName": "slingbag_g.p3d",
    "inGameName": "Sling Bag",
    "category": "characters",
    "modelType": "Raw P3D",
    "path": "dz/characters/backpacks",
    "usableOnConsole": false,
    "searchTags": "bag, sling, casual, urban, small",
    "image": "images/characters/backpacks/sling_bag_black.jpg"
  },
  {
    "objectName": "smershbag_alternate_g.p3d",
    "inGameName": "Utility Buttpack",
    "category": "characters",
    "modelType": "Raw P3D",
    "path": "dz/characters/backpacks",
    "usableOnConsole": false,
    "searchTags": "bag, military, green, backpack, utility, buttpack, modular, alternate",
    "image": "images/characters/backpacks/utility_buttpack.jpg"
  },
  {
    "objectName": "smershbag_g.p3d",
    "inGameName": "-",
    "category": "characters",
    "modelType": "Raw P3D",
    "path": "dz/characters/backpacks",
    "usableOnConsole": false,
    "searchTags": "bag, military, green, smershbag_f smershbag_m, backpack, utility, buttpack, modular",
    "image": "images/characters/backpacks/utility_buttpack.jpg"
  },
  {
    "objectName": "taloon_g.p3d",
    "inGameName": "Hiking Backpack",
    "category": "characters",
    "modelType": "Raw P3D",
    "path": "dz/characters/backpacks",
    "usableOnConsole": false,
    "searchTags": "bag, medium, taloon_f taloon_m, backpack, hiking, taloon",
    "image": "images/characters/backpacks/hiking_backpack_blue.jpg"
  },
  {
    "objectName": "tortilla_g.p3d",
    "inGameName": "Combat Backpack",
    "category": "characters",
    "modelType": "Raw P3D",
    "path": "dz/characters/backpacks",
    "usableOnConsole": false,
    "searchTags": "bag, military, large, tortilla_f tortilla_m, backpack, combat",
    "image": "images/characters/backpacks/combat_backpack.jpg"
  },
  {
    "objectName": "Slingbag_Black",
    "inGameName": "Sling Bag",
    "category": "characters",
    "modelType": "Config",
    "path": "dz/characters/backpacks",
    "usableOnConsole": true,
    "searchTags": "bag, sling, casual, urban, small, black",
    "image": "images/characters/backpacks/sling_bag_black.jpg"
  },
  {
    "objectName": "Slingbag_Brown",
    "inGameName": "Sling Bag",
    "category": "characters",
    "modelType": "Config",
    "path": "dz/characters/backpacks",
    "usableOnConsole": true,
    "searchTags": "bag, sling, casual, urban, small, black",
    "image": "images/characters/backpacks/sling_bag_black.jpg"
  },
  {
    "objectName": "Slingbag_Gray",
    "inGameName": "Sling Bag",
    "category": "characters",
    "modelType": "Config",
    "path": "dz/characters/backpacks",
    "usableOnConsole": true,
    "searchTags": "bag, sling, casual, urban, small, black",
    "image": "images/characters/backpacks/sling_bag_black.jpg"
  }
]
