[
  {
    "objectName": "StaticObj_Furniture_picture_d",
    "inGameName": "-",
    "category": "structures",
    "modelType": "Config",
    "path": "dz/structures/furniture/decoration/wallboards/picture_d",
    "usableOnConsole": true,
    "searchTags": "decoration, wallboards",
    "image": "images/structures/furniture/decoration/wallboards/picture_d/staticobj_furniture_picture_d.jpg",
    "id": "dzobj_jt68ssgndq"
  },
  {
    "objectName": "picture_d.p3d",
    "inGameName": "-",
    "category": "structures",
    "modelType": "Raw P3D",
    "path": "dz/structures/furniture/decoration/wallboards/picture_d",
    "usableOnConsole": false,
    "searchTags": "decoration, furniture, wallboards",
    "image": "images/structures/furniture/decoration/wallboards/picture_d/picture_d.p3d.jpg",
    "id": "dzobj_qcbtadmu55"
  }
]
