[
  {
    "objectName": "StaticObj_Airfield_LandMark",
    "inGameName": "-",
    "category": "structures_bliss",
    "modelType": "Config",
    "path": "dz/structures_bliss/specific/airfields",
    "usableOnConsole": true,
    "searchTags": "airfields, livoniaa, specific",
    "image": "images/structures_bliss/specific/airfields/staticobj_airfield_landmark.jpg"
  },
  {
    "objectName": "airfield_landmark.p3d",
    "inGameName": "-",
    "category": "structures_bliss",
    "modelType": "Raw P3D",
    "path": "dz/structures_bliss/specific/airfields",
    "usableOnConsole": false,
    "searchTags": "airfields, livoniaa, specific",
    "image": "images/structures_bliss/specific/airfields/airfield_landmark.jpg"
  }
]
