[
  {
    "objectName": "b_betulahumilis_1s_winter.p3d",
    "inGameName": "-",
    "category": "plants_sakhal",
    "modelType": "Raw P3D",
    "path": "dz/plants_sakhal/winter",
    "usableOnConsole": true,
    "searchTags": "birch, small, snow, bush, sakhal",
    "image": "images/plants_sakhal/winter/dzplants_sakhalwinterb_betulahumilis_1s_winter.p3d.jpg"
  },
  {
    "objectName": "b_betulanana_1s_winter.p3d",
    "inGameName": "-",
    "category": "plants_sakhal",
    "modelType": "Raw P3D",
    "path": "dz/plants_sakhal/winter",
    "usableOnConsole": true,
    "searchTags": "birch, small, snow, bush, sakhal",
    "image": "images/plants_sakhal/winter/dzplants_sakhalwinterb_betulanana_1s_winter.p3d.jpg"
  },
  {
    "objectName": "b_betulapendula_1f_winter.p3d",
    "inGameName": "-",
    "category": "plants_sakhal",
    "modelType": "Raw P3D",
    "path": "dz/plants_sakhal/winter",
    "usableOnConsole": true,
    "searchTags": "birch, small, bush sakhal",
    "image": "images/plants_sakhal/winter/dzplants_sakhalwinterb_betulapendula_1f_winter.p3d.jpg"
  },
  {
    "objectName": "b_caraganaarborescens_2s_winter.p3d",
    "inGameName": "-",
    "category": "plants_sakhal",
    "modelType": "Raw P3D",
    "path": "dz/plants_sakhal/winter",
    "usableOnConsole": true,
    "searchTags": "peashrub, small, snow, bush, sakhal",
    "image": "images/plants_sakhal/winter/dzplants_sakhalwinterb_caraganaarborescens_2s_winter.p3d.jpg"
  },
  {
    "objectName": "b_piceaabies_1fb_winter.p3d",
    "inGameName": "-",
    "category": "plants_sakhal",
    "modelType": "Raw P3D",
    "path": "dz/plants_sakhal/winter",
    "usableOnConsole": true,
    "searchTags": "spruce, small, snow, bush, sakhal",
    "image": "images/plants_sakhal/winter/dzplants_sakhalwinterb_piceaabies_1fb_winter.p3d.jpg"
  },
  {
    "objectName": "b_piceaabies_1f_winter.p3d",
    "inGameName": "-",
    "category": "plants_sakhal",
    "modelType": "Raw P3D",
    "path": "dz/plants_sakhal/winter",
    "usableOnConsole": true,
    "searchTags": "spruce, small, snow, bush, sakhal",
    "image": "images/plants_sakhal/winter/dzplants_sakhalwinterb_piceaabies_1f_winter.p3d.jpg"
  },
  {
    "objectName": "d_betulapendula_fallen_winter.p3d",
    "inGameName": "-",
    "category": "plants_sakhal",
    "modelType": "Raw P3D",
    "path": "dz/plants_sakhal/winter",
    "usableOnConsole": true,
    "searchTags": "birch, dead, snow, sakhal",
    "image": "images/plants_sakhal/winter/dzplants_sakhalwinterd_betulapendula_fallen_winter.p3d.jpg"
  },
  {
    "objectName": "d_betulapendula_stump_winter.p3d",
    "inGameName": "-",
    "category": "plants_sakhal",
    "modelType": "Raw P3D",
    "path": "dz/plants_sakhal/winter",
    "usableOnConsole": true,
    "searchTags": "birch, dead, snow, sakhal",
    "image": "images/plants_sakhal/winter/dzplants_sakhalwinterd_betulapendula_stump_winter.p3d.jpg"
  },
  {
    "objectName": "d_piceaabies_fallenb_winter.p3d",
    "inGameName": "-",
    "category": "plants_sakhal",
    "modelType": "Raw P3D",
    "path": "dz/plants_sakhal/winter",
    "usableOnConsole": true,
    "searchTags": "spruce, dead, snow, sakhal",
    "image": "images/plants_sakhal/winter/dzplants_sakhalwinterd_piceaabies_fallenb_winter.p3d.jpg"
  },
  {
    "objectName": "d_piceaabies_fallenc_winter.p3d",
    "inGameName": "-",
    "category": "plants_sakhal",
    "modelType": "Raw P3D",
    "path": "dz/plants_sakhal/winter",
    "usableOnConsole": true,
    "searchTags": "spruce, dead, snow, sakhal",
    "image": "images/plants_sakhal/winter/dzplants_sakhalwinterd_piceaabies_fallenc_winter.p3d.jpg"
  },
  {
    "objectName": "d_piceaabies_fallend_winter.p3d",
    "inGameName": "-",
    "category": "plants_sakhal",
    "modelType": "Raw P3D",
    "path": "dz/plants_sakhal/winter",
    "usableOnConsole": true,
    "searchTags": "spruce, dead, snow, sakhal",
    "image": "images/plants_sakhal/winter/dzplants_sakhalwinterd_piceaabies_fallend_winter.p3d.jpg"
  },
  {
    "objectName": "d_piceaabies_fallene_winter.p3d",
    "inGameName": "-",
    "category": "plants_sakhal",
    "modelType": "Raw P3D",
    "path": "dz/plants_sakhal/winter",
    "usableOnConsole": true,
    "searchTags": "spruce, dead, snow, sakhal",
    "image": "images/plants_sakhal/winter/dzplants_sakhalwinterd_piceaabies_fallene_winter.p3d.jpg"
  },
  {
    "objectName": "d_piceaabies_fallen_winter.p3d",
    "inGameName": "-",
    "category": "plants_sakhal",
    "modelType": "Raw P3D",
    "path": "dz/plants_sakhal/winter",
    "usableOnConsole": true,
    "searchTags": "spruce, dead, snow, sakhal",
    "image": "images/plants_sakhal/winter/dzplants_sakhalwinterd_piceaabies_fallen_winter.p3d.jpg"
  },
  {
    "objectName": "d_piceaabies_stumpb_winter.p3d",
    "inGameName": "-",
    "category": "plants_sakhal",
    "modelType": "Raw P3D",
    "path": "dz/plants_sakhal/winter",
    "usableOnConsole": true,
    "searchTags": "spruce, dead, snow, sakhal",
    "image": "images/plants_sakhal/winter/dzplants_sakhalwinterd_piceaabies_stumpb_winter.p3d.jpg"
  },
  {
    "objectName": "d_piceaabies_stumpc_winter.p3d",
    "inGameName": "-",
    "category": "plants_sakhal",
    "modelType": "Raw P3D",
    "path": "dz/plants_sakhal/winter",
    "usableOnConsole": true,
    "searchTags": "spruce, dead, snow, sakhal",
    "image": "images/plants_sakhal/winter/dzplants_sakhalwinterd_piceaabies_stumpc_winter.p3d.jpg"
  },
  {
    "objectName": "d_piceaabies_stump_winter.p3d",
    "inGameName": "-",
    "category": "plants_sakhal",
    "modelType": "Raw P3D",
    "path": "dz/plants_sakhal/winter",
    "usableOnConsole": true,
    "searchTags": "spruce, dead, snow, sakhal",
    "image": "images/plants_sakhal/winter/dzplants_sakhalwinterd_piceaabies_stump_winter.p3d.jpg"
  },
  {
    "objectName": "t_betulapendulae_2w_winter.p3d",
    "inGameName": "-",
    "category": "plants_sakhal",
    "modelType": "Raw P3D",
    "path": "dz/plants_sakhal/winter",
    "usableOnConsole": true,
    "searchTags": "birch, medium, snow, sakhal",
    "image": "images/plants_sakhal/winter/dzplants_sakhalwintert_betulapendulae_2w_winter.p3d.jpg"
  },
  {
    "objectName": "t_betulapendula_1fb_winter.p3d",
    "inGameName": "-",
    "category": "plants_sakhal",
    "modelType": "Raw P3D",
    "path": "dz/plants_sakhal/winter",
    "usableOnConsole": true,
    "searchTags": "birch, small, snow, sakhal",
    "image": "images/plants_sakhal/winter/dzplants_sakhalwintert_betulapendula_1fb_winter.p3d.jpg"
  },
  {
    "objectName": "t_betulapendula_1f_winter.p3d",
    "inGameName": "-",
    "category": "plants_sakhal",
    "modelType": "Raw P3D",
    "path": "dz/plants_sakhal/winter",
    "usableOnConsole": true,
    "searchTags": "birch, medium, snow, sakhal",
    "image": "images/plants_sakhal/winter/dzplants_sakhalwintert_betulapendula_1f_winter.p3d.jpg"
  },
  {
    "objectName": "t_betulapendula_1s_winter.p3d",
    "inGameName": "-",
    "category": "plants_sakhal",
    "modelType": "Raw P3D",
    "path": "dz/plants_sakhal/winter",
    "usableOnConsole": true,
    "searchTags": "birch, small, snow, sakhal",
    "image": "images/plants_sakhal/winter/dzplants_sakhalwintert_betulapendula_1s_winter.p3d.jpg"
  },
  {
    "objectName": "t_betulapendula_2fb_winter.p3d",
    "inGameName": "-",
    "category": "plants_sakhal",
    "modelType": "Raw P3D",
    "path": "dz/plants_sakhal/winter",
    "usableOnConsole": true,
    "searchTags": "birch, tall, snow, sakhal",
    "image": "images/plants_sakhal/winter/dzplants_sakhalwintert_betulapendula_2fb_winter.p3d.jpg"
  },
  {
    "objectName": "t_betulapendula_2fc_winter.p3d",
    "inGameName": "-",
    "category": "plants_sakhal",
    "modelType": "Raw P3D",
    "path": "dz/plants_sakhal/winter",
    "usableOnConsole": true,
    "searchTags": "birch",
    "image": "images/plants_sakhal/winter/dzplants_sakhalwintert_betulapendula_2fc_winter.p3d.jpg"
  },
  {
    "objectName": "t_betulapendula_2f_winter.p3d",
    "inGameName": "-",
    "category": "plants_sakhal",
    "modelType": "Raw P3D",
    "path": "dz/plants_sakhal/winter",
    "usableOnConsole": true,
    "searchTags": "birch, tall, snow, sakhal",
    "image": "images/plants_sakhal/winter/dzplants_sakhalwintert_betulapendula_2f_winter.p3d.jpg"
  },
  {
    "objectName": "t_betulapendula_2s_winter.p3d",
    "inGameName": "-",
    "category": "plants_sakhal",
    "modelType": "Raw P3D",
    "path": "dz/plants_sakhal/winter",
    "usableOnConsole": true,
    "searchTags": "birch, small, snow, sakhal",
    "image": "images/plants_sakhal/winter/dzplants_sakhalwintert_betulapendula_2s_winter.p3d.jpg"
  },
  {
    "objectName": "t_betulapendula_2w_winter.p3d",
    "inGameName": "-",
    "category": "plants_sakhal",
    "modelType": "Raw P3D",
    "path": "dz/plants_sakhal/winter",
    "usableOnConsole": true,
    "searchTags": "birch, medium, snow, sakhal, ",
    "image": "images/plants_sakhal/winter/dzplants_sakhalwintert_betulapendula_2w_winter.p3d.jpg"
  },
  {
    "objectName": "t_betulapendula_3fb_winter.p3d",
    "inGameName": "-",
    "category": "plants_sakhal",
    "modelType": "Raw P3D",
    "path": "dz/plants_sakhal/winter",
    "usableOnConsole": true,
    "searchTags": "birch, tall, snow, sakhal",
    "image": "images/plants_sakhal/winter/dzplants_sakhalwintert_betulapendula_3fb_winter.p3d.jpg"
  },
  {
    "objectName": "t_betulapendula_3fc_winter.p3d",
    "inGameName": "-",
    "category": "plants_sakhal",
    "modelType": "Raw P3D",
    "path": "dz/plants_sakhal/winter",
    "usableOnConsole": true,
    "searchTags": "birch, tall, snow, sakhal",
    "image": "images/plants_sakhal/winter/dzplants_sakhalwintert_betulapendula_3fc_winter.p3d.jpg"
  },
  {
    "objectName": "t_betulapendula_3f_winter.p3d",
    "inGameName": "-",
    "category": "plants_sakhal",
    "modelType": "Raw P3D",
    "path": "dz/plants_sakhal/winter",
    "usableOnConsole": true,
    "searchTags": "birch, tall, snow, sakhal",
    "image": "images/plants_sakhal/winter/dzplants_sakhalwintert_betulapendula_3f_winter.p3d.jpg"
  },
  {
    "objectName": "t_betulapendula_3s_winter.p3d",
    "inGameName": "-",
    "category": "plants_sakhal",
    "modelType": "Raw P3D",
    "path": "dz/plants_sakhal/winter",
    "usableOnConsole": true,
    "searchTags": "birch, small, snow, sakhal",
    "image": "images/plants_sakhal/winter/dzplants_sakhalwintert_betulapendula_3s_winter.p3d.jpg"
  },
  {
    "objectName": "t_piceaabies_1f_winter.p3d",
    "inGameName": "-",
    "category": "plants_sakhal",
    "modelType": "Raw P3D",
    "path": "dz/plants_sakhal/winter",
    "usableOnConsole": true,
    "searchTags": "spruce, tall, snow, sakhal",
    "image": "images/plants_sakhal/winter/dzplants_sakhalwintert_piceaabies_1f_winter.p3d.jpg"
  },
  {
    "objectName": "t_piceaabies_1sb_winter.p3d",
    "inGameName": "-",
    "category": "plants_sakhal",
    "modelType": "Raw P3D",
    "path": "dz/plants_sakhal/winter",
    "usableOnConsole": true,
    "searchTags": "spruce, small, snow, sakhal",
    "image": "images/plants_sakhal/winter/dzplants_sakhalwintert_piceaabies_1sb_winter.p3d.jpg"
  },
  {
    "objectName": "t_piceaabies_1s_winter.p3d",
    "inGameName": "-",
    "category": "plants_sakhal",
    "modelType": "Raw P3D",
    "path": "dz/plants_sakhal/winter",
    "usableOnConsole": true,
    "searchTags": "spruce, small, snow, sakhal",
    "image": "images/plants_sakhal/winter/dzplants_sakhalwintert_piceaabies_1s_winter.p3d.jpg"
  },
  {
    "objectName": "t_piceaabies_2d_winter.p3d",
    "inGameName": "-",
    "category": "plants_sakhal",
    "modelType": "Raw P3D",
    "path": "dz/plants_sakhal/winter",
    "usableOnConsole": true,
    "searchTags": "plants, sakhal",
    "image": "images/plants_sakhal/winter/dzplants_sakhalwintert_piceaabies_2d_winter.p3d.jpg"
  },
  {
    "objectName": "t_piceaabies_2fb_winter.p3d",
    "inGameName": "-",
    "category": "plants_sakhal",
    "modelType": "Raw P3D",
    "path": "dz/plants_sakhal/winter",
    "usableOnConsole": true,
    "searchTags": "spruce, tall, snow, sakhal",
    "image": "images/plants_sakhal/winter/dzplants_sakhalwintert_piceaabies_2fb_winter.p3d.jpg"
  },
  {
    "objectName": "t_piceaabies_2f_winter.p3d",
    "inGameName": "-",
    "category": "plants_sakhal",
    "modelType": "Raw P3D",
    "path": "dz/plants_sakhal/winter",
    "usableOnConsole": true,
    "searchTags": "spruce, dead, snow, sakhal",
    "image": "images/plants_sakhal/winter/dzplants_sakhalwintert_piceaabies_2f_winter.p3d.jpg"
  },
  {
    "objectName": "t_piceaabies_2sb_winter.p3d",
    "inGameName": "-",
    "category": "plants_sakhal",
    "modelType": "Raw P3D",
    "path": "dz/plants_sakhal/winter",
    "usableOnConsole": true,
    "searchTags": "spruce, tall, snow, sakhal",
    "image": "images/plants_sakhal/winter/dzplants_sakhalwintert_piceaabies_2sb_winter.p3d.jpg"
  },
  {
    "objectName": "t_piceaabies_2s_winter.p3d",
    "inGameName": "-",
    "category": "plants_sakhal",
    "modelType": "Raw P3D",
    "path": "dz/plants_sakhal/winter",
    "usableOnConsole": true,
    "searchTags": "spruce, tall, snow, sakhal",
    "image": "images/plants_sakhal/winter/dzplants_sakhalwintert_piceaabies_2s_winter.p3d.jpg"
  },
  {
    "objectName": "t_piceaabies_3d_winter.p3d",
    "inGameName": "-",
    "category": "plants_sakhal",
    "modelType": "Raw P3D",
    "path": "dz/plants_sakhal/winter",
    "usableOnConsole": true,
    "searchTags": "spruce, tall, dead, snow, sakhal",
    "image": "images/plants_sakhal/winter/dzplants_sakhalwintert_piceaabies_3d_winter.p3d.jpg"
  }
]
