[
  {
    "objectName": "b_betulahumilis_1s_winter.p3d",
    "inGameName": "-",
    "category": "plants_sakhal",
    "modelType": "Raw P3D",
    "path": "dz/plants_sakhal/winter",
    "usableOnConsole": true,
    "searchTags": "birch, small, snow, bush, sakhal",
    "image": "images/plants_sakhal/winter/dzplants_sakhalwinterb_betulahumilis_1s_winter.p3d.jpg",
    "id": "dzobj_vx7zfgwqdv"
  },
  {
    "objectName": "b_betulanana_1s_winter.p3d",
    "inGameName": "-",
    "category": "plants_sakhal",
    "modelType": "Raw P3D",
    "path": "dz/plants_sakhal/winter",
    "usableOnConsole": true,
    "searchTags": "birch, small, snow, bush, sakhal",
    "image": "images/plants_sakhal/winter/dzplants_sakhalwinterb_betulanana_1s_winter.p3d.jpg",
    "id": "dzobj_94yuf1lhg2"
  },
  {
    "objectName": "b_betulapendula_1f_winter.p3d",
    "inGameName": "-",
    "category": "plants_sakhal",
    "modelType": "Raw P3D",
    "path": "dz/plants_sakhal/winter",
    "usableOnConsole": true,
    "searchTags": "birch, small, bush sakhal",
    "image": "images/plants_sakhal/winter/dzplants_sakhalwinterb_betulapendula_1f_winter.p3d.jpg",
    "id": "dzobj_aahei6g21y"
  },
  {
    "objectName": "b_caraganaarborescens_2s_winter.p3d",
    "inGameName": "-",
    "category": "plants_sakhal",
    "modelType": "Raw P3D",
    "path": "dz/plants_sakhal/winter",
    "usableOnConsole": true,
    "searchTags": "peashrub, small, snow, bush, sakhal",
    "image": "images/plants_sakhal/winter/dzplants_sakhalwinterb_caraganaarborescens_2s_winter.p3d.jpg",
    "id": "dzobj_ja5wiyygnz"
  },
  {
    "objectName": "b_piceaabies_1fb_winter.p3d",
    "inGameName": "-",
    "category": "plants_sakhal",
    "modelType": "Raw P3D",
    "path": "dz/plants_sakhal/winter",
    "usableOnConsole": true,
    "searchTags": "spruce, small, snow, bush, sakhal",
    "image": "images/plants_sakhal/winter/dzplants_sakhalwinterb_piceaabies_1fb_winter.p3d.jpg",
    "id": "dzobj_d32hdfwqm6"
  },
  {
    "objectName": "b_piceaabies_1f_winter.p3d",
    "inGameName": "-",
    "category": "plants_sakhal",
    "modelType": "Raw P3D",
    "path": "dz/plants_sakhal/winter",
    "usableOnConsole": true,
    "searchTags": "spruce, small, snow, bush, sakhal",
    "image": "images/plants_sakhal/winter/dzplants_sakhalwinterb_piceaabies_1f_winter.p3d.jpg",
    "id": "dzobj_rngb1zddsi"
  },
  {
    "objectName": "d_betulapendula_fallen_winter.p3d",
    "inGameName": "-",
    "category": "plants_sakhal",
    "modelType": "Raw P3D",
    "path": "dz/plants_sakhal/winter",
    "usableOnConsole": true,
    "searchTags": "birch, dead, snow, sakhal",
    "image": "images/plants_sakhal/winter/dzplants_sakhalwinterd_betulapendula_fallen_winter.p3d.jpg",
    "id": "dzobj_xleyxl54z6"
  },
  {
    "objectName": "d_betulapendula_stump_winter.p3d",
    "inGameName": "-",
    "category": "plants_sakhal",
    "modelType": "Raw P3D",
    "path": "dz/plants_sakhal/winter",
    "usableOnConsole": true,
    "searchTags": "birch, dead, snow, sakhal",
    "image": "images/plants_sakhal/winter/dzplants_sakhalwinterd_betulapendula_stump_winter.p3d.jpg",
    "id": "dzobj_vs5nns7y26"
  },
  {
    "objectName": "d_piceaabies_fallenb_winter.p3d",
    "inGameName": "-",
    "category": "plants_sakhal",
    "modelType": "Raw P3D",
    "path": "dz/plants_sakhal/winter",
    "usableOnConsole": true,
    "searchTags": "spruce, dead, snow, sakhal",
    "image": "images/plants_sakhal/winter/dzplants_sakhalwinterd_piceaabies_fallenb_winter.p3d.jpg",
    "id": "dzobj_w9fnqqm9lc"
  },
  {
    "objectName": "d_piceaabies_fallenc_winter.p3d",
    "inGameName": "-",
    "category": "plants_sakhal",
    "modelType": "Raw P3D",
    "path": "dz/plants_sakhal/winter",
    "usableOnConsole": true,
    "searchTags": "spruce, dead, snow, sakhal",
    "image": "images/plants_sakhal/winter/dzplants_sakhalwinterd_piceaabies_fallenc_winter.p3d.jpg",
    "id": "dzobj_t4i0cwjs7n"
  },
  {
    "objectName": "d_piceaabies_fallend_winter.p3d",
    "inGameName": "-",
    "category": "plants_sakhal",
    "modelType": "Raw P3D",
    "path": "dz/plants_sakhal/winter",
    "usableOnConsole": true,
    "searchTags": "spruce, dead, snow, sakhal",
    "image": "images/plants_sakhal/winter/dzplants_sakhalwinterd_piceaabies_fallend_winter.p3d.jpg",
    "id": "dzobj_86v7sdbdgv"
  },
  {
    "objectName": "d_piceaabies_fallene_winter.p3d",
    "inGameName": "-",
    "category": "plants_sakhal",
    "modelType": "Raw P3D",
    "path": "dz/plants_sakhal/winter",
    "usableOnConsole": true,
    "searchTags": "spruce, dead, snow, sakhal",
    "image": "images/plants_sakhal/winter/dzplants_sakhalwinterd_piceaabies_fallene_winter.p3d.jpg",
    "id": "dzobj_r34t8qdp6f"
  },
  {
    "objectName": "d_piceaabies_fallen_winter.p3d",
    "inGameName": "-",
    "category": "plants_sakhal",
    "modelType": "Raw P3D",
    "path": "dz/plants_sakhal/winter",
    "usableOnConsole": true,
    "searchTags": "spruce, dead, snow, sakhal",
    "image": "images/plants_sakhal/winter/dzplants_sakhalwinterd_piceaabies_fallen_winter.p3d.jpg",
    "id": "dzobj_bhjx8gvh1l"
  },
  {
    "objectName": "d_piceaabies_stumpb_winter.p3d",
    "inGameName": "-",
    "category": "plants_sakhal",
    "modelType": "Raw P3D",
    "path": "dz/plants_sakhal/winter",
    "usableOnConsole": true,
    "searchTags": "spruce, dead, snow, sakhal",
    "image": "images/plants_sakhal/winter/dzplants_sakhalwinterd_piceaabies_stumpb_winter.p3d.jpg",
    "id": "dzobj_yfs548uqp3"
  },
  {
    "objectName": "d_piceaabies_stumpc_winter.p3d",
    "inGameName": "-",
    "category": "plants_sakhal",
    "modelType": "Raw P3D",
    "path": "dz/plants_sakhal/winter",
    "usableOnConsole": true,
    "searchTags": "spruce, dead, snow, sakhal",
    "image": "images/plants_sakhal/winter/dzplants_sakhalwinterd_piceaabies_stumpc_winter.p3d.jpg",
    "id": "dzobj_s0d1tvsij7"
  },
  {
    "objectName": "d_piceaabies_stump_winter.p3d",
    "inGameName": "-",
    "category": "plants_sakhal",
    "modelType": "Raw P3D",
    "path": "dz/plants_sakhal/winter",
    "usableOnConsole": true,
    "searchTags": "spruce, dead, snow, sakhal",
    "image": "images/plants_sakhal/winter/dzplants_sakhalwinterd_piceaabies_stump_winter.p3d.jpg",
    "id": "dzobj_mb9ifz44oh"
  },
  {
    "objectName": "t_betulapendulae_2w_winter.p3d",
    "inGameName": "-",
    "category": "plants_sakhal",
    "modelType": "Raw P3D",
    "path": "dz/plants_sakhal/winter",
    "usableOnConsole": true,
    "searchTags": "birch, medium, snow, sakhal",
    "image": "images/plants_sakhal/winter/dzplants_sakhalwintert_betulapendulae_2w_winter.p3d.jpg",
    "id": "dzobj_fy3mk8yah3"
  },
  {
    "objectName": "t_betulapendula_1fb_winter.p3d",
    "inGameName": "-",
    "category": "plants_sakhal",
    "modelType": "Raw P3D",
    "path": "dz/plants_sakhal/winter",
    "usableOnConsole": true,
    "searchTags": "birch, small, snow, sakhal",
    "image": "images/plants_sakhal/winter/dzplants_sakhalwintert_betulapendula_1fb_winter.p3d.jpg",
    "id": "dzobj_au5kg2zjgk"
  },
  {
    "objectName": "t_betulapendula_1f_winter.p3d",
    "inGameName": "-",
    "category": "plants_sakhal",
    "modelType": "Raw P3D",
    "path": "dz/plants_sakhal/winter",
    "usableOnConsole": true,
    "searchTags": "birch, medium, snow, sakhal",
    "image": "images/plants_sakhal/winter/dzplants_sakhalwintert_betulapendula_1f_winter.p3d.jpg",
    "id": "dzobj_8yc1myee04"
  },
  {
    "objectName": "t_betulapendula_1s_winter.p3d",
    "inGameName": "-",
    "category": "plants_sakhal",
    "modelType": "Raw P3D",
    "path": "dz/plants_sakhal/winter",
    "usableOnConsole": true,
    "searchTags": "birch, small, snow, sakhal",
    "image": "images/plants_sakhal/winter/dzplants_sakhalwintert_betulapendula_1s_winter.p3d.jpg",
    "id": "dzobj_88hjxeidwr"
  },
  {
    "objectName": "t_betulapendula_2fb_winter.p3d",
    "inGameName": "-",
    "category": "plants_sakhal",
    "modelType": "Raw P3D",
    "path": "dz/plants_sakhal/winter",
    "usableOnConsole": true,
    "searchTags": "birch, tall, snow, sakhal",
    "image": "images/plants_sakhal/winter/dzplants_sakhalwintert_betulapendula_2fb_winter.p3d.jpg",
    "id": "dzobj_n8lpyetn3m"
  },
  {
    "objectName": "t_betulapendula_2fc_winter.p3d",
    "inGameName": "-",
    "category": "plants_sakhal",
    "modelType": "Raw P3D",
    "path": "dz/plants_sakhal/winter",
    "usableOnConsole": true,
    "searchTags": "birch",
    "image": "images/plants_sakhal/winter/dzplants_sakhalwintert_betulapendula_2fc_winter.p3d.jpg",
    "id": "dzobj_8mh24g5crn"
  },
  {
    "objectName": "t_betulapendula_2f_winter.p3d",
    "inGameName": "-",
    "category": "plants_sakhal",
    "modelType": "Raw P3D",
    "path": "dz/plants_sakhal/winter",
    "usableOnConsole": true,
    "searchTags": "birch, tall, snow, sakhal",
    "image": "images/plants_sakhal/winter/dzplants_sakhalwintert_betulapendula_2f_winter.p3d.jpg",
    "id": "dzobj_hqb7piope3"
  },
  {
    "objectName": "t_betulapendula_2s_winter.p3d",
    "inGameName": "-",
    "category": "plants_sakhal",
    "modelType": "Raw P3D",
    "path": "dz/plants_sakhal/winter",
    "usableOnConsole": true,
    "searchTags": "birch, small, snow, sakhal",
    "image": "images/plants_sakhal/winter/dzplants_sakhalwintert_betulapendula_2s_winter.p3d.jpg",
    "id": "dzobj_uxl1ok2lzq"
  },
  {
    "objectName": "t_betulapendula_2w_winter.p3d",
    "inGameName": "-",
    "category": "plants_sakhal",
    "modelType": "Raw P3D",
    "path": "dz/plants_sakhal/winter",
    "usableOnConsole": true,
    "searchTags": "birch, medium, snow, sakhal, ",
    "image": "images/plants_sakhal/winter/dzplants_sakhalwintert_betulapendula_2w_winter.p3d.jpg",
    "id": "dzobj_f8rsh4s0pi"
  },
  {
    "objectName": "t_betulapendula_3fb_winter.p3d",
    "inGameName": "-",
    "category": "plants_sakhal",
    "modelType": "Raw P3D",
    "path": "dz/plants_sakhal/winter",
    "usableOnConsole": true,
    "searchTags": "birch, tall, snow, sakhal",
    "image": "images/plants_sakhal/winter/dzplants_sakhalwintert_betulapendula_3fb_winter.p3d.jpg",
    "id": "dzobj_32zhuz7o7g"
  },
  {
    "objectName": "t_betulapendula_3fc_winter.p3d",
    "inGameName": "-",
    "category": "plants_sakhal",
    "modelType": "Raw P3D",
    "path": "dz/plants_sakhal/winter",
    "usableOnConsole": true,
    "searchTags": "birch, tall, snow, sakhal",
    "image": "images/plants_sakhal/winter/dzplants_sakhalwintert_betulapendula_3fc_winter.p3d.jpg",
    "id": "dzobj_c8ojw2s3a1"
  },
  {
    "objectName": "t_betulapendula_3f_winter.p3d",
    "inGameName": "-",
    "category": "plants_sakhal",
    "modelType": "Raw P3D",
    "path": "dz/plants_sakhal/winter",
    "usableOnConsole": true,
    "searchTags": "birch, tall, snow, sakhal",
    "image": "images/plants_sakhal/winter/dzplants_sakhalwintert_betulapendula_3f_winter.p3d.jpg",
    "id": "dzobj_4xhqyleh51"
  },
  {
    "objectName": "t_betulapendula_3s_winter.p3d",
    "inGameName": "-",
    "category": "plants_sakhal",
    "modelType": "Raw P3D",
    "path": "dz/plants_sakhal/winter",
    "usableOnConsole": true,
    "searchTags": "birch, small, snow, sakhal",
    "image": "images/plants_sakhal/winter/dzplants_sakhalwintert_betulapendula_3s_winter.p3d.jpg",
    "id": "dzobj_sip4rc6fa0"
  },
  {
    "objectName": "t_piceaabies_1f_winter.p3d",
    "inGameName": "-",
    "category": "plants_sakhal",
    "modelType": "Raw P3D",
    "path": "dz/plants_sakhal/winter",
    "usableOnConsole": true,
    "searchTags": "spruce, tall, snow, sakhal",
    "image": "images/plants_sakhal/winter/dzplants_sakhalwintert_piceaabies_1f_winter.p3d.jpg",
    "id": "dzobj_pt16vf11dm"
  },
  {
    "objectName": "t_piceaabies_1sb_winter.p3d",
    "inGameName": "-",
    "category": "plants_sakhal",
    "modelType": "Raw P3D",
    "path": "dz/plants_sakhal/winter",
    "usableOnConsole": true,
    "searchTags": "spruce, small, snow, sakhal",
    "image": "images/plants_sakhal/winter/dzplants_sakhalwintert_piceaabies_1sb_winter.p3d.jpg",
    "id": "dzobj_dloscdbxe7"
  },
  {
    "objectName": "t_piceaabies_1s_winter.p3d",
    "inGameName": "-",
    "category": "plants_sakhal",
    "modelType": "Raw P3D",
    "path": "dz/plants_sakhal/winter",
    "usableOnConsole": true,
    "searchTags": "spruce, small, snow, sakhal",
    "image": "images/plants_sakhal/winter/dzplants_sakhalwintert_piceaabies_1s_winter.p3d.jpg",
    "id": "dzobj_j313gt2lye"
  },
  {
    "objectName": "t_piceaabies_2d_winter.p3d",
    "inGameName": "-",
    "category": "plants_sakhal",
    "modelType": "Raw P3D",
    "path": "dz/plants_sakhal/winter",
    "usableOnConsole": true,
    "searchTags": "plants, sakhal",
    "image": "images/plants_sakhal/winter/dzplants_sakhalwintert_piceaabies_2d_winter.p3d.jpg",
    "id": "dzobj_f30s34bvkn"
  },
  {
    "objectName": "t_piceaabies_2fb_winter.p3d",
    "inGameName": "-",
    "category": "plants_sakhal",
    "modelType": "Raw P3D",
    "path": "dz/plants_sakhal/winter",
    "usableOnConsole": true,
    "searchTags": "spruce, tall, snow, sakhal",
    "image": "images/plants_sakhal/winter/dzplants_sakhalwintert_piceaabies_2fb_winter.p3d.jpg",
    "id": "dzobj_ht3rete8wz"
  },
  {
    "objectName": "t_piceaabies_2f_winter.p3d",
    "inGameName": "-",
    "category": "plants_sakhal",
    "modelType": "Raw P3D",
    "path": "dz/plants_sakhal/winter",
    "usableOnConsole": true,
    "searchTags": "spruce, dead, snow, sakhal",
    "image": "images/plants_sakhal/winter/dzplants_sakhalwintert_piceaabies_2f_winter.p3d.jpg",
    "id": "dzobj_li3qa9ylvx"
  },
  {
    "objectName": "t_piceaabies_2sb_winter.p3d",
    "inGameName": "-",
    "category": "plants_sakhal",
    "modelType": "Raw P3D",
    "path": "dz/plants_sakhal/winter",
    "usableOnConsole": true,
    "searchTags": "spruce, tall, snow, sakhal",
    "image": "images/plants_sakhal/winter/dzplants_sakhalwintert_piceaabies_2sb_winter.p3d.jpg",
    "id": "dzobj_amb7mlaxtt"
  },
  {
    "objectName": "t_piceaabies_2s_winter.p3d",
    "inGameName": "-",
    "category": "plants_sakhal",
    "modelType": "Raw P3D",
    "path": "dz/plants_sakhal/winter",
    "usableOnConsole": true,
    "searchTags": "spruce, tall, snow, sakhal",
    "image": "images/plants_sakhal/winter/dzplants_sakhalwintert_piceaabies_2s_winter.p3d.jpg",
    "id": "dzobj_1oz3m3vwgw"
  },
  {
    "objectName": "t_piceaabies_3d_winter.p3d",
    "inGameName": "-",
    "category": "plants_sakhal",
    "modelType": "Raw P3D",
    "path": "dz/plants_sakhal/winter",
    "usableOnConsole": true,
    "searchTags": "spruce, tall, dead, snow, sakhal",
    "image": "images/plants_sakhal/winter/dzplants_sakhalwintert_piceaabies_3d_winter.p3d.jpg",
    "id": "dzobj_j6vnhuf2sb"
  }
]
