[
  {
    "objectName": "Mosin9130",
    "inGameName": "-",
    "category": "weapons",
    "modelType": "Config",
    "path": "dz/weapons/firearms/mosin9130",
    "usableOnConsole": true,
    "searchTags": "rifles, 7.62x54mmr",
    "image": "images/weapons/firearms/mosin9130.jpg"
  },
  {
    "objectName": "SawedoffMosin9130",
    "inGameName": "-",
    "category": "weapons",
    "modelType": "Config",
    "path": "dz/weapons/firearms/mosin9130",
    "usableOnConsole": true,
    "searchTags": "firearms, mosin9130, weapon, weapons",
    "image": "images/weapons/firearms/sawedoffmosin9130.jpg"
  },
  {
    "objectName": "mosin9130.p3d",
    "inGameName": "-",
    "category": "weapons",
    "modelType": "Raw P3D",
    "path": "dz/weapons/firearms/mosin9130",
    "usableOnConsole": false,
    "searchTags": "rifles, 7.62x54mmr",
    "image": "images/weapons/firearms/dzweaponsfirearmsmosin9130mosin9130.p3d.jpg"
  },
  {
    "objectName": "mosin_sawn.p3d",
    "inGameName": "-",
    "category": "weapons",
    "modelType": "Raw P3D",
    "path": "dz/weapons/firearms/mosin9130",
    "usableOnConsole": false,
    "searchTags": "rifles, 7.62x54mmr",
    "image": "images/weapons/firearms/dzweaponsfirearmsmosin9130mosin_sawn.p3d.jpg"
  },
  {
    "objectName": "Mosin9130_Black",
    "inGameName": "-",
    "category": "weapons",
    "modelType": "Config",
    "path": "dz/weapons/firearms/mosin9130",
    "usableOnConsole": true,
    "searchTags": "rifles, 7.62x54mmr",
    "image": "images/weapons/firearms/mosin9130.jpg"
  },
  {
    "objectName": "Mosin9130_Camo",
    "inGameName": "-",
    "category": "weapons",
    "modelType": "Config",
    "path": "dz/weapons/firearms/mosin9130",
    "usableOnConsole": true,
    "searchTags": "rifles, 7.62x54mmr",
    "image": "images/weapons/firearms/mosin9130.jpg"
  },
  {
    "objectName": "Mosin9130_Green",
    "inGameName": "-",
    "category": "weapons",
    "modelType": "Config",
    "path": "dz/weapons/firearms/mosin9130",
    "usableOnConsole": true,
    "searchTags": "rifles, 7.62x54mmr",
    "image": "images/weapons/firearms/mosin9130.jpg"
  },
  {
    "objectName": "SawedoffMosin9130_Black",
    "inGameName": "-",
    "category": "weapons",
    "modelType": "Config",
    "path": "dz/weapons/firearms/mosin9130",
    "usableOnConsole": true,
    "searchTags": "firearms, mosin9130, weapon, weapons",
    "image": "images/weapons/firearms/sawedoffmosin9130.jpg"
  },
  {
    "objectName": "SawedoffMosin9130_Camo",
    "inGameName": "-",
    "category": "weapons",
    "modelType": "Config",
    "path": "dz/weapons/firearms/mosin9130",
    "usableOnConsole": true,
    "searchTags": "firearms, mosin9130, weapon, weapons",
    "image": "images/weapons/firearms/sawedoffmosin9130.jpg"
  },
  {
    "objectName": "SawedoffMosin9130_Green",
    "inGameName": "-",
    "category": "weapons",
    "modelType": "Config",
    "path": "dz/weapons/firearms/mosin9130",
    "usableOnConsole": true,
    "searchTags": "firearms, mosin9130, weapon, weapons",
    "image": "images/weapons/firearms/sawedoffmosin9130.jpg"
  }
]
