[
  {
    "objectName": "StaticObj_Furniture_light_kitchen_03",
    "inGameName": "-",
    "category": "structures",
    "modelType": "Config",
    "path": "dz/structures/furniture/lighting/light_kitchen_03",
    "usableOnConsole": true,
    "searchTags": "cooking, interior, lamp, lighting",
    "image": "images/structures/furniture/lighting/light_kitchen_03/staticobj_furniture_light_kitchen_03.jpg"
  },
  {
    "objectName": "light_kitchen_03.p3d",
    "inGameName": "-",
    "category": "structures",
    "modelType": "Raw P3D",
    "path": "dz/structures/furniture/lighting/light_kitchen_03",
    "usableOnConsole": false,
    "searchTags": "cooking, furniture, interior, lamp, lighting",
    "image": "images/structures/furniture/lighting/light_kitchen_03/light_kitchen_03.p3d.jpg"
  }
]
