object_name	pathname	database_file	object_id	status
ProxyBook_kniga	images/gear/books/proxybook_kniga.jpg	database/gear/books/objects.json	dzobj_erekfa38mz	missing_file
MouthRag	images/gear/consumables/mouthrag.jpg	database/gear/consumables/objects.json	dzobj_e8h2ezfx4n	missing_file
LighterZippo	images/gear/cooking/lighterzippo.jpg	database/gear/cooking/objects.json	dzobj_r51cu9zmna	missing_file
TestObject	images/gear/drinks/testobject.jpg	database/gear/drinks/objects.json	dzobj_5b4p287l8g	missing_file
Absolute90s	images/gear/radio/absolute90s.jpg	database/gear/radio/objects.json	dzobj_2ovsiqy8q9	missing_file
CattleProd	images/gear/tools/cattleprod.jpg	database/gear/tools/objects.json	dzobj_vo0r4caz85	missing_file
Aniva Industrial	Aniva Industrial.jpg	database/presets/Aniva Industrial/objects.json	dzobj_nw6rsdwjo8	missing_file
Geothermal	Geothermal.jpg	database/presets/Geothermal/objects.json	dzobj_coc0x2ji2j	missing_file
Ice Sheet Large	Ice Sheet Large.jpg	database/presets/Ice Sheet Large/objects.json	dzobj_1eoaw8lljx	missing_file
Ice Sheet Small	Ice Sheet Small.jpg	database/presets/Ice Sheet Small/objects.json	dzobj_ewc905arkl	missing_file
Kopa Prison Livonia	Kopa Prison Livonia.jpg	database/presets/Kopa Prison Livonia/objects.json	dzobj_xxn6v6znv1	missing_file
Lembork Military Livonia	Lembork Military Livonia.jpg	database/presets/Lembork Military Livonia/objects.json	dzobj_t67fxyyg05	missing_file
Military Dock Sakhal	Military Dock Sakhal.jpg	database/presets/Military Dock Sakhal/objects.json	dzobj_lqkam4sapx	missing_file
EntranceDoor	images/structures_bliss/underground/stairs/entrancedoor.jpg	database/structures_bliss/underground/Stairs/objects.json	dzobj_yw5ou2i5xc	missing_file
terrain_livoniaa_forestpatch.p3d	images/structures_bliss/underground/terrain/terrain_livoniaa_forestpatch.jpg	database/structures_bliss/underground/Terrain/objects.json	dzobj_bu3o9uf52l	missing_file
terrain_livoniaa_grasspatch.p3d	images/structures_bliss/underground/terrain/terrain_livoniaa_grasspatch.jpg	database/structures_bliss/underground/Terrain/objects.json	dzobj_phocrqqpp7	missing_file
ValveGauge2	images/structures_bliss/underground/water/valvegauge2.jpg	database/structures_bliss/underground/Water/objects.json	dzobj_v2nd1prhpc	missing_file
ThermoGauge	images/structures_sakhal/residential/misc/thermogauge.jpg	database/structures_sakhal/residential/misc/objects.json	dzobj_e4h9ooinqa	missing_file
Ammo_12gaBeanbag	images/weapons/ammunition/Ammo_12gaBeanbag/Ammo_12gaBeanbag.jpg	database/weapons/ammunition/objects.json	dzobj_bko8iossxe	missing_file
Ammo_308Win	images/weapons/ammunition/Ammo_308Win/Ammo_308Win.jpg	database/weapons/ammunition/objects.json	dzobj_nnkvx9u37a	missing_file
Ammo_545x39	images/weapons/ammunition/Ammo_545x39/Ammo_545x39.jpg	database/weapons/ammunition/objects.json	dzobj_5pxu9681pi	missing_file
Ammo_556x45	images/weapons/ammunition/Ammo_556x45/Ammo_556x45.jpg	database/weapons/ammunition/objects.json	dzobj_ra7x90p8ud	missing_file
Ammo_762x39	images/weapons/ammunition/Ammo_762x39/Ammo_762x39.jpg	database/weapons/ammunition/objects.json	dzobj_zwn64w5it9	missing_file
Ammo_762x54	images/weapons/ammunition/Ammo_762x54/Ammo_762x54.jpg	database/weapons/ammunition/objects.json	dzobj_58x1dun1c0	missing_file
Ammo_9x39AP	images/weapons/ammunition/Ammo_9x39AP/Ammo_9x39AP.jpg	database/weapons/ammunition/objects.json	dzobj_v35ynqq8ai	missing_file
GrenadeM4	images/weapons/ammunition/GrenadeM4/GrenadeM4.jpg	database/weapons/ammunition/objects.json	dzobj_vkhfzyx8eg	missing_file
Rocket_LAW_Base	images/weapons/ammunition/Rocket_LAW_Base/Rocket_LAW_Base.jpg	database/weapons/ammunition/objects.json	dzobj_48u3gylteh	missing_file
Rocket_LAW_HE	images/weapons/ammunition/Rocket_LAW_HE/Rocket_LAW_HE.jpg	database/weapons/ammunition/objects.json	dzobj_3b2yrgzdhu	missing_file
Rocket_RPG7_AP	images/weapons/ammunition/Rocket_RPG7_AP/Rocket_RPG7_AP.jpg	database/weapons/ammunition/objects.json	dzobj_vczkpykpcp	missing_file
Rocket_RPG7_Base	images/weapons/ammunition/Rocket_RPG7_Base/Rocket_RPG7_Base.jpg	database/weapons/ammunition/objects.json	dzobj_gfui2b9cb5	missing_file
Rocket_RPG7_HE	images/weapons/ammunition/Rocket_RPG7_HE/Rocket_RPG7_HE.jpg	database/weapons/ammunition/objects.json	dzobj_4g1bj15rtz	missing_file
ProxyWeaponlight_TLR	images/weapons/attachments/light/ProxyWeaponlight_TLR/ProxyWeaponlight_TLR.jpg	database/weapons/attachments/light/objects.json	dzobj_6rvb1dj45j	missing_file
ProxyWeaponlight_universal	images/weapons/attachments/light/ProxyWeaponlight_universal/ProxyWeaponlight_universal.jpg	database/weapons/attachments/light/objects.json	dzobj_d5iqamplqz	missing_file
ProxyArrow_Composite	images/weapons/attachments/magazine/ProxyArrow_Composite/ProxyArrow_Composite.jpg	database/weapons/attachments/magazine/objects.json	dzobj_5f4c8w6ho2	missing_file
ProxyMagazine_1911	images/weapons/attachments/magazine/ProxyMagazine_1911/ProxyMagazine_1911.jpg	database/weapons/attachments/magazine/objects.json	dzobj_53lfgbbh7e	missing_file
ProxyMagazine_ak101_30rnd	images/weapons/attachments/magazine/ProxyMagazine_ak101_30rnd/ProxyMagazine_ak101_30rnd.jpg	database/weapons/attachments/magazine/objects.json	dzobj_wsvlthq0uh	missing_file
Proxymagazine_ak74_30rnd	images/weapons/attachments/magazine/Proxymagazine_ak74_30rnd/Proxymagazine_ak74_30rnd.jpg	database/weapons/attachments/magazine/objects.json	dzobj_5k5adzpto4	missing_file
ProxyMagazine_akm_30rnd	images/weapons/attachments/magazine/ProxyMagazine_akm_30rnd/ProxyMagazine_akm_30rnd.jpg	database/weapons/attachments/magazine/objects.json	dzobj_udxxbve1f5	missing_file
ProxyMagazine_akm_drum	images/weapons/attachments/magazine/ProxyMagazine_akm_drum/ProxyMagazine_akm_drum.jpg	database/weapons/attachments/magazine/objects.json	dzobj_qehzp2l8sg	missing_file
ProxyMagazine_akm_palm30	images/weapons/attachments/magazine/ProxyMagazine_akm_palm30/ProxyMagazine_akm_palm30.jpg	database/weapons/attachments/magazine/objects.json	dzobj_q8ehll90b4	missing_file
Proxymagazine_aug30	images/weapons/attachments/magazine/Proxymagazine_aug30/Proxymagazine_aug30.jpg	database/weapons/attachments/magazine/objects.json	dzobj_x6mpe8opbl	missing_file
Proxymagazine_cz527	images/weapons/attachments/magazine/Proxymagazine_cz527/Proxymagazine_cz527.jpg	database/weapons/attachments/magazine/objects.json	dzobj_tqlfhab40t	missing_file
Proxymagazine_cz550_10rnd	images/weapons/attachments/magazine/Proxymagazine_cz550_10rnd/Proxymagazine_cz550_10rnd.jpg	database/weapons/attachments/magazine/objects.json	dzobj_0vfg5tyumo	missing_file
Proxymagazine_cz550_4rnd	images/weapons/attachments/magazine/Proxymagazine_cz550_4rnd/Proxymagazine_cz550_4rnd.jpg	database/weapons/attachments/magazine/objects.json	dzobj_2u6qdtpq2y	missing_file
ProxyMagazine_cz61	images/weapons/attachments/magazine/ProxyMagazine_cz61/ProxyMagazine_cz61.jpg	database/weapons/attachments/magazine/objects.json	dzobj_g63bln4z8t	missing_file
ProxyMagazine_CZ75	images/weapons/attachments/magazine/ProxyMagazine_CZ75/ProxyMagazine_CZ75.jpg	database/weapons/attachments/magazine/objects.json	dzobj_kmy49pk1wc	missing_file
ProxyMagazine_DE	images/weapons/attachments/magazine/ProxyMagazine_DE/ProxyMagazine_DE.jpg	database/weapons/attachments/magazine/objects.json	dzobj_945ya2lsxm	missing_file
Proxymagazine_fal	images/weapons/attachments/magazine/Proxymagazine_fal/Proxymagazine_fal.jpg	database/weapons/attachments/magazine/objects.json	dzobj_yfogowf0fq	missing_file
ProxyMagazine_famas	images/weapons/attachments/magazine/ProxyMagazine_famas/ProxyMagazine_famas.jpg	database/weapons/attachments/magazine/objects.json	dzobj_ylctz2f4m5	missing_file
ProxyMagazine_FNP45	images/weapons/attachments/magazine/ProxyMagazine_FNP45/ProxyMagazine_FNP45.jpg	database/weapons/attachments/magazine/objects.json	dzobj_su862f00hs	missing_file
Proxymagazine_glock19	images/weapons/attachments/magazine/Proxymagazine_glock19/Proxymagazine_glock19.jpg	database/weapons/attachments/magazine/objects.json	dzobj_qq615ssq2e	missing_file
Proxymagazine_ij70	images/weapons/attachments/magazine/Proxymagazine_ij70/Proxymagazine_ij70.jpg	database/weapons/attachments/magazine/objects.json	dzobj_wcjtm578pb	missing_file
ProxyMagazine_m249_ammobox	images/weapons/attachments/magazine/ProxyMagazine_m249_ammobox/ProxyMagazine_m249_ammobox.jpg	database/weapons/attachments/magazine/objects.json	dzobj_vmabynqpoe	missing_file
ProxyMagazine_mk2	images/weapons/attachments/magazine/ProxyMagazine_mk2/ProxyMagazine_mk2.jpg	database/weapons/attachments/magazine/objects.json	dzobj_iteif8uu95	missing_file
ProxyMagazine_mp5_15rnd	images/weapons/attachments/magazine/ProxyMagazine_mp5_15rnd/ProxyMagazine_mp5_15rnd.jpg	database/weapons/attachments/magazine/objects.json	dzobj_r1kfjvdk8t	missing_file
ProxyMagazine_mp5_30rnd	images/weapons/attachments/magazine/ProxyMagazine_mp5_30rnd/ProxyMagazine_mp5_30rnd.jpg	database/weapons/attachments/magazine/objects.json	dzobj_vw01qj18xa	missing_file
ProxyMagazine_ots14	images/weapons/attachments/magazine/ProxyMagazine_ots14/ProxyMagazine_ots14.jpg	database/weapons/attachments/magazine/objects.json	dzobj_q2shb0yp0h	missing_file
Proxymagazine_p1	images/weapons/attachments/magazine/Proxymagazine_p1/Proxymagazine_p1.jpg	database/weapons/attachments/magazine/objects.json	dzobj_uy8kveqzz1	missing_file
ProxyMagazine_pm73_15rnd	images/weapons/attachments/magazine/ProxyMagazine_pm73_15rnd/ProxyMagazine_pm73_15rnd.jpg	database/weapons/attachments/magazine/objects.json	dzobj_dk2n26emdk	missing_file
ProxyMagazine_pm73_25rnd	images/weapons/attachments/magazine/ProxyMagazine_pm73_25rnd/ProxyMagazine_pm73_25rnd.jpg	database/weapons/attachments/magazine/objects.json	dzobj_kvq7vop4uo	missing_file
ProxyMagazine_PMAG_10	images/weapons/attachments/magazine/ProxyMagazine_PMAG_10/ProxyMagazine_PMAG_10.jpg	database/weapons/attachments/magazine/objects.json	dzobj_qugvrt4dpq	missing_file
ProxyMagazine_PMAG_20	images/weapons/attachments/magazine/ProxyMagazine_PMAG_20/ProxyMagazine_PMAG_20.jpg	database/weapons/attachments/magazine/objects.json	dzobj_7as01o929h	missing_file
ProxyMagazine_PMAG_30	images/weapons/attachments/magazine/ProxyMagazine_PMAG_30/ProxyMagazine_PMAG_30.jpg	database/weapons/attachments/magazine/objects.json	dzobj_ye3frt6yt2	missing_file
ProxyMagazine_PMAG_40	images/weapons/attachments/magazine/ProxyMagazine_PMAG_40/ProxyMagazine_PMAG_40.jpg	database/weapons/attachments/magazine/objects.json	dzobj_ye4jewkpj5	missing_file
ProxyMagazine_PP19	images/weapons/attachments/magazine/ProxyMagazine_PP19/ProxyMagazine_PP19.jpg	database/weapons/attachments/magazine/objects.json	dzobj_85xieuv3ad	missing_file
ProxyMagazine_ruger1022_10	images/weapons/attachments/magazine/ProxyMagazine_ruger1022_10/ProxyMagazine_ruger1022_10.jpg	database/weapons/attachments/magazine/objects.json	dzobj_13vrmjup5v	missing_file
Proxymagazine_ruger1022_15	images/weapons/attachments/magazine/Proxymagazine_ruger1022_15/Proxymagazine_ruger1022_15.jpg	database/weapons/attachments/magazine/objects.json	dzobj_474q2q09pt	missing_file
ProxyMagazine_ruger1022_30	images/weapons/attachments/magazine/ProxyMagazine_ruger1022_30/ProxyMagazine_ruger1022_30.jpg	database/weapons/attachments/magazine/objects.json	dzobj_gbcpijrk4y	missing_file
ProxyMagazine_saiga_drum	images/weapons/attachments/magazine/ProxyMagazine_saiga_drum/ProxyMagazine_saiga_drum.jpg	database/weapons/attachments/magazine/objects.json	dzobj_0iylegxmag	missing_file
ProxyMagazine_saiga_mag5	images/weapons/attachments/magazine/ProxyMagazine_saiga_mag5/ProxyMagazine_saiga_mag5.jpg	database/weapons/attachments/magazine/objects.json	dzobj_5ut1i3xc7i	missing_file
ProxyMagazine_saiga_mag8	images/weapons/attachments/magazine/ProxyMagazine_saiga_mag8/ProxyMagazine_saiga_mag8.jpg	database/weapons/attachments/magazine/objects.json	dzobj_03pe1i2fee	missing_file
ProxyMagazine_scout	images/weapons/attachments/magazine/ProxyMagazine_scout/ProxyMagazine_scout.jpg	database/weapons/attachments/magazine/objects.json	dzobj_ss016smoxp	missing_file
ProxyMagazine_STANAG30	images/weapons/attachments/magazine/ProxyMagazine_STANAG30/ProxyMagazine_STANAG30.jpg	database/weapons/attachments/magazine/objects.json	dzobj_29nud18z52	missing_file
Proxymagazine_SV98_10Rnd	images/weapons/attachments/magazine/Proxymagazine_SV98_10Rnd/Proxymagazine_SV98_10Rnd.jpg	database/weapons/attachments/magazine/objects.json	dzobj_qdpdk1tacw	missing_file
Proxymagazine_svd	images/weapons/attachments/magazine/Proxymagazine_svd/Proxymagazine_svd.jpg	database/weapons/attachments/magazine/objects.json	dzobj_j3wunov1hd	missing_file
ProxyMagazine_ump45_25rnd	images/weapons/attachments/magazine/ProxyMagazine_ump45_25rnd/ProxyMagazine_ump45_25rnd.jpg	database/weapons/attachments/magazine/objects.json	dzobj_zb97xjmlhz	missing_file
Proxymagazine_Vss	images/weapons/attachments/magazine/Proxymagazine_Vss/Proxymagazine_Vss.jpg	database/weapons/attachments/magazine/objects.json	dzobj_7ranq92drj	missing_file
Proxyshockpistol_cartridge	images/weapons/attachments/magazine/Proxyshockpistol_cartridge/Proxyshockpistol_cartridge.jpg	database/weapons/attachments/magazine/objects.json	dzobj_iluqxpapme	missing_file
ProxyShotgunShell_slug	images/weapons/attachments/magazine/ProxyShotgunShell_slug/ProxyShotgunShell_slug.jpg	database/weapons/attachments/magazine/objects.json	dzobj_5vf5rthir4	missing_file
ProxyBayonet_AK	images/weapons/attachments/muzzle/ProxyBayonet_AK/ProxyBayonet_AK.jpg	database/weapons/attachments/muzzle/objects.json	dzobj_a4qndvqo4k	missing_file
ProxyBayonet_M9A1	images/weapons/attachments/muzzle/ProxyBayonet_M9A1/ProxyBayonet_M9A1.jpg	database/weapons/attachments/muzzle/objects.json	dzobj_vkab91m1m9	missing_file
ProxyBayonet_Mosin	images/weapons/attachments/muzzle/ProxyBayonet_Mosin/ProxyBayonet_Mosin.jpg	database/weapons/attachments/muzzle/objects.json	dzobj_h43rslszsc	missing_file
ProxyBayonet_SKS	images/weapons/attachments/muzzle/ProxyBayonet_SKS/ProxyBayonet_SKS.jpg	database/weapons/attachments/muzzle/objects.json	dzobj_aksykpn5dz	missing_file
Proxybottle_suppressor	images/weapons/attachments/muzzle/Proxybottle_suppressor/Proxybottle_suppressor.jpg	database/weapons/attachments/muzzle/objects.json	dzobj_4te9vc4h4n	missing_file
ProxyMosin_Compensator	images/weapons/attachments/muzzle/ProxyMosin_Compensator/ProxyMosin_Compensator.jpg	database/weapons/attachments/muzzle/objects.json	dzobj_fn85hda8e6	missing_file
ProxyMP5k_compensator	images/weapons/attachments/muzzle/ProxyMP5k_compensator/ProxyMP5k_compensator.jpg	database/weapons/attachments/muzzle/objects.json	dzobj_5zncnq8qiq	missing_file
ProxySuppressor_45ACP	images/weapons/attachments/muzzle/ProxySuppressor_45ACP/ProxySuppressor_45ACP.jpg	database/weapons/attachments/muzzle/objects.json	dzobj_4o4xnuwpkn	missing_file
ProxySuppressor_545	images/weapons/attachments/muzzle/ProxySuppressor_545/ProxySuppressor_545.jpg	database/weapons/attachments/muzzle/objects.json	dzobj_em5hh6uswn	missing_file
ProxySuppressor_556	images/weapons/attachments/muzzle/ProxySuppressor_556/ProxySuppressor_556.jpg	database/weapons/attachments/muzzle/objects.json	dzobj_xo45unw6d5	missing_file
hide	images/weapons/attachments/optics/hide/hide.jpg	database/weapons/attachments/optics/objects.json	dzobj_809z79siab	missing_file
Proxyoptic_1PN51	images/weapons/attachments/optics/Proxyoptic_1PN51/Proxyoptic_1PN51.jpg	database/weapons/attachments/optics/objects.json	dzobj_g4rpjyy7ua	missing_file
ProxyOptic_ACOG	images/weapons/attachments/optics/ProxyOptic_ACOG/ProxyOptic_ACOG.jpg	database/weapons/attachments/optics/objects.json	dzobj_eqe68qytyu	missing_file
ProxyOptic_BUIS	images/weapons/attachments/optics/ProxyOptic_BUIS/ProxyOptic_BUIS.jpg	database/weapons/attachments/optics/objects.json	dzobj_u4n9req6fh	missing_file
ProxyOptic_FNP45_MRDS	images/weapons/attachments/optics/ProxyOptic_FNP45_MRDS/ProxyOptic_FNP45_MRDS.jpg	database/weapons/attachments/optics/objects.json	dzobj_leq8dcsd2s	missing_file
ProxyOptic_Hunting	images/weapons/attachments/optics/ProxyOptic_Hunting/ProxyOptic_Hunting.jpg	database/weapons/attachments/optics/objects.json	dzobj_9u8n8v6o14	missing_file
ProxyOptic_LongRange	images/weapons/attachments/optics/ProxyOptic_LongRange/ProxyOptic_LongRange.jpg	database/weapons/attachments/optics/objects.json	dzobj_s2xjb6a2k4	missing_file
ProxyOptic_M4_carryhandle	images/weapons/attachments/optics/ProxyOptic_M4_carryhandle/ProxyOptic_M4_carryhandle.jpg	database/weapons/attachments/optics/objects.json	dzobj_1ifaddvc2p	missing_file
ProxyOptic_MK4Optic	images/weapons/attachments/optics/ProxyOptic_MK4Optic/ProxyOptic_MK4Optic.jpg	database/weapons/attachments/optics/objects.json	dzobj_p3zin4h2ys	missing_file
ProxyOptic_Pistol	images/weapons/attachments/optics/ProxyOptic_Pistol/ProxyOptic_Pistol.jpg	database/weapons/attachments/optics/objects.json	dzobj_c7knqunxxe	missing_file
ProxyOptic_PSO1	images/weapons/attachments/optics/ProxyOptic_PSO1/ProxyOptic_PSO1.jpg	database/weapons/attachments/optics/objects.json	dzobj_s05fr7xfnb	missing_file
ProxyOptic_PUScope	images/weapons/attachments/optics/ProxyOptic_PUScope/ProxyOptic_PUScope.jpg	database/weapons/attachments/optics/objects.json	dzobj_6it980f2r2	missing_file
Proxyoptic_red_point	images/weapons/attachments/optics/Proxyoptic_red_point/Proxyoptic_red_point.jpg	database/weapons/attachments/optics/objects.json	dzobj_e6upv7f9ce	missing_file
ProxyOptic_Reflex	images/weapons/attachments/optics/ProxyOptic_Reflex/ProxyOptic_Reflex.jpg	database/weapons/attachments/optics/objects.json	dzobj_o1l7azolth	missing_file
ProxyOptic_T3N_RDS	images/weapons/attachments/optics/ProxyOptic_T3N_RDS/ProxyOptic_T3N_RDS.jpg	database/weapons/attachments/optics/objects.json	dzobj_13l4uvz1vn	missing_file
rings_winchester_pilot	images/weapons/attachments/optics/rings_winchester_pilot/rings_winchester_pilot.jpg	database/weapons/attachments/optics/objects.json	dzobj_bfrxywjute	missing_file
ProxyBipod_Atlas	images/weapons/attachments/support/ProxyBipod_Atlas/ProxyBipod_Atlas.jpg	database/weapons/attachments/support/objects.json	dzobj_lcr3hw3qg5	missing_file
ProxyBipod_m249	images/weapons/attachments/support/ProxyBipod_m249/ProxyBipod_m249.jpg	database/weapons/attachments/support/objects.json	dzobj_ojwr9ep7yo	missing_file
ProxyButtstock_AK_Folding_Black	images/weapons/attachments/support/ProxyButtstock_AK_Folding_Black/ProxyButtstock_AK_Folding_Black.jpg	database/weapons/attachments/support/objects.json	dzobj_w4czztsqbd	missing_file
ProxyButtstock_AK_Plastic	images/weapons/attachments/support/ProxyButtstock_AK_Plastic/ProxyButtstock_AK_Plastic.jpg	database/weapons/attachments/support/objects.json	dzobj_yqbmrc1p5m	missing_file
ProxyButtstock_AK_Wood	images/weapons/attachments/support/ProxyButtstock_AK_Wood/ProxyButtstock_AK_Wood.jpg	database/weapons/attachments/support/objects.json	dzobj_y7fjrxc213	missing_file
Proxybuttstock_aks	images/weapons/attachments/support/Proxybuttstock_aks/Proxybuttstock_aks.jpg	database/weapons/attachments/support/objects.json	dzobj_t2expats94	missing_file
ProxyButtstock_fal_folding	images/weapons/attachments/support/ProxyButtstock_fal_folding/ProxyButtstock_fal_folding.jpg	database/weapons/attachments/support/objects.json	dzobj_i6udt2apx9	missing_file
ProxyButtstock_fal_oe	images/weapons/attachments/support/ProxyButtstock_fal_oe/ProxyButtstock_fal_oe.jpg	database/weapons/attachments/support/objects.json	dzobj_qkjywkij9u	missing_file
ProxyButtstock_M4_CQB	images/weapons/attachments/support/ProxyButtstock_M4_CQB/ProxyButtstock_M4_CQB.jpg	database/weapons/attachments/support/objects.json	dzobj_g57hb1nfcd	missing_file
ProxyButtstock_M4_MP	images/weapons/attachments/support/ProxyButtstock_M4_MP/ProxyButtstock_M4_MP.jpg	database/weapons/attachments/support/objects.json	dzobj_rdw8tzadd0	missing_file
ProxyButtstock_M4_OE	images/weapons/attachments/support/ProxyButtstock_M4_OE/ProxyButtstock_M4_OE.jpg	database/weapons/attachments/support/objects.json	dzobj_ty8tgiiavb	missing_file
ProxyButtstock_mp5K_stock	images/weapons/attachments/support/ProxyButtstock_mp5K_stock/ProxyButtstock_mp5K_stock.jpg	database/weapons/attachments/support/objects.json	dzobj_vi7e39hxe0	missing_file
ProxyButtstock_pp19	images/weapons/attachments/support/ProxyButtstock_pp19/ProxyButtstock_pp19.jpg	database/weapons/attachments/support/objects.json	dzobj_lwuc87vht9	missing_file
ProxyButtstock_red9	images/weapons/attachments/support/ProxyButtstock_red9/ProxyButtstock_red9.jpg	database/weapons/attachments/support/objects.json	dzobj_nsdwhjqtzs	missing_file
ProxyButtstock_saiga_folding	images/weapons/attachments/support/ProxyButtstock_saiga_folding/ProxyButtstock_saiga_folding.jpg	database/weapons/attachments/support/objects.json	dzobj_0tdtqstzq4	missing_file
ProxyGhillie_wrap	images/weapons/attachments/support/ProxyGhillie_wrap/ProxyGhillie_wrap.jpg	database/weapons/attachments/support/objects.json	dzobj_4ohd172x5v	missing_file
ProxyHandguard_AK_Plastic	images/weapons/attachments/support/ProxyHandguard_AK_Plastic/ProxyHandguard_AK_Plastic.jpg	database/weapons/attachments/support/objects.json	dzobj_lxwj5ksv9p	missing_file
ProxyHandguard_AK_Rail_Black	images/weapons/attachments/support/ProxyHandguard_AK_Rail_Black/ProxyHandguard_AK_Rail_Black.jpg	database/weapons/attachments/support/objects.json	dzobj_biz2unu6or	missing_file
ProxyHandguard_AK_Wood	images/weapons/attachments/support/ProxyHandguard_AK_Wood/ProxyHandguard_AK_Wood.jpg	database/weapons/attachments/support/objects.json	dzobj_5msjra6bls	missing_file
ProxyHandguard_m249	images/weapons/attachments/support/ProxyHandguard_m249/ProxyHandguard_m249.jpg	database/weapons/attachments/support/objects.json	dzobj_jbla1cjecf	missing_file
ProxyHandguard_m249_ris	images/weapons/attachments/support/ProxyHandguard_m249_ris/ProxyHandguard_m249_ris.jpg	database/weapons/attachments/support/objects.json	dzobj_oye29n1quo	missing_file
ProxyHandguard_M4_MP	images/weapons/attachments/support/ProxyHandguard_M4_MP/ProxyHandguard_M4_MP.jpg	database/weapons/attachments/support/objects.json	dzobj_imf4mc9j5c	missing_file
ProxyHandguard_M4_Plastic	images/weapons/attachments/support/ProxyHandguard_M4_Plastic/ProxyHandguard_M4_Plastic.jpg	database/weapons/attachments/support/objects.json	dzobj_e3yg2iypxj	missing_file
ProxyHandguard_M4_RIS	images/weapons/attachments/support/ProxyHandguard_M4_RIS/ProxyHandguard_M4_RIS.jpg	database/weapons/attachments/support/objects.json	dzobj_ubeu3u76kb	missing_file
ProxyHandguard_mp5k_plastic	images/weapons/attachments/support/ProxyHandguard_mp5k_plastic/ProxyHandguard_mp5k_plastic.jpg	database/weapons/attachments/support/objects.json	dzobj_7qiv2hk62b	missing_file
ProxyHandguard_mp5k_rail	images/weapons/attachments/support/ProxyHandguard_mp5k_rail/ProxyHandguard_mp5k_rail.jpg	database/weapons/attachments/support/objects.json	dzobj_zvls3cijws	missing_file
Mine	images/weapons/explosives/Mine/Mine.jpg	database/weapons/explosives/objects.json	dzobj_wbsrf2l67n	missing_file
Proxyflashbang	images/weapons/explosives/Proxyflashbang/Proxyflashbang.jpg	database/weapons/explosives/objects.json	dzobj_hxa3pmg4in	missing_file
Proxyfrag_RGD5	images/weapons/explosives/Proxyfrag_RGD5/Proxyfrag_RGD5.jpg	database/weapons/explosives/objects.json	dzobj_3awxud3mrv	missing_file
Proxygrenade	images/weapons/explosives/Proxygrenade/Proxygrenade.jpg	database/weapons/explosives/objects.json	dzobj_ooh0cmkdt2	missing_file
Proxysmokegrenade	images/weapons/explosives/Proxysmokegrenade/Proxysmokegrenade.jpg	database/weapons/explosives/objects.json	dzobj_judjbvtbks	missing_file
Proxysmokegrenade_rdg2	images/weapons/explosives/Proxysmokegrenade_rdg2/Proxysmokegrenade_rdg2.jpg	database/weapons/explosives/objects.json	dzobj_uedkp4mfpe	missing_file
Proxyscope	images/weapons/firearms/aug/proxy/Proxyscope/Proxyscope.jpg	database/weapons/firearms/aug/proxy/objects.json	dzobj_tr6rboav36	missing_file
ProxyOTs14_Barrel	images/weapons/firearms/ots14/ProxyOTs14_Barrel/ProxyOTs14_Barrel.jpg	database/weapons/firearms/ots14/objects.json	dzobj_jk22zp6xji	missing_file
ProxyOTs14_Barrel_Grip	images/weapons/firearms/ots14/ProxyOTs14_Barrel_Grip/ProxyOTs14_Barrel_Grip.jpg	database/weapons/firearms/ots14/objects.json	dzobj_ilif4gzyld	missing_file
ProxyOTs14_Grip	images/weapons/firearms/ots14/ProxyOTs14_Grip/ProxyOTs14_Grip.jpg	database/weapons/firearms/ots14/objects.json	dzobj_n68wldaotj	missing_file
ProxyOTs14_launcher	images/weapons/firearms/ots14/ProxyOTs14_launcher/ProxyOTs14_launcher.jpg	database/weapons/firearms/ots14/objects.json	dzobj_dyf8rcjdi2	missing_file
ProxyOTs14_Silencer	images/weapons/firearms/ots14/ProxyOTs14_Silencer/ProxyOTs14_Silencer.jpg	database/weapons/firearms/ots14/objects.json	dzobj_b9i0pxug73	missing_file
Proxyscope	images/weapons/firearms/ssg82/proxy/Proxyscope/Proxyscope.jpg	database/weapons/firearms/ssg82/proxy/objects.json	dzobj_y2fssrroro	missing_file
Proxycombatknife	images/weapons/melee/blade/Proxycombatknife/Proxycombatknife.jpg	database/weapons/melee/blade/objects.json	dzobj_xma8k730xg	missing_file
ProxyShockpistol	images/weapons/nonlethal/shockpistol/ProxyShockpistol/ProxyShockpistol.jpg	database/weapons/nonlethal/shockpistol/objects.json	dzobj_cjjb3uxhh9	missing_file
Proxy1911	images/weapons/pistols/1911/Proxy1911/Proxy1911.jpg	database/weapons/pistols/1911/objects.json	dzobj_ubn3n17fh6	missing_file
ProxyCZ75	images/weapons/pistols/CZ75/ProxyCZ75/ProxyCZ75.jpg	database/weapons/pistols/CZ75/objects.json	dzobj_jfyuh16kh0	missing_file
ProxyDE	images/weapons/pistols/DE/ProxyDE/ProxyDE.jpg	database/weapons/pistols/DE/objects.json	dzobj_jidgx1vyfg	missing_file
ProxyFNP45	images/weapons/pistols/FNX45/ProxyFNP45/ProxyFNP45.jpg	database/weapons/pistols/FNX45/objects.json	dzobj_qt0d76jxsz	missing_file
ProxyLongHorn	images/weapons/pistols/LongHorn/ProxyLongHorn/ProxyLongHorn.jpg	database/weapons/pistols/LongHorn/objects.json	dzobj_zmb869tdl8	missing_file
ProxyRed9	images/weapons/pistols/Red9/ProxyRed9/ProxyRed9.jpg	database/weapons/pistols/Red9/objects.json	dzobj_r1hx0xz7ay	missing_file
ProxyFlaregun	images/weapons/pistols/flaregun/ProxyFlaregun/ProxyFlaregun.jpg	database/weapons/pistols/flaregun/objects.json	dzobj_9swb7d6ylm	missing_file
ProxyGlock	images/weapons/pistols/glock/ProxyGlock/ProxyGlock.jpg	database/weapons/pistols/glock/objects.json	dzobj_igvlsizc3k	missing_file
bullet_nose_6	images/weapons/pistols/magnum/proxy/bullet_nose_6/bullet_nose_6.jpg	database/weapons/pistols/magnum/proxy/objects.json	dzobj_h1u869ya81	missing_file
Proxymagnum_cylinder	images/weapons/pistols/magnum/proxy/Proxymagnum_cylinder/Proxymagnum_cylinder.jpg	database/weapons/pistols/magnum/proxy/objects.json	dzobj_2u028frm07	missing_file
Proxymagnum_ejector	images/weapons/pistols/magnum/proxy/Proxymagnum_ejector/Proxymagnum_ejector.jpg	database/weapons/pistols/magnum/proxy/objects.json	dzobj_4mgfb0snnn	missing_file
Rotate_Ejector	images/weapons/pistols/magnum/proxy/Rotate_Ejector/Rotate_Ejector.jpg	database/weapons/pistols/magnum/proxy/objects.json	dzobj_i2m5lwzsge	missing_file
ProxyP1	images/weapons/pistols/p1/ProxyP1/ProxyP1.jpg	database/weapons/pistols/p1/objects.json	dzobj_z8f10rrd14	missing_file
ProxyPB6P9	images/weapons/pistols/pb6p9/ProxyPB6P9/ProxyPB6P9.jpg	database/weapons/pistols/pb6p9/objects.json	dzobj_yri9gkb53p	missing_file
Proxyij70	images/weapons/pistols/pmm/Proxyij70/Proxyij70.jpg	database/weapons/pistols/pmm/objects.json	dzobj_at0bzxx2qe	missing_file
Bullet_12GaugeBeanbag	images/weapons/projectiles/Bullet_12GaugeBeanbag/Bullet_12GaugeBeanbag.jpg	database/weapons/projectiles/objects.json	dzobj_n4ioydyvt5	missing_file
Bullet_12GaugeRubberSlug	images/weapons/projectiles/Bullet_12GaugeRubberSlug/Bullet_12GaugeRubberSlug.jpg	database/weapons/projectiles/objects.json	dzobj_67nlnucya3	missing_file
Bullet_308WinTracer	images/weapons/projectiles/Bullet_308WinTracer/Bullet_308WinTracer.jpg	database/weapons/projectiles/objects.json	dzobj_k5dwmbbu6t	missing_file
Bullet_40mm_Base	images/weapons/projectiles/Bullet_40mm_Base/Bullet_40mm_Base.jpg	database/weapons/projectiles/objects.json	dzobj_hfb2jiuj9j	missing_file
Bullet_40mm_ChemGas	images/weapons/projectiles/Bullet_40mm_ChemGas/Bullet_40mm_ChemGas.jpg	database/weapons/projectiles/objects.json	dzobj_e9k1usw7j6	missing_file
Bullet_40mm_Smoke_Black	images/weapons/projectiles/Bullet_40mm_Smoke_Black/Bullet_40mm_Smoke_Black.jpg	database/weapons/projectiles/objects.json	dzobj_4kh5b6immy	missing_file
Bullet_40mm_Smoke_Green	images/weapons/projectiles/Bullet_40mm_Smoke_Green/Bullet_40mm_Smoke_Green.jpg	database/weapons/projectiles/objects.json	dzobj_ee78hmjh9j	missing_file
Bullet_40mm_Smoke_Red	images/weapons/projectiles/Bullet_40mm_Smoke_Red/Bullet_40mm_Smoke_Red.jpg	database/weapons/projectiles/objects.json	dzobj_okkuemcsdf	missing_file
Bullet_40mm_Smoke_White	images/weapons/projectiles/Bullet_40mm_Smoke_White/Bullet_40mm_Smoke_White.jpg	database/weapons/projectiles/objects.json	dzobj_f1x4ocysto	missing_file
Bullet_545x39Tracer	images/weapons/projectiles/Bullet_545x39Tracer/Bullet_545x39Tracer.jpg	database/weapons/projectiles/objects.json	dzobj_ewwullcjm8	missing_file
Bullet_556x45Tracer	images/weapons/projectiles/Bullet_556x45Tracer/Bullet_556x45Tracer.jpg	database/weapons/projectiles/objects.json	dzobj_cwnqhjh41n	missing_file
Bullet_762x39Tracer	images/weapons/projectiles/Bullet_762x39Tracer/Bullet_762x39Tracer.jpg	database/weapons/projectiles/objects.json	dzobj_nhktq34r1g	missing_file
Bullet_762x54Tracer	images/weapons/projectiles/Bullet_762x54Tracer/Bullet_762x54Tracer.jpg	database/weapons/projectiles/objects.json	dzobj_jspo1yhkam	missing_file
Bullet_CupidsBolt	images/weapons/projectiles/Bullet_CupidsBolt/Bullet_CupidsBolt.jpg	database/weapons/projectiles/objects.json	dzobj_h0vy6g7nkz	missing_file
Bullet_Flare	images/weapons/projectiles/Bullet_Flare/Bullet_Flare.jpg	database/weapons/projectiles/objects.json	dzobj_5u3wuiq9zl	missing_file
Bullet_HuntingBolt	images/weapons/projectiles/Bullet_HuntingBolt/Bullet_HuntingBolt.jpg	database/weapons/projectiles/objects.json	dzobj_68fa812oj8	missing_file
Bullet_ImprovisedBolt_1	images/weapons/projectiles/Bullet_ImprovisedBolt_1/Bullet_ImprovisedBolt_1.jpg	database/weapons/projectiles/objects.json	dzobj_dvjwakcc0t	missing_file
Bullet_ImprovisedBolt_2	images/weapons/projectiles/Bullet_ImprovisedBolt_2/Bullet_ImprovisedBolt_2.jpg	database/weapons/projectiles/objects.json	dzobj_6qnqgd1c7b	missing_file
Proxy357_SingleRound	images/weapons/projectiles/Proxy357_SingleRound/Proxy357_SingleRound.jpg	database/weapons/projectiles/objects.json	dzobj_hwgr59utct	missing_file
ProxyShotgunShell_pellets	images/weapons/projectiles/ProxyShotgunShell_pellets/ProxyShotgunShell_pellets.jpg	database/weapons/projectiles/objects.json	dzobj_ch3prdxyj4	missing_file
