[
  {
    "objectName": "StaticObj_Furniture_case_cans_b",
    "inGameName": "-",
    "category": "structures",
    "modelType": "Config",
    "path": "dz/structures/furniture/cases/case_cans_b",
    "usableOnConsole": true,
    "searchTags": "decoration",
    "image": "images/structures/furniture/cases/case_cans_b/staticobj_furniture_case_cans_b.jpg"
  },
  {
    "objectName": "case_cans_b.p3d",
    "inGameName": "-",
    "category": "structures",
    "modelType": "Raw P3D",
    "path": "dz/structures/furniture/cases/case_cans_b",
    "usableOnConsole": false,
    "searchTags": "decoration, furniture",
    "image": "images/structures/furniture/cases/case_cans_b/case_cans_b.p3d.jpg"
  }
]
