[
  {
    "objectName": "StaticObj_WaterSpring_Sakhal",
    "inGameName": "-",
    "category": "water_sakhal",
    "modelType": "Config",
    "path": "dz/water_sakhal/fresh",
    "usableOnConsole": true,
    "searchTags": "",
    "image": "images/water_sakhal/fresh/staticobj_waterspring_sakhal.jpg",
    "id": "dzobj_jmorxqban6"
  },
  {
    "objectName": "waterspring_sakhal.p3d",
    "inGameName": "-",
    "category": "water_sakhal",
    "modelType": "Raw P3D",
    "path": "dz/water_sakhal/fresh",
    "usableOnConsole": false,
    "searchTags": "",
    "image": "images/water_sakhal/fresh/waterspring_sakhal.p3d.jpg",
    "id": "dzobj_rfpbju92zj"
  },
  {
    "objectName": "waterspring_sakhal_01.p3d",
    "inGameName": "-",
    "category": "water_sakhal",
    "modelType": "Raw P3D",
    "path": "dz/water_sakhal/fresh",
    "usableOnConsole": false,
    "searchTags": "",
    "image": "images/water_sakhal/fresh/waterspring_sakhal_01.p3d.jpg",
    "id": "dzobj_br15zs1nuu"
  },
  {
    "objectName": "waterspring_sakhal_02.p3d",
    "inGameName": "-",
    "category": "water_sakhal",
    "modelType": "Raw P3D",
    "path": "dz/water_sakhal/fresh",
    "usableOnConsole": false,
    "searchTags": "",
    "image": "images/water_sakhal/fresh/waterspring_sakhal_02.p3d.jpg",
    "id": "dzobj_2yn09wqjlc"
  },
  {
    "objectName": "waterspring_sakhal_03.p3d",
    "inGameName": "-",
    "category": "water_sakhal",
    "modelType": "Raw P3D",
    "path": "dz/water_sakhal/fresh",
    "usableOnConsole": false,
    "searchTags": "",
    "image": "images/water_sakhal/fresh/waterspring_sakhal_03.p3d.jpg",
    "id": "dzobj_46bldc33qw"
  },
  {
    "objectName": "waterspring_sakhal_04.p3d",
    "inGameName": "-",
    "category": "water_sakhal",
    "modelType": "Raw P3D",
    "path": "dz/water_sakhal/fresh",
    "usableOnConsole": false,
    "searchTags": "",
    "image": "images/water_sakhal/fresh/waterspring_sakhal_04.p3d.jpg",
    "id": "dzobj_xg9ar4a3c9"
  },
  {
    "objectName": "waterspring_sakhal_05.p3d",
    "inGameName": "-",
    "category": "water_sakhal",
    "modelType": "Raw P3D",
    "path": "dz/water_sakhal/fresh",
    "usableOnConsole": false,
    "searchTags": "",
    "image": "images/water_sakhal/fresh/waterspring_sakhal_05.p3d.jpg",
    "id": "dzobj_qcv21wtq88"
  },
  {
    "objectName": "waterspring_sakhal_06.p3d",
    "inGameName": "-",
    "category": "water_sakhal",
    "modelType": "Raw P3D",
    "path": "dz/water_sakhal/fresh",
    "usableOnConsole": false,
    "searchTags": "",
    "image": "images/water_sakhal/fresh/waterspring_sakhal_06.p3d.jpg",
    "id": "dzobj_8lsavjoxyl"
  },
  {
    "objectName": "waterspring_sakhal_07.p3d",
    "inGameName": "-",
    "category": "water_sakhal",
    "modelType": "Raw P3D",
    "path": "dz/water_sakhal/fresh",
    "usableOnConsole": false,
    "searchTags": "",
    "image": "images/water_sakhal/fresh/waterspring_sakhal_07.p3d.jpg",
    "id": "dzobj_0ikte5gxpe"
  },
  {
    "objectName": "waterspring_sakhal_08.p3d",
    "inGameName": "-",
    "category": "water_sakhal",
    "modelType": "Raw P3D",
    "path": "dz/water_sakhal/fresh",
    "usableOnConsole": false,
    "searchTags": "",
    "image": "images/water_sakhal/fresh/waterspring_sakhal_08.p3d.jpg",
    "id": "dzobj_1ez2yjzh1a"
  },
  {
    "objectName": "waterspring_sakhal_09.p3d",
    "inGameName": "-",
    "category": "water_sakhal",
    "modelType": "Raw P3D",
    "path": "dz/water_sakhal/fresh",
    "usableOnConsole": false,
    "searchTags": "",
    "image": "images/water_sakhal/fresh/waterspring_sakhal_09.p3d.jpg",
    "id": "dzobj_iftuy2zm1y"
  },
  {
    "objectName": "waterspring_sakhal_10.p3d",
    "inGameName": "-",
    "category": "water_sakhal",
    "modelType": "Raw P3D",
    "path": "dz/water_sakhal/fresh",
    "usableOnConsole": false,
    "searchTags": "",
    "image": "images/water_sakhal/fresh/waterspring_sakhal_10.p3d.jpg",
    "id": "dzobj_plerphtf0z"
  },
  {
    "objectName": "waterspring_sakhal_11.p3d",
    "inGameName": "-",
    "category": "water_sakhal",
    "modelType": "Raw P3D",
    "path": "dz/water_sakhal/fresh",
    "usableOnConsole": false,
    "searchTags": "",
    "image": "images/water_sakhal/fresh/waterspring_sakhal_11.p3d.jpg",
    "id": "dzobj_ec9jdf2waj"
  },
  {
    "objectName": "waterspring_sakhal_12.p3d",
    "inGameName": "-",
    "category": "water_sakhal",
    "modelType": "Raw P3D",
    "path": "dz/water_sakhal/fresh",
    "usableOnConsole": false,
    "searchTags": "",
    "image": "images/water_sakhal/fresh/waterspring_sakhal_12.p3d.jpg",
    "id": "dzobj_75tapq1jei"
  },
  {
    "objectName": "waterspring_sakhal_13.p3d",
    "inGameName": "-",
    "category": "water_sakhal",
    "modelType": "Raw P3D",
    "path": "dz/water_sakhal/fresh",
    "usableOnConsole": false,
    "searchTags": "",
    "image": "images/water_sakhal/fresh/waterspring_sakhal_13.p3d.jpg",
    "id": "dzobj_68k3kmtj1h"
  },
  {
    "objectName": "waterspring_sakhal_14.p3d",
    "inGameName": "-",
    "category": "water_sakhal",
    "modelType": "Raw P3D",
    "path": "dz/water_sakhal/fresh",
    "usableOnConsole": false,
    "searchTags": "",
    "image": "images/water_sakhal/fresh/waterspring_sakhal_14.p3d.jpg",
    "id": "dzobj_98g5otmb4u"
  },
  {
    "objectName": "waterspring_sakhal_15.p3d",
    "inGameName": "-",
    "category": "water_sakhal",
    "modelType": "Raw P3D",
    "path": "dz/water_sakhal/fresh",
    "usableOnConsole": false,
    "searchTags": "",
    "image": "images/water_sakhal/fresh/waterspring_sakhal_15.p3d.jpg",
    "id": "dzobj_b6zp50mip7"
  },
  {
    "objectName": "waterspring_sakhal_16.p3d",
    "inGameName": "-",
    "category": "water_sakhal",
    "modelType": "Raw P3D",
    "path": "dz/water_sakhal/fresh",
    "usableOnConsole": false,
    "searchTags": "",
    "image": "images/water_sakhal/fresh/waterspring_sakhal_16.p3d.jpg",
    "id": "dzobj_x0ik7op51l"
  },
  {
    "objectName": "waterspring_sakhal_17.p3d",
    "inGameName": "-",
    "category": "water_sakhal",
    "modelType": "Raw P3D",
    "path": "dz/water_sakhal/fresh",
    "usableOnConsole": false,
    "searchTags": "",
    "image": "images/water_sakhal/fresh/waterspring_sakhal_17.p3d.jpg",
    "id": "dzobj_j096ibs625"
  },
  {
    "objectName": "waterspring_sakhal_18.p3d",
    "inGameName": "-",
    "category": "water_sakhal",
    "modelType": "Raw P3D",
    "path": "dz/water_sakhal/fresh",
    "usableOnConsole": false,
    "searchTags": "",
    "image": "images/water_sakhal/fresh/waterspring_sakhal_18.p3d.jpg",
    "id": "dzobj_143i1lcc8h"
  },
  {
    "objectName": "waterspring_sakhal_19.p3d",
    "inGameName": "-",
    "category": "water_sakhal",
    "modelType": "Raw P3D",
    "path": "dz/water_sakhal/fresh",
    "usableOnConsole": false,
    "searchTags": "",
    "image": "images/water_sakhal/fresh/waterspring_sakhal_19.p3d.jpg",
    "id": "dzobj_9ts7wai6tj"
  },
  {
    "objectName": "waterspring_sakhal_20.p3d",
    "inGameName": "-",
    "category": "water_sakhal",
    "modelType": "Raw P3D",
    "path": "dz/water_sakhal/fresh",
    "usableOnConsole": false,
    "searchTags": "",
    "image": "images/water_sakhal/fresh/waterspring_sakhal_20.p3d.jpg",
    "id": "dzobj_bihsqrqym1"
  },
  {
    "objectName": "waterspring_sakhal_21.p3d",
    "inGameName": "-",
    "category": "water_sakhal",
    "modelType": "Raw P3D",
    "path": "dz/water_sakhal/fresh",
    "usableOnConsole": false,
    "searchTags": "",
    "image": "images/water_sakhal/fresh/waterspring_sakhal_21.p3d.jpg",
    "id": "dzobj_0ow5w3hc0j"
  },
  {
    "objectName": "waterspring_sakhal_22.p3d",
    "inGameName": "-",
    "category": "water_sakhal",
    "modelType": "Raw P3D",
    "path": "dz/water_sakhal/fresh",
    "usableOnConsole": false,
    "searchTags": "",
    "image": "images/water_sakhal/fresh/waterspring_sakhal_22.p3d.jpg",
    "id": "dzobj_1yf6plb8l7"
  },
  {
    "objectName": "waterspring_sakhal_23.p3d",
    "inGameName": "-",
    "category": "water_sakhal",
    "modelType": "Raw P3D",
    "path": "dz/water_sakhal/fresh",
    "usableOnConsole": false,
    "searchTags": "",
    "image": "images/water_sakhal/fresh/waterspring_sakhal_23.p3d.jpg",
    "id": "dzobj_ap64t76ps4"
  },
  {
    "objectName": "waterspring_sakhal_24.p3d",
    "inGameName": "-",
    "category": "water_sakhal",
    "modelType": "Raw P3D",
    "path": "dz/water_sakhal/fresh",
    "usableOnConsole": false,
    "searchTags": "",
    "image": "images/water_sakhal/fresh/waterspring_sakhal_24.p3d.jpg",
    "id": "dzobj_xraqhqmxbr"
  },
  {
    "objectName": "waterspring_sakhal_25.p3d",
    "inGameName": "-",
    "category": "water_sakhal",
    "modelType": "Raw P3D",
    "path": "dz/water_sakhal/fresh",
    "usableOnConsole": false,
    "searchTags": "",
    "image": "images/water_sakhal/fresh/waterspring_sakhal_25.p3d.jpg",
    "id": "dzobj_8x2siiue7j"
  },
  {
    "objectName": "waterspring_sakhal_26.p3d",
    "inGameName": "-",
    "category": "water_sakhal",
    "modelType": "Raw P3D",
    "path": "dz/water_sakhal/fresh",
    "usableOnConsole": false,
    "searchTags": "",
    "image": "images/water_sakhal/fresh/waterspring_sakhal_26.p3d.jpg",
    "id": "dzobj_hify0vx9sg"
  },
  {
    "objectName": "waterspring_sakhal_27.p3d",
    "inGameName": "-",
    "category": "water_sakhal",
    "modelType": "Raw P3D",
    "path": "dz/water_sakhal/fresh",
    "usableOnConsole": false,
    "searchTags": "",
    "image": "images/water_sakhal/fresh/waterspring_sakhal_27.p3d.jpg",
    "id": "dzobj_ii0hpeqc31"
  },
  {
    "objectName": "waterspring_sakhal_28.p3d",
    "inGameName": "-",
    "category": "water_sakhal",
    "modelType": "Raw P3D",
    "path": "dz/water_sakhal/fresh",
    "usableOnConsole": false,
    "searchTags": "",
    "image": "images/water_sakhal/fresh/waterspring_sakhal_28.p3d.jpg",
    "id": "dzobj_h5pftamstc"
  },
  {
    "objectName": "waterspring_sakhal_29.p3d",
    "inGameName": "-",
    "category": "water_sakhal",
    "modelType": "Raw P3D",
    "path": "dz/water_sakhal/fresh",
    "usableOnConsole": false,
    "searchTags": "",
    "image": "images/water_sakhal/fresh/waterspring_sakhal_29.p3d.jpg",
    "id": "dzobj_65a7owbm8g"
  },
  {
    "objectName": "waterspring_sakhal_30.p3d",
    "inGameName": "-",
    "category": "water_sakhal",
    "modelType": "Raw P3D",
    "path": "dz/water_sakhal/fresh",
    "usableOnConsole": false,
    "searchTags": "",
    "image": "images/water_sakhal/fresh/waterspring_sakhal_30.p3d.jpg",
    "id": "dzobj_mgsnsjnuk2"
  },
  {
    "objectName": "waterspring_sakhal_31.p3d",
    "inGameName": "-",
    "category": "water_sakhal",
    "modelType": "Raw P3D",
    "path": "dz/water_sakhal/fresh",
    "usableOnConsole": false,
    "searchTags": "",
    "image": "images/water_sakhal/fresh/waterspring_sakhal_31.p3d.jpg",
    "id": "dzobj_6xeqqflbpz"
  },
  {
    "objectName": "waterspring_sakhal_32.p3d",
    "inGameName": "-",
    "category": "water_sakhal",
    "modelType": "Raw P3D",
    "path": "dz/water_sakhal/fresh",
    "usableOnConsole": false,
    "searchTags": "",
    "image": "images/water_sakhal/fresh/waterspring_sakhal_32.p3d.jpg",
    "id": "dzobj_utz7fryeae"
  },
  {
    "objectName": "waterspring_sakhal_33.p3d",
    "inGameName": "-",
    "category": "water_sakhal",
    "modelType": "Raw P3D",
    "path": "dz/water_sakhal/fresh",
    "usableOnConsole": false,
    "searchTags": "",
    "image": "images/water_sakhal/fresh/waterspring_sakhal_33.p3d.jpg",
    "id": "dzobj_24d2l8wamg"
  },
  {
    "objectName": "waterspring_sakhal_34.p3d",
    "inGameName": "-",
    "category": "water_sakhal",
    "modelType": "Raw P3D",
    "path": "dz/water_sakhal/fresh",
    "usableOnConsole": false,
    "searchTags": "",
    "image": "images/water_sakhal/fresh/waterspring_sakhal_34.p3d.jpg",
    "id": "dzobj_rpivivyfl1"
  },
  {
    "objectName": "waterspring_sakhal_35.p3d",
    "inGameName": "-",
    "category": "water_sakhal",
    "modelType": "Raw P3D",
    "path": "dz/water_sakhal/fresh",
    "usableOnConsole": false,
    "searchTags": "",
    "image": "images/water_sakhal/fresh/waterspring_sakhal_35.p3d.jpg",
    "id": "dzobj_p9cx7fghh5"
  },
  {
    "objectName": "waterspring_sakhal_36.p3d",
    "inGameName": "-",
    "category": "water_sakhal",
    "modelType": "Raw P3D",
    "path": "dz/water_sakhal/fresh",
    "usableOnConsole": false,
    "searchTags": "",
    "image": "images/water_sakhal/fresh/waterspring_sakhal_36.p3d.jpg",
    "id": "dzobj_51i7vgth96"
  },
  {
    "objectName": "waterspring_sakhal_water.p3d",
    "inGameName": "-",
    "category": "water_sakhal",
    "modelType": "Raw P3D",
    "path": "dz/water_sakhal/fresh",
    "usableOnConsole": false,
    "searchTags": "",
    "image": "images/water_sakhal/fresh/waterspring_sakhal_water.p3d.jpg",
    "id": "dzobj_jos4ycp53u"
  }
]
