[
  {
    "objectName": "RPG7Base",
    "inGameName": "-",
    "category": "weapons",
    "modelType": "Config",
    "path": "dz/weapons/launchers/rpg7",
    "usableOnConsole": true,
    "searchTags": "launchers, rpg7, weapon, weapons",
    "image": "images/weapons/launchers/rpg7/rpg7base.jpg"
  },
  {
    "objectName": "RPG7",
    "inGameName": "RPG-7",
    "category": "weapons",
    "modelType": "Config",
    "path": "dz/weapons/launchers/rpg7",
    "usableOnConsole": true,
    "searchTags": "launchers, weapon, weapons",
    "image": "images/weapons/launchers/rpg7/rpg7.jpg"
  },
  {
    "objectName": "rpg7.p3d",
    "inGameName": "RPG-7",
    "category": "weapons",
    "modelType": "Raw P3D",
    "path": "dz/weapons/launchers/rpg7",
    "usableOnConsole": false,
    "searchTags": "launchers, weapon, weapons",
    "image": "images/weapons/launchers/rpg7/rpg7.p3d.jpg"
  }
]
