[
  {
    "objectName": "Bone",
    "inGameName": "Bones",
    "category": "gear",
    "modelType": "Config",
    "path": "dz/gear/food",
    "usableOnConsole": true,
    "searchTags": "bones, food, gear",
    "image": "images/gear/food/bone.jpg"
  },
  {
    "objectName": "ProxyMeat_steak",
    "inGameName": "-",
    "category": "gear",
    "modelType": "Config",
    "path": "dz/gear/food",
    "usableOnConsole": true,
    "searchTags": "food, gear",
    "image": "images/gear/food/proxymeat_steak.jpg"
  },
  {
    "objectName": "PotatoSeed",
    "inGameName": "Potato",
    "category": "gear",
    "modelType": "Config",
    "path": "dz/gear/food",
    "usableOnConsole": true,
    "searchTags": "food, gear, gardening growing",
    "image": "images/gear/food/potatoseed.jpg"
  },
  {
    "objectName": "BoxCerealCrunchin",
    "inGameName": "Cereals",
    "category": "gear",
    "modelType": "Config",
    "path": "dz/gear/food",
    "usableOnConsole": true,
    "searchTags": "cereals, crate, food, gear, storage",
    "image": "images/gear/food/boxcerealcrunchin.jpg"
  },
  {
    "objectName": "PowderedMilk",
    "inGameName": "Powdered Milk",
    "category": "gear",
    "modelType": "Config",
    "path": "dz/gear/food",
    "usableOnConsole": true,
    "searchTags": "food, gear",
    "image": "images/gear/food/powderedmilk.jpg"
  },
  {
    "objectName": "SmallGuts",
    "inGameName": "Small Guts",
    "category": "gear",
    "modelType": "Config",
    "path": "dz/gear/food",
    "usableOnConsole": true,
    "searchTags": "food, gear, animal",
    "image": "images/gear/food/smallguts.jpg"
  },
  {
    "objectName": "Guts",
    "inGameName": "Guts",
    "category": "gear",
    "modelType": "Config",
    "path": "dz/gear/food",
    "usableOnConsole": true,
    "searchTags": "food, gear, animal",
    "image": "images/gear/food/guts.jpg"
  },
  {
    "objectName": "Rice",
    "inGameName": "Rice",
    "category": "gear",
    "modelType": "Config",
    "path": "dz/gear/food",
    "usableOnConsole": true,
    "searchTags": "food, gear",
    "image": "images/gear/food/rice.jpg"
  },
  {
    "objectName": "Marmalade",
    "inGameName": "Strawberry Jam",
    "category": "gear",
    "modelType": "Config",
    "path": "dz/gear/food",
    "usableOnConsole": true,
    "searchTags": "food, gear, jam, strawberry",
    "image": "images/gear/food/marmalade.jpg"
  },
  {
    "objectName": "Honey",
    "inGameName": "Honey",
    "category": "gear",
    "modelType": "Config",
    "path": "dz/gear/food",
    "usableOnConsole": true,
    "searchTags": "food, gear",
    "image": "images/gear/food/honey.jpg"
  },
  {
    "objectName": "Zagorky",
    "inGameName": "-",
    "category": "gear",
    "modelType": "Config",
    "path": "dz/gear/food",
    "usableOnConsole": true,
    "searchTags": "food, gear",
    "image": "images/gear/food/zagorky/zagorky.jpg"
  },
  {
    "objectName": "ZagorkyChocolate",
    "inGameName": "-",
    "category": "gear",
    "modelType": "Config",
    "path": "dz/gear/food",
    "usableOnConsole": true,
    "searchTags": "food, gear",
    "image": "images/gear/food/zagorkychocolate/zagorkychocolate.jpg"
  },
  {
    "objectName": "ZagorkyPeanuts",
    "inGameName": "-",
    "category": "gear",
    "modelType": "Config",
    "path": "dz/gear/food",
    "usableOnConsole": true,
    "searchTags": "food, gear",
    "image": "images/gear/food/zagorkypeanuts/zagorkypeanuts.jpg"
  },
  {
    "objectName": "Chips",
    "inGameName": "-",
    "category": "gear",
    "modelType": "Config",
    "path": "dz/gear/food",
    "usableOnConsole": true,
    "searchTags": "",
    "image": "images/gear/food/chips/chips.jpg"
  },
  {
    "objectName": "Crackers",
    "inGameName": "-",
    "category": "gear",
    "modelType": "Config",
    "path": "dz/gear/food",
    "usableOnConsole": true,
    "searchTags": "",
    "image": "images/gear/food/crackers/crackers.jpg"
  },
  {
    "objectName": "SaltySticks",
    "inGameName": "-",
    "category": "gear",
    "modelType": "Config",
    "path": "dz/gear/food",
    "usableOnConsole": true,
    "searchTags": "food, gear, crisps, snacks",
    "image": "images/gear/food/saltysticks/saltysticks.jpg"
  },
  {
    "objectName": "Candycane_Green",
    "inGameName": "Candy Cane",
    "category": "gear",
    "modelType": "Config",
    "path": "dz/gear/food",
    "usableOnConsole": true,
    "searchTags": "",
    "image": "images/gear/food/candycane_green/candycane_green.jpg"
  },
  {
    "objectName": "Candycane_Red",
    "inGameName": "Candy Cane",
    "category": "gear",
    "modelType": "Config",
    "path": "dz/gear/food",
    "usableOnConsole": true,
    "searchTags": "",
    "image": "images/gear/food/candycane_red/candycane_red.jpg"
  },
  {
    "objectName": "Candycane_RedGreen",
    "inGameName": "Candy Cane",
    "category": "gear",
    "modelType": "Config",
    "path": "dz/gear/food",
    "usableOnConsole": true,
    "searchTags": "",
    "image": "images/gear/food/candycane_redgreen/candycane_redgreen.jpg"
  },
  {
    "objectName": "Candycane_Yellow",
    "inGameName": "Candy Cane",
    "category": "gear",
    "modelType": "Config",
    "path": "dz/gear/food",
    "usableOnConsole": true,
    "searchTags": "",
    "image": "images/gear/food/candycane_yellow/candycane_yellow.jpg"
  },
  {
    "objectName": "BakedBeansCan",
    "inGameName": "Canned Baked Beans",
    "category": "gear",
    "modelType": "Config",
    "path": "dz/gear/food",
    "usableOnConsole": true,
    "searchTags": "canned, food, gear",
    "image": "images/gear/food/bakedbeanscan.jpg"
  },
  {
    "objectName": "BakedBeansCan_Opened",
    "inGameName": "Canned Baked Beans",
    "category": "gear",
    "modelType": "Config",
    "path": "dz/gear/food",
    "usableOnConsole": true,
    "searchTags": "canned, food, gear",
    "image": "images/gear/food/bakedbeanscan_opened.jpg"
  },
  {
    "objectName": "PeachesCan",
    "inGameName": "Canned Peaches",
    "category": "gear",
    "modelType": "Config",
    "path": "dz/gear/food",
    "usableOnConsole": true,
    "searchTags": "canned, food, gear",
    "image": "images/gear/food/peachescan.jpg"
  },
  {
    "objectName": "PeachesCan_Opened",
    "inGameName": "Canned Peaches",
    "category": "gear",
    "modelType": "Config",
    "path": "dz/gear/food",
    "usableOnConsole": true,
    "searchTags": "canned, food, gear",
    "image": "images/gear/food/peachescan_opened.jpg"
  },
  {
    "objectName": "TacticalBaconCan",
    "inGameName": "Canned Bacon",
    "category": "gear",
    "modelType": "Config",
    "path": "dz/gear/food",
    "usableOnConsole": true,
    "searchTags": "canned, food, gear",
    "image": "images/gear/food/tacticalbaconcan.jpg"
  },
  {
    "objectName": "TacticalBaconCan_Opened",
    "inGameName": "Canned Bacon",
    "category": "gear",
    "modelType": "Config",
    "path": "dz/gear/food",
    "usableOnConsole": true,
    "searchTags": "canned, food, gear",
    "image": "images/gear/food/tacticalbaconcan_opened.jpg"
  },
  {
    "objectName": "SpaghettiCan",
    "inGameName": "Canned Spaghetti",
    "category": "gear",
    "modelType": "Config",
    "path": "dz/gear/food",
    "usableOnConsole": true,
    "searchTags": "canned, food, gear",
    "image": "images/gear/food/spaghettican.jpg"
  },
  {
    "objectName": "SpaghettiCan_Opened",
    "inGameName": "Canned Spaghetti",
    "category": "gear",
    "modelType": "Config",
    "path": "dz/gear/food",
    "usableOnConsole": true,
    "searchTags": "canned, food, gear",
    "image": "images/gear/food/spaghettican_opened.jpg"
  },
  {
    "objectName": "SardinesCan",
    "inGameName": "Canned Sardines",
    "category": "gear",
    "modelType": "Config",
    "path": "dz/gear/food",
    "usableOnConsole": true,
    "searchTags": "canned, food, gear",
    "image": "images/gear/food/sardinescan.jpg"
  },
  {
    "objectName": "SardinesCan_Opened",
    "inGameName": "Canned Sardines",
    "category": "gear",
    "modelType": "Config",
    "path": "dz/gear/food",
    "usableOnConsole": true,
    "searchTags": "canned, food, gear",
    "image": "images/gear/food/sardinescan_opened.jpg"
  },
  {
    "objectName": "TunaCan",
    "inGameName": "Canned Tuna",
    "category": "gear",
    "modelType": "Config",
    "path": "dz/gear/food",
    "usableOnConsole": true,
    "searchTags": "canned, food, gear",
    "image": "images/gear/food/tunacan.jpg"
  },
  {
    "objectName": "TunaCan_Opened",
    "inGameName": "Canned Tuna",
    "category": "gear",
    "modelType": "Config",
    "path": "dz/gear/food",
    "usableOnConsole": true,
    "searchTags": "canned, food, gear",
    "image": "images/gear/food/tunacan_opened.jpg"
  },
  {
    "objectName": "CatFoodCan",
    "inGameName": "-",
    "category": "gear",
    "modelType": "Config",
    "path": "dz/gear/food",
    "usableOnConsole": true,
    "searchTags": "canned, food, gear",
    "image": "images/gear/food/catfoodcan/catfoodcan.jpg"
  },
  {
    "objectName": "CrabCan",
    "inGameName": "-",
    "category": "gear",
    "modelType": "Config",
    "path": "dz/gear/food",
    "usableOnConsole": true,
    "searchTags": "canned, food, gear",
    "image": "images/gear/food/crabcan/crabcan.jpg"
  },
  {
    "objectName": "DogFoodCan",
    "inGameName": "-",
    "category": "gear",
    "modelType": "Config",
    "path": "dz/gear/food",
    "usableOnConsole": true,
    "searchTags": "canned, food, gear",
    "image": "images/gear/food/dogfoodcan/dogfoodcan.jpg"
  },
  {
    "objectName": "Lunchmeat",
    "inGameName": "-",
    "category": "gear",
    "modelType": "Config",
    "path": "dz/gear/food",
    "usableOnConsole": true,
    "searchTags": "canned, food, gear",
    "image": "images/gear/food/lunchmeat/lunchmeat.jpg"
  },
  {
    "objectName": "PorkCan",
    "inGameName": "-",
    "category": "gear",
    "modelType": "Config",
    "path": "dz/gear/food",
    "usableOnConsole": true,
    "searchTags": "canned, food, gear",
    "image": "images/gear/food/porkcan/porkcan.jpg"
  },
  {
    "objectName": "CatFoodCan_Opened",
    "inGameName": "-",
    "category": "gear",
    "modelType": "Config",
    "path": "dz/gear/food",
    "usableOnConsole": true,
    "searchTags": "canned, food, gear",
    "image": "images/gear/food/catfoodcan_opened/catfoodcan_opened.jpg"
  },
  {
    "objectName": "CrabCan_Opened",
    "inGameName": "-",
    "category": "gear",
    "modelType": "Config",
    "path": "dz/gear/food",
    "usableOnConsole": true,
    "searchTags": "canned, food, gear",
    "image": "images/gear/food/crabcan_opened/crabcan_opened.jpg"
  },
  {
    "objectName": "DogFoodCan_Opened",
    "inGameName": "-",
    "category": "gear",
    "modelType": "Config",
    "path": "dz/gear/food",
    "usableOnConsole": true,
    "searchTags": "canned, food, gear",
    "image": "images/gear/food/dogfoodcan_opened/dogfoodcan_opened.jpg"
  },
  {
    "objectName": "Lunchmeat_Opened",
    "inGameName": "-",
    "category": "gear",
    "modelType": "Config",
    "path": "dz/gear/food",
    "usableOnConsole": true,
    "searchTags": "canned, food, gear",
    "image": "images/gear/food/lunchmeat_opened/lunchmeat_opened.jpg"
  },
  {
    "objectName": "PorkCan_Opened",
    "inGameName": "-",
    "category": "gear",
    "modelType": "Config",
    "path": "dz/gear/food",
    "usableOnConsole": true,
    "searchTags": "canned, food, gear",
    "image": "images/gear/food/porkcan_opened/porkcan_opened.jpg"
  },
  {
    "objectName": "UnknownFoodCan",
    "inGameName": "Unknown Food Can",
    "category": "gear",
    "modelType": "Config",
    "path": "dz/gear/food",
    "usableOnConsole": true,
    "searchTags": "canned, food, gear",
    "image": "images/gear/food/unknownfoodcan.jpg"
  },
  {
    "objectName": "UnknownFoodCan_Opened",
    "inGameName": "Unknown Food Can",
    "category": "gear",
    "modelType": "Config",
    "path": "dz/gear/food",
    "usableOnConsole": true,
    "searchTags": "canned, food, gear",
    "image": "images/gear/food/unknownfoodcan_opened.jpg"
  },
  {
    "objectName": "BrisketSpread",
    "inGameName": "-",
    "category": "gear",
    "modelType": "Config",
    "path": "dz/gear/food",
    "usableOnConsole": true,
    "searchTags": "food, gear",
    "image": "images/gear/food/brisketspread/brisketspread.jpg"
  },
  {
    "objectName": "Pajka",
    "inGameName": "-",
    "category": "gear",
    "modelType": "Config",
    "path": "dz/gear/food",
    "usableOnConsole": true,
    "searchTags": "food, gear",
    "image": "images/gear/food/pajka/pajka.jpg"
  },
  {
    "objectName": "Pate",
    "inGameName": "-",
    "category": "gear",
    "modelType": "Config",
    "path": "dz/gear/food",
    "usableOnConsole": true,
    "searchTags": "food, gear",
    "image": "images/gear/food/pate/pate.jpg"
  },
  {
    "objectName": "BrisketSpread_Opened",
    "inGameName": "-",
    "category": "gear",
    "modelType": "Config",
    "path": "dz/gear/food",
    "usableOnConsole": true,
    "searchTags": "food, gear",
    "image": "images/gear/food/brisketspread_opened/brisketspread_opened.jpg"
  },
  {
    "objectName": "Pajka_Opened",
    "inGameName": "-",
    "category": "gear",
    "modelType": "Config",
    "path": "dz/gear/food",
    "usableOnConsole": true,
    "searchTags": "food, gear",
    "image": "images/gear/food/pajka_opened/pajka_opened.jpg"
  },
  {
    "objectName": "Pate_Opened",
    "inGameName": "-",
    "category": "gear",
    "modelType": "Config",
    "path": "dz/gear/food",
    "usableOnConsole": true,
    "searchTags": "food, gear",
    "image": "images/gear/food/pate_opened/pate_opened.jpg"
  },
  {
    "objectName": "Apple",
    "inGameName": "Apple",
    "category": "gear",
    "modelType": "Config",
    "path": "dz/gear/food",
    "usableOnConsole": true,
    "searchTags": "food, gear, fruit, vegetable",
    "image": "images/gear/food/apple.jpg"
  },
  {
    "objectName": "Plum",
    "inGameName": "Plum",
    "category": "gear",
    "modelType": "Config",
    "path": "dz/gear/food",
    "usableOnConsole": true,
    "searchTags": "food, gear, fruit, vegetable",
    "image": "images/gear/food/plum.jpg"
  },
  {
    "objectName": "Pear",
    "inGameName": "Pear",
    "category": "gear",
    "modelType": "Config",
    "path": "dz/gear/food",
    "usableOnConsole": true,
    "searchTags": "food, gear, fruit, vegetable",
    "image": "images/gear/food/pear.jpg"
  },
  {
    "objectName": "Banana",
    "inGameName": "Banana",
    "category": "gear",
    "modelType": "Config",
    "path": "dz/gear/food",
    "usableOnConsole": true,
    "searchTags": "food, gear, fruit, vegetable",
    "image": "images/gear/food/banana.jpg"
  },
  {
    "objectName": "Orange",
    "inGameName": "Orange",
    "category": "gear",
    "modelType": "Config",
    "path": "dz/gear/food",
    "usableOnConsole": true,
    "searchTags": "food, gear, fruit, vegetable",
    "image": "images/gear/food/orange.jpg"
  },
  {
    "objectName": "Tomato",
    "inGameName": "Tomato",
    "category": "gear",
    "modelType": "Config",
    "path": "dz/gear/food",
    "usableOnConsole": true,
    "searchTags": "food, gear, fruit, vegetable",
    "image": "images/gear/food/tomato.jpg"
  },
  {
    "objectName": "GreenBellPepper",
    "inGameName": "Pepper",
    "category": "gear",
    "modelType": "Config",
    "path": "dz/gear/food",
    "usableOnConsole": true,
    "searchTags": "food, gear, fruit, vegetable",
    "image": "images/gear/food/greenbellpepper.jpg"
  },
  {
    "objectName": "Zucchini",
    "inGameName": "Zucchini",
    "category": "gear",
    "modelType": "Config",
    "path": "dz/gear/food",
    "usableOnConsole": true,
    "searchTags": "food, gear, fruit, vegetable",
    "image": "images/gear/food/zucchini.jpg"
  },
  {
    "objectName": "Pumpkin",
    "inGameName": "Pumpkin",
    "category": "gear",
    "modelType": "Config",
    "path": "dz/gear/food",
    "usableOnConsole": true,
    "searchTags": "food, gear, fruit, vegetable",
    "image": "images/gear/food/pumpkin.jpg"
  },
  {
    "objectName": "SlicedPumpkin",
    "inGameName": "Pumpkin Slices",
    "category": "gear",
    "modelType": "Config",
    "path": "dz/gear/food",
    "usableOnConsole": true,
    "searchTags": "food, gear, fruit, vegetable",
    "image": "images/gear/food/slicedpumpkin.jpg"
  },
  {
    "objectName": "Potato",
    "inGameName": "Peeled Potato",
    "category": "gear",
    "modelType": "Config",
    "path": "dz/gear/food",
    "usableOnConsole": true,
    "searchTags": "food, gear, fruit, vegetable",
    "image": "images/gear/food/potato.jpg"
  },
  {
    "objectName": "Kiwi",
    "inGameName": "Kiwi",
    "category": "gear",
    "modelType": "Config",
    "path": "dz/gear/food",
    "usableOnConsole": true,
    "searchTags": "food, gear, fruit, vegetable",
    "image": "images/gear/food/kiwi.jpg"
  },
  {
    "objectName": "SambucusBerry",
    "inGameName": "Elderberries",
    "category": "gear",
    "modelType": "Config",
    "path": "dz/gear/food",
    "usableOnConsole": true,
    "searchTags": "food, gear, fruit, vegetable",
    "image": "images/gear/food/sambucusberry.jpg"
  },
  {
    "objectName": "CaninaBerry",
    "inGameName": "Rose Hips",
    "category": "gear",
    "modelType": "Config",
    "path": "dz/gear/food",
    "usableOnConsole": true,
    "searchTags": "food, gear, fruit, vegetable",
    "image": "images/gear/food/caninaberry.jpg"
  },
  {
    "objectName": "Cannabis",
    "inGameName": "Cannabis",
    "category": "gear",
    "modelType": "Config",
    "path": "dz/gear/food",
    "usableOnConsole": true,
    "searchTags": "food, gear, fruit, vegetable",
    "image": "images/gear/food/cannabis.jpg"
  },
  {
    "objectName": "HumanSteakMeat",
    "inGameName": "Human Steak",
    "category": "gear",
    "modelType": "Config",
    "path": "dz/gear/food",
    "usableOnConsole": true,
    "searchTags": "food, gear, cannibal, kuru, prion",
    "image": "images/gear/food/humansteakmeat.jpg"
  },
  {
    "objectName": "GoatSteakMeat",
    "inGameName": "Chevon Steak",
    "category": "gear",
    "modelType": "Config",
    "path": "dz/gear/food",
    "usableOnConsole": true,
    "searchTags": "chevon, food, gear, meat, hunting",
    "image": "images/gear/food/goatsteakmeat.jpg"
  },
  {
    "objectName": "MouflonSteakMeat",
    "inGameName": "Mouflon Steak",
    "category": "gear",
    "modelType": "Config",
    "path": "dz/gear/food",
    "usableOnConsole": true,
    "searchTags": "food, gear, meat, hunting",
    "image": "images/gear/food/mouflonsteakmeat.jpg"
  },
  {
    "objectName": "BoarSteakMeat",
    "inGameName": "Boar Steak",
    "category": "gear",
    "modelType": "Config",
    "path": "dz/gear/food",
    "usableOnConsole": true,
    "searchTags": "food, gear, meat, hunting",
    "image": "images/gear/food/boarsteakmeat.jpg"
  },
  {
    "objectName": "PigSteakMeat",
    "inGameName": "Pork Steak",
    "category": "gear",
    "modelType": "Config",
    "path": "dz/gear/food",
    "usableOnConsole": true,
    "searchTags": "food, gear, meat, hunting, pork",
    "image": "images/gear/food/pigsteakmeat.jpg"
  },
  {
    "objectName": "DeerSteakMeat",
    "inGameName": "Venison Steak",
    "category": "gear",
    "modelType": "Config",
    "path": "dz/gear/food",
    "usableOnConsole": true,
    "searchTags": "food, gear, meat, hunting",
    "image": "images/gear/food/deersteakmeat.jpg"
  },
  {
    "objectName": "ReindeerSteakMeat",
    "inGameName": "Reindeer Steak",
    "category": "gear",
    "modelType": "Config",
    "path": "dz/gear/food",
    "usableOnConsole": true,
    "searchTags": "food, gear, meat, hunting",
    "image": "images/gear/food/reindeersteakmeat.jpg"
  },
  {
    "objectName": "WolfSteakMeat",
    "inGameName": "Wolf Steak",
    "category": "gear",
    "modelType": "Config",
    "path": "dz/gear/food",
    "usableOnConsole": true,
    "searchTags": "food, gear, meat, hunting",
    "image": "images/gear/food/wolfsteakmeat.jpg"
  },
  {
    "objectName": "BearSteakMeat",
    "inGameName": "Bear Steak",
    "category": "gear",
    "modelType": "Config",
    "path": "dz/gear/food",
    "usableOnConsole": true,
    "searchTags": "food, gear, meat, hunting",
    "image": "images/gear/food/bearsteakmeat.jpg"
  },
  {
    "objectName": "CowSteakMeat",
    "inGameName": "Beef Steak",
    "category": "gear",
    "modelType": "Config",
    "path": "dz/gear/food",
    "usableOnConsole": true,
    "searchTags": "food, gear, meat, hunting, beef",
    "image": "images/gear/food/cowsteakmeat.jpg"
  },
  {
    "objectName": "SheepSteakMeat",
    "inGameName": "Mutton Steak",
    "category": "gear",
    "modelType": "Config",
    "path": "dz/gear/food",
    "usableOnConsole": true,
    "searchTags": "food, gear, meat, hunting",
    "image": "images/gear/food/sheepsteakmeat.jpg"
  },
  {
    "objectName": "FoxSteakMeat",
    "inGameName": "Fox Steak",
    "category": "gear",
    "modelType": "Config",
    "path": "dz/gear/food",
    "usableOnConsole": true,
    "searchTags": "food, gear, meat, hunting",
    "image": "images/gear/food/foxsteakmeat.jpg"
  },
  {
    "objectName": "ChickenBreastMeat",
    "inGameName": "Chicken Steak",
    "category": "gear",
    "modelType": "Config",
    "path": "dz/gear/food",
    "usableOnConsole": true,
    "searchTags": "food, gear, meat, hunting",
    "image": "images/gear/food/chickenbreastmeat.jpg"
  },
  {
    "objectName": "RabbitLegMeat",
    "inGameName": "Hare Leg",
    "category": "gear",
    "modelType": "Config",
    "path": "dz/gear/food",
    "usableOnConsole": true,
    "searchTags": "food, gear, meat, hunting",
    "image": "images/gear/food/rabbitlegmeat.jpg"
  },
  {
    "objectName": "CarpFilletMeat",
    "inGameName": "Carp Fillet",
    "category": "gear",
    "modelType": "Config",
    "path": "dz/gear/food",
    "usableOnConsole": true,
    "searchTags": "food, gear, meat, fishing",
    "image": "images/gear/food/carpfilletmeat.jpg"
  },
  {
    "objectName": "MackerelFilletMeat",
    "inGameName": "Mackerel Fillet",
    "category": "gear",
    "modelType": "Config",
    "path": "dz/gear/food",
    "usableOnConsole": true,
    "searchTags": "food, gear, meat, fishing",
    "image": "images/gear/food/mackerelfilletmeat.jpg"
  },
  {
    "objectName": "WalleyePollockFilletMeat",
    "inGameName": "Walleye Pollock Fillet",
    "category": "gear",
    "modelType": "Config",
    "path": "dz/gear/food",
    "usableOnConsole": true,
    "searchTags": "food, gear, meat, fishing",
    "image": "images/gear/food/walleyepollockfilletmeat.jpg"
  },
  {
    "objectName": "SteelheadTroutFilletMeat",
    "inGameName": "Steelhead Trout Fillet",
    "category": "gear",
    "modelType": "Config",
    "path": "dz/gear/food",
    "usableOnConsole": true,
    "searchTags": "food, gear, meat, fishing",
    "image": "images/gear/food/steelheadtroutfilletmeat.jpg"
  },
  {
    "objectName": "RedCaviar",
    "inGameName": "Red Caviar",
    "category": "gear",
    "modelType": "Config",
    "path": "dz/gear/food",
    "usableOnConsole": true,
    "searchTags": "food, gear, meat, fishing",
    "image": "images/gear/food/redcaviar.jpg"
  },
  {
    "objectName": "Lard",
    "inGameName": "Fat",
    "category": "gear",
    "modelType": "Config",
    "path": "dz/gear/food",
    "usableOnConsole": true,
    "searchTags": "fat, food, gear",
    "image": "images/gear/food/lard.jpg"
  },
  {
    "objectName": "Bitterlings",
    "inGameName": "Bitterlings",
    "category": "gear",
    "modelType": "Config",
    "path": "dz/gear/food",
    "usableOnConsole": true,
    "searchTags": "food, gear",
    "image": "images/gear/food/bitterlings.jpg"
  },
  {
    "objectName": "Shrimp",
    "inGameName": "Shrimp",
    "category": "gear",
    "modelType": "Config",
    "path": "dz/gear/food",
    "usableOnConsole": true,
    "searchTags": "food, gear, meat, fishing",
    "image": "images/gear/food/shrimp.jpg"
  },
  {
    "objectName": "Carp",
    "inGameName": "Carp",
    "category": "gear",
    "modelType": "Config",
    "path": "dz/gear/food",
    "usableOnConsole": true,
    "searchTags": "food, gear, meat, fishing",
    "image": "images/gear/food/carp.jpg"
  },
  {
    "objectName": "Sardines",
    "inGameName": "Sardines",
    "category": "gear",
    "modelType": "Config",
    "path": "dz/gear/food",
    "usableOnConsole": true,
    "searchTags": "food, gear, meat, fishing",
    "image": "images/gear/food/sardines.jpg"
  },
  {
    "objectName": "Mackerel",
    "inGameName": "Mackerel",
    "category": "gear",
    "modelType": "Config",
    "path": "dz/gear/food",
    "usableOnConsole": true,
    "searchTags": "food, gear, meat, fishing",
    "image": "images/gear/food/mackerel.jpg"
  },
  {
    "objectName": "WalleyePollock",
    "inGameName": "Walleye Pollock",
    "category": "gear",
    "modelType": "Config",
    "path": "dz/gear/food",
    "usableOnConsole": true,
    "searchTags": "food, gear, meat, fishing",
    "image": "images/gear/food/walleyepollock.jpg"
  },
  {
    "objectName": "SteelheadTrout",
    "inGameName": "Steelhead Trout",
    "category": "gear",
    "modelType": "Config",
    "path": "dz/gear/food",
    "usableOnConsole": true,
    "searchTags": "food, gear, meat, fishing",
    "image": "images/gear/food/steelheadtrout.jpg"
  },
  {
    "objectName": "Worm",
    "inGameName": "Earthworm",
    "category": "gear",
    "modelType": "Config",
    "path": "dz/gear/food",
    "usableOnConsole": true,
    "searchTags": "earthworm, food, gear, fishingm bait",
    "image": "images/gear/food/worm.jpg"
  },
  {
    "objectName": "DeadRooster",
    "inGameName": "Rooster",
    "category": "gear",
    "modelType": "Config",
    "path": "dz/gear/food",
    "usableOnConsole": true,
    "searchTags": "food, gear, chicken",
    "image": "images/gear/food/deadrooster.jpg"
  },
  {
    "objectName": "DeadChicken_White",
    "inGameName": "Hen",
    "category": "gear",
    "modelType": "Config",
    "path": "dz/gear/food",
    "usableOnConsole": true,
    "searchTags": "food, gear, hen",
    "image": "images/gear/food/deadchicken_white.jpg"
  },
  {
    "objectName": "DeadChicken_Spotted",
    "inGameName": "Hen",
    "category": "gear",
    "modelType": "Config",
    "path": "dz/gear/food",
    "usableOnConsole": true,
    "searchTags": "food, gear, hen",
    "image": "images/gear/food/deadchicken_spotted.jpg"
  },
  {
    "objectName": "DeadChicken_Brown",
    "inGameName": "Hen",
    "category": "gear",
    "modelType": "Config",
    "path": "dz/gear/food",
    "usableOnConsole": true,
    "searchTags": "food, gear, hen",
    "image": "images/gear/food/deadchicken_brown.jpg"
  },
  {
    "objectName": "DeadRabbit",
    "inGameName": "Hare",
    "category": "gear",
    "modelType": "Config",
    "path": "dz/gear/food",
    "usableOnConsole": true,
    "searchTags": "food, gear, hare",
    "image": "images/gear/food/deadrabbit.jpg"
  },
  {
    "objectName": "DeadFox",
    "inGameName": "Red Fox",
    "category": "gear",
    "modelType": "Config",
    "path": "dz/gear/food",
    "usableOnConsole": true,
    "searchTags": "food, gear, red",
    "image": "images/gear/food/deadfox.jpg"
  },
  {
    "objectName": "AgaricusMushroom",
    "inGameName": "Field Mushroom",
    "category": "gear",
    "modelType": "Config",
    "path": "dz/gear/food",
    "usableOnConsole": true,
    "searchTags": "field, food, gear, foraging, woods",
    "image": "images/gear/food/agaricusmushroom.jpg"
  },
  {
    "objectName": "AmanitaMushroom",
    "inGameName": "Fly Amanita",
    "category": "gear",
    "modelType": "Config",
    "path": "dz/gear/food",
    "usableOnConsole": true,
    "searchTags": "field, food, gear, foraging, woods",
    "image": "images/gear/food/amanitamushroom.jpg"
  },
  {
    "objectName": "MacrolepiotaMushroom",
    "inGameName": "Parasol Mushroom",
    "category": "gear",
    "modelType": "Config",
    "path": "dz/gear/food",
    "usableOnConsole": true,
    "searchTags": "field, food, gear, foraging, woods",
    "image": "images/gear/food/macrolepiotamushroom.jpg"
  },
  {
    "objectName": "LactariusMushroom",
    "inGameName": "Red Pine Mushroom",
    "category": "gear",
    "modelType": "Config",
    "path": "dz/gear/food",
    "usableOnConsole": true,
    "searchTags": "field, food, gear, foraging, woods",
    "image": "images/gear/food/lactariusmushroom.jpg"
  },
  {
    "objectName": "PsilocybeMushroom",
    "inGameName": "Liberty Cap",
    "category": "gear",
    "modelType": "Config",
    "path": "dz/gear/food",
    "usableOnConsole": true,
    "searchTags": "field, food, gear, foraging, woods",
    "image": "images/gear/food/psilocybemushroom.jpg"
  },
  {
    "objectName": "AuriculariaMushroom",
    "inGameName": "Wood Ear",
    "category": "gear",
    "modelType": "Config",
    "path": "dz/gear/food",
    "usableOnConsole": true,
    "searchTags": "field, food, gear, foraging, woods",
    "image": "images/gear/food/auriculariamushroom.jpg"
  },
  {
    "objectName": "BoletusMushroom",
    "inGameName": "Penny Bun",
    "category": "gear",
    "modelType": "Config",
    "path": "dz/gear/food",
    "usableOnConsole": true,
    "searchTags": "field, food, gear, foraging, woods",
    "image": "images/gear/food/boletusmushroom.jpg"
  },
  {
    "objectName": "PleurotusMushroom",
    "inGameName": "Oyster Mushroom",
    "category": "gear",
    "modelType": "Config",
    "path": "dz/gear/food",
    "usableOnConsole": true,
    "searchTags": "field, food, gear, foraging, woods",
    "image": "images/gear/food/pleurotusmushroom.jpg"
  },
  {
    "objectName": "CraterellusMushroom",
    "inGameName": "Yellowfoot Mushroom",
    "category": "gear",
    "modelType": "Config",
    "path": "dz/gear/food",
    "usableOnConsole": true,
    "searchTags": "field, food, gear, foraging, woods",
    "image": "images/gear/food/craterellusmushroom.jpg"
  },
  {
    "objectName": "animal_guts.p3d",
    "inGameName": "Guts",
    "category": "gear",
    "modelType": "Raw P3D",
    "path": "dz/gear/food",
    "usableOnConsole": false,
    "searchTags": "food, gear, animal",
    "image": "images/gear/food/animal_guts.p3d.jpg"
  },
  {
    "objectName": "animal_smallguts.p3d",
    "inGameName": "Small Guts",
    "category": "gear",
    "modelType": "Raw P3D",
    "path": "dz/gear/food",
    "usableOnConsole": false,
    "searchTags": "food, gear, animal",
    "image": "images/gear/food/animal_smallguts.p3d.jpg"
  },
  {
    "objectName": "apple.p3d",
    "inGameName": "Apple",
    "category": "gear",
    "modelType": "Raw P3D",
    "path": "dz/gear/food",
    "usableOnConsole": false,
    "searchTags": "food, gear, fruit, vegetable",
    "image": "images/gear/food/apple.p3d.jpg"
  },
  {
    "objectName": "apple_fresh.p3d",
    "inGameName": "-",
    "category": "gear",
    "modelType": "Raw P3D",
    "path": "dz/gear/food",
    "usableOnConsole": false,
    "searchTags": "food, gear, fruit, vegetable",
    "image": "images/gear/food/apple_fresh.p3d.jpg"
  },
  {
    "objectName": "apple_rotten.p3d",
    "inGameName": "-",
    "category": "gear",
    "modelType": "Raw P3D",
    "path": "dz/gear/food",
    "usableOnConsole": false,
    "searchTags": "food, gear, fruit, vegetable",
    "image": "images/gear/food/apple_rotten.p3d.jpg"
  },
  {
    "objectName": "bait_worm.p3d",
    "inGameName": "-",
    "category": "gear",
    "modelType": "Raw P3D",
    "path": "dz/gear/food",
    "usableOnConsole": false,
    "searchTags": "earthworm, food, gear, fishingm bait",
    "image": "images/gear/food/bait_worm.p3d.jpg"
  },
  {
    "objectName": "bakedbeans.p3d",
    "inGameName": "-",
    "category": "gear",
    "modelType": "Raw P3D",
    "path": "dz/gear/food",
    "usableOnConsole": false,
    "searchTags": "canned, food, gear",
    "image": "images/gear/food/bakedbeans.p3d.jpg"
  },
  {
    "objectName": "bakedbeans_open.p3d",
    "inGameName": "-",
    "category": "gear",
    "modelType": "Raw P3D",
    "path": "dz/gear/food",
    "usableOnConsole": false,
    "searchTags": "canned, food, gear",
    "image": "images/gear/food/bakedbeans_open.p3d.jpg"
  },
  {
    "objectName": "banana_fresh.p3d",
    "inGameName": "Banana",
    "category": "gear",
    "modelType": "Raw P3D",
    "path": "dz/gear/food",
    "usableOnConsole": false,
    "searchTags": "food, gear, fruit, vegetable",
    "image": "images/gear/food/banana_fresh.p3d.jpg"
  },
  {
    "objectName": "banana_rottem.p3d",
    "inGameName": "-",
    "category": "gear",
    "modelType": "Raw P3D",
    "path": "dz/gear/food",
    "usableOnConsole": false,
    "searchTags": "food, gear, fruit, vegetable",
    "image": "images/gear/food/banana_rottem.p3d.jpg"
  },
  {
    "objectName": "bitterlings.p3d",
    "inGameName": "Bitterlings",
    "category": "gear",
    "modelType": "Raw P3D",
    "path": "dz/gear/food",
    "usableOnConsole": false,
    "searchTags": "food, gear",
    "image": "images/gear/food/bitterlings.p3d.jpg"
  },
  {
    "objectName": "blueberries.p3d",
    "inGameName": "-",
    "category": "gear",
    "modelType": "Raw P3D",
    "path": "dz/gear/food",
    "usableOnConsole": false,
    "searchTags": "",
    "image": "images/gear/food/blueberries.p3d.jpg"
  },
  {
    "objectName": "boxcereal.p3d",
    "inGameName": "Cereals",
    "category": "gear",
    "modelType": "Raw P3D",
    "path": "dz/gear/food",
    "usableOnConsole": false,
    "searchTags": "cereals, crate, food, gear, storage",
    "image": "images/gear/food/boxcereal.p3d.jpg"
  },
  {
    "objectName": "candycane.p3d",
    "inGameName": "-",
    "category": "gear",
    "modelType": "Raw P3D",
    "path": "dz/gear/food",
    "usableOnConsole": false,
    "searchTags": "candy, cane, food, gear, seasonal, festive, santa, christmas",
    "image": "images/gear/food/candycane.p3d.jpg"
  },
  {
    "objectName": "canina_raw.p3d",
    "inGameName": "Rose Hips",
    "category": "gear",
    "modelType": "Raw P3D",
    "path": "dz/gear/food",
    "usableOnConsole": false,
    "searchTags": "food, gear, fruit, vegetable",
    "image": "images/gear/food/canina_raw.p3d.jpg"
  },
  {
    "objectName": "cannabis_seedman.p3d",
    "inGameName": "Cannabis",
    "category": "gear",
    "modelType": "Raw P3D",
    "path": "dz/gear/food",
    "usableOnConsole": false,
    "searchTags": "food, gear, fruit, vegetable",
    "image": "images/gear/food/cannabis_seedman.p3d.jpg"
  },
  {
    "objectName": "can_sardines.p3d",
    "inGameName": "Canned Sardines",
    "category": "gear",
    "modelType": "Raw P3D",
    "path": "dz/gear/food",
    "usableOnConsole": false,
    "searchTags": "food, gear, meat, fishing",
    "image": "images/gear/food/can_sardines.p3d.jpg"
  },
  {
    "objectName": "can_sardines_open.p3d",
    "inGameName": "Canned Sardines",
    "category": "gear",
    "modelType": "Raw P3D",
    "path": "dz/gear/food",
    "usableOnConsole": false,
    "searchTags": "food, gear, meat, fishing",
    "image": "images/gear/food/can_sardines_open.p3d.jpg"
  },
  {
    "objectName": "carp_fillet.p3d",
    "inGameName": "Carp Fillet",
    "category": "gear",
    "modelType": "Raw P3D",
    "path": "dz/gear/food",
    "usableOnConsole": false,
    "searchTags": "food, gear, meat, fishing",
    "image": "images/gear/food/carp_fillet.p3d.jpg"
  },
  {
    "objectName": "carp_fillet_burnt.p3d",
    "inGameName": "-",
    "category": "gear",
    "modelType": "Raw P3D",
    "path": "dz/gear/food",
    "usableOnConsole": false,
    "searchTags": "food, gear, meat, fishing",
    "image": "images/gear/food/carp_fillet_burnt.p3d.jpg"
  },
  {
    "objectName": "carp_fillet_cooked.p3d",
    "inGameName": "-",
    "category": "gear",
    "modelType": "Raw P3D",
    "path": "dz/gear/food",
    "usableOnConsole": false,
    "searchTags": "food, gear, meat, fishing",
    "image": "images/gear/food/carp_fillet_cooked.p3d.jpg"
  },
  {
    "objectName": "carp_fillet_raw.p3d",
    "inGameName": "-",
    "category": "gear",
    "modelType": "Raw P3D",
    "path": "dz/gear/food",
    "usableOnConsole": false,
    "searchTags": "food, gear, meat, fishing",
    "image": "images/gear/food/carp_fillet_raw.p3d.jpg"
  },
  {
    "objectName": "carp_fillet_rotten.p3d",
    "inGameName": "-",
    "category": "gear",
    "modelType": "Raw P3D",
    "path": "dz/gear/food",
    "usableOnConsole": false,
    "searchTags": "food, gear, meat, fishing",
    "image": "images/gear/food/carp_fillet_rotten.p3d.jpg"
  },
  {
    "objectName": "carp_live.p3d",
    "inGameName": "Carp",
    "category": "gear",
    "modelType": "Raw P3D",
    "path": "dz/gear/food",
    "usableOnConsole": false,
    "searchTags": "food, gear, meat, fishing",
    "image": "images/gear/food/carp_live.p3d.jpg"
  },
  {
    "objectName": "eeg.p3d",
    "inGameName": "-",
    "category": "gear",
    "modelType": "Raw P3D",
    "path": "dz/gear/food",
    "usableOnConsole": false,
    "searchTags": "",
    "image": "images/gear/food/eeg.p3d.jpg"
  },
  {
    "objectName": "foodcan_100g.p3d",
    "inGameName": "-",
    "category": "gear",
    "modelType": "Raw P3D",
    "path": "dz/gear/food",
    "usableOnConsole": false,
    "searchTags": "",
    "image": "images/gear/food/foodcan_100g.p3d.jpg"
  },
  {
    "objectName": "foodcan_100g_open.p3d",
    "inGameName": "-",
    "category": "gear",
    "modelType": "Raw P3D",
    "path": "dz/gear/food",
    "usableOnConsole": false,
    "searchTags": "",
    "image": "images/gear/food/foodcan_100g_open.p3d.jpg"
  },
  {
    "objectName": "foodcan_250g.p3d",
    "inGameName": "-",
    "category": "gear",
    "modelType": "Raw P3D",
    "path": "dz/gear/food",
    "usableOnConsole": false,
    "searchTags": "",
    "image": "images/gear/food/foodcan_250g.p3d.jpg"
  },
  {
    "objectName": "foodcan_250g_open.p3d",
    "inGameName": "-",
    "category": "gear",
    "modelType": "Raw P3D",
    "path": "dz/gear/food",
    "usableOnConsole": false,
    "searchTags": "",
    "image": "images/gear/food/foodcan_250g_open.p3d.jpg"
  },
  {
    "objectName": "food_can.p3d",
    "inGameName": "Unknown Food Can",
    "category": "gear",
    "modelType": "Raw P3D",
    "path": "dz/gear/food",
    "usableOnConsole": false,
    "searchTags": "",
    "image": "images/gear/food/food_can.p3d.jpg"
  },
  {
    "objectName": "food_can_open.p3d",
    "inGameName": "Unknown Food Can",
    "category": "gear",
    "modelType": "Raw P3D",
    "path": "dz/gear/food",
    "usableOnConsole": false,
    "searchTags": "",
    "image": "images/gear/food/food_can_open.p3d.jpg"
  },
  {
    "objectName": "food_can_proxied.p3d",
    "inGameName": "-",
    "category": "gear",
    "modelType": "Raw P3D",
    "path": "dz/gear/food",
    "usableOnConsole": false,
    "searchTags": "",
    "image": "images/gear/food/food_can_proxied.p3d.jpg"
  },
  {
    "objectName": "gallus_gallus_female_dead.p3d",
    "inGameName": "Hen",
    "category": "gear",
    "modelType": "Raw P3D",
    "path": "dz/gear/food",
    "usableOnConsole": false,
    "searchTags": "",
    "image": "images/gear/food/gallus_gallus_female_dead.p3d.jpg"
  },
  {
    "objectName": "gallus_gallus_male_dead.p3d",
    "inGameName": "Rooster",
    "category": "gear",
    "modelType": "Raw P3D",
    "path": "dz/gear/food",
    "usableOnConsole": false,
    "searchTags": "",
    "image": "images/gear/food/gallus_gallus_male_dead.p3d.jpg"
  },
  {
    "objectName": "honey.p3d",
    "inGameName": "Honey",
    "category": "gear",
    "modelType": "Raw P3D",
    "path": "dz/gear/food",
    "usableOnConsole": false,
    "searchTags": "food, gear",
    "image": "images/gear/food/honey.p3d.jpg"
  },
  {
    "objectName": "human_meat.p3d",
    "inGameName": "Human Steak",
    "category": "gear",
    "modelType": "Raw P3D",
    "path": "dz/gear/food",
    "usableOnConsole": false,
    "searchTags": "food, gear, cannibal, kuru, prion",
    "image": "images/gear/food/human_meat.p3d.jpg"
  },
  {
    "objectName": "kiwi_fresh.p3d",
    "inGameName": "Kiwi",
    "category": "gear",
    "modelType": "Raw P3D",
    "path": "dz/gear/food",
    "usableOnConsole": false,
    "searchTags": "food, gear, fruit, vegetable",
    "image": "images/gear/food/kiwi_fresh.p3d.jpg"
  },
  {
    "objectName": "kiwi_rotten.p3d",
    "inGameName": "-",
    "category": "gear",
    "modelType": "Raw P3D",
    "path": "dz/gear/food",
    "usableOnConsole": false,
    "searchTags": "food, gear, fruit, vegetable",
    "image": "images/gear/food/kiwi_rotten.p3d.jpg"
  },
  {
    "objectName": "lard.p3d",
    "inGameName": "Fat",
    "category": "gear",
    "modelType": "Raw P3D",
    "path": "dz/gear/food",
    "usableOnConsole": false,
    "searchTags": "fat, food, gear",
    "image": "images/gear/food/lard.p3d.jpg"
  },
  {
    "objectName": "lepus_europaeus_dead.p3d",
    "inGameName": "-",
    "category": "gear",
    "modelType": "Raw P3D",
    "path": "dz/gear/food",
    "usableOnConsole": false,
    "searchTags": "",
    "image": "images/gear/food/lepus_europaeus_dead.p3d.jpg"
  },
  {
    "objectName": "mackerel_fillet.p3d",
    "inGameName": "Mackerel Fillet",
    "category": "gear",
    "modelType": "Raw P3D",
    "path": "dz/gear/food",
    "usableOnConsole": false,
    "searchTags": "food, gear, meat, fishing",
    "image": "images/gear/food/mackerel_fillet.p3d.jpg"
  },
  {
    "objectName": "mackerel_fillet_cooked.p3d",
    "inGameName": "-",
    "category": "gear",
    "modelType": "Raw P3D",
    "path": "dz/gear/food",
    "usableOnConsole": false,
    "searchTags": "food, gear, meat, fishing",
    "image": "images/gear/food/mackerel_fillet_cooked.p3d.jpg"
  },
  {
    "objectName": "mackerel_fillet_raw.p3d",
    "inGameName": "-",
    "category": "gear",
    "modelType": "Raw P3D",
    "path": "dz/gear/food",
    "usableOnConsole": false,
    "searchTags": "food, gear, meat, fishing",
    "image": "images/gear/food/mackerel_fillet_raw.p3d.jpg"
  },
  {
    "objectName": "mackerel_live.p3d",
    "inGameName": "Mackerel",
    "category": "gear",
    "modelType": "Raw P3D",
    "path": "dz/gear/food",
    "usableOnConsole": false,
    "searchTags": "food, gear, meat, fishing",
    "image": "images/gear/food/mackerel_live.p3d.jpg"
  },
  {
    "objectName": "marmalade.p3d",
    "inGameName": "Strawberry Jam",
    "category": "gear",
    "modelType": "Raw P3D",
    "path": "dz/gear/food",
    "usableOnConsole": false,
    "searchTags": "food, gear, jam, strawberry",
    "image": "images/gear/food/marmalade.p3d.jpg"
  },
  {
    "objectName": "meat.p3d",
    "inGameName": "-",
    "category": "gear",
    "modelType": "Raw P3D",
    "path": "dz/gear/food",
    "usableOnConsole": false,
    "searchTags": "",
    "image": "images/gear/food/meat.p3d.jpg"
  },
  {
    "objectName": "meat_breast.p3d",
    "inGameName": "Chicken Steak",
    "category": "gear",
    "modelType": "Raw P3D",
    "path": "dz/gear/food",
    "usableOnConsole": false,
    "searchTags": "",
    "image": "images/gear/food/meat_breast.p3d.jpg"
  },
  {
    "objectName": "meat_leg.p3d",
    "inGameName": "Hare Leg",
    "category": "gear",
    "modelType": "Raw P3D",
    "path": "dz/gear/food",
    "usableOnConsole": false,
    "searchTags": "",
    "image": "images/gear/food/meat_leg.p3d.jpg"
  },
  {
    "objectName": "meat_steak.p3d",
    "inGameName": "Fox Steak",
    "category": "gear",
    "modelType": "Raw P3D",
    "path": "dz/gear/food",
    "usableOnConsole": false,
    "searchTags": "",
    "image": "images/gear/food/meat_steak.p3d.jpg"
  },
  {
    "objectName": "mushroom_agaricus.p3d",
    "inGameName": "Field Mushroom",
    "category": "gear",
    "modelType": "Raw P3D",
    "path": "dz/gear/food",
    "usableOnConsole": false,
    "searchTags": "",
    "image": "images/gear/food/mushroom_agaricus.p3d.jpg"
  },
  {
    "objectName": "mushroom_amanita.p3d",
    "inGameName": "Fly Amanita",
    "category": "gear",
    "modelType": "Raw P3D",
    "path": "dz/gear/food",
    "usableOnConsole": false,
    "searchTags": "",
    "image": "images/gear/food/mushroom_amanita.p3d.jpg"
  },
  {
    "objectName": "mushroom_auricularia.p3d",
    "inGameName": "Wood Ear",
    "category": "gear",
    "modelType": "Raw P3D",
    "path": "dz/gear/food",
    "usableOnConsole": false,
    "searchTags": "",
    "image": "images/gear/food/mushroom_auricularia.p3d.jpg"
  },
  {
    "objectName": "mushroom_boletus.p3d",
    "inGameName": "Penny Bun",
    "category": "gear",
    "modelType": "Raw P3D",
    "path": "dz/gear/food",
    "usableOnConsole": false,
    "searchTags": "",
    "image": "images/gear/food/mushroom_boletus.p3d.jpg"
  },
  {
    "objectName": "mushroom_craterellus.p3d",
    "inGameName": "Yellowfoot Mushroom",
    "category": "gear",
    "modelType": "Raw P3D",
    "path": "dz/gear/food",
    "usableOnConsole": false,
    "searchTags": "",
    "image": "images/gear/food/mushroom_craterellus.p3d.jpg"
  },
  {
    "objectName": "mushroom_lactarius.p3d",
    "inGameName": "Red Pine Mushroom",
    "category": "gear",
    "modelType": "Raw P3D",
    "path": "dz/gear/food",
    "usableOnConsole": false,
    "searchTags": "",
    "image": "images/gear/food/mushroom_lactarius.p3d.jpg"
  },
  {
    "objectName": "mushroom_macrolepiota.p3d",
    "inGameName": "Parasol Mushroom",
    "category": "gear",
    "modelType": "Raw P3D",
    "path": "dz/gear/food",
    "usableOnConsole": false,
    "searchTags": "",
    "image": "images/gear/food/mushroom_macrolepiota.p3d.jpg"
  },
  {
    "objectName": "mushroom_pleurotus.p3d",
    "inGameName": "Oyster Mushroom",
    "category": "gear",
    "modelType": "Raw P3D",
    "path": "dz/gear/food",
    "usableOnConsole": false,
    "searchTags": "",
    "image": "images/gear/food/mushroom_pleurotus.p3d.jpg"
  },
  {
    "objectName": "orange_fresh.p3d",
    "inGameName": "Orange",
    "category": "gear",
    "modelType": "Raw P3D",
    "path": "dz/gear/food",
    "usableOnConsole": false,
    "searchTags": "food, gear, fruit, vegetable",
    "image": "images/gear/food/orange_fresh.p3d.jpg"
  },
  {
    "objectName": "orange_rotten.p3d",
    "inGameName": "-",
    "category": "gear",
    "modelType": "Raw P3D",
    "path": "dz/gear/food",
    "usableOnConsole": false,
    "searchTags": "food, gear, fruit, vegetable",
    "image": "images/gear/food/orange_rotten.p3d.jpg"
  },
  {
    "objectName": "pear.p3d",
    "inGameName": "Pear",
    "category": "gear",
    "modelType": "Raw P3D",
    "path": "dz/gear/food",
    "usableOnConsole": false,
    "searchTags": "food, gear, fruit, vegetable",
    "image": "images/gear/food/pear.p3d.jpg"
  },
  {
    "objectName": "pepper_green.p3d",
    "inGameName": "Pepper",
    "category": "gear",
    "modelType": "Raw P3D",
    "path": "dz/gear/food",
    "usableOnConsole": false,
    "searchTags": "",
    "image": "images/gear/food/pepper_green.p3d.jpg"
  },
  {
    "objectName": "pepper_green_rotten.p3d",
    "inGameName": "-",
    "category": "gear",
    "modelType": "Raw P3D",
    "path": "dz/gear/food",
    "usableOnConsole": false,
    "searchTags": "",
    "image": "images/gear/food/pepper_green_rotten.p3d.jpg"
  },
  {
    "objectName": "pile_of_bones.p3d",
    "inGameName": "Bones",
    "category": "gear",
    "modelType": "Raw P3D",
    "path": "dz/gear/food",
    "usableOnConsole": false,
    "searchTags": "",
    "image": "images/gear/food/pile_of_bones.p3d.jpg"
  },
  {
    "objectName": "plum.p3d",
    "inGameName": "Plum",
    "category": "gear",
    "modelType": "Raw P3D",
    "path": "dz/gear/food",
    "usableOnConsole": false,
    "searchTags": "food, gear, fruit, vegetable",
    "image": "images/gear/food/plum.p3d.jpg"
  },
  {
    "objectName": "potato.p3d",
    "inGameName": "Potato",
    "category": "gear",
    "modelType": "Raw P3D",
    "path": "dz/gear/food",
    "usableOnConsole": false,
    "searchTags": "food, gear, fruit, vegetable",
    "image": "images/gear/food/potato.p3d.jpg"
  },
  {
    "objectName": "potato_fresh.p3d",
    "inGameName": "-",
    "category": "gear",
    "modelType": "Raw P3D",
    "path": "dz/gear/food",
    "usableOnConsole": false,
    "searchTags": "food, gear, fruit, vegetable",
    "image": "images/gear/food/potato_fresh.p3d.jpg"
  },
  {
    "objectName": "potato_prepared.p3d",
    "inGameName": "Peeled Potato",
    "category": "gear",
    "modelType": "Raw P3D",
    "path": "dz/gear/food",
    "usableOnConsole": false,
    "searchTags": "food, gear, fruit, vegetable",
    "image": "images/gear/food/potato_prepared.p3d.jpg"
  },
  {
    "objectName": "potato_rotten.p3d",
    "inGameName": "-",
    "category": "gear",
    "modelType": "Raw P3D",
    "path": "dz/gear/food",
    "usableOnConsole": false,
    "searchTags": "food, gear, fruit, vegetable",
    "image": "images/gear/food/potato_rotten.p3d.jpg"
  },
  {
    "objectName": "powderedmilk.p3d",
    "inGameName": "Powdered Milk",
    "category": "gear",
    "modelType": "Raw P3D",
    "path": "dz/gear/food",
    "usableOnConsole": false,
    "searchTags": "food, gear",
    "image": "images/gear/food/powderedmilk.p3d.jpg"
  },
  {
    "objectName": "psilocybe_semilanceata.p3d",
    "inGameName": "Liberty Cap",
    "category": "gear",
    "modelType": "Raw P3D",
    "path": "dz/gear/food",
    "usableOnConsole": false,
    "searchTags": "",
    "image": "images/gear/food/psilocybe_semilanceata.p3d.jpg"
  },
  {
    "objectName": "pumpkin_fresh.p3d",
    "inGameName": "Pumpkin",
    "category": "gear",
    "modelType": "Raw P3D",
    "path": "dz/gear/food",
    "usableOnConsole": false,
    "searchTags": "food, gear, fruit, vegetable",
    "image": "images/gear/food/pumpkin_fresh.p3d.jpg"
  },
  {
    "objectName": "pumpkin_fresh_open.p3d",
    "inGameName": "-",
    "category": "gear",
    "modelType": "Raw P3D",
    "path": "dz/gear/food",
    "usableOnConsole": false,
    "searchTags": "food, gear, fruit, vegetable",
    "image": "images/gear/food/pumpkin_fresh_open.p3d.jpg"
  },
  {
    "objectName": "pumpkin_rotten.p3d",
    "inGameName": "-",
    "category": "gear",
    "modelType": "Raw P3D",
    "path": "dz/gear/food",
    "usableOnConsole": false,
    "searchTags": "food, gear, fruit, vegetable",
    "image": "images/gear/food/pumpkin_rotten.p3d.jpg"
  },
  {
    "objectName": "pumpkin_rotten_open.p3d",
    "inGameName": "-",
    "category": "gear",
    "modelType": "Raw P3D",
    "path": "dz/gear/food",
    "usableOnConsole": false,
    "searchTags": "food, gear, fruit, vegetable",
    "image": "images/gear/food/pumpkin_rotten_open.p3d.jpg"
  },
  {
    "objectName": "pumpkin_sliced.p3d",
    "inGameName": "Pumpkin Slices",
    "category": "gear",
    "modelType": "Raw P3D",
    "path": "dz/gear/food",
    "usableOnConsole": false,
    "searchTags": "food, gear, fruit, vegetable",
    "image": "images/gear/food/pumpkin_sliced.p3d.jpg"
  },
  {
    "objectName": "red_caviar.p3d",
    "inGameName": "Red Caviar",
    "category": "gear",
    "modelType": "Raw P3D",
    "path": "dz/gear/food",
    "usableOnConsole": false,
    "searchTags": "food, gear, meat, fishing",
    "image": "images/gear/food/red_caviar.p3d.jpg"
  },
  {
    "objectName": "rice.p3d",
    "inGameName": "Rice",
    "category": "gear",
    "modelType": "Raw P3D",
    "path": "dz/gear/food",
    "usableOnConsole": false,
    "searchTags": "food, gear",
    "image": "images/gear/food/rice.p3d.jpg"
  },
  {
    "objectName": "salty_chips.p3d",
    "inGameName": "Chips",
    "category": "gear",
    "modelType": "Raw P3D",
    "path": "dz/gear/food",
    "usableOnConsole": false,
    "searchTags": "food, gear, crisps, snacks",
    "image": "images/gear/food/salty_chips.p3d.jpg"
  },
  {
    "objectName": "salty_crackers.p3d",
    "inGameName": "-",
    "category": "gear",
    "modelType": "Raw P3D",
    "path": "dz/gear/food",
    "usableOnConsole": false,
    "searchTags": "food, gear, crisps, snacks",
    "image": "images/gear/food/salty_crackers.p3d.jpg"
  },
  {
    "objectName": "sambucus_nigra.p3d",
    "inGameName": "Elderberries",
    "category": "gear",
    "modelType": "Raw P3D",
    "path": "dz/gear/food",
    "usableOnConsole": false,
    "searchTags": "food, gear, fruit, vegetable",
    "image": "images/gear/food/sambucus_nigra.p3d.jpg"
  },
  {
    "objectName": "sardines.p3d",
    "inGameName": "-",
    "category": "gear",
    "modelType": "Raw P3D",
    "path": "dz/gear/food",
    "usableOnConsole": false,
    "searchTags": "food, gear, meat, fishing",
    "image": "images/gear/food/sardines.p3d.jpg"
  },
  {
    "objectName": "sardines_live.p3d",
    "inGameName": "Sardines",
    "category": "gear",
    "modelType": "Raw P3D",
    "path": "dz/gear/food",
    "usableOnConsole": false,
    "searchTags": "food, gear, meat, fishing",
    "image": "images/gear/food/sardines_live.p3d.jpg"
  },
  {
    "objectName": "sardines_open.p3d",
    "inGameName": "-",
    "category": "gear",
    "modelType": "Raw P3D",
    "path": "dz/gear/food",
    "usableOnConsole": false,
    "searchTags": "food, gear, meat, fishing",
    "image": "images/gear/food/sardines_open.p3d.jpg"
  },
  {
    "objectName": "shrimp.p3d",
    "inGameName": "Shrimp",
    "category": "gear",
    "modelType": "Raw P3D",
    "path": "dz/gear/food",
    "usableOnConsole": false,
    "searchTags": "food, gear, meat, fishing",
    "image": "images/gear/food/shrimp.p3d.jpg"
  },
  {
    "objectName": "spaghetti.p3d",
    "inGameName": "-",
    "category": "gear",
    "modelType": "Raw P3D",
    "path": "dz/gear/food",
    "usableOnConsole": false,
    "searchTags": "canned, food, gear",
    "image": "images/gear/food/spaghetti.p3d.jpg"
  },
  {
    "objectName": "spaghetti_open.p3d",
    "inGameName": "-",
    "category": "gear",
    "modelType": "Raw P3D",
    "path": "dz/gear/food",
    "usableOnConsole": false,
    "searchTags": "canned, food, gear",
    "image": "images/gear/food/spaghetti_open.p3d.jpg"
  },
  {
    "objectName": "steelhead_trout_cooked.p3d",
    "inGameName": "-",
    "category": "gear",
    "modelType": "Raw P3D",
    "path": "dz/gear/food",
    "usableOnConsole": false,
    "searchTags": "food, gear, meat, fishing",
    "image": "images/gear/food/steelhead_trout_cooked.p3d.jpg"
  },
  {
    "objectName": "steelhead_trout_fillet.p3d",
    "inGameName": "Steelhead Trout Fillet",
    "category": "gear",
    "modelType": "Raw P3D",
    "path": "dz/gear/food",
    "usableOnConsole": false,
    "searchTags": "food, gear, meat, fishing",
    "image": "images/gear/food/steelhead_trout_fillet.p3d.jpg"
  },
  {
    "objectName": "steelhead_trout_live.p3d",
    "inGameName": "Steelhead Trout",
    "category": "gear",
    "modelType": "Raw P3D",
    "path": "dz/gear/food",
    "usableOnConsole": false,
    "searchTags": "food, gear, meat, fishing",
    "image": "images/gear/food/steelhead_trout_live.p3d.jpg"
  },
  {
    "objectName": "steelhead_trout_raw.p3d",
    "inGameName": "-",
    "category": "gear",
    "modelType": "Raw P3D",
    "path": "dz/gear/food",
    "usableOnConsole": false,
    "searchTags": "food, gear, meat, fishing",
    "image": "images/gear/food/steelhead_trout_raw.p3d.jpg"
  },
  {
    "objectName": "tomato.p3d",
    "inGameName": "Tomato",
    "category": "gear",
    "modelType": "Raw P3D",
    "path": "dz/gear/food",
    "usableOnConsole": false,
    "searchTags": "food, gear, fruit, vegetable",
    "image": "images/gear/food/tomato.p3d.jpg"
  },
  {
    "objectName": "tuna.p3d",
    "inGameName": "Canned Tuna",
    "category": "gear",
    "modelType": "Raw P3D",
    "path": "dz/gear/food",
    "usableOnConsole": false,
    "searchTags": "canned, food, gear",
    "image": "images/gear/food/tuna.p3d.jpg"
  },
  {
    "objectName": "tuna_open.p3d",
    "inGameName": "Canned Tuna",
    "category": "gear",
    "modelType": "Raw P3D",
    "path": "dz/gear/food",
    "usableOnConsole": false,
    "searchTags": "canned, food, gear",
    "image": "images/gear/food/tuna_open.p3d.jpg"
  },
  {
    "objectName": "vulpes_vulpes_dead.p3d",
    "inGameName": "Red Fox",
    "category": "gear",
    "modelType": "Raw P3D",
    "path": "dz/gear/food",
    "usableOnConsole": false,
    "searchTags": "",
    "image": "images/gear/food/vulpes_vulpes_dead.p3d.jpg"
  },
  {
    "objectName": "walleye_pollock_cooked.p3d",
    "inGameName": "-",
    "category": "gear",
    "modelType": "Raw P3D",
    "path": "dz/gear/food",
    "usableOnConsole": false,
    "searchTags": "food, gear, meat, fishing",
    "image": "images/gear/food/walleye_pollock_cooked.p3d.jpg"
  },
  {
    "objectName": "walleye_pollock_fillet.p3d",
    "inGameName": "Walleye Pollock Fillet",
    "category": "gear",
    "modelType": "Raw P3D",
    "path": "dz/gear/food",
    "usableOnConsole": false,
    "searchTags": "food, gear, meat, fishing",
    "image": "images/gear/food/walleye_pollock_fillet.p3d.jpg"
  },
  {
    "objectName": "walleye_pollock_live.p3d",
    "inGameName": "Walleye Pollock",
    "category": "gear",
    "modelType": "Raw P3D",
    "path": "dz/gear/food",
    "usableOnConsole": false,
    "searchTags": "food, gear, meat, fishing",
    "image": "images/gear/food/walleye_pollock_live.p3d.jpg"
  },
  {
    "objectName": "walleye_pollock_raw.p3d",
    "inGameName": "-",
    "category": "gear",
    "modelType": "Raw P3D",
    "path": "dz/gear/food",
    "usableOnConsole": false,
    "searchTags": "food, gear, meat, fishing",
    "image": "images/gear/food/walleye_pollock_raw.p3d.jpg"
  },
  {
    "objectName": "zagorky.p3d",
    "inGameName": "-",
    "category": "gear",
    "modelType": "Raw P3D",
    "path": "dz/gear/food",
    "usableOnConsole": false,
    "searchTags": "food, gear",
    "image": "images/gear/food/zagorky.p3d.jpg"
  },
  {
    "objectName": "zucchini.p3d",
    "inGameName": "Zucchini",
    "category": "gear",
    "modelType": "Raw P3D",
    "path": "dz/gear/food",
    "usableOnConsole": false,
    "searchTags": "food, gear, fruit, vegetable",
    "image": "images/gear/food/zucchini.p3d.jpg"
  },
  {
    "objectName": "zucchini_fresh.p3d",
    "inGameName": "-",
    "category": "gear",
    "modelType": "Raw P3D",
    "path": "dz/gear/food",
    "usableOnConsole": false,
    "searchTags": "food, gear, fruit, vegetable",
    "image": "images/gear/food/zucchini_fresh.p3d.jpg"
  },
  {
    "objectName": "zucchini_rotten.p3d",
    "inGameName": "-",
    "category": "gear",
    "modelType": "Raw P3D",
    "path": "dz/gear/food",
    "usableOnConsole": false,
    "searchTags": "food, gear, fruit, vegetable",
    "image": "images/gear/food/zucchini_rotten.p3d.jpg"
  }
]
