[
  {
    "objectName": "StaticObj_Furniture_prison_sink",
    "inGameName": "-",
    "category": "structures",
    "modelType": "Config",
    "path": "dz/structures/furniture/prison",
    "usableOnConsole": true,
    "searchTags": "bathroom, wash",
    "image": "images/structures/furniture/prison/staticobj_furniture_prison_sink.jpg",
    "id": "dzobj_4v36mpwy77"
  },
  {
    "objectName": "StaticObj_Furniture_prison_toilet",
    "inGameName": "-",
    "category": "structures",
    "modelType": "Config",
    "path": "dz/structures/furniture/prison",
    "usableOnConsole": true,
    "searchTags": "bathroom, restroom",
    "image": "images/structures/furniture/prison/staticobj_furniture_prison_toilet.jpg",
    "id": "dzobj_y5flwutvwu"
  },
  {
    "objectName": "prison_sink.p3d",
    "inGameName": "-",
    "category": "structures",
    "modelType": "Raw P3D",
    "path": "dz/structures/furniture/prison",
    "usableOnConsole": false,
    "searchTags": "bathroom, furniture, wash",
    "image": "images/structures/furniture/prison/prison_sink.p3d.jpg",
    "id": "dzobj_0nqdvkn5un"
  },
  {
    "objectName": "prison_toilet.p3d",
    "inGameName": "-",
    "category": "structures",
    "modelType": "Raw P3D",
    "path": "dz/structures/furniture/prison",
    "usableOnConsole": false,
    "searchTags": "bathroom, furniture, restroom",
    "image": "images/structures/furniture/prison/prison_toilet.p3d.jpg",
    "id": "dzobj_h56v321fs9"
  }
]
