[
  {
    "objectName": "Land_Farm_CowshedB",
    "inGameName": "-",
    "category": "structures",
    "modelType": "Config",
    "path": "dz/structures/industrial/farms",
    "usableOnConsole": true,
    "searchTags": "agriculture, farm, wooden, small, cows, animal, broken, damaged",
    "image": "images/structures/industrial/farms/land_farm_cowshedb.jpg",
    "id": "dzobj_melir6qasy"
  },
  {
    "objectName": "Land_Farm_Hopper",
    "inGameName": "-",
    "category": "structures",
    "modelType": "Config",
    "path": "dz/structures/industrial/farms",
    "usableOnConsole": true,
    "searchTags": "agriculture, farm, grain, silo, animals, feed, metal, ladder, rusted",
    "image": "images/structures/industrial/farms/land_farm_hopper.jpg",
    "id": "dzobj_3ukytmoadr"
  },
  {
    "objectName": "Land_Farm_Watertower",
    "inGameName": "-",
    "category": "structures",
    "modelType": "Config",
    "path": "dz/structures/industrial/farms",
    "usableOnConsole": true,
    "searchTags": "agriculture, farm, water, tower, large, ball, wires, round",
    "image": "images/structures/industrial/farms/land_farm_watertower.jpg",
    "id": "dzobj_agxhge8fay"
  },
  {
    "objectName": "Land_Farm_WaterTower_Small",
    "inGameName": "-",
    "category": "structures",
    "modelType": "Config",
    "path": "dz/structures/industrial/farms",
    "usableOnConsole": true,
    "searchTags": "agriculture, farm, water, tower, metal, ladder, rusted",
    "image": "images/structures/industrial/farms/land_farm_watertower_small.jpg",
    "id": "dzobj_ptv3tbzvdv"
  },
  {
    "objectName": "StaticObj_Barn_CowshedA",
    "inGameName": "-",
    "category": "structures",
    "modelType": "Config",
    "path": "dz/structures/industrial/farms",
    "usableOnConsole": true,
    "searchTags": "agriculture, farm, wooden, small, cows, animal, broken, damaged",
    "image": "images/structures/industrial/farms/staticobj_barn_cowsheda.jpg",
    "id": "dzobj_99n1r7fjl7"
  },
  {
    "objectName": "StaticObj_Barn_CowshedB",
    "inGameName": "-",
    "category": "structures",
    "modelType": "Config",
    "path": "dz/structures/industrial/farms",
    "usableOnConsole": true,
    "searchTags": "agriculture, farm, wooden, small, cows, animal, broken, damaged",
    "image": "images/structures/industrial/farms/staticobj_barn_cowshedb.jpg",
    "id": "dzobj_e3tj3epwcw"
  },
  {
    "objectName": "StaticObj_Barn_CowshedC",
    "inGameName": "-",
    "category": "structures",
    "modelType": "Config",
    "path": "dz/structures/industrial/farms",
    "usableOnConsole": true,
    "searchTags": "agriculture, farm, wooden, small, cows, animal, broken, damaged",
    "image": "images/structures/industrial/farms/staticobj_barn_cowshedc.jpg",
    "id": "dzobj_2obksxk7dd"
  },
  {
    "objectName": "StaticObj_Barn_Hopper",
    "inGameName": "-",
    "category": "structures",
    "modelType": "Config",
    "path": "dz/structures/industrial/farms",
    "usableOnConsole": true,
    "searchTags": "agriculture, farm, grain, silo, animals, feed, metal, ladder, rusted",
    "image": "images/structures/industrial/farms/staticobj_barn_hopper.jpg",
    "id": "dzobj_girxtzl7fl"
  },
  {
    "objectName": "StaticObj_Barn_StrawStack",
    "inGameName": "-",
    "category": "structures",
    "modelType": "Config",
    "path": "dz/structures/industrial/farms",
    "usableOnConsole": true,
    "searchTags": "agriculture, farm, straw",
    "image": "images/structures/industrial/farms/staticobj_barn_strawstack.jpg",
    "id": "dzobj_xn28xm4ss6"
  },
  {
    "objectName": "StaticObj_Barn_WaterTower",
    "inGameName": "-",
    "category": "structures",
    "modelType": "Config",
    "path": "dz/structures/industrial/farms",
    "usableOnConsole": true,
    "searchTags": "agriculture, farm, water, tower, large, ball, wires, round",
    "image": "images/structures/industrial/farms/staticobj_barn_watertower.jpg",
    "id": "dzobj_0z1enpq6tr"
  },
  {
    "objectName": "StaticObj_Barn_WaterTower_Small",
    "inGameName": "-",
    "category": "structures",
    "modelType": "Config",
    "path": "dz/structures/industrial/farms",
    "usableOnConsole": true,
    "searchTags": "agriculture, farm, water, tower, metal, ladder, rusted",
    "image": "images/structures/industrial/farms/staticobj_barn_watertower_small.jpg",
    "id": "dzobj_1xufvyo9vc"
  },
  {
    "objectName": "farm_cowsheda.p3d",
    "inGameName": "-",
    "category": "structures",
    "modelType": "Raw P3D",
    "path": "dz/structures/industrial/farms",
    "usableOnConsole": false,
    "searchTags": "agriculture, farm, wooden, small, cows, animal, broken, damaged",
    "image": "images/structures/industrial/farms/land_farm_cowsheda.jpg",
    "id": "dzobj_ern1bvxf5j"
  },
  {
    "objectName": "farm_cowshedb.p3d",
    "inGameName": "-",
    "category": "structures",
    "modelType": "Raw P3D",
    "path": "dz/structures/industrial/farms",
    "usableOnConsole": false,
    "searchTags": "agriculture, farm, wooden, small, cows, animal, broken, damaged",
    "image": "images/structures/industrial/farms/land_farm_cowshedb.jpg",
    "id": "dzobj_fpp9dkyj8b"
  },
  {
    "objectName": "farm_cowshedc.p3d",
    "inGameName": "-",
    "category": "structures",
    "modelType": "Raw P3D",
    "path": "dz/structures/industrial/farms",
    "usableOnConsole": false,
    "searchTags": "agriculture, farm, wooden, small, cows, animal, broken, damaged",
    "image": "images/structures/industrial/farms/land_farm_cowshedc.jpg",
    "id": "dzobj_j6hhgqxu21"
  },
  {
    "objectName": "farm_hopper.p3d",
    "inGameName": "-",
    "category": "structures",
    "modelType": "Raw P3D",
    "path": "dz/structures/industrial/farms",
    "usableOnConsole": false,
    "searchTags": "agriculture, farm, grain, silo, animals, feed, metal, ladder, rusted",
    "image": "images/structures/industrial/farms/land_farm_hopper.jpg",
    "id": "dzobj_i1gky4f50o"
  },
  {
    "objectName": "farm_strawstack.p3d",
    "inGameName": "-",
    "category": "structures",
    "modelType": "Raw P3D",
    "path": "dz/structures/industrial/farms",
    "usableOnConsole": false,
    "searchTags": "agriculture, farm, straw",
    "image": "images/structures/industrial/farms/staticobj_barn_strawstack.jpg",
    "id": "dzobj_tps06wiux8"
  },
  {
    "objectName": "farm_watertower.p3d",
    "inGameName": "-",
    "category": "structures",
    "modelType": "Raw P3D",
    "path": "dz/structures/industrial/farms",
    "usableOnConsole": false,
    "searchTags": "agriculture, farm, water, tower, large, ball, wires, round",
    "image": "images/structures/industrial/farms/land_farm_watertower.jpg",
    "id": "dzobj_gahgtdbuj6"
  },
  {
    "objectName": "farm_watertower_small.p3d",
    "inGameName": "-",
    "category": "structures",
    "modelType": "Raw P3D",
    "path": "dz/structures/industrial/farms",
    "usableOnConsole": false,
    "searchTags": "agriculture, farm, water, tower, metal, ladder, rusted",
    "image": "images/structures/industrial/farms/land_farm_watertower_small.jpg",
    "id": "dzobj_4st9q3iavl"
  },
  {
    "objectName": "Land_Farm_CowshedA",
    "category": "structures",
    "modelType": "Config",
    "path": "dz/structures/industrial/farms",
    "usableOnConsole": true,
    "searchTags": "agriculture, farm, wooden, small, cows, animal, broken, damaged",
    "image": "images/structures/industrial/farms/land_farm_cowsheda.jpg",
    "id": "dzobj_t9l4sd8ij2"
  },
  {
    "objectName": "Land_Farm_CowshedC",
    "category": "structures",
    "modelType": "Config",
    "path": "dz/structures/industrial/farms",
    "usableOnConsole": true,
    "searchTags": "agriculture, farm, wooden, small, cows, animal, broken, damaged",
    "image": "images/structures/industrial/farms/land_farm_cowshedc.jpg",
    "id": "dzobj_t2avs6c6z7"
  },
  {
    "objectName": "barn_brick1.p3d",
    "category": "structures",
    "modelType": "Raw P3D",
    "path": "dz/structures/industrial/farms",
    "usableOnConsole": false,
    "searchTags": "agriculture, farm, red_roof, double, stairs, two_storey, medium",
    "image": "images/structures/industrial/farms/land_barn_brick1.jpg",
    "id": "dzobj_uvr9zc4ffi"
  },
  {
    "objectName": "barn_brick2.p3d",
    "category": "structures",
    "modelType": "Raw P3D",
    "path": "dz/structures/industrial/farms",
    "usableOnConsole": false,
    "searchTags": "agriculture, farm, grey_roof, double, medium",
    "image": "images/structures/industrial/farms/land_barn_brick2.jpg",
    "id": "dzobj_1kul1obqnu"
  },
  {
    "objectName": "barn_metal_big.p3d",
    "category": "structures",
    "modelType": "Raw P3D",
    "path": "dz/structures/industrial/farms",
    "usableOnConsole": false,
    "searchTags": "agriculture, farm, metal, large, metal, broken, damaged, red",
    "image": "images/structures/industrial/farms/land_barn_metal_big.jpg",
    "id": "dzobj_4tejtlch6w"
  },
  {
    "objectName": "barn_metal_big_grey.p3d",
    "category": "structures",
    "modelType": "Raw P3D",
    "path": "dz/structures/industrial/farms",
    "usableOnConsole": false,
    "searchTags": "agriculture, farm, metal, large, metal, broken, damaged, grey",
    "image": "images/structures/industrial/farms/land_barn_metal_big_grey.jpg",
    "id": "dzobj_hzn3b9shxb"
  },
  {
    "objectName": "barn_wood1.p3d",
    "category": "structures",
    "modelType": "Raw P3D",
    "path": "dz/structures/industrial/farms",
    "usableOnConsole": false,
    "searchTags": "agriculture, farm, wooden, large, cows, animal",
    "image": "images/structures/industrial/farms/land_barn_wood1.jpg",
    "id": "dzobj_lvwuyqz0xr"
  },
  {
    "objectName": "barn_wood2.p3d",
    "category": "structures",
    "modelType": "Raw P3D",
    "path": "dz/structures/industrial/farms",
    "usableOnConsole": false,
    "searchTags": "agriculture, farm, wooden, small, cows, animal",
    "image": "images/structures/industrial/farms/land_barn_wood2.jpg",
    "id": "dzobj_oonby7v7un"
  },
  {
    "objectName": "Land_Barn_Brick1",
    "category": "structures",
    "modelType": "Config",
    "path": "dz/structures/industrial/farms",
    "usableOnConsole": true,
    "searchTags": "agriculture, farm, red_roof, double, stairs, two_storey, medium",
    "image": "images/structures/industrial/farms/land_barn_brick1.jpg",
    "id": "dzobj_pahlyqxe0i"
  },
  {
    "objectName": "Land_Barn_Brick2",
    "category": "structures",
    "modelType": "Config",
    "path": "dz/structures/industrial/farms",
    "usableOnConsole": true,
    "searchTags": "agriculture, farm, grey_roof, double, medium",
    "image": "images/structures/industrial/farms/land_barn_brick2.jpg",
    "id": "dzobj_gkx9nef80w"
  },
  {
    "objectName": "Land_Barn_Metal_Big",
    "category": "structures",
    "modelType": "Config",
    "path": "dz/structures/industrial/farms",
    "usableOnConsole": true,
    "searchTags": "agriculture, farm, metal, large, metal, broken, damaged, red",
    "image": "images/structures/industrial/farms/land_barn_metal_big.jpg",
    "id": "dzobj_oi7e8s0qqe"
  },
  {
    "objectName": "Land_Barn_Metal_Big_Grey",
    "category": "structures",
    "modelType": "Config",
    "path": "dz/structures/industrial/farms",
    "usableOnConsole": true,
    "searchTags": "agriculture, farm, metal, large, metal, broken, damaged, grey",
    "image": "images/structures/industrial/farms/land_barn_metal_big_grey.jpg",
    "id": "dzobj_zc3cluehm0"
  },
  {
    "objectName": "Land_Barn_Wood1",
    "category": "structures",
    "modelType": "Config",
    "path": "dz/structures/industrial/farms",
    "usableOnConsole": true,
    "searchTags": "agriculture, farm, wooden, large, cows, animal",
    "image": "images/structures/industrial/farms/land_barn_wood1.jpg",
    "id": "dzobj_fqmwwgcsfx"
  },
  {
    "objectName": "Land_Barn_Wood2",
    "category": "structures",
    "modelType": "Config",
    "path": "dz/structures/industrial/farms",
    "usableOnConsole": true,
    "searchTags": "agriculture, farm, wooden, small, cows, animal",
    "image": "images/structures/industrial/farms/land_barn_wood2.jpg",
    "id": "dzobj_vn0flop5oj"
  }
]
