[
  {
    "objectName": "b_betulahumilis_1s_latefall.p3d",
    "inGameName": "-",
    "category": "plants_sakhal",
    "modelType": "Raw P3D",
    "path": "dz/plants_sakhal/latefall",
    "usableOnConsole": true,
    "searchTags": "birch, small, brown, bush, sakhal",
    "image": "images/plants_sakhal/latefall/dzplants_sakhallatefallb_betulahumilis_1s_latefall.p3d.jpeg",
    "id": "dzobj_ysa7gxh15q"
  },
  {
    "objectName": "b_betulanana_1s_latefall.p3d",
    "inGameName": "-",
    "category": "plants_sakhal",
    "modelType": "Raw P3D",
    "path": "dz/plants_sakhal/latefall",
    "usableOnConsole": true,
    "searchTags": "birch, small, brown, bush, sakhal",
    "image": "images/plants_sakhal/latefall/dzplants_sakhallatefallb_betulanana_1s_latefall.p3d.jpeg",
    "id": "dzobj_4et2lnhd2n"
  },
  {
    "objectName": "b_betulapendula_1f_latefall.p3d",
    "inGameName": "-",
    "category": "plants_sakhal",
    "modelType": "Raw P3D",
    "path": "dz/plants_sakhal/latefall",
    "usableOnConsole": true,
    "searchTags": "birch, small, brown, bush, sakhal",
    "image": "images/plants_sakhal/latefall/dzplants_sakhallatefallb_betulapendula_1f_latefall.p3d.jpeg",
    "id": "dzobj_tc5wyrm8x8"
  },
  {
    "objectName": "b_caraganaarborescens_2s_leafless.p3d",
    "inGameName": "-",
    "category": "plants_sakhal",
    "modelType": "Raw P3D",
    "path": "dz/plants_sakhal/latefall",
    "usableOnConsole": true,
    "searchTags": "peashrub, medium, brown, bush, sakhal",
    "image": "images/plants_sakhal/latefall/dzplants_sakhallatefallb_caraganaarborescens_2s_leafless.p3d.jpeg",
    "id": "dzobj_wh93k9z8u6"
  },
  {
    "objectName": "d_betulapendula_fallen_latefall.p3d",
    "inGameName": "-",
    "category": "plants_sakhal",
    "modelType": "Raw P3D",
    "path": "dz/plants_sakhal/latefall",
    "usableOnConsole": true,
    "searchTags": "birch, dead, sakhal",
    "image": "images/plants_sakhal/latefall/dzplants_sakhallatefalld_betulapendula_fallen_latefall.p3d.jpeg",
    "id": "dzobj_a762iiz3ek"
  },
  {
    "objectName": "d_betulapendula_stump_latefall.p3d",
    "inGameName": "-",
    "category": "plants_sakhal",
    "modelType": "Raw P3D",
    "path": "dz/plants_sakhal/latefall",
    "usableOnConsole": true,
    "searchTags": "birch, dead, sakhal",
    "image": "images/plants_sakhal/latefall/dzplants_sakhallatefalld_betulapendula_stump_latefall.p3d.jpeg",
    "id": "dzobj_toxjojpujv"
  },
  {
    "objectName": "t_betulapendulae_2w_latefall.p3d",
    "inGameName": "-",
    "category": "plants_sakhal",
    "modelType": "Raw P3D",
    "path": "dz/plants_sakhal/latefall",
    "usableOnConsole": true,
    "searchTags": "birch, small, brown, sakhal",
    "image": "images/plants_sakhal/latefall/dzplants_sakhallatefallt_betulapendulae_2w_latefall.p3d.jpeg",
    "id": "dzobj_86gi0qoedc"
  },
  {
    "objectName": "t_betulapendula_1fb_latefall.p3d",
    "inGameName": "-",
    "category": "plants_sakhal",
    "modelType": "Raw P3D",
    "path": "dz/plants_sakhal/latefall",
    "usableOnConsole": true,
    "searchTags": "birch, small, brown, sakhal",
    "image": "images/plants_sakhal/latefall/dzplants_sakhallatefallt_betulapendula_1fb_latefall.p3d.jpeg",
    "id": "dzobj_ku2ymjkqmc"
  },
  {
    "objectName": "t_betulapendula_1f_latefall.p3d",
    "inGameName": "-",
    "category": "plants_sakhal",
    "modelType": "Raw P3D",
    "path": "dz/plants_sakhal/latefall",
    "usableOnConsole": true,
    "searchTags": "birch, medium, brown, sakhal",
    "image": "images/plants_sakhal/latefall/dzplants_sakhallatefallt_betulapendula_1f_latefall.p3d.jpeg",
    "id": "dzobj_hqktq3aec6"
  },
  {
    "objectName": "t_betulapendula_1s_latefall.p3d",
    "inGameName": "-",
    "category": "plants_sakhal",
    "modelType": "Raw P3D",
    "path": "dz/plants_sakhal/latefall",
    "usableOnConsole": true,
    "searchTags": "birch, medium, brown, sakhal",
    "image": "images/plants_sakhal/latefall/dzplants_sakhallatefallt_betulapendula_1s_latefall.p3d.jpeg",
    "id": "dzobj_n2rrrjrm12"
  },
  {
    "objectName": "t_betulapendula_2fb_latefall.p3d",
    "inGameName": "-",
    "category": "plants_sakhal",
    "modelType": "Raw P3D",
    "path": "dz/plants_sakhal/latefall",
    "usableOnConsole": true,
    "searchTags": "plants, sakhal",
    "image": "images/plants_sakhal/latefall/dzplants_sakhallatefallt_betulapendula_2fb_latefall.p3d.jpeg",
    "id": "dzobj_q08iqh4wav"
  },
  {
    "objectName": "t_betulapendula_2fc_latefall.p3d",
    "inGameName": "-",
    "category": "plants_sakhal",
    "modelType": "Raw P3D",
    "path": "dz/plants_sakhal/latefall",
    "usableOnConsole": true,
    "searchTags": "birch, tall, brown, sakhal",
    "image": "images/plants_sakhal/latefall/dzplants_sakhallatefallt_betulapendula_2fc_latefall.p3d.jpeg",
    "id": "dzobj_ycau7h6gdd"
  },
  {
    "objectName": "t_betulapendula_2f_latefall.p3d",
    "inGameName": "-",
    "category": "plants_sakhal",
    "modelType": "Raw P3D",
    "path": "dz/plants_sakhal/latefall",
    "usableOnConsole": true,
    "searchTags": "birch, tall, brown, sakhal",
    "image": "images/plants_sakhal/latefall/dzplants_sakhallatefallt_betulapendula_2f_latefall.p3d.jpeg",
    "id": "dzobj_9kp6dl394o"
  },
  {
    "objectName": "t_betulapendula_2s_latefall.p3d",
    "inGameName": "-",
    "category": "plants_sakhal",
    "modelType": "Raw P3D",
    "path": "dz/plants_sakhal/latefall",
    "usableOnConsole": true,
    "searchTags": "birch, medium, brown, sakhal",
    "image": "images/plants_sakhal/latefall/dzplants_sakhallatefallt_betulapendula_2s_latefall.p3d.jpeg",
    "id": "dzobj_6orsid2w0k"
  },
  {
    "objectName": "t_betulapendula_2w_latefall.p3d",
    "inGameName": "-",
    "category": "plants_sakhal",
    "modelType": "Raw P3D",
    "path": "dz/plants_sakhal/latefall",
    "usableOnConsole": true,
    "searchTags": "birch, small, brown, sakhal",
    "image": "images/plants_sakhal/latefall/dzplants_sakhallatefallt_betulapendula_2w_latefall.p3d.jpeg",
    "id": "dzobj_rcuh6i1sd8"
  },
  {
    "objectName": "t_betulapendula_3fb_latefall.p3d",
    "inGameName": "-",
    "category": "plants_sakhal",
    "modelType": "Raw P3D",
    "path": "dz/plants_sakhal/latefall",
    "usableOnConsole": true,
    "searchTags": "plants, sakhal",
    "image": "images/plants_sakhal/latefall/dzplants_sakhallatefallt_betulapendula_3fb_latefall.p3d.jpeg",
    "id": "dzobj_9dt2omj6y5"
  },
  {
    "objectName": "t_betulapendula_3fc_latefall.p3d",
    "inGameName": "-",
    "category": "plants_sakhal",
    "modelType": "Raw P3D",
    "path": "dz/plants_sakhal/latefall",
    "usableOnConsole": true,
    "searchTags": "birch, tall, brown, sakhal",
    "image": "images/plants_sakhal/latefall/dzplants_sakhallatefallt_betulapendula_3fc_latefall.p3d.jpeg",
    "id": "dzobj_yjjjmkk4vv"
  },
  {
    "objectName": "t_betulapendula_3f_latefall.p3d",
    "inGameName": "-",
    "category": "plants_sakhal",
    "modelType": "Raw P3D",
    "path": "dz/plants_sakhal/latefall",
    "usableOnConsole": true,
    "searchTags": "birch, tall, brown, sakhal",
    "image": "images/plants_sakhal/latefall/dzplants_sakhallatefallt_betulapendula_3f_latefall.p3d.jpeg",
    "id": "dzobj_3ky3elyb41"
  },
  {
    "objectName": "t_betulapendula_3s_latefall.p3d",
    "inGameName": "-",
    "category": "plants_sakhal",
    "modelType": "Raw P3D",
    "path": "dz/plants_sakhal/latefall",
    "usableOnConsole": true,
    "searchTags": "birch, medium, brown, sakhal",
    "image": "images/plants_sakhal/latefall/dzplants_sakhallatefallt_betulapendula_3s_latefall.p3d.jpeg",
    "id": "dzobj_cysak6bq20"
  },
  {
    "objectName": "t_populusalba_1f_latefall.p3d",
    "inGameName": "-",
    "category": "plants_sakhal",
    "modelType": "Raw P3D",
    "path": "dz/plants_sakhal/latefall",
    "usableOnConsole": true,
    "searchTags": "birch, small, brown, sakhal",
    "image": "images/plants_sakhal/latefall/dzplants_sakhallatefallt_populusalba_1f_latefall.p3d.jpeg",
    "id": "dzobj_ahfpbpgukg"
  },
  {
    "objectName": "t_populusalba_2s_latefall.p3d",
    "inGameName": "-",
    "category": "plants_sakhal",
    "modelType": "Raw P3D",
    "path": "dz/plants_sakhal/latefall",
    "usableOnConsole": true,
    "searchTags": "plants, sakhal",
    "image": "images/plants_sakhal/latefall/dzplants_sakhallatefallt_populusalba_2s_latefall.p3d.jpeg",
    "id": "dzobj_oxptf7z5qg"
  },
  {
    "objectName": "t_populusalba_3s_latefall.p3d",
    "inGameName": "-",
    "category": "plants_sakhal",
    "modelType": "Raw P3D",
    "path": "dz/plants_sakhal/latefall",
    "usableOnConsole": true,
    "searchTags": "white_poplar, medium, brown, sakhal",
    "image": "images/plants_sakhal/latefall/dzplants_sakhallatefallt_populusalba_3s_latefall.p3d.jpeg",
    "id": "dzobj_7hhnaiw98v"
  },
  {
    "objectName": "t_populusnigra_3s_latefall.p3d",
    "inGameName": "-",
    "category": "plants_sakhal",
    "modelType": "Raw P3D",
    "path": "dz/plants_sakhal/latefall",
    "usableOnConsole": true,
    "searchTags": "black_poplar, tall, brown, sakhal",
    "image": "images/plants_sakhal/latefall/dzplants_sakhallatefallt_populusnigra_3s_latefall.p3d.jpeg",
    "id": "dzobj_3mkvg5i9o3"
  }
]
