[
  {
    "objectName": "StaticObj_Furniture_flowers_01",
    "inGameName": "-",
    "category": "structures",
    "modelType": "Config",
    "path": "dz/structures/furniture/decoration/flowers",
    "usableOnConsole": true,
    "searchTags": "decoration",
    "image": "images/structures/furniture/decoration/flowers/staticobj_furniture_flowers_01.jpg",
    "id": "dzobj_h4a972a4mn"
  },
  {
    "objectName": "StaticObj_Furniture_flowers_02",
    "inGameName": "-",
    "category": "structures",
    "modelType": "Config",
    "path": "dz/structures/furniture/decoration/flowers",
    "usableOnConsole": true,
    "searchTags": "decoration",
    "image": "images/structures/furniture/decoration/flowers/staticobj_furniture_flowers_02.jpg",
    "id": "dzobj_00i7pcptwp"
  },
  {
    "objectName": "flower_01.p3d",
    "inGameName": "-",
    "category": "structures",
    "modelType": "Raw P3D",
    "path": "dz/structures/furniture/decoration/flowers",
    "usableOnConsole": false,
    "searchTags": "decoration, flowers, furniture",
    "image": "images/structures/furniture/decoration/flowers/flower_01.p3d.jpg",
    "id": "dzobj_6ug1ldhmrz"
  },
  {
    "objectName": "flower_01_brown.p3d",
    "inGameName": "-",
    "category": "structures",
    "modelType": "Raw P3D",
    "path": "dz/structures/furniture/decoration/flowers",
    "usableOnConsole": false,
    "searchTags": "decoration, flowers, furniture",
    "image": "images/structures/furniture/decoration/flowers/flower_01_brown.p3d.jpg",
    "id": "dzobj_gqrm7uvf7l"
  },
  {
    "objectName": "flower_02.p3d",
    "inGameName": "-",
    "category": "structures",
    "modelType": "Raw P3D",
    "path": "dz/structures/furniture/decoration/flowers",
    "usableOnConsole": false,
    "searchTags": "decoration, flowers, furniture",
    "image": "images/structures/furniture/decoration/flowers/flower_02.p3d.jpg",
    "id": "dzobj_zg8f7pxi6e"
  }
]
