[
  {
    "objectName": "Izh18",
    "inGameName": "BK-18",
    "category": "weapons",
    "modelType": "Config",
    "path": "dz/weapons/firearms/izh18",
    "usableOnConsole": true,
    "searchTags": "rifles, 7.62x39",
    "image": "images/weapons/firearms/izh18.jpg"
  },
  {
    "objectName": "SawedoffIzh18",
    "inGameName": "Sawed-off BK-18",
    "category": "weapons",
    "modelType": "Config",
    "path": "dz/weapons/firearms/izh18",
    "usableOnConsole": true,
    "searchTags": "rifles, 7.62x39",
    "image": "images/weapons/firearms/sawedoffizh18.jpg"
  },
  {
    "objectName": "izh18.p3d",
    "inGameName": "BK-18",
    "category": "weapons",
    "modelType": "Raw P3D",
    "path": "dz/weapons/firearms/izh18",
    "usableOnConsole": false,
    "searchTags": "rifles, 7.62x39",
    "image": "images/weapons/firearms/dzweaponsfirearmsizh18izh18.p3d.jpg"
  },
  {
    "objectName": "izh18_sawedoff.p3d",
    "inGameName": "Sawed-off BK-18",
    "category": "weapons",
    "modelType": "Raw P3D",
    "path": "dz/weapons/firearms/izh18",
    "usableOnConsole": false,
    "searchTags": "bk, firearms, off, sawed, weapon, weapons",
    "image": "images/weapons/firearms/dzweaponsfirearmsizh18izh18_sawedoff.p3d.jpg"
  }
]
