[
  {
    "objectName": "Land_Tank_Big2",
    "inGameName": "-",
    "category": "structures_sakhal",
    "modelType": "Config",
    "path": "dz/structures_sakhal/industrial/tanks",
    "usableOnConsole": true,
    "searchTags": "industrial, sakhal, tanks",
    "image": "images/structures_sakhal/industrial/tanks/land_tank_big2.jpg"
  },
  {
    "objectName": "Land_Tank_Big3",
    "inGameName": "-",
    "category": "structures_sakhal",
    "modelType": "Config",
    "path": "dz/structures_sakhal/industrial/tanks",
    "usableOnConsole": true,
    "searchTags": "industrial, sakhal, tanks",
    "image": "images/structures_sakhal/industrial/tanks/land_tank_big3.jpg"
  },
  {
    "objectName": "tank_big2.p3d",
    "inGameName": "-",
    "category": "structures_sakhal",
    "modelType": "Raw P3D",
    "path": "dz/structures_sakhal/industrial/tanks",
    "usableOnConsole": false,
    "searchTags": "industrial, sakhal, tanks",
    "image": "images/structures_sakhal/industrial/tanks/tank_big2.p3d.jpg"
  },
  {
    "objectName": "tank_big3.p3d",
    "inGameName": "-",
    "category": "structures_sakhal",
    "modelType": "Raw P3D",
    "path": "dz/structures_sakhal/industrial/tanks",
    "usableOnConsole": false,
    "searchTags": "industrial, sakhal, tanks",
    "image": "images/structures_sakhal/industrial/tanks/tank_big3.p3d.jpg"
  }
]
