[
  {
    "objectName": "StaticObj_Decal_Concrete_Panels",
    "inGameName": "-",
    "category": "structures",
    "modelType": "Config",
    "path": "dz/structures/roads/decals",
    "usableOnConsole": true,
    "searchTags": "decal, concrete, panels, surface, decal, concrete, panel, road, surface, panel, floor, concrete, industrial, platform, rectangle, single",
    "image": "images/structures/roads/decals/staticobj_decal_concrete_panels.jpg",
    "id": "dzobj_5uw1qlrvi0"
  },
  {
    "objectName": "StaticObj_Decal_Concrete_Panels_End1",
    "inGameName": "-",
    "category": "structures",
    "modelType": "Config",
    "path": "dz/structures/roads/decals",
    "usableOnConsole": true,
    "searchTags": "decal, concrete, panel, road, surface, panel, floor, concrete, industrial, platform, rectangle, single",
    "image": "images/structures/roads/decals/staticobj_decal_concrete_panels_end1.jpg",
    "id": "dzobj_1g1lrr79di"
  },
  {
    "objectName": "StaticObj_Decal_Concrete_Panels_End2",
    "inGameName": "-",
    "category": "structures",
    "modelType": "Config",
    "path": "dz/structures/roads/decals",
    "usableOnConsole": true,
    "searchTags": "decal, concrete, panel, end, road, surface, decal, concrete, panel, road, surface, panel, floor, concrete, industrial, platform, rectangle, single, small",
    "image": "images/structures/roads/decals/staticobj_decal_concrete_panels_end2.jpg",
    "id": "dzobj_ujtly3zggs"
  },
  {
    "objectName": "StaticObj_Decal_Crosswalk",
    "inGameName": "-",
    "category": "structures",
    "modelType": "Config",
    "path": "dz/structures/roads/decals",
    "usableOnConsole": true,
    "searchTags": "decal, road, crosswalk, pedestrian, zebra crossing",
    "image": "images/structures/roads/decals/staticobj_decal_crosswalk.jpg",
    "id": "dzobj_dvvkasxker"
  },
  {
    "objectName": "StaticObj_Decal_damage_long1",
    "inGameName": "-",
    "category": "structures",
    "modelType": "Config",
    "path": "dz/structures/roads/decals",
    "usableOnConsole": true,
    "searchTags": "decal, damage, crack, long, road, worn, tarmac, asphalt, broken",
    "image": "images/structures/roads/decals/staticobj_decal_damage_long1.jpg",
    "id": "dzobj_jc9g19c4d7"
  },
  {
    "objectName": "StaticObj_Decal_damage_long2",
    "inGameName": "-",
    "category": "structures",
    "modelType": "Config",
    "path": "dz/structures/roads/decals",
    "usableOnConsole": true,
    "searchTags": "decal, damage, crack, long, road, worn, tarmac, asphalt, broken",
    "image": "images/structures/roads/decals/staticobj_decal_damage_long2.jpg",
    "id": "dzobj_9vyqw0kem2"
  },
  {
    "objectName": "StaticObj_Decal_damage_long3",
    "inGameName": "-",
    "category": "structures",
    "modelType": "Config",
    "path": "dz/structures/roads/decals",
    "usableOnConsole": true,
    "searchTags": "decal, damage, crack, long, road, worn, tarmac, asphalt, broken",
    "image": "images/structures/roads/decals/staticobj_decal_damage_long3.jpg",
    "id": "dzobj_rokudmqilv"
  },
  {
    "objectName": "StaticObj_Decal_damage_long4",
    "inGameName": "-",
    "category": "structures",
    "modelType": "Config",
    "path": "dz/structures/roads/decals",
    "usableOnConsole": true,
    "searchTags": "decal, damage, crack, long, road, worn, tarmac, asphalt, broken",
    "image": "images/structures/roads/decals/staticobj_decal_damage_long4.jpg",
    "id": "dzobj_whsdmvmjap"
  },
  {
    "objectName": "StaticObj_Decal_damage_long5",
    "inGameName": "-",
    "category": "structures",
    "modelType": "Config",
    "path": "dz/structures/roads/decals",
    "usableOnConsole": true,
    "searchTags": "decal, damage, crack, long, road, worn, tarmac, asphalt, broken",
    "image": "images/structures/roads/decals/staticobj_decal_damage_long5.jpg",
    "id": "dzobj_4ru63m2uvr"
  },
  {
    "objectName": "StaticObj_Decal_damage_medium1",
    "inGameName": "-",
    "category": "structures",
    "modelType": "Config",
    "path": "dz/structures/roads/decals",
    "usableOnConsole": true,
    "searchTags": "decal, damage, crack, road, worn, tarmac, asphalt, broken, medium",
    "image": "images/structures/roads/decals/staticobj_decal_damage_medium1.jpg",
    "id": "dzobj_etd2dociln"
  },
  {
    "objectName": "StaticObj_Decal_damage_medium2",
    "inGameName": "-",
    "category": "structures",
    "modelType": "Config",
    "path": "dz/structures/roads/decals",
    "usableOnConsole": true,
    "searchTags": "decal, damage, crack, road, worn, tarmac, asphalt, broken, medium",
    "image": "images/structures/roads/decals/staticobj_decal_damage_medium2.jpg",
    "id": "dzobj_hlw2dxnwnh"
  },
  {
    "objectName": "StaticObj_Decal_damage_small1",
    "inGameName": "-",
    "category": "structures",
    "modelType": "Config",
    "path": "dz/structures/roads/decals",
    "usableOnConsole": true,
    "searchTags": "decal, damage, crack, road, worn, tarmac, asphalt, broken, small",
    "image": "images/structures/roads/decals/staticobj_decal_damage_small1.jpg",
    "id": "dzobj_mq3uw4syxs"
  },
  {
    "objectName": "StaticObj_Decal_damage_small2",
    "inGameName": "-",
    "category": "structures",
    "modelType": "Config",
    "path": "dz/structures/roads/decals",
    "usableOnConsole": true,
    "searchTags": "decal, damage, crack, road, worn, tarmac, asphalt, broken, small",
    "image": "images/structures/roads/decals/staticobj_decal_damage_small2.jpg",
    "id": "dzobj_7u4jzr08tv"
  },
  {
    "objectName": "StaticObj_Decal_Heli_Army",
    "inGameName": "-",
    "category": "structures",
    "modelType": "Config",
    "path": "dz/structures/roads/decals",
    "usableOnConsole": true,
    "searchTags": "decal, helicopter, landing, army, helipad, military",
    "image": "images/structures/roads/decals/staticobj_decal_heli_army.jpg",
    "id": "dzobj_2zntg8vxjk"
  },
  {
    "objectName": "StaticObj_Decal_Manhole",
    "inGameName": "-",
    "category": "structures",
    "modelType": "Config",
    "path": "dz/structures/roads/decals",
    "usableOnConsole": true,
    "searchTags": "decal, manhole, cover, sewer, round, street, city",
    "image": "images/structures/roads/decals/staticobj_decal_manhole.jpg",
    "id": "dzobj_3zq7x3rted"
  },
  {
    "objectName": "StaticObj_Decal_Manhole2",
    "inGameName": "-",
    "category": "structures",
    "modelType": "Config",
    "path": "dz/structures/roads/decals",
    "usableOnConsole": true,
    "searchTags": "decal, manhole, cover, sewer, round, street, city",
    "image": "images/structures/roads/decals/staticobj_decal_manhole2.jpg",
    "id": "dzobj_p5p31oo5o0"
  },
  {
    "objectName": "StaticObj_Decal_Manhole3",
    "inGameName": "-",
    "category": "structures",
    "modelType": "Config",
    "path": "dz/structures/roads/decals",
    "usableOnConsole": true,
    "searchTags": "decal, manhole, cover, sewer, round, street, city",
    "image": "images/structures/roads/decals/staticobj_decal_manhole3.jpg",
    "id": "dzobj_56t2s2vlvs"
  },
  {
    "objectName": "StaticObj_Decal_Runway_HoldShort",
    "inGameName": "-",
    "category": "structures",
    "modelType": "Config",
    "path": "dz/structures/roads/decals",
    "usableOnConsole": true,
    "searchTags": "decal, runway, hold short, airport, aviation, line, small",
    "image": "images/structures/roads/decals/staticobj_decal_runway_holdshort.jpg",
    "id": "dzobj_04pytqjolp"
  },
  {
    "objectName": "StaticObj_Decal_Runway_Line_1x30",
    "inGameName": "-",
    "category": "structures",
    "modelType": "Config",
    "path": "dz/structures/roads/decals",
    "usableOnConsole": true,
    "searchTags": "decal, runway, line, strip, airport, aviation, line, medium",
    "image": "images/structures/roads/decals/staticobj_decal_runway_line_1x30.jpg",
    "id": "dzobj_5qepfugwva"
  },
  {
    "objectName": "StaticObj_Decal_Runway_Line_2x30",
    "inGameName": "-",
    "category": "structures",
    "modelType": "Config",
    "path": "dz/structures/roads/decals",
    "usableOnConsole": true,
    "searchTags": "decal, runway, line, strip, airport, aviation, line, large",
    "image": "images/structures/roads/decals/staticobj_decal_runway_line_2x30.jpg",
    "id": "dzobj_7vkhtwhgpg"
  },
  {
    "objectName": "StaticObj_Decal_Runway_Line_6x30",
    "inGameName": "-",
    "category": "structures",
    "modelType": "Config",
    "path": "dz/structures/roads/decals",
    "usableOnConsole": true,
    "searchTags": "decal, runway, line, strip, airport, aviation",
    "image": "images/structures/roads/decals/staticobj_decal_runway_line_6x30.jpg",
    "id": "dzobj_vcftgj1vkp"
  },
  {
    "objectName": "StaticObj_Decal_Runway_Num0",
    "inGameName": "-",
    "category": "structures",
    "modelType": "Config",
    "path": "dz/structures/roads/decals",
    "usableOnConsole": true,
    "searchTags": "decal, runway, number, airport, aviation, 0, zero",
    "image": "images/structures/roads/decals/staticobj_decal_runway_num0.jpg",
    "id": "dzobj_41rte6daqn"
  },
  {
    "objectName": "StaticObj_Decal_Runway_Num1",
    "inGameName": "-",
    "category": "structures",
    "modelType": "Config",
    "path": "dz/structures/roads/decals",
    "usableOnConsole": true,
    "searchTags": "decal, runway, number, airport, aviation, 1, one",
    "image": "images/structures/roads/decals/staticobj_decal_runway_num1.jpg",
    "id": "dzobj_a4a4vafdwt"
  },
  {
    "objectName": "StaticObj_Decal_Runway_Num2",
    "inGameName": "-",
    "category": "structures",
    "modelType": "Config",
    "path": "dz/structures/roads/decals",
    "usableOnConsole": true,
    "searchTags": "decal, runway, number, airport, aviation, 2, two",
    "image": "images/structures/roads/decals/staticobj_decal_runway_num2.jpg",
    "id": "dzobj_cphjciwrd9"
  },
  {
    "objectName": "StaticObj_Decal_Runway_Num3",
    "inGameName": "-",
    "category": "structures",
    "modelType": "Config",
    "path": "dz/structures/roads/decals",
    "usableOnConsole": true,
    "searchTags": "decal, runway, number, airport, aviation, 3, three",
    "image": "images/structures/roads/decals/staticobj_decal_runway_num3.jpg",
    "id": "dzobj_8cp0aac7d3"
  },
  {
    "objectName": "StaticObj_Decal_Runway_Num4",
    "inGameName": "-",
    "category": "structures",
    "modelType": "Config",
    "path": "dz/structures/roads/decals",
    "usableOnConsole": true,
    "searchTags": "decal, runway, number, airport, aviation, 4, four",
    "image": "images/structures/roads/decals/staticobj_decal_runway_num4.jpg",
    "id": "dzobj_ouxnvjycer"
  },
  {
    "objectName": "StaticObj_Decal_Runway_Num5",
    "inGameName": "-",
    "category": "structures",
    "modelType": "Config",
    "path": "dz/structures/roads/decals",
    "usableOnConsole": true,
    "searchTags": "decal, runway, number, airport, aviation, 5, five",
    "image": "images/structures/roads/decals/staticobj_decal_runway_num5.jpg",
    "id": "dzobj_4z1wo7svca"
  },
  {
    "objectName": "StaticObj_Decal_Runway_Num6",
    "inGameName": "-",
    "category": "structures",
    "modelType": "Config",
    "path": "dz/structures/roads/decals",
    "usableOnConsole": true,
    "searchTags": "decal, runway, number, airport, aviation, 6, six",
    "image": "images/structures/roads/decals/staticobj_decal_runway_num6.jpg",
    "id": "dzobj_0huqiegqql"
  },
  {
    "objectName": "StaticObj_Decal_Runway_Num7",
    "inGameName": "-",
    "category": "structures",
    "modelType": "Config",
    "path": "dz/structures/roads/decals",
    "usableOnConsole": true,
    "searchTags": "decal, runway, number, airport, aviation, 7, seven",
    "image": "images/structures/roads/decals/staticobj_decal_runway_num7.jpg",
    "id": "dzobj_q11p7owg0t"
  },
  {
    "objectName": "StaticObj_Decal_Runway_Num8",
    "inGameName": "-",
    "category": "structures",
    "modelType": "Config",
    "path": "dz/structures/roads/decals",
    "usableOnConsole": true,
    "searchTags": "decal, runway, number, airport, aviation, 8, eight",
    "image": "images/structures/roads/decals/staticobj_decal_runway_num8.jpg",
    "id": "dzobj_jsfo4bvfj8"
  },
  {
    "objectName": "StaticObj_Decal_Runway_Num9",
    "inGameName": "-",
    "category": "structures",
    "modelType": "Config",
    "path": "dz/structures/roads/decals",
    "usableOnConsole": true,
    "searchTags": "decal, runway, number, airport, aviation, 9, nine",
    "image": "images/structures/roads/decals/staticobj_decal_runway_num9.jpg",
    "id": "dzobj_6nf25csa69"
  },
  {
    "objectName": "StaticObj_Decal_Runway_Skidmarks",
    "inGameName": "-",
    "category": "structures",
    "modelType": "Config",
    "path": "dz/structures/roads/decals",
    "usableOnConsole": true,
    "searchTags": "decal, runway, skid, heavy, airport, aviation, landing",
    "image": "images/structures/roads/decals/staticobj_decal_runway_skidmarks.jpg",
    "id": "dzobj_rli72nvf9y"
  },
  {
    "objectName": "StaticObj_Decal_Runway_Skidmarks_End",
    "inGameName": "-",
    "category": "structures",
    "modelType": "Config",
    "path": "dz/structures/roads/decals",
    "usableOnConsole": true,
    "searchTags": "decal, runway, skid, end, airport, aviation, landing",
    "image": "images/structures/roads/decals/staticobj_decal_runway_skidmarks_end.jpg",
    "id": "dzobj_ushoqmlte9"
  },
  {
    "objectName": "StaticObj_Decal_Runway_Skidmarks_End_Light",
    "inGameName": "-",
    "category": "structures",
    "modelType": "Config",
    "path": "dz/structures/roads/decals",
    "usableOnConsole": true,
    "searchTags": "",
    "image": "images/structures/roads/decals/staticobj_decal_runway_skidmarks_end_light.jpg",
    "id": "dzobj_801vq0rf66"
  },
  {
    "objectName": "StaticObj_Decal_Runway_Skidmarks_End2",
    "inGameName": "-",
    "category": "structures",
    "modelType": "Config",
    "path": "dz/structures/roads/decals",
    "usableOnConsole": true,
    "searchTags": "decal, runway, skid, end, airport, aviation, landing",
    "image": "images/structures/roads/decals/staticobj_decal_runway_skidmarks_end2.jpg",
    "id": "dzobj_hl0592apv6"
  },
  {
    "objectName": "StaticObj_Decal_Runway_Skidmarks_End2_Light",
    "inGameName": "-",
    "category": "structures",
    "modelType": "Config",
    "path": "dz/structures/roads/decals",
    "usableOnConsole": true,
    "searchTags": "",
    "image": "images/structures/roads/decals/staticobj_decal_runway_skidmarks_end2_light.jpg",
    "id": "dzobj_sh1p3v6ga7"
  },
  {
    "objectName": "StaticObj_Decal_Runway_Skidmarks_Light",
    "inGameName": "-",
    "category": "structures",
    "modelType": "Config",
    "path": "dz/structures/roads/decals",
    "usableOnConsole": true,
    "searchTags": "decal, runway, skid, light, airport, aviation, rubber",
    "image": "images/structures/roads/decals/staticobj_decal_runway_skidmarks_light.jpg",
    "id": "dzobj_ekqzzfyl15"
  },
  {
    "objectName": "StaticObj_Decal_damage_long1_DE",
    "inGameName": "-",
    "category": "structures",
    "modelType": "Config",
    "path": "dz/structures/roads/decals",
    "usableOnConsole": true,
    "searchTags": "decal, damage, crack, long, road, worn, tarmac, asphalt, broken",
    "image": "images/structures/roads/decals/staticobj_decal_damage_long1_de.jpg",
    "id": "dzobj_ctrjr6ywyr"
  },
  {
    "objectName": "StaticObj_Decal_damage_long2_DE",
    "inGameName": "-",
    "category": "structures",
    "modelType": "Config",
    "path": "dz/structures/roads/decals",
    "usableOnConsole": true,
    "searchTags": "decal, damage, crack, long, road, worn, tarmac, asphalt, broken",
    "image": "images/structures/roads/decals/staticobj_decal_damage_long2_de.jpg",
    "id": "dzobj_lq683eha81"
  },
  {
    "objectName": "StaticObj_Decal_damage_long3_DE",
    "inGameName": "-",
    "category": "structures",
    "modelType": "Config",
    "path": "dz/structures/roads/decals",
    "usableOnConsole": true,
    "searchTags": "decal, damage, crack, long, road, worn, tarmac, asphalt, broken",
    "image": "images/structures/roads/decals/staticobj_decal_damage_long3_de.jpg",
    "id": "dzobj_g5truanzhg"
  },
  {
    "objectName": "StaticObj_Decal_damage_long4_DE",
    "inGameName": "-",
    "category": "structures",
    "modelType": "Config",
    "path": "dz/structures/roads/decals",
    "usableOnConsole": true,
    "searchTags": "decal, damage, crack, long, road, worn, tarmac, asphalt, broken",
    "image": "images/structures/roads/decals/staticobj_decal_damage_long4_de.jpg",
    "id": "dzobj_brew98xubx"
  },
  {
    "objectName": "StaticObj_Decal_damage_long5_DE",
    "inGameName": "-",
    "category": "structures",
    "modelType": "Config",
    "path": "dz/structures/roads/decals",
    "usableOnConsole": true,
    "searchTags": "decal, damage, crack, long, road, worn, tarmac, asphalt, broken",
    "image": "images/structures/roads/decals/staticobj_decal_damage_long5_de.jpg",
    "id": "dzobj_3f9zd2i0r1"
  },
  {
    "objectName": "StaticObj_Decal_damage_medium1_DE",
    "inGameName": "-",
    "category": "structures",
    "modelType": "Config",
    "path": "dz/structures/roads/decals",
    "usableOnConsole": true,
    "searchTags": "",
    "image": "images/structures/roads/decals/staticobj_decal_damage_medium1_de.jpg",
    "id": "dzobj_7meafp8nxl"
  },
  {
    "objectName": "StaticObj_Decal_damage_medium2_DE",
    "inGameName": "-",
    "category": "structures",
    "modelType": "Config",
    "path": "dz/structures/roads/decals",
    "usableOnConsole": true,
    "searchTags": "",
    "image": "images/structures/roads/decals/staticobj_decal_damage_medium2.jpg",
    "id": "dzobj_3trxw0ucvu"
  },
  {
    "objectName": "StaticObj_Decal_damage_small1_DE",
    "inGameName": "-",
    "category": "structures",
    "modelType": "Config",
    "path": "dz/structures/roads/decals",
    "usableOnConsole": true,
    "searchTags": "",
    "image": "images/structures/roads/decals/staticobj_decal_damage_small1_de.jpg",
    "id": "dzobj_puaaeel67p"
  },
  {
    "objectName": "StaticObj_Decal_damage_small2_DE",
    "inGameName": "-",
    "category": "structures",
    "modelType": "Config",
    "path": "dz/structures/roads/decals",
    "usableOnConsole": true,
    "searchTags": "",
    "image": "images/structures/roads/decals/staticobj_decal_damage_small2_de.jpg",
    "id": "dzobj_abxcqfze9m"
  },
  {
    "objectName": "StaticObj_Decal_RunwayPanel_1",
    "inGameName": "-",
    "category": "structures",
    "modelType": "Config",
    "path": "dz/structures/roads/decals",
    "usableOnConsole": true,
    "searchTags": "decal, runway, outline, section",
    "image": "images/structures/roads/decals/staticobj_decal_runwaypanel_1.jpg",
    "id": "dzobj_f8h1dqlbfk"
  },
  {
    "objectName": "StaticObj_Decal_RunwayPanel_2",
    "inGameName": "-",
    "category": "structures",
    "modelType": "Config",
    "path": "dz/structures/roads/decals",
    "usableOnConsole": true,
    "searchTags": "decal, runway, outline, section",
    "image": "images/structures/roads/decals/staticobj_decal_runwaypanel_2.jpg",
    "id": "dzobj_os535nh2ct"
  },
  {
    "objectName": "StaticObj_Decal_RunwayPanel_Line_2m",
    "inGameName": "-",
    "category": "structures",
    "modelType": "Config",
    "path": "dz/structures/roads/decals",
    "usableOnConsole": true,
    "searchTags": "decal, runway, line, 2m, strip, airport",
    "image": "images/structures/roads/decals/staticobj_decal_runwaypanel_line_2m.jpg",
    "id": "dzobj_0qcwrveiab"
  },
  {
    "objectName": "StaticObj_Decal_RunwayPanel_Line_8m",
    "inGameName": "-",
    "category": "structures",
    "modelType": "Config",
    "path": "dz/structures/roads/decals",
    "usableOnConsole": true,
    "searchTags": "decal, runway, line, 8m, strip, airport",
    "image": "images/structures/roads/decals/staticobj_decal_runwaypanel_line_8m.jpg",
    "id": "dzobj_7muay5dh5m"
  },
  {
    "objectName": "StaticObj_Decal_RunwayPanel_Line_15m",
    "inGameName": "-",
    "category": "structures",
    "modelType": "Config",
    "path": "dz/structures/roads/decals",
    "usableOnConsole": true,
    "searchTags": "decal, runway, line, 15m, strip, airport",
    "image": "images/structures/roads/decals/staticobj_decal_runwaypanel_line_15m.jpg",
    "id": "dzobj_v1zkg4fwuy"
  },
  {
    "objectName": "StaticObj_Decal_RunwayPanel_Damage_1",
    "inGameName": "-",
    "category": "structures",
    "modelType": "Config",
    "path": "dz/structures/roads/decals",
    "usableOnConsole": true,
    "searchTags": "decal, runway, damage, crack, broken, concrete",
    "image": "images/structures/roads/decals/staticobj_decal_runwaypanel_damage_1.jpg",
    "id": "dzobj_z6c1kxypcs"
  },
  {
    "objectName": "StaticObj_Decal_RunwayPanel_Damage_2",
    "inGameName": "-",
    "category": "structures",
    "modelType": "Config",
    "path": "dz/structures/roads/decals",
    "usableOnConsole": true,
    "searchTags": "decal, runway, damage, crack, broken, concrete",
    "image": "images/structures/roads/decals/staticobj_decal_runwaypanel_damage_2.jpg",
    "id": "dzobj_9urpi52icp"
  },
  {
    "objectName": "StaticObj_Decal_RunwayPanel_Damage_3",
    "inGameName": "-",
    "category": "structures",
    "modelType": "Config",
    "path": "dz/structures/roads/decals",
    "usableOnConsole": true,
    "searchTags": "decal, runway, damage, crack, broken, concrete",
    "image": "images/structures/roads/decals/staticobj_decal_runwaypanel_damage_3.jpg",
    "id": "dzobj_mbcuvqbf1y"
  },
  {
    "objectName": "decal_concrete_panel.p3d",
    "inGameName": "-",
    "category": "structures",
    "modelType": "Raw P3D",
    "path": "dz/structures/roads/decals",
    "usableOnConsole": false,
    "searchTags": "",
    "image": "images/structures/roads/decals/decal_concrete_panel.p3d.jpg",
    "id": "dzobj_dlbmt0dvgm"
  },
  {
    "objectName": "decal_concrete_panels.p3d",
    "inGameName": "-",
    "category": "structures",
    "modelType": "Raw P3D",
    "path": "dz/structures/roads/decals",
    "usableOnConsole": false,
    "searchTags": "decal, concrete, panels, surface, decal, concrete, panel, road, surface, panel, floor, concrete, industrial, platform, rectangle, single",
    "image": "images/structures/roads/decals/staticobj_decal_concrete_panels.jpg",
    "id": "dzobj_3yqhv1iqv5"
  },
  {
    "objectName": "decal_concrete_panels_end1.p3d",
    "inGameName": "-",
    "category": "structures",
    "modelType": "Raw P3D",
    "path": "dz/structures/roads/decals",
    "usableOnConsole": false,
    "searchTags": "decal, concrete, panel, road, surface, panel, floor, concrete, industrial, platform, rectangle, single",
    "image": "images/structures/roads/decals/staticobj_decal_concrete_panels_end1.jpg",
    "id": "dzobj_kd7zc3bdsa"
  },
  {
    "objectName": "decal_concrete_panels_end2.p3d",
    "inGameName": "-",
    "category": "structures",
    "modelType": "Raw P3D",
    "path": "dz/structures/roads/decals",
    "usableOnConsole": false,
    "searchTags": "decal, concrete, panel, end, road, surface, decal, concrete, panel, road, surface, panel, floor, concrete, industrial, platform, rectangle, single, small",
    "image": "images/structures/roads/decals/staticobj_decal_concrete_panels_end2.jpg",
    "id": "dzobj_y7zrcaoczg"
  },
  {
    "objectName": "decal_crosswalk.p3d",
    "inGameName": "-",
    "category": "structures",
    "modelType": "Raw P3D",
    "path": "dz/structures/roads/decals",
    "usableOnConsole": false,
    "searchTags": "decal, road, crosswalk, pedestrian, zebra crossing",
    "image": "images/structures/roads/decals/staticobj_decal_crosswalk.jpg",
    "id": "dzobj_ibg4lm5ya1"
  },
  {
    "objectName": "decal_damage_long1.p3d",
    "inGameName": "-",
    "category": "structures",
    "modelType": "Raw P3D",
    "path": "dz/structures/roads/decals",
    "usableOnConsole": false,
    "searchTags": "decal, damage, crack, long, road, worn, tarmac, asphalt, broken",
    "image": "images/structures/roads/decals/staticobj_decal_damage_long1_de.jpg",
    "id": "dzobj_0atqy43d8k"
  },
  {
    "objectName": "decal_damage_long2.p3d",
    "inGameName": "-",
    "category": "structures",
    "modelType": "Raw P3D",
    "path": "dz/structures/roads/decals",
    "usableOnConsole": false,
    "searchTags": "decal, damage, crack, long, road, worn, tarmac, asphalt, broken",
    "image": "images/structures/roads/decals/staticobj_decal_damage_long2.jpg",
    "id": "dzobj_4ak68te7en"
  },
  {
    "objectName": "decal_damage_long3.p3d",
    "inGameName": "-",
    "category": "structures",
    "modelType": "Raw P3D",
    "path": "dz/structures/roads/decals",
    "usableOnConsole": false,
    "searchTags": "decal, damage, crack, long, road, worn, tarmac, asphalt, broken",
    "image": "images/structures/roads/decals/staticobj_decal_damage_long3.jpg",
    "id": "dzobj_ocy6pcwnxw"
  },
  {
    "objectName": "decal_damage_long4.p3d",
    "inGameName": "-",
    "category": "structures",
    "modelType": "Raw P3D",
    "path": "dz/structures/roads/decals",
    "usableOnConsole": false,
    "searchTags": "decal, damage, crack, long, road, worn, tarmac, asphalt, broken",
    "image": "images/structures/roads/decals/staticobj_decal_damage_long4.jpg",
    "id": "dzobj_zugzn9wff1"
  },
  {
    "objectName": "decal_damage_long5.p3d",
    "inGameName": "-",
    "category": "structures",
    "modelType": "Raw P3D",
    "path": "dz/structures/roads/decals",
    "usableOnConsole": false,
    "searchTags": "decal, damage, crack, long, road, worn, tarmac, asphalt, broken",
    "image": "images/structures/roads/decals/staticobj_decal_damage_long5.jpg",
    "id": "dzobj_l2ltsokn1f"
  },
  {
    "objectName": "decal_damage_medium1.p3d",
    "inGameName": "-",
    "category": "structures",
    "modelType": "Raw P3D",
    "path": "dz/structures/roads/decals",
    "usableOnConsole": false,
    "searchTags": "decal, damage, crack, road, worn, tarmac, asphalt, broken, medium",
    "image": "images/structures/roads/decals/staticobj_decal_damage_medium1.jpg",
    "id": "dzobj_r7rvd0rr4o"
  },
  {
    "objectName": "decal_damage_medium2.p3d",
    "inGameName": "-",
    "category": "structures",
    "modelType": "Raw P3D",
    "path": "dz/structures/roads/decals",
    "usableOnConsole": false,
    "searchTags": "decal, damage, crack, road, worn, tarmac, asphalt, broken, medium",
    "image": "images/structures/roads/decals/staticobj_decal_damage_medium2.jpg",
    "id": "dzobj_c8e2xw8jc8"
  },
  {
    "objectName": "decal_damage_small1.p3d",
    "inGameName": "-",
    "category": "structures",
    "modelType": "Raw P3D",
    "path": "dz/structures/roads/decals",
    "usableOnConsole": false,
    "searchTags": "decal, damage, crack, road, worn, tarmac, asphalt, broken, small",
    "image": "images/structures/roads/decals/staticobj_decal_damage_small1.jpg",
    "id": "dzobj_bdefapyff3"
  },
  {
    "objectName": "decal_damage_small2.p3d",
    "inGameName": "-",
    "category": "structures",
    "modelType": "Raw P3D",
    "path": "dz/structures/roads/decals",
    "usableOnConsole": false,
    "searchTags": "decal, damage, crack, road, worn, tarmac, asphalt, broken, small",
    "image": "images/structures/roads/decals/staticobj_decal_damage_small2.jpg",
    "id": "dzobj_m2k3o5k8tw"
  },
  {
    "objectName": "decal_heli_army.p3d",
    "inGameName": "-",
    "category": "structures",
    "modelType": "Raw P3D",
    "path": "dz/structures/roads/decals",
    "usableOnConsole": false,
    "searchTags": "decal, helicopter, landing, army, helipad, military",
    "image": "images/structures/roads/decals/staticobj_decal_heli_army.jpg",
    "id": "dzobj_o06s2rwaqz"
  },
  {
    "objectName": "decal_manhole.p3d",
    "inGameName": "-",
    "category": "structures",
    "modelType": "Raw P3D",
    "path": "dz/structures/roads/decals",
    "usableOnConsole": false,
    "searchTags": "decal, manhole, cover, sewer, round, street, city",
    "image": "images/structures/roads/decals/staticobj_decal_manhole.jpg",
    "id": "dzobj_rvwwj2w8nd"
  },
  {
    "objectName": "decal_manhole2.p3d",
    "inGameName": "-",
    "category": "structures",
    "modelType": "Raw P3D",
    "path": "dz/structures/roads/decals",
    "usableOnConsole": false,
    "searchTags": "decal, manhole, cover, sewer, round, street, city",
    "image": "images/structures/roads/decals/staticobj_decal_manhole2.jpg",
    "id": "dzobj_py8rm0knvb"
  },
  {
    "objectName": "decal_manhole3.p3d",
    "inGameName": "-",
    "category": "structures",
    "modelType": "Raw P3D",
    "path": "dz/structures/roads/decals",
    "usableOnConsole": false,
    "searchTags": "decal, manhole, cover, sewer, round, street, city",
    "image": "images/structures/roads/decals/staticobj_decal_manhole3.jpg",
    "id": "dzobj_2apr0872n8"
  },
  {
    "objectName": "decal_runwaypanel_1.p3d",
    "inGameName": "-",
    "category": "structures",
    "modelType": "Raw P3D",
    "path": "dz/structures/roads/decals",
    "usableOnConsole": false,
    "searchTags": "decal, runway, outline, section",
    "image": "images/structures/roads/decals/staticobj_decal_runwaypanel_1.jpg",
    "id": "dzobj_a079yywiz3"
  },
  {
    "objectName": "decal_runwaypanel_2.p3d",
    "inGameName": "-",
    "category": "structures",
    "modelType": "Raw P3D",
    "path": "dz/structures/roads/decals",
    "usableOnConsole": false,
    "searchTags": "decal, runway, outline, section",
    "image": "images/structures/roads/decals/staticobj_decal_runwaypanel_2.jpg",
    "id": "dzobj_vrcmoyvcrn"
  },
  {
    "objectName": "decal_runwaypanel_damage_1.p3d",
    "inGameName": "-",
    "category": "structures",
    "modelType": "Raw P3D",
    "path": "dz/structures/roads/decals",
    "usableOnConsole": false,
    "searchTags": "decal, runway, damage, crack, broken, concrete",
    "image": "images/structures/roads/decals/staticobj_decal_runwaypanel_damage_1.jpg",
    "id": "dzobj_2rb6fkqcw5"
  },
  {
    "objectName": "decal_runwaypanel_damage_2.p3d",
    "inGameName": "-",
    "category": "structures",
    "modelType": "Raw P3D",
    "path": "dz/structures/roads/decals",
    "usableOnConsole": false,
    "searchTags": "decal, runway, damage, crack, broken, concrete",
    "image": "images/structures/roads/decals/staticobj_decal_runwaypanel_damage_2.jpg",
    "id": "dzobj_ce74r4jrh3"
  },
  {
    "objectName": "decal_runwaypanel_damage_3.p3d",
    "inGameName": "-",
    "category": "structures",
    "modelType": "Raw P3D",
    "path": "dz/structures/roads/decals",
    "usableOnConsole": false,
    "searchTags": "decal, runway, damage, crack, broken, concrete",
    "image": "images/structures/roads/decals/staticobj_decal_runwaypanel_damage_3.jpg",
    "id": "dzobj_lw7md0ai45"
  },
  {
    "objectName": "decal_runwaypanel_line_15m.p3d",
    "inGameName": "-",
    "category": "structures",
    "modelType": "Raw P3D",
    "path": "dz/structures/roads/decals",
    "usableOnConsole": false,
    "searchTags": "decal, runway, line, 15m, strip, airport",
    "image": "images/structures/roads/decals/staticobj_decal_runwaypanel_line_15m.jpg",
    "id": "dzobj_q00vr9557x"
  },
  {
    "objectName": "decal_runwaypanel_line_2m.p3d",
    "inGameName": "-",
    "category": "structures",
    "modelType": "Raw P3D",
    "path": "dz/structures/roads/decals",
    "usableOnConsole": false,
    "searchTags": "decal, runway, line, 2m, strip, airport",
    "image": "images/structures/roads/decals/staticobj_decal_runwaypanel_line_2m.jpg",
    "id": "dzobj_k4nqz3q1ak"
  },
  {
    "objectName": "decal_runwaypanel_line_8m.p3d",
    "inGameName": "-",
    "category": "structures",
    "modelType": "Raw P3D",
    "path": "dz/structures/roads/decals",
    "usableOnConsole": false,
    "searchTags": "decal, runway, line, 8m, strip, airport",
    "image": "images/structures/roads/decals/staticobj_decal_runwaypanel_line_8m.jpg",
    "id": "dzobj_g1xrgdia9l"
  },
  {
    "objectName": "decal_runway_aircrafttireprints_01.p3d",
    "inGameName": "-",
    "category": "structures",
    "modelType": "Raw P3D",
    "path": "dz/structures/roads/decals",
    "usableOnConsole": false,
    "searchTags": "",
    "image": "images/structures/roads/decals/decal_runway_aircrafttireprints_01.p3d.jpg",
    "id": "dzobj_gzql8z88lk"
  },
  {
    "objectName": "decal_runway_aircrafttireprints_01_faded.p3d",
    "inGameName": "-",
    "category": "structures",
    "modelType": "Raw P3D",
    "path": "dz/structures/roads/decals",
    "usableOnConsole": false,
    "searchTags": "",
    "image": "images/structures/roads/decals/decal_runway_aircrafttireprints_01_faded.p3d.jpg",
    "id": "dzobj_m94nyvl7an"
  },
  {
    "objectName": "decal_runway_aircrafttireprints_02.p3d",
    "inGameName": "-",
    "category": "structures",
    "modelType": "Raw P3D",
    "path": "dz/structures/roads/decals",
    "usableOnConsole": false,
    "searchTags": "",
    "image": "images/structures/roads/decals/decal_runway_aircrafttireprints_02.p3d.jpg",
    "id": "dzobj_szg2f1n5dh"
  },
  {
    "objectName": "decal_runway_aircrafttireprints_02_faded.p3d",
    "inGameName": "-",
    "category": "structures",
    "modelType": "Raw P3D",
    "path": "dz/structures/roads/decals",
    "usableOnConsole": false,
    "searchTags": "",
    "image": "images/structures/roads/decals/decal_runway_aircrafttireprints_02_faded.p3d.jpg",
    "id": "dzobj_uxnitkmzbs"
  },
  {
    "objectName": "decal_runway_holdshort.p3d",
    "inGameName": "-",
    "category": "structures",
    "modelType": "Raw P3D",
    "path": "dz/structures/roads/decals",
    "usableOnConsole": false,
    "searchTags": "decal, runway, hold short, airport, aviation, line, small",
    "image": "images/structures/roads/decals/staticobj_decal_runway_holdshort.jpg",
    "id": "dzobj_e0mhd5u17g"
  },
  {
    "objectName": "decal_runway_line_1x30.p3d",
    "inGameName": "-",
    "category": "structures",
    "modelType": "Raw P3D",
    "path": "dz/structures/roads/decals",
    "usableOnConsole": false,
    "searchTags": "decal, runway, line, strip, airport, aviation, line, medium",
    "image": "images/structures/roads/decals/staticobj_decal_runway_line_1x30.jpg",
    "id": "dzobj_j8aaoeyemv"
  },
  {
    "objectName": "decal_runway_line_2x30.p3d",
    "inGameName": "-",
    "category": "structures",
    "modelType": "Raw P3D",
    "path": "dz/structures/roads/decals",
    "usableOnConsole": false,
    "searchTags": "decal, runway, line, strip, airport, aviation, line, large",
    "image": "images/structures/roads/decals/staticobj_decal_runway_line_2x30.jpg",
    "id": "dzobj_kbyj0tbl6l"
  },
  {
    "objectName": "decal_runway_line_6x30.p3d",
    "inGameName": "-",
    "category": "structures",
    "modelType": "Raw P3D",
    "path": "dz/structures/roads/decals",
    "usableOnConsole": false,
    "searchTags": "decal, runway, line, strip, airport, aviation",
    "image": "images/structures/roads/decals/staticobj_decal_runway_line_6x30.jpg",
    "id": "dzobj_up3u4p9f4n"
  },
  {
    "objectName": "decal_runway_num0.p3d",
    "inGameName": "-",
    "category": "structures",
    "modelType": "Raw P3D",
    "path": "dz/structures/roads/decals",
    "usableOnConsole": false,
    "searchTags": "decal, runway, number, airport, aviation, 0, zero",
    "image": "images/structures/roads/decals/staticobj_decal_runway_num0.jpg",
    "id": "dzobj_8z2e8q9zeq"
  },
  {
    "objectName": "decal_runway_num1.p3d",
    "inGameName": "-",
    "category": "structures",
    "modelType": "Raw P3D",
    "path": "dz/structures/roads/decals",
    "usableOnConsole": false,
    "searchTags": "decal, runway, number, airport, aviation, 1, one",
    "image": "images/structures/roads/decals/staticobj_decal_runway_num1.jpg",
    "id": "dzobj_wt9va50nlq"
  },
  {
    "objectName": "decal_runway_num2.p3d",
    "inGameName": "-",
    "category": "structures",
    "modelType": "Raw P3D",
    "path": "dz/structures/roads/decals",
    "usableOnConsole": false,
    "searchTags": "decal, runway, number, airport, aviation, 2, two",
    "image": "images/structures/roads/decals/staticobj_decal_runway_num2.jpg",
    "id": "dzobj_wgveu9bi2k"
  },
  {
    "objectName": "decal_runway_num3.p3d",
    "inGameName": "-",
    "category": "structures",
    "modelType": "Raw P3D",
    "path": "dz/structures/roads/decals",
    "usableOnConsole": false,
    "searchTags": "decal, runway, number, airport, aviation, 3, three",
    "image": "images/structures/roads/decals/staticobj_decal_runway_num3.jpg",
    "id": "dzobj_ct8u3fj3ok"
  },
  {
    "objectName": "decal_runway_num4.p3d",
    "inGameName": "-",
    "category": "structures",
    "modelType": "Raw P3D",
    "path": "dz/structures/roads/decals",
    "usableOnConsole": false,
    "searchTags": "decal, runway, number, airport, aviation, 4, four",
    "image": "images/structures/roads/decals/staticobj_decal_runway_num4.jpg",
    "id": "dzobj_2ew4mnpv9h"
  },
  {
    "objectName": "decal_runway_num5.p3d",
    "inGameName": "-",
    "category": "structures",
    "modelType": "Raw P3D",
    "path": "dz/structures/roads/decals",
    "usableOnConsole": false,
    "searchTags": "decal, runway, number, airport, aviation, 5, five",
    "image": "images/structures/roads/decals/staticobj_decal_runway_num5.jpg",
    "id": "dzobj_e8jrlfq5at"
  },
  {
    "objectName": "decal_runway_num6.p3d",
    "inGameName": "-",
    "category": "structures",
    "modelType": "Raw P3D",
    "path": "dz/structures/roads/decals",
    "usableOnConsole": false,
    "searchTags": "decal, runway, number, airport, aviation, 6, six",
    "image": "images/structures/roads/decals/staticobj_decal_runway_num6.jpg",
    "id": "dzobj_3a2g1a9dpv"
  },
  {
    "objectName": "decal_runway_num7.p3d",
    "inGameName": "-",
    "category": "structures",
    "modelType": "Raw P3D",
    "path": "dz/structures/roads/decals",
    "usableOnConsole": false,
    "searchTags": "decal, runway, number, airport, aviation, 7, seven",
    "image": "images/structures/roads/decals/staticobj_decal_runway_num7.jpg",
    "id": "dzobj_l1m622ntdn"
  },
  {
    "objectName": "decal_runway_num8.p3d",
    "inGameName": "-",
    "category": "structures",
    "modelType": "Raw P3D",
    "path": "dz/structures/roads/decals",
    "usableOnConsole": false,
    "searchTags": "decal, runway, number, airport, aviation, 8, eight",
    "image": "images/structures/roads/decals/staticobj_decal_runway_num8.jpg",
    "id": "dzobj_wbcsk4qu7q"
  },
  {
    "objectName": "decal_runway_num9.p3d",
    "inGameName": "-",
    "category": "structures",
    "modelType": "Raw P3D",
    "path": "dz/structures/roads/decals",
    "usableOnConsole": false,
    "searchTags": "decal, runway, number, airport, aviation, 9, nine",
    "image": "images/structures/roads/decals/staticobj_decal_runway_num9.jpg",
    "id": "dzobj_63dvv4hkpw"
  },
  {
    "objectName": "decal_runway_skidmarks.p3d",
    "inGameName": "-",
    "category": "structures",
    "modelType": "Raw P3D",
    "path": "dz/structures/roads/decals",
    "usableOnConsole": false,
    "searchTags": "decal, runway, skid, heavy, airport, aviation, landing",
    "image": "images/structures/roads/decals/staticobj_decal_runway_skidmarks.jpg",
    "id": "dzobj_o4ni6jhi7p"
  },
  {
    "objectName": "decal_runway_skidmarks_end.p3d",
    "inGameName": "-",
    "category": "structures",
    "modelType": "Raw P3D",
    "path": "dz/structures/roads/decals",
    "usableOnConsole": false,
    "searchTags": "decal, runway, skid, end, airport, aviation, landing",
    "image": "images/structures/roads/decals/staticobj_decal_runway_skidmarks_end.jpg",
    "id": "dzobj_dcca4s65sa"
  },
  {
    "objectName": "decal_runway_skidmarks_end2.p3d",
    "inGameName": "-",
    "category": "structures",
    "modelType": "Raw P3D",
    "path": "dz/structures/roads/decals",
    "usableOnConsole": false,
    "searchTags": "decal, runway, skid, end, airport, aviation, landing",
    "image": "images/structures/roads/decals/staticobj_decal_runway_skidmarks_end2.jpg",
    "id": "dzobj_74e1pdmuab"
  },
  {
    "objectName": "decal_runway_skidmarks_end2_light.p3d",
    "inGameName": "-",
    "category": "structures",
    "modelType": "Raw P3D",
    "path": "dz/structures/roads/decals",
    "usableOnConsole": false,
    "searchTags": "decal, runway, skid, end, airport, aviation, landing",
    "image": "images/structures/roads/decals/staticobj_decal_runway_skidmarks_end2.jpg",
    "id": "dzobj_r7oj24jacv"
  },
  {
    "objectName": "decal_runway_skidmarks_end_light.p3d",
    "inGameName": "-",
    "category": "structures",
    "modelType": "Raw P3D",
    "path": "dz/structures/roads/decals",
    "usableOnConsole": false,
    "searchTags": "decal, runway, skid, end, airport, aviation, landing",
    "image": "images/structures/roads/decals/staticobj_decal_runway_skidmarks_end.jpg",
    "id": "dzobj_e9251fk280"
  },
  {
    "objectName": "decal_runway_skidmarks_light.p3d",
    "inGameName": "-",
    "category": "structures",
    "modelType": "Raw P3D",
    "path": "dz/structures/roads/decals",
    "usableOnConsole": false,
    "searchTags": "decal, runway, skid, light, airport, aviation, rubber",
    "image": "images/structures/roads/decals/staticobj_decal_runway_skidmarks_light.jpg",
    "id": "dzobj_7x2qgeot2q"
  }
]
