[
  {
    "objectName": "Sedan_02",
    "inGameName": "Sarka 120",
    "category": "vehicles",
    "modelType": "Config",
    "path": "dz/vehicles/wheeled/sedan_02",
    "usableOnConsole": true,
    "searchTags": "car, sarka, transport, vehicle, vehicles, wheeled",
    "image": "images/vehicles/wheeled/sedan_02/sedan_02.jpg",
    "id": "dzobj_ht4k4g4lkr"
  },
  {
    "objectName": "sedan_02.p3d",
    "inGameName": "Sarka 120",
    "category": "vehicles",
    "modelType": "Raw P3D",
    "path": "dz/vehicles/wheeled/sedan_02",
    "usableOnConsole": false,
    "searchTags": "car, sarka, transport, vehicle, vehicles, wheeled",
    "image": "images/vehicles/wheeled/sedan_02/sedan_02.p3d.jpg",
    "id": "dzobj_eyk9ymhhl0"
  },
  {
    "objectName": "Sedan_02_Grey",
    "inGameName": "Sarka 120",
    "category": "vehicles",
    "modelType": "Config",
    "path": "dz/vehicles/wheeled/sedan_02",
    "usableOnConsole": true,
    "searchTags": "car, sarka, transport, vehicle, vehicles, wheeled",
    "image": "images/vehicles/wheeled/sedan_02/sedan_02.jpg",
    "id": "dzobj_lu3s3a9h21"
  },
  {
    "objectName": "Sedan_02_Red",
    "inGameName": "Sarka 120",
    "category": "vehicles",
    "modelType": "Config",
    "path": "dz/vehicles/wheeled/sedan_02",
    "usableOnConsole": true,
    "searchTags": "car, sarka, transport, vehicle, vehicles, wheeled",
    "image": "images/vehicles/wheeled/sedan_02/sedan_02.jpg",
    "id": "dzobj_vcml6xr6ce"
  }
]
