[
  {
    "objectName": "Land_City_Store_WithStairs",
    "inGameName": "-",
    "category": "structures",
    "modelType": "Config",
    "path": "dz/structures/residential/stores",
    "usableOnConsole": true,
    "searchTags": "store, city, shop, stairs, building, urban, grocery, retail, large",
    "image": "images/structures/residential/stores/land_city_store_withstairs.jpg",
    "id": "dzobj_0vomwza64w"
  },
  {
    "objectName": "city_store_withstairs.p3d",
    "inGameName": "-",
    "category": "structures",
    "modelType": "Raw P3D",
    "path": "dz/structures/residential/stores",
    "usableOnConsole": false,
    "searchTags": "store, city, shop, stairs, building, urban, grocery, retail, large",
    "image": "images/structures/residential/stores/land_city_store_withstairs.jpg",
    "id": "dzobj_u1wpugglot"
  },
  {
    "objectName": "city_store.p3d",
    "category": "structures",
    "modelType": "Raw P3D",
    "path": "dz/structures/residential/stores",
    "usableOnConsole": false,
    "searchTags": "store, city, shop, stairs, building, urban, city grocery, retail, medium",
    "image": "images/structures/residential/stores/land_city_store.jpg",
    "id": "dzobj_b5g8tlzj4t"
  },
  {
    "objectName": "Land_City_Store",
    "category": "structures",
    "modelType": "Config",
    "path": "dz/structures/residential/stores",
    "usableOnConsole": true,
    "searchTags": "store, city, shop, stairs, building, urban, city grocery, retail, medium",
    "image": "images/structures/residential/stores/land_city_store.jpg",
    "id": "dzobj_pic04ywqpp"
  },
  {
    "objectName": "Land_Village_store",
    "category": "structures",
    "modelType": "Config",
    "path": "dz/structures/residential/stores",
    "usableOnConsole": true,
    "searchTags": "store, village, shop, rural, grocery, retail, small, market, hunting shop, hunter, medium",
    "image": "images/structures/residential/stores/land_village_store.jpg",
    "id": "dzobj_u9l7o29hyy"
  },
  {
    "objectName": "village_store.p3d",
    "category": "structures",
    "modelType": "Raw P3D",
    "path": "dz/structures/residential/stores",
    "usableOnConsole": false,
    "searchTags": "store, village, shop, rural, grocery, retail, small, market, hunting shop, hunter, medium",
    "image": "images/structures/residential/stores/land_village_store.jpg",
    "id": "dzobj_i9pvwlu909"
  },
  {
    "objectName": "city_stand_fastfood.p3d",
    "category": "structures",
    "modelType": "Raw P3D",
    "path": "dz/structures/residential/stores",
    "usableOnConsole": false,
    "searchTags": "store, stand, fast food, kiosk, city, shop, food, takeaway, market, stall, small",
    "image": "images/structures/residential/stores/land_city_stand_fastfood.jpg",
    "id": "dzobj_jhqzmfcbqe"
  },
  {
    "objectName": "city_stand_grocery.p3d",
    "category": "structures",
    "modelType": "Raw P3D",
    "path": "dz/structures/residential/stores",
    "usableOnConsole": false,
    "searchTags": "store, stand, grocery, kiosk, city, shop, market, stall, food, small",
    "image": "images/structures/residential/stores/land_city_stand_grocery.jpg",
    "id": "dzobj_pl449ydhfl"
  },
  {
    "objectName": "city_stand_news1.p3d",
    "category": "structures",
    "modelType": "Raw P3D",
    "path": "dz/structures/residential/stores",
    "usableOnConsole": false,
    "searchTags": "store, stand, news, kiosk, papers, magazine, city, stall, shop, small",
    "image": "images/structures/residential/stores/land_city_stand_news1.jpg",
    "id": "dzobj_o194yg2ke2"
  },
  {
    "objectName": "city_stand_news2.p3d",
    "category": "structures",
    "modelType": "Raw P3D",
    "path": "dz/structures/residential/stores",
    "usableOnConsole": false,
    "searchTags": "store, stand, news, kiosk, papers, magazine, city, stall, shop, small",
    "image": "images/structures/residential/stores/land_city_stand_news2.jpg",
    "id": "dzobj_jsy7uaevu4"
  },
  {
    "objectName": "Land_City_Stand_FastFood",
    "category": "structures",
    "modelType": "Config",
    "path": "dz/structures/residential/stores",
    "usableOnConsole": true,
    "searchTags": "store, stand, fast food, kiosk, city, shop, food, takeaway, market, stall, small",
    "image": "images/structures/residential/stores/land_city_stand_fastfood.jpg",
    "id": "dzobj_hxb84viwkz"
  },
  {
    "objectName": "Land_City_Stand_Grocery",
    "category": "structures",
    "modelType": "Config",
    "path": "dz/structures/residential/stores",
    "usableOnConsole": true,
    "searchTags": "store, stand, grocery, kiosk, city, shop, market, stall, food, small",
    "image": "images/structures/residential/stores/land_city_stand_grocery.jpg",
    "id": "dzobj_446ku25wh5"
  },
  {
    "objectName": "Land_City_Stand_News1",
    "category": "structures",
    "modelType": "Config",
    "path": "dz/structures/residential/stores",
    "usableOnConsole": true,
    "searchTags": "store, stand, news, kiosk, papers, magazine, city, stall, shop, small",
    "image": "images/structures/residential/stores/land_city_stand_news1.jpg",
    "id": "dzobj_jysl2ynufp"
  },
  {
    "objectName": "Land_City_Stand_News2",
    "category": "structures",
    "modelType": "Config",
    "path": "dz/structures/residential/stores",
    "usableOnConsole": true,
    "searchTags": "store, stand, news, kiosk, papers, magazine, city, stall, shop, small",
    "image": "images/structures/residential/stores/land_city_stand_news2.jpg",
    "id": "dzobj_52o10h070u"
  }
]
