[
  {
    "objectName": "Land_Shed_Closed_Small1",
    "inGameName": "-",
    "category": "structures_bliss",
    "modelType": "Config",
    "path": "dz/structures_bliss/industrial/sheds",
    "usableOnConsole": true,
    "searchTags": "livoniaa, industrial, sheds, slum, improvised",
    "image": "images/structures_bliss/industrial/sheds/land_shed_closed_small1.jpg"
  },
  {
    "objectName": "Land_Shed_Closed_Small2",
    "inGameName": "-",
    "category": "structures_bliss",
    "modelType": "Config",
    "path": "dz/structures_bliss/industrial/sheds",
    "usableOnConsole": true,
    "searchTags": "livoniaa, industrial, sheds, slum, improvised",
    "image": "images/structures_bliss/industrial/sheds/land_shed_closed_small2.jpg"
  },
  {
    "objectName": "StaticObj_Shed_Open_Big_Complete",
    "inGameName": "-",
    "category": "structures_bliss",
    "modelType": "Config",
    "path": "dz/structures_bliss/industrial/sheds",
    "usableOnConsole": true,
    "searchTags": "livoniaa, industrial, sheds, shelter",
    "image": "images/structures_bliss/industrial/sheds/staticobj_shed_open_big_complete.jpg"
  },
  {
    "objectName": "StaticObj_Shed_Open_Big2_Complete",
    "inGameName": "-",
    "category": "structures_bliss",
    "modelType": "Config",
    "path": "dz/structures_bliss/industrial/sheds",
    "usableOnConsole": true,
    "searchTags": "livoniaa, industrial, sheds, shelter",
    "image": "images/structures_bliss/industrial/sheds/staticobj_shed_open_big2_complete.jpg"
  },
  {
    "objectName": "StaticObj_Shed_Open_Small_Complete",
    "inGameName": "-",
    "category": "structures_bliss",
    "modelType": "Config",
    "path": "dz/structures_bliss/industrial/sheds",
    "usableOnConsole": true,
    "searchTags": "livoniaa, industrial, sheds, shelter",
    "image": "images/structures_bliss/industrial/sheds/staticobj_shed_open_small_complete.jpg"
  },
  {
    "objectName": "shed_closed_small1.p3d",
    "inGameName": "-",
    "category": "structures_bliss",
    "modelType": "Raw P3D",
    "path": "dz/structures_bliss/industrial/sheds",
    "usableOnConsole": false,
    "searchTags": "livoniaa, industrial, sheds, slum, improvised",
    "image": "images/structures_bliss/industrial/sheds/land_shed_closed_small1.jpg"
  },
  {
    "objectName": "shed_closed_small2.p3d",
    "inGameName": "-",
    "category": "structures_bliss",
    "modelType": "Raw P3D",
    "path": "dz/structures_bliss/industrial/sheds",
    "usableOnConsole": false,
    "searchTags": "livoniaa, industrial, sheds, slum, improvised",
    "image": "images/structures_bliss/industrial/sheds/land_shed_closed_small2.jpg"
  },
  {
    "objectName": "shed_open_big2_complete.p3d",
    "inGameName": "-",
    "category": "structures_bliss",
    "modelType": "Raw P3D",
    "path": "dz/structures_bliss/industrial/sheds",
    "usableOnConsole": false,
    "searchTags": "livoniaa, industrial, sheds, shelter",
    "image": "images/structures_bliss/industrial/sheds/staticobj_shed_open_big2_complete.jpg"
  },
  {
    "objectName": "shed_open_big_complete.p3d",
    "inGameName": "-",
    "category": "structures_bliss",
    "modelType": "Raw P3D",
    "path": "dz/structures_bliss/industrial/sheds",
    "usableOnConsole": false,
    "searchTags": "livoniaa, industrial, sheds, shelter",
    "image": "images/structures_bliss/industrial/sheds/staticobj_shed_open_big_complete.jpg"
  },
  {
    "objectName": "shed_open_small_complete.p3d",
    "inGameName": "-",
    "category": "structures_bliss",
    "modelType": "Raw P3D",
    "path": "dz/structures_bliss/industrial/sheds",
    "usableOnConsole": false,
    "searchTags": "livoniaa, industrial, sheds, shelter",
    "image": "images/structures_bliss/industrial/sheds/staticobj_shed_open_small_complete.jpg"
  },
  {
    "objectName": "Land_Shed_Closed2",
    "category": "structures_bliss",
    "modelType": "Config",
    "path": "dz/structures_bliss/industrial/sheds",
    "usableOnConsole": true,
    "searchTags": "livoniaa, industrial, sheds, warehouse, grey, metal",
    "image": "images/structures_bliss/industrial/sheds/land_shed_closed2.jpg"
  },
  {
    "objectName": "shed_closed2.p3d",
    "category": "structures_bliss",
    "modelType": "Raw P3D",
    "path": "dz/structures_bliss/industrial/sheds",
    "usableOnConsole": false,
    "searchTags": "livoniaa, industrial, sheds, warehouse, grey, metal",
    "image": "images/structures_bliss/industrial/sheds/land_shed_closed2.jpg"
  }
]
