[
  {
    "objectName": "Land_Shed_Closed_Small1",
    "inGameName": "-",
    "category": "structures_bliss",
    "modelType": "Config",
    "path": "dz/structures_bliss/industrial/sheds",
    "usableOnConsole": true,
    "searchTags": "livoniaa, industrial, sheds, slum, improvised",
    "image": "images/structures_bliss/industrial/sheds/land_shed_closed_small1.jpg",
    "id": "dzobj_fpcj9t82s9"
  },
  {
    "objectName": "Land_Shed_Closed_Small2",
    "inGameName": "-",
    "category": "structures_bliss",
    "modelType": "Config",
    "path": "dz/structures_bliss/industrial/sheds",
    "usableOnConsole": true,
    "searchTags": "livoniaa, industrial, sheds, slum, improvised",
    "image": "images/structures_bliss/industrial/sheds/land_shed_closed_small2.jpg",
    "id": "dzobj_uhs9u8aqc3"
  },
  {
    "objectName": "StaticObj_Shed_Open_Big_Complete",
    "inGameName": "-",
    "category": "structures_bliss",
    "modelType": "Config",
    "path": "dz/structures_bliss/industrial/sheds",
    "usableOnConsole": true,
    "searchTags": "livoniaa, industrial, sheds, shelter",
    "image": "images/structures_bliss/industrial/sheds/staticobj_shed_open_big_complete.jpg",
    "id": "dzobj_3uzpi0ijmt"
  },
  {
    "objectName": "StaticObj_Shed_Open_Big2_Complete",
    "inGameName": "-",
    "category": "structures_bliss",
    "modelType": "Config",
    "path": "dz/structures_bliss/industrial/sheds",
    "usableOnConsole": true,
    "searchTags": "livoniaa, industrial, sheds, shelter",
    "image": "images/structures_bliss/industrial/sheds/staticobj_shed_open_big2_complete.jpg",
    "id": "dzobj_o37gmfyxyd"
  },
  {
    "objectName": "StaticObj_Shed_Open_Small_Complete",
    "inGameName": "-",
    "category": "structures_bliss",
    "modelType": "Config",
    "path": "dz/structures_bliss/industrial/sheds",
    "usableOnConsole": true,
    "searchTags": "livoniaa, industrial, sheds, shelter",
    "image": "images/structures_bliss/industrial/sheds/staticobj_shed_open_small_complete.jpg",
    "id": "dzobj_qov6e65xlw"
  },
  {
    "objectName": "shed_closed_small1.p3d",
    "inGameName": "-",
    "category": "structures_bliss",
    "modelType": "Raw P3D",
    "path": "dz/structures_bliss/industrial/sheds",
    "usableOnConsole": false,
    "searchTags": "livoniaa, industrial, sheds, slum, improvised",
    "image": "images/structures_bliss/industrial/sheds/land_shed_closed_small1.jpg",
    "id": "dzobj_0dno7tpfir"
  },
  {
    "objectName": "shed_closed_small2.p3d",
    "inGameName": "-",
    "category": "structures_bliss",
    "modelType": "Raw P3D",
    "path": "dz/structures_bliss/industrial/sheds",
    "usableOnConsole": false,
    "searchTags": "livoniaa, industrial, sheds, slum, improvised",
    "image": "images/structures_bliss/industrial/sheds/land_shed_closed_small2.jpg",
    "id": "dzobj_xbwrtktuuh"
  },
  {
    "objectName": "shed_open_big2_complete.p3d",
    "inGameName": "-",
    "category": "structures_bliss",
    "modelType": "Raw P3D",
    "path": "dz/structures_bliss/industrial/sheds",
    "usableOnConsole": false,
    "searchTags": "livoniaa, industrial, sheds, shelter",
    "image": "images/structures_bliss/industrial/sheds/staticobj_shed_open_big2_complete.jpg",
    "id": "dzobj_qcxqt34wya"
  },
  {
    "objectName": "shed_open_big_complete.p3d",
    "inGameName": "-",
    "category": "structures_bliss",
    "modelType": "Raw P3D",
    "path": "dz/structures_bliss/industrial/sheds",
    "usableOnConsole": false,
    "searchTags": "livoniaa, industrial, sheds, shelter",
    "image": "images/structures_bliss/industrial/sheds/staticobj_shed_open_big_complete.jpg",
    "id": "dzobj_mbprp4zdps"
  },
  {
    "objectName": "shed_open_small_complete.p3d",
    "inGameName": "-",
    "category": "structures_bliss",
    "modelType": "Raw P3D",
    "path": "dz/structures_bliss/industrial/sheds",
    "usableOnConsole": false,
    "searchTags": "livoniaa, industrial, sheds, shelter",
    "image": "images/structures_bliss/industrial/sheds/staticobj_shed_open_small_complete.jpg",
    "id": "dzobj_m00jiknng5"
  },
  {
    "objectName": "Land_Shed_Closed2",
    "category": "structures_bliss",
    "modelType": "Config",
    "path": "dz/structures_bliss/industrial/sheds",
    "usableOnConsole": true,
    "searchTags": "livoniaa, industrial, sheds, warehouse, grey, metal",
    "image": "images/structures_bliss/industrial/sheds/land_shed_closed2.jpg",
    "id": "dzobj_sxyte4q4ct"
  },
  {
    "objectName": "shed_closed2.p3d",
    "category": "structures_bliss",
    "modelType": "Raw P3D",
    "path": "dz/structures_bliss/industrial/sheds",
    "usableOnConsole": false,
    "searchTags": "livoniaa, industrial, sheds, warehouse, grey, metal",
    "image": "images/structures_bliss/industrial/sheds/land_shed_closed2.jpg",
    "id": "dzobj_w8t2bq61fo"
  }
]
