[
  {
    "objectName": "Land_Conveyor_End",
    "inGameName": "-",
    "category": "structures_sakhal",
    "modelType": "Config",
    "path": "dz/structures_sakhal/industrial/stockyard",
    "usableOnConsole": true,
    "searchTags": "industrial, powerplant, sakhal, watch",
    "image": "images/structures_sakhal/industrial/stockyard/land_conveyor_end.jpg",
    "id": "dzobj_lu4sx4pozo"
  },
  {
    "objectName": "Land_Stockyard_Crusher",
    "inGameName": "-",
    "category": "structures_sakhal",
    "modelType": "Config",
    "path": "dz/structures_sakhal/industrial/stockyard",
    "usableOnConsole": true,
    "searchTags": "industrial, powerplant, sakhal, watch",
    "image": "images/structures_sakhal/industrial/stockyard/land_stockyard_crusher.jpg",
    "id": "dzobj_yyadsh8x8n"
  },
  {
    "objectName": "Land_Stockyard_Reclaimer",
    "inGameName": "-",
    "category": "structures_sakhal",
    "modelType": "Config",
    "path": "dz/structures_sakhal/industrial/stockyard",
    "usableOnConsole": true,
    "searchTags": "industrial, powerplant, sakhal, watch",
    "image": "images/structures_sakhal/industrial/stockyard/land_stockyard_reclaimer.jpg",
    "id": "dzobj_s4p1aspwni"
  },
  {
    "objectName": "Land_Stockyard_Shiploader",
    "inGameName": "-",
    "category": "structures_sakhal",
    "modelType": "Config",
    "path": "dz/structures_sakhal/industrial/stockyard",
    "usableOnConsole": true,
    "searchTags": "industrial, powerplant, sakhal, watch",
    "image": "images/structures_sakhal/industrial/stockyard/land_stockyard_shiploader.jpg",
    "id": "dzobj_o8eih1qh05"
  },
  {
    "objectName": "Land_Stockyard_Shiploader_Arm",
    "inGameName": "-",
    "category": "structures_sakhal",
    "modelType": "Config",
    "path": "dz/structures_sakhal/industrial/stockyard",
    "usableOnConsole": true,
    "searchTags": "industrial, powerplant, sakhal, watch",
    "image": "images/structures_sakhal/industrial/stockyard/land_stockyard_shiploader_arm.jpg",
    "id": "dzobj_kdl8h789lb"
  },
  {
    "objectName": "StaticObj_Conveyor_Chute",
    "inGameName": "-",
    "category": "structures_sakhal",
    "modelType": "Config",
    "path": "dz/structures_sakhal/industrial/stockyard",
    "usableOnConsole": true,
    "searchTags": "industrial, sakhal, stockyard",
    "image": "images/structures_sakhal/industrial/stockyard/staticobj_conveyor_chute.jpg",
    "id": "dzobj_wcjrxcdj8c"
  },
  {
    "objectName": "StaticObj_Conveyor_Junction",
    "inGameName": "-",
    "category": "structures_sakhal",
    "modelType": "Config",
    "path": "dz/structures_sakhal/industrial/stockyard",
    "usableOnConsole": true,
    "searchTags": "industrial, sakhal, stockyard",
    "image": "images/structures_sakhal/industrial/stockyard/staticobj_conveyor_junction.jpg",
    "id": "dzobj_68ike5dwbj"
  },
  {
    "objectName": "StaticObj_Conveyor_Long",
    "inGameName": "-",
    "category": "structures_sakhal",
    "modelType": "Config",
    "path": "dz/structures_sakhal/industrial/stockyard",
    "usableOnConsole": true,
    "searchTags": "industrial, sakhal, stockyard",
    "image": "images/structures_sakhal/industrial/stockyard/staticobj_conveyor_long.jpg",
    "id": "dzobj_pdlm56fy3h"
  },
  {
    "objectName": "StaticObj_Conveyor_Pillar",
    "inGameName": "-",
    "category": "structures_sakhal",
    "modelType": "Config",
    "path": "dz/structures_sakhal/industrial/stockyard",
    "usableOnConsole": true,
    "searchTags": "industrial, sakhal, stockyard",
    "image": "images/structures_sakhal/industrial/stockyard/staticobj_conveyor_pillar.jpg",
    "id": "dzobj_aub0ao7vrt"
  },
  {
    "objectName": "StaticObj_Conveyor_Short",
    "inGameName": "-",
    "category": "structures_sakhal",
    "modelType": "Config",
    "path": "dz/structures_sakhal/industrial/stockyard",
    "usableOnConsole": true,
    "searchTags": "industrial, sakhal, stockyard",
    "image": "images/structures_sakhal/industrial/stockyard/staticobj_conveyor_short.jpg",
    "id": "dzobj_ust84ea6me"
  },
  {
    "objectName": "StaticObj_Conveyor_Short2",
    "inGameName": "-",
    "category": "structures_sakhal",
    "modelType": "Config",
    "path": "dz/structures_sakhal/industrial/stockyard",
    "usableOnConsole": true,
    "searchTags": "industrial, sakhal, stockyard",
    "image": "images/structures_sakhal/industrial/stockyard/staticobj_conveyor_short2.jpg",
    "id": "dzobj_iks5mak8e7"
  },
  {
    "objectName": "StaticObj_Conveyor_Slope",
    "inGameName": "-",
    "category": "structures_sakhal",
    "modelType": "Config",
    "path": "dz/structures_sakhal/industrial/stockyard",
    "usableOnConsole": true,
    "searchTags": "industrial, sakhal, stockyard",
    "image": "images/structures_sakhal/industrial/stockyard/staticobj_conveyor_slope.jpg",
    "id": "dzobj_0ckn6rf9n5"
  },
  {
    "objectName": "StaticObj_Conveyor_Slope_NoSup",
    "inGameName": "-",
    "category": "structures_sakhal",
    "modelType": "Config",
    "path": "dz/structures_sakhal/industrial/stockyard",
    "usableOnConsole": true,
    "searchTags": "industrial, sakhal, stockyard",
    "image": "images/structures_sakhal/industrial/stockyard/staticobj_conveyor_slope_nosup.jpg",
    "id": "dzobj_cfceic5tk5"
  },
  {
    "objectName": "StaticObj_Conveyor_Tripper",
    "inGameName": "-",
    "category": "structures_sakhal",
    "modelType": "Config",
    "path": "dz/structures_sakhal/industrial/stockyard",
    "usableOnConsole": true,
    "searchTags": "industrial, sakhal, stockyard",
    "image": "images/structures_sakhal/industrial/stockyard/staticobj_conveyor_tripper.jpg",
    "id": "dzobj_up6lbth2n1"
  },
  {
    "objectName": "StaticObj_Stockyard_OreMound1",
    "inGameName": "-",
    "category": "structures_sakhal",
    "modelType": "Config",
    "path": "dz/structures_sakhal/industrial/stockyard",
    "usableOnConsole": true,
    "searchTags": "industrial, sakhal",
    "image": "images/structures_sakhal/industrial/stockyard/staticobj_stockyard_oremound1.jpg",
    "id": "dzobj_smh2licfhf"
  },
  {
    "objectName": "StaticObj_Stockyard_OreMound2",
    "inGameName": "-",
    "category": "structures_sakhal",
    "modelType": "Config",
    "path": "dz/structures_sakhal/industrial/stockyard",
    "usableOnConsole": true,
    "searchTags": "industrial, sakhal",
    "image": "images/structures_sakhal/industrial/stockyard/staticobj_stockyard_oremound2.jpg",
    "id": "dzobj_1npyrf4s0p"
  },
  {
    "objectName": "StaticObj_Stockyard_Rail",
    "inGameName": "-",
    "category": "structures_sakhal",
    "modelType": "Config",
    "path": "dz/structures_sakhal/industrial/stockyard",
    "usableOnConsole": true,
    "searchTags": "industrial, sakhal",
    "image": "images/structures_sakhal/industrial/stockyard/staticobj_stockyard_rail.jpg",
    "id": "dzobj_hx7udhwlyy"
  },
  {
    "objectName": "conveyor_chute.p3d",
    "inGameName": "-",
    "category": "structures_sakhal",
    "modelType": "Raw P3D",
    "path": "dz/structures_sakhal/industrial/stockyard",
    "usableOnConsole": false,
    "searchTags": "industrial, sakhal, stockyard",
    "image": "images/structures_sakhal/industrial/stockyard/conveyor_chute.p3d.jpg",
    "id": "dzobj_p2qkm8q9pz"
  },
  {
    "objectName": "conveyor_end.p3d",
    "inGameName": "-",
    "category": "structures_sakhal",
    "modelType": "Raw P3D",
    "path": "dz/structures_sakhal/industrial/stockyard",
    "usableOnConsole": false,
    "searchTags": "industrial, sakhal, stockyard",
    "image": "images/structures_sakhal/industrial/stockyard/conveyor_end.p3d.jpg",
    "id": "dzobj_d722z9pwa1"
  },
  {
    "objectName": "conveyor_junction.p3d",
    "inGameName": "-",
    "category": "structures_sakhal",
    "modelType": "Raw P3D",
    "path": "dz/structures_sakhal/industrial/stockyard",
    "usableOnConsole": false,
    "searchTags": "industrial, sakhal, stockyard",
    "image": "images/structures_sakhal/industrial/stockyard/conveyor_junction.p3d.jpg",
    "id": "dzobj_7txbrfa8vp"
  },
  {
    "objectName": "conveyor_long.p3d",
    "inGameName": "-",
    "category": "structures_sakhal",
    "modelType": "Raw P3D",
    "path": "dz/structures_sakhal/industrial/stockyard",
    "usableOnConsole": false,
    "searchTags": "industrial, sakhal, stockyard",
    "image": "images/structures_sakhal/industrial/stockyard/conveyor_long.p3d.jpg",
    "id": "dzobj_mxniih8kps"
  },
  {
    "objectName": "conveyor_pillar.p3d",
    "inGameName": "-",
    "category": "structures_sakhal",
    "modelType": "Raw P3D",
    "path": "dz/structures_sakhal/industrial/stockyard",
    "usableOnConsole": false,
    "searchTags": "industrial, sakhal, stockyard",
    "image": "images/structures_sakhal/industrial/stockyard/conveyor_pillar.p3d.jpg",
    "id": "dzobj_f5n7ppsck0"
  },
  {
    "objectName": "conveyor_short.p3d",
    "inGameName": "-",
    "category": "structures_sakhal",
    "modelType": "Raw P3D",
    "path": "dz/structures_sakhal/industrial/stockyard",
    "usableOnConsole": false,
    "searchTags": "industrial, sakhal, stockyard",
    "image": "images/structures_sakhal/industrial/stockyard/conveyor_short.p3d.jpg",
    "id": "dzobj_4jnfzuxmy0"
  },
  {
    "objectName": "conveyor_short2.p3d",
    "inGameName": "-",
    "category": "structures_sakhal",
    "modelType": "Raw P3D",
    "path": "dz/structures_sakhal/industrial/stockyard",
    "usableOnConsole": false,
    "searchTags": "industrial, sakhal, stockyard",
    "image": "images/structures_sakhal/industrial/stockyard/conveyor_short2.p3d.jpg",
    "id": "dzobj_1671xp5e1c"
  },
  {
    "objectName": "conveyor_slope.p3d",
    "inGameName": "-",
    "category": "structures_sakhal",
    "modelType": "Raw P3D",
    "path": "dz/structures_sakhal/industrial/stockyard",
    "usableOnConsole": false,
    "searchTags": "industrial, sakhal, stockyard",
    "image": "images/structures_sakhal/industrial/stockyard/conveyor_slope.p3d.jpg",
    "id": "dzobj_temqabx2vg"
  },
  {
    "objectName": "conveyor_slope_nosup.p3d",
    "inGameName": "-",
    "category": "structures_sakhal",
    "modelType": "Raw P3D",
    "path": "dz/structures_sakhal/industrial/stockyard",
    "usableOnConsole": false,
    "searchTags": "industrial, sakhal, stockyard",
    "image": "images/structures_sakhal/industrial/stockyard/conveyor_slope_nosup.p3d.jpg",
    "id": "dzobj_u1zvx0uxh0"
  },
  {
    "objectName": "conveyor_tripper.p3d",
    "inGameName": "-",
    "category": "structures_sakhal",
    "modelType": "Raw P3D",
    "path": "dz/structures_sakhal/industrial/stockyard",
    "usableOnConsole": false,
    "searchTags": "industrial, sakhal, stockyard",
    "image": "images/structures_sakhal/industrial/stockyard/conveyor_tripper.p3d.jpg",
    "id": "dzobj_25ai1cakit"
  },
  {
    "objectName": "stockyard_crusher.p3d",
    "inGameName": "-",
    "category": "structures_sakhal",
    "modelType": "Raw P3D",
    "path": "dz/structures_sakhal/industrial/stockyard",
    "usableOnConsole": false,
    "searchTags": "industrial, sakhal",
    "image": "images/structures_sakhal/industrial/stockyard/stockyard_crusher.p3d.jpg",
    "id": "dzobj_psbzp2bp4w"
  },
  {
    "objectName": "stockyard_oremound1.p3d",
    "inGameName": "-",
    "category": "structures_sakhal",
    "modelType": "Raw P3D",
    "path": "dz/structures_sakhal/industrial/stockyard",
    "usableOnConsole": false,
    "searchTags": "industrial, sakhal",
    "image": "images/structures_sakhal/industrial/stockyard/stockyard_oremound1.p3d.jpg",
    "id": "dzobj_cnhkb8xjl4"
  },
  {
    "objectName": "stockyard_oremound2.p3d",
    "inGameName": "-",
    "category": "structures_sakhal",
    "modelType": "Raw P3D",
    "path": "dz/structures_sakhal/industrial/stockyard",
    "usableOnConsole": false,
    "searchTags": "industrial, sakhal",
    "image": "images/structures_sakhal/industrial/stockyard/stockyard_oremound2.p3d.jpg",
    "id": "dzobj_zq5dzokhva"
  },
  {
    "objectName": "stockyard_rail.p3d",
    "inGameName": "-",
    "category": "structures_sakhal",
    "modelType": "Raw P3D",
    "path": "dz/structures_sakhal/industrial/stockyard",
    "usableOnConsole": false,
    "searchTags": "industrial, sakhal",
    "image": "images/structures_sakhal/industrial/stockyard/stockyard_rail.p3d.jpg",
    "id": "dzobj_tvncla6ru5"
  },
  {
    "objectName": "stockyard_reclaimer.p3d",
    "inGameName": "-",
    "category": "structures_sakhal",
    "modelType": "Raw P3D",
    "path": "dz/structures_sakhal/industrial/stockyard",
    "usableOnConsole": false,
    "searchTags": "industrial, sakhal",
    "image": "images/structures_sakhal/industrial/stockyard/stockyard_reclaimer.p3d.jpg",
    "id": "dzobj_f6nvojhiih"
  },
  {
    "objectName": "stockyard_shiploader.p3d",
    "inGameName": "-",
    "category": "structures_sakhal",
    "modelType": "Raw P3D",
    "path": "dz/structures_sakhal/industrial/stockyard",
    "usableOnConsole": false,
    "searchTags": "industrial, sakhal",
    "image": "images/structures_sakhal/industrial/stockyard/stockyard_shiploader.p3d.jpg",
    "id": "dzobj_bw7tia381t"
  },
  {
    "objectName": "stockyard_shiploader_arm.p3d",
    "inGameName": "-",
    "category": "structures_sakhal",
    "modelType": "Raw P3D",
    "path": "dz/structures_sakhal/industrial/stockyard",
    "usableOnConsole": false,
    "searchTags": "industrial, sakhal",
    "image": "images/structures_sakhal/industrial/stockyard/stockyard_shiploader_arm.p3d.jpg",
    "id": "dzobj_z5k035djvj"
  }
]
