[
  {
    "objectName": "WeldingMask",
    "inGameName": "Welding Mask",
    "category": "characters",
    "modelType": "Config",
    "path": "dz/characters/masks",
    "usableOnConsole": true,
    "searchTags": "face, masks, protection, loot",
    "image": "images/characters/masks/weldingmask/weldingmask.jpg"
  },
  {
    "objectName": "GasMask",
    "inGameName": "Combat Gas Mask",
    "category": "characters",
    "modelType": "Config",
    "path": "dz/characters/masks",
    "usableOnConsole": true,
    "searchTags": "combat, face, fuel, masks, protection, station, loot",
    "image": "images/characters/masks/gasmask/gasmask.jpg"
  },
  {
    "objectName": "NioshFaceMask",
    "inGameName": "Dust Mask",
    "category": "characters",
    "modelType": "Config",
    "path": "dz/characters/masks",
    "usableOnConsole": true,
    "searchTags": "dust, masks, protection, loot",
    "image": "images/characters/masks/nioshfacemask/nioshfacemask.jpg"
  },
  {
    "objectName": "BalaclavaMask_BDU",
    "inGameName": "Ski Mask",
    "category": "characters",
    "modelType": "Config",
    "path": "dz/characters/masks",
    "usableOnConsole": true,
    "searchTags": "face, masks, protection, ski, bank robbery, loot",
    "image": "images/characters/masks/balaclavamask_bdu/balaclavamask_bdu.jpg"
  },
  {
    "objectName": "BalaclavaMask_Beige",
    "inGameName": "Ski Mask",
    "category": "characters",
    "modelType": "Config",
    "path": "dz/characters/masks",
    "usableOnConsole": true,
    "searchTags": "face, masks, protection, ski, bank robbery, loot",
    "image": "images/characters/masks/balaclavamask_beige/balaclavamask_beige.jpg"
  },
  {
    "objectName": "BalaclavaMask_Black",
    "inGameName": "Ski Mask",
    "category": "characters",
    "modelType": "Config",
    "path": "dz/characters/masks",
    "usableOnConsole": true,
    "searchTags": "face, masks, protection, ski, bank robbery, loot",
    "image": "images/characters/masks/balaclavamask_black/balaclavamask_black.jpg"
  },
  {
    "objectName": "BalaclavaMask_Blackskull",
    "inGameName": "Ski Mask",
    "category": "characters",
    "modelType": "Config",
    "path": "dz/characters/masks",
    "usableOnConsole": true,
    "searchTags": "face, masks, protection, ski, bank robbery, loot",
    "image": "images/characters/masks/balaclavamask_blackskull/balaclavamask_blackskull.jpg"
  },
  {
    "objectName": "BalaclavaMask_Blue",
    "inGameName": "Ski Mask",
    "category": "characters",
    "modelType": "Config",
    "path": "dz/characters/masks",
    "usableOnConsole": true,
    "searchTags": "face, masks, protection, ski, bank robbery, loot",
    "image": "images/characters/masks/balaclavamask_blue/balaclavamask_blue.jpg"
  },
  {
    "objectName": "BalaclavaMask_Chain",
    "inGameName": "Ski Mask",
    "category": "characters",
    "modelType": "Config",
    "path": "dz/characters/masks",
    "usableOnConsole": true,
    "searchTags": "face, masks, protection, ski, bank robbery, loot",
    "image": "images/characters/masks/balaclavamask_chain/balaclavamask_chain.jpg"
  },
  {
    "objectName": "BalaclavaMask_Green",
    "inGameName": "Ski Mask",
    "category": "characters",
    "modelType": "Config",
    "path": "dz/characters/masks",
    "usableOnConsole": true,
    "searchTags": "face, masks, protection, ski, bank robbery, loot",
    "image": "images/characters/masks/balaclavamask_green/balaclavamask_green.jpg"
  },
  {
    "objectName": "BalaclavaMask_Pig",
    "inGameName": "Ski Mask",
    "category": "characters",
    "modelType": "Config",
    "path": "dz/characters/masks",
    "usableOnConsole": true,
    "searchTags": "face, masks, protection, ski, bank robbery, loot",
    "image": "images/characters/masks/balaclavamask_pig/balaclavamask_pig.jpg"
  },
  {
    "objectName": "BalaclavaMask_Pink",
    "inGameName": "Ski Mask",
    "category": "characters",
    "modelType": "Config",
    "path": "dz/characters/masks",
    "usableOnConsole": true,
    "searchTags": "face, masks, protection, ski, bank robbery, loot",
    "image": "images/characters/masks/balaclavamask_pink/balaclavamask_pink.jpg"
  },
  {
    "objectName": "BalaclavaMask_White",
    "inGameName": "Ski Mask",
    "category": "characters",
    "modelType": "Config",
    "path": "dz/characters/masks",
    "usableOnConsole": true,
    "searchTags": "face, masks, protection, ski, bank robbery, loot",
    "image": "images/characters/masks/balaclavamask_white/balaclavamask_white.jpg"
  },
  {
    "objectName": "PaydayMask_Dallas",
    "inGameName": "Dallas Mask",
    "category": "characters",
    "modelType": "Config",
    "path": "dz/characters/masks",
    "usableOnConsole": true,
    "searchTags": "face, masks, protection, bank robbery, loot",
    "image": "images/characters/masks/paydaymask_dallas/paydaymask_dallas.jpg"
  },
  {
    "objectName": "PaydayMask_Hoxton",
    "inGameName": "Hoxton Mask",
    "category": "characters",
    "modelType": "Config",
    "path": "dz/characters/masks",
    "usableOnConsole": true,
    "searchTags": "face, masks, protection, bank robbery, loot",
    "image": "images/characters/masks/paydaymask_hoxton/paydaymask_hoxton.jpg"
  },
  {
    "objectName": "PaydayMask_Wolf",
    "inGameName": "Wolf Mask",
    "category": "characters",
    "modelType": "Config",
    "path": "dz/characters/masks",
    "usableOnConsole": true,
    "searchTags": "face, masks, protection, bank robbery, loot",
    "image": "images/characters/masks/paydaymask_wolf/paydaymask_wolf.jpg"
  },
  {
    "objectName": "PaydayMask_Chains",
    "inGameName": "Chains Mask",
    "category": "characters",
    "modelType": "Config",
    "path": "dz/characters/masks",
    "usableOnConsole": true,
    "searchTags": "face, masks, protection, bank robbery, loot",
    "image": "images/characters/masks/paydaymask_chains/paydaymask_chains.jpg"
  },
  {
    "objectName": "GP5GasMask",
    "inGameName": "Gas Mask",
    "category": "characters",
    "modelType": "Config",
    "path": "dz/characters/masks",
    "usableOnConsole": true,
    "searchTags": "face, fuel, masks, protection, NBC, respirator, loot",
    "image": "images/characters/masks/gp5gasmask/gp5gasmask.jpg"
  },
  {
    "objectName": "AirborneMask",
    "inGameName": "NBC Respirator",
    "category": "characters",
    "modelType": "Config",
    "path": "dz/characters/masks",
    "usableOnConsole": true,
    "searchTags": "face, masks, nbc, protection, respirator, loot",
    "image": "images/characters/masks/airbornemask/airbornemask.jpg"
  },
  {
    "objectName": "Balaclava3Holes_Beige",
    "inGameName": "Balaclava",
    "category": "characters",
    "modelType": "Config",
    "path": "dz/characters/masks",
    "usableOnConsole": true,
    "searchTags": "masks, bank robbery, loot",
    "image": "images/characters/masks/balaclava3holes_beige/balaclava3holes_beige.jpg"
  },
  {
    "objectName": "Balaclava3Holes_Black",
    "inGameName": "Balaclava",
    "category": "characters",
    "modelType": "Config",
    "path": "dz/characters/masks",
    "usableOnConsole": true,
    "searchTags": "masks, bank robbery, loot",
    "image": "images/characters/masks/balaclava3holes_black/balaclava3holes_black.jpg"
  },
  {
    "objectName": "Balaclava3Holes_Blue",
    "inGameName": "Balaclava",
    "category": "characters",
    "modelType": "Config",
    "path": "dz/characters/masks",
    "usableOnConsole": true,
    "searchTags": "masks, bank robbery, loot",
    "image": "images/characters/masks/balaclava3holes_blue/balaclava3holes_blue.jpg"
  },
  {
    "objectName": "Balaclava3Holes_Green",
    "inGameName": "Balaclava",
    "category": "characters",
    "modelType": "Config",
    "path": "dz/characters/masks",
    "usableOnConsole": true,
    "searchTags": "masks, bank robbery, loot",
    "image": "images/characters/masks/balaclava3holes_green/balaclava3holes_green.jpg"
  },
  {
    "objectName": "Balaclava3Holes_White",
    "inGameName": "Balaclava",
    "category": "characters",
    "modelType": "Config",
    "path": "dz/characters/masks",
    "usableOnConsole": true,
    "searchTags": "masks, bank robbery, loot",
    "image": "images/characters/masks/balaclava3holes_white/balaclava3holes_white.jpg"
  },
  {
    "objectName": "SantasBeard",
    "inGameName": "Santa Beard",
    "category": "characters",
    "modelType": "Config",
    "path": "dz/characters/masks",
    "usableOnConsole": true,
    "searchTags": "masks, santa, festive, seasonal christmas, loot",
    "image": "images/characters/masks/santasbeard/santasbeard.jpg"
  },
  {
    "objectName": "SurgicalMask",
    "inGameName": "Surgical Mask",
    "category": "characters",
    "modelType": "Config",
    "path": "dz/characters/masks",
    "usableOnConsole": true,
    "searchTags": "face, masks, protection, medical, covering, covid, loot",
    "image": "images/characters/masks/surgicalmask/surgicalmask.jpg"
  },
  {
    "objectName": "HockeyMask",
    "inGameName": "Hockey Mask",
    "category": "characters",
    "modelType": "Config",
    "path": "dz/characters/masks",
    "usableOnConsole": true,
    "searchTags": "face, masks, protection, sports, loot",
    "image": "images/characters/masks/hockeymask/hockeymask.jpg"
  },
  {
    "objectName": "MimeMask_Male",
    "inGameName": "Mime Mask",
    "category": "characters",
    "modelType": "Config",
    "path": "dz/characters/masks",
    "usableOnConsole": true,
    "searchTags": "face, masks, protection, creepy, loot",
    "image": "images/characters/masks/mimemask_male/mimemask_male.jpg"
  },
  {
    "objectName": "CrookedNose",
    "inGameName": "Crooked Nose",
    "category": "characters",
    "modelType": "Config",
    "path": "dz/characters/masks",
    "usableOnConsole": true,
    "searchTags": "masks, halloween, witch, seasonal, loot",
    "image": "images/characters/masks/crookednose/crookednose.jpg"
  },
  {
    "objectName": "FaceCover_Improvised",
    "inGameName": "Improvised Face Wrapping",
    "category": "characters",
    "modelType": "Config",
    "path": "dz/characters/masks",
    "usableOnConsole": true,
    "searchTags": "masks, wrapping, rags, loot",
    "image": "images/characters/masks/facecover_improvised/facecover_improvised.jpg"
  },
  {
    "objectName": "airborne_mask_g.p3d",
    "inGameName": "NBC Respirator",
    "category": "characters",
    "modelType": "Raw P3D",
    "path": "dz/characters/masks",
    "usableOnConsole": false,
    "searchTags": "face, masks, nbc, protection, respirator, loot",
    "image": "images/characters/masks/airbornemask/airbornemask.jpg"
  },
  {
    "objectName": "balaclava_3holes_g.p3d",
    "inGameName": "Balaclava",
    "category": "characters",
    "modelType": "Raw P3D",
    "path": "dz/characters/masks",
    "usableOnConsole": false,
    "searchTags": "masks, bank robbery, loot",
    "image": "images/characters/masks/balaclava3holes_beige/balaclava3holes_beige.jpg"
  },
  {
    "objectName": "balaclava_g.p3d",
    "inGameName": "Ski Mask",
    "category": "characters",
    "modelType": "Raw P3D",
    "path": "dz/characters/masks",
    "usableOnConsole": false,
    "searchTags": "face, masks, protection, ski, bank robbery, loot",
    "image": "images/characters/masks/balaclavamask_bdu/balaclavamask_bdu.jpg"
  },
  {
    "objectName": "bandanaface_g.p3d",
    "inGameName": "-",
    "category": "characters",
    "modelType": "Raw P3D",
    "path": "dz/characters/masks",
    "usableOnConsole": false,
    "searchTags": "[MATCH TO CONFIG], loot",
    "image": "images/characters/masks/bandanaface_g.p3d.jpg"
  },
  {
    "objectName": "chainsmask_g.p3d",
    "inGameName": "Chains Mask",
    "category": "characters",
    "modelType": "Raw P3D",
    "path": "dz/characters/masks",
    "usableOnConsole": false,
    "searchTags": "face, masks, protection, bank robbery, loot",
    "image": "images/characters/masks/paydaymask_chains/paydaymask_chains.jpg"
  },
  {
    "objectName": "crookednose_g.p3d",
    "inGameName": "Crooked Nose",
    "category": "characters",
    "modelType": "Raw P3D",
    "path": "dz/characters/masks",
    "usableOnConsole": false,
    "searchTags": "masks, halloween, witch, seasonal, loot",
    "image": "images/characters/masks/crookednose/crookednose.jpg"
  },
  {
    "objectName": "dallasmask_g.p3d",
    "inGameName": "Dallas Mask",
    "category": "characters",
    "modelType": "Raw P3D",
    "path": "dz/characters/masks",
    "usableOnConsole": false,
    "searchTags": "face, masks, protection, bank robbery, loot",
    "image": "images/characters/masks/paydaymask_dallas/paydaymask_dallas.jpg"
  },
  {
    "objectName": "facecover_improvised_g.p3d",
    "inGameName": "Improvised Face Wrapping",
    "category": "characters",
    "modelType": "Raw P3D",
    "path": "dz/characters/masks",
    "usableOnConsole": false,
    "searchTags": "masks, wrapping, rags, loot",
    "image": "images/characters/masks/facecover_improvised/facecover_improvised.jpg"
  },
  {
    "objectName": "gasmask_g.p3d",
    "inGameName": "Combat Gas Mask",
    "category": "characters",
    "modelType": "Raw P3D",
    "path": "dz/characters/masks",
    "usableOnConsole": false,
    "searchTags": "combat, face, fuel, masks, protection, station, loot",
    "image": "images/characters/masks/gasmask/gasmask.jpg"
  },
  {
    "objectName": "gp5gasmask_filter.p3d",
    "inGameName": "-",
    "category": "characters",
    "modelType": "Raw P3D",
    "path": "dz/characters/masks",
    "usableOnConsole": false,
    "searchTags": "[MATCH TO CONFIG], loot",
    "image": "images/characters/masks/gp5gasmask_filter.p3d.jpg"
  },
  {
    "objectName": "gp5gasmask_g.p3d",
    "inGameName": "Gas Mask",
    "category": "characters",
    "modelType": "Raw P3D",
    "path": "dz/characters/masks",
    "usableOnConsole": false,
    "searchTags": "face, fuel, masks, protection, NBC, respirator, loot",
    "image": "images/characters/masks/gp5gasmask/gp5gasmask.jpg"
  },
  {
    "objectName": "hoxtonmask_g.p3d",
    "inGameName": "Hoxton Mask",
    "category": "characters",
    "modelType": "Raw P3D",
    "path": "dz/characters/masks",
    "usableOnConsole": false,
    "searchTags": "face, masks, protection, bank robbery, loot",
    "image": "images/characters/masks/paydaymask_hoxton/paydaymask_hoxton.jpg"
  },
  {
    "objectName": "mimemask_g.p3d",
    "inGameName": "Mime Mask",
    "category": "characters",
    "modelType": "Raw P3D",
    "path": "dz/characters/masks",
    "usableOnConsole": false,
    "searchTags": "face, masks, protection, creepy, loot",
    "image": "images/characters/masks/mimemask_male/mimemask_male.jpg"
  },
  {
    "objectName": "mouth_rags.p3d",
    "inGameName": "-",
    "category": "characters",
    "modelType": "Raw P3D",
    "path": "dz/characters/masks",
    "usableOnConsole": false,
    "searchTags": "[MATCH TO CONFIG], loot",
    "image": "images/characters/masks/mouth_rags.p3d.jpg"
  },
  {
    "objectName": "nioshfacemask_g.p3d",
    "inGameName": "Dust Mask",
    "category": "characters",
    "modelType": "Raw P3D",
    "path": "dz/characters/masks",
    "usableOnConsole": false,
    "searchTags": "dust, masks, protection, loot",
    "image": "images/characters/masks/nioshfacemask/nioshfacemask.jpg"
  },
  {
    "objectName": "santasbeard_g.p3d",
    "inGameName": "Santa Beard",
    "category": "characters",
    "modelType": "Raw P3D",
    "path": "dz/characters/masks",
    "usableOnConsole": false,
    "searchTags": "masks, santa, festive, seasonal christmas, loot",
    "image": "images/characters/masks/santasbeard/santasbeard.jpg"
  },
  {
    "objectName": "surgical_mask_g.p3d",
    "inGameName": "Surgical Mask",
    "category": "characters",
    "modelType": "Raw P3D",
    "path": "dz/characters/masks",
    "usableOnConsole": false,
    "searchTags": "face, masks, protection, medical, covering, covid, loot",
    "image": "images/characters/masks/surgicalmask/surgicalmask.jpg"
  },
  {
    "objectName": "vintagehockeymask_g.p3d",
    "inGameName": "Hockey Mask",
    "category": "characters",
    "modelType": "Raw P3D",
    "path": "dz/characters/masks",
    "usableOnConsole": false,
    "searchTags": "face, masks, protection, sports, loot",
    "image": "images/characters/masks/hockeymask/hockeymask.jpg"
  },
  {
    "objectName": "welding_mask_g.p3d",
    "inGameName": "Welding Mask",
    "category": "characters",
    "modelType": "Raw P3D",
    "path": "dz/characters/masks",
    "usableOnConsole": false,
    "searchTags": "face, masks, protection, loot",
    "image": "images/characters/masks/weldingmask/weldingmask.jpg"
  },
  {
    "objectName": "wolfmask_g.p3d",
    "inGameName": "Wolf Mask",
    "category": "characters",
    "modelType": "Raw P3D",
    "path": "dz/characters/masks",
    "usableOnConsole": false,
    "searchTags": "face, masks, protection, bank robbery, loot",
    "image": "images/characters/masks/paydaymask_wolf/paydaymask_wolf.jpg"
  },
  {
    "objectName": "MimeMask_Female",
    "inGameName": "Mime Mask",
    "category": "characters",
    "modelType": "Config",
    "path": "dz/characters/masks",
    "usableOnConsole": true,
    "searchTags": "face, masks, protection, creepy, loot",
    "image": "images/characters/masks/mimemask_female/mimemask_female.jpg"
  }
]
