[
  {
    "objectName": "StaticObj_Furniture_cashier",
    "inGameName": "-",
    "category": "structures",
    "modelType": "Config",
    "path": "dz/structures/furniture/generalstore",
    "usableOnConsole": true,
    "searchTags": "store, shop, decoration",
    "image": "images/structures/furniture/generalstore/staticobj_furniture_cashier.jpg"
  },
  {
    "objectName": "StaticObj_Furniture_icebox",
    "inGameName": "-",
    "category": "structures",
    "modelType": "Config",
    "path": "dz/structures/furniture/generalstore",
    "usableOnConsole": true,
    "searchTags": "store, shop, decoration",
    "image": "images/structures/furniture/generalstore/staticobj_furniture_icebox.jpg"
  },
  {
    "objectName": "StaticObj_Furniture_pult",
    "inGameName": "-",
    "category": "structures",
    "modelType": "Config",
    "path": "dz/structures/furniture/generalstore",
    "usableOnConsole": true,
    "searchTags": "store, shop, decoration",
    "image": "images/structures/furniture/generalstore/staticobj_furniture_pult.jpg"
  },
  {
    "objectName": "StaticObj_Furniture_pultskasou",
    "inGameName": "-",
    "category": "structures",
    "modelType": "Config",
    "path": "dz/structures/furniture/generalstore",
    "usableOnConsole": true,
    "searchTags": "store, shop, decoration",
    "image": "images/structures/furniture/generalstore/staticobj_furniture_pultskasou.jpg"
  },
  {
    "objectName": "StaticObj_Furniture_scale",
    "inGameName": "-",
    "category": "structures",
    "modelType": "Config",
    "path": "dz/structures/furniture/generalstore",
    "usableOnConsole": true,
    "searchTags": "store, shop, decoration",
    "image": "images/structures/furniture/generalstore/staticobj_furniture_scale.jpg"
  },
  {
    "objectName": "StaticObj_Furniture_shelf",
    "inGameName": "-",
    "category": "structures",
    "modelType": "Config",
    "path": "dz/structures/furniture/generalstore",
    "usableOnConsole": true,
    "searchTags": "store, shop, decoration",
    "image": "images/structures/furniture/generalstore/staticobj_furniture_shelf.jpg"
  },
  {
    "objectName": "StaticObj_Furniture_shelf_1side",
    "inGameName": "-",
    "category": "structures",
    "modelType": "Config",
    "path": "dz/structures/furniture/generalstore",
    "usableOnConsole": true,
    "searchTags": "store, shop, decoration",
    "image": "images/structures/furniture/generalstore/staticobj_furniture_shelf_1side.jpg"
  },
  {
    "objectName": "cashier.p3d",
    "inGameName": "-",
    "category": "structures",
    "modelType": "Raw P3D",
    "path": "dz/structures/furniture/generalstore",
    "usableOnConsole": false,
    "searchTags": "store, shop, decoration",
    "image": "images/structures/furniture/generalstore/cashier.p3d.jpg"
  },
  {
    "objectName": "icebox.p3d",
    "inGameName": "-",
    "category": "structures",
    "modelType": "Raw P3D",
    "path": "dz/structures/furniture/generalstore",
    "usableOnConsole": false,
    "searchTags": "store, shop, decoration",
    "image": "images/structures/furniture/generalstore/icebox.p3d.jpg"
  },
  {
    "objectName": "pult.p3d",
    "inGameName": "-",
    "category": "structures",
    "modelType": "Raw P3D",
    "path": "dz/structures/furniture/generalstore",
    "usableOnConsole": false,
    "searchTags": "store, shop, decoration",
    "image": "images/structures/furniture/generalstore/pult.p3d.jpg"
  },
  {
    "objectName": "pultskasou.p3d",
    "inGameName": "-",
    "category": "structures",
    "modelType": "Raw P3D",
    "path": "dz/structures/furniture/generalstore",
    "usableOnConsole": false,
    "searchTags": "store, shop, decoration",
    "image": "images/structures/furniture/generalstore/pultskasou.p3d.jpg"
  },
  {
    "objectName": "scale.p3d",
    "inGameName": "-",
    "category": "structures",
    "modelType": "Raw P3D",
    "path": "dz/structures/furniture/generalstore",
    "usableOnConsole": false,
    "searchTags": "store, shop, decoration",
    "image": "images/structures/furniture/generalstore/scale.p3d.jpg"
  },
  {
    "objectName": "shelf.p3d",
    "inGameName": "-",
    "category": "structures",
    "modelType": "Raw P3D",
    "path": "dz/structures/furniture/generalstore",
    "usableOnConsole": false,
    "searchTags": "store, shop, decoration",
    "image": "images/structures/furniture/generalstore/shelf.p3d.jpg"
  },
  {
    "objectName": "shelf_1side.p3d",
    "inGameName": "-",
    "category": "structures",
    "modelType": "Raw P3D",
    "path": "dz/structures/furniture/generalstore",
    "usableOnConsole": false,
    "searchTags": "store, shop, decoration",
    "image": "images/structures/furniture/generalstore/shelf_1side.p3d.jpg"
  }
]
