[
  {
    "objectName": "StaticObj_Furniture_Anvil",
    "inGameName": "-",
    "category": "structures",
    "modelType": "Config",
    "path": "dz/structures/furniture/various",
    "usableOnConsole": true,
    "searchTags": "decoration",
    "image": "images/structures/furniture/various/staticobj_furniture_anvil.jpg",
    "id": "dzobj_i970o6ahha"
  },
  {
    "objectName": "StaticObj_Furniture_bag_DZ",
    "inGameName": "-",
    "category": "structures",
    "modelType": "Config",
    "path": "dz/structures/furniture/various",
    "usableOnConsole": true,
    "searchTags": "backpack, storage, decoration",
    "image": "images/structures/furniture/various/staticobj_furniture_bag_dz.jpg",
    "id": "dzobj_08yaytguo3"
  },
  {
    "objectName": "StaticObj_Furniture_bar_shelves_DZ",
    "inGameName": "-",
    "category": "structures",
    "modelType": "Config",
    "path": "dz/structures/furniture/various",
    "usableOnConsole": true,
    "searchTags": "decoration",
    "image": "images/structures/furniture/various/staticobj_furniture_bar_shelves_dz.jpg",
    "id": "dzobj_02kb56de6k"
  },
  {
    "objectName": "StaticObj_Furniture_bar_tap_DZ",
    "inGameName": "-",
    "category": "structures",
    "modelType": "Config",
    "path": "dz/structures/furniture/various",
    "usableOnConsole": true,
    "searchTags": "decoration",
    "image": "images/structures/furniture/various/staticobj_furniture_bar_tap_dz.jpg",
    "id": "dzobj_b6rmbm6pul"
  },
  {
    "objectName": "StaticObj_Furniture_boots_DZ",
    "inGameName": "-",
    "category": "structures",
    "modelType": "Config",
    "path": "dz/structures/furniture/various",
    "usableOnConsole": true,
    "searchTags": "decoration",
    "image": "images/structures/furniture/various/staticobj_furniture_boots_dz.jpg",
    "id": "dzobj_wybucre7yi"
  },
  {
    "objectName": "StaticObj_Furniture_canister_DZ",
    "inGameName": "-",
    "category": "structures",
    "modelType": "Config",
    "path": "dz/structures/furniture/various",
    "usableOnConsole": true,
    "searchTags": "decoration",
    "image": "images/structures/furniture/various/staticobj_furniture_canister_dz.jpg",
    "id": "dzobj_v7daci8aqp"
  },
  {
    "objectName": "StaticObj_Furniture_carpet_2_DZ",
    "inGameName": "-",
    "category": "structures",
    "modelType": "Config",
    "path": "dz/structures/furniture/various",
    "usableOnConsole": true,
    "searchTags": "decoration",
    "image": "images/structures/furniture/various/staticobj_furniture_carpet_2_dz.jpg",
    "id": "dzobj_4njbvmo0py"
  },
  {
    "objectName": "StaticObj_Furniture_chest_DZ",
    "inGameName": "-",
    "category": "structures",
    "modelType": "Config",
    "path": "dz/structures/furniture/various",
    "usableOnConsole": true,
    "searchTags": "decoration",
    "image": "images/structures/furniture/various/staticobj_furniture_chest_dz.jpg",
    "id": "dzobj_agaj1vpk92"
  },
  {
    "objectName": "StaticObj_Furniture_Couch_Beige84x213x75_DZ",
    "inGameName": "-",
    "category": "structures",
    "modelType": "Config",
    "path": "dz/structures/furniture/various",
    "usableOnConsole": true,
    "searchTags": "decoration",
    "image": "images/structures/furniture/various/staticobj_furniture_couch_beige84x213x75_dz.jpg",
    "id": "dzobj_ek2t3tmmx0"
  },
  {
    "objectName": "StaticObj_Furniture_couch_DZ",
    "inGameName": "-",
    "category": "structures",
    "modelType": "Config",
    "path": "dz/structures/furniture/various",
    "usableOnConsole": true,
    "searchTags": "decoration",
    "image": "images/structures/furniture/various/staticobj_furniture_couch_dz.jpg",
    "id": "dzobj_1dfmv8czts"
  },
  {
    "objectName": "StaticObj_Furniture_debris_small_house",
    "inGameName": "-",
    "category": "structures",
    "modelType": "Config",
    "path": "dz/structures/furniture/various",
    "usableOnConsole": true,
    "searchTags": "decoration",
    "image": "images/structures/furniture/various/staticobj_furniture_debris_small_house.jpg",
    "id": "dzobj_d0hy6tltfn"
  },
  {
    "objectName": "StaticObj_Furniture_dirtpile_small_house",
    "inGameName": "-",
    "category": "structures",
    "modelType": "Config",
    "path": "dz/structures/furniture/various",
    "usableOnConsole": true,
    "searchTags": "decoration",
    "image": "images/structures/furniture/various/staticobj_furniture_dirtpile_small_house.jpg",
    "id": "dzobj_n0p8pulf9k"
  },
  {
    "objectName": "StaticObj_Furniture_drapes",
    "inGameName": "-",
    "category": "structures",
    "modelType": "Config",
    "path": "dz/structures/furniture/various",
    "usableOnConsole": true,
    "searchTags": "decoration",
    "image": "images/structures/furniture/various/staticobj_furniture_drapes.jpg",
    "id": "dzobj_p4qzjly4q8"
  },
  {
    "objectName": "StaticObj_Furniture_drapes_long",
    "inGameName": "-",
    "category": "structures",
    "modelType": "Config",
    "path": "dz/structures/furniture/various",
    "usableOnConsole": true,
    "searchTags": "decoration",
    "image": "images/structures/furniture/various/staticobj_furniture_drapes_long.jpg",
    "id": "dzobj_kpmtvtnzaj"
  },
  {
    "objectName": "StaticObj_Furniture_Drill",
    "inGameName": "-",
    "category": "structures",
    "modelType": "Config",
    "path": "dz/structures/furniture/various",
    "usableOnConsole": true,
    "searchTags": "decoration",
    "image": "images/structures/furniture/various/staticobj_furniture_drill.jpg",
    "id": "dzobj_s0fuamivdi"
  },
  {
    "objectName": "StaticObj_Furniture_FlagHolder",
    "inGameName": "-",
    "category": "structures",
    "modelType": "Config",
    "path": "dz/structures/furniture/various",
    "usableOnConsole": true,
    "searchTags": "banner, signal, decoration",
    "image": "images/structures/furniture/various/staticobj_furniture_flagholder.jpg",
    "id": "dzobj_0qwlu5zpty"
  },
  {
    "objectName": "StaticObj_Furniture_FuseBox",
    "inGameName": "-",
    "category": "structures",
    "modelType": "Config",
    "path": "dz/structures/furniture/various",
    "usableOnConsole": true,
    "searchTags": "crate, storage, decoration",
    "image": "images/structures/furniture/various/staticobj_furniture_fusebox.jpg",
    "id": "dzobj_7on9sdyp81"
  },
  {
    "objectName": "StaticObj_Furniture_grinder",
    "inGameName": "-",
    "category": "structures",
    "modelType": "Config",
    "path": "dz/structures/furniture/various",
    "usableOnConsole": true,
    "searchTags": "decoration",
    "image": "images/structures/furniture/various/staticobj_furniture_grinder.jpg",
    "id": "dzobj_zy0d4cobf1"
  },
  {
    "objectName": "StaticObj_Furniture_kitchen_unit_a_DZ",
    "inGameName": "-",
    "category": "structures",
    "modelType": "Config",
    "path": "dz/structures/furniture/various",
    "usableOnConsole": true,
    "searchTags": "cooking, interior, decoration",
    "image": "images/structures/furniture/various/staticobj_furniture_kitchen_unit_a_dz.jpg",
    "id": "dzobj_idal2d83x2"
  },
  {
    "objectName": "StaticObj_Furniture_ladder_A_wood",
    "inGameName": "-",
    "category": "structures",
    "modelType": "Config",
    "path": "dz/structures/furniture/various",
    "usableOnConsole": true,
    "searchTags": "decoration",
    "image": "images/structures/furniture/various/staticobj_furniture_ladder_a_wood.jpg",
    "id": "dzobj_dxzch7or8r"
  },
  {
    "objectName": "StaticObj_Furniture_Metal_cutting_saw",
    "inGameName": "-",
    "category": "structures",
    "modelType": "Config",
    "path": "dz/structures/furniture/various",
    "usableOnConsole": true,
    "searchTags": "decoration",
    "image": "images/structures/furniture/various/staticobj_furniture_metal_cutting_saw.jpg",
    "id": "dzobj_psrrgt7hm1"
  },
  {
    "objectName": "StaticObj_Furniture_rack_DZ",
    "inGameName": "-",
    "category": "structures",
    "modelType": "Config",
    "path": "dz/structures/furniture/various",
    "usableOnConsole": true,
    "searchTags": "decoration",
    "image": "images/structures/furniture/various/staticobj_furniture_rack_dz.jpg",
    "id": "dzobj_ozbvsv16gd"
  },
  {
    "objectName": "StaticObj_Furniture_sawhorse_DZ",
    "inGameName": "-",
    "category": "structures",
    "modelType": "Config",
    "path": "dz/structures/furniture/various",
    "usableOnConsole": true,
    "searchTags": "decoration",
    "image": "images/structures/furniture/various/staticobj_furniture_sawhorse_dz.jpg",
    "id": "dzobj_yw4jh2medg"
  },
  {
    "objectName": "StaticObj_Furniture_shelf_DZ",
    "inGameName": "-",
    "category": "structures",
    "modelType": "Config",
    "path": "dz/structures/furniture/various",
    "usableOnConsole": true,
    "searchTags": "decoration",
    "image": "images/structures/furniture/various/staticobj_furniture_shelf_dz.jpg",
    "id": "dzobj_qzmn5vrf7k"
  },
  {
    "objectName": "StaticObj_Furniture_soustruh_proxy",
    "inGameName": "-",
    "category": "structures",
    "modelType": "Config",
    "path": "dz/structures/furniture/various",
    "usableOnConsole": true,
    "searchTags": "decoration",
    "image": "images/structures/furniture/various/staticobj_furniture_soustruh_proxy.jpg",
    "id": "dzobj_c6t4wvb4w4"
  },
  {
    "objectName": "StaticObj_Furniture_table_DZ",
    "inGameName": "-",
    "category": "structures",
    "modelType": "Config",
    "path": "dz/structures/furniture/various",
    "usableOnConsole": true,
    "searchTags": "desk, decoration",
    "image": "images/structures/furniture/various/staticobj_furniture_table_dz.jpg",
    "id": "dzobj_076czk58wv"
  },
  {
    "objectName": "StaticObj_Furniture_tools_racking_DZ",
    "inGameName": "-",
    "category": "structures",
    "modelType": "Config",
    "path": "dz/structures/furniture/various",
    "usableOnConsole": true,
    "searchTags": "decoration",
    "image": "images/structures/furniture/various/staticobj_furniture_tools_racking_dz.jpg",
    "id": "dzobj_nlytxzo09t"
  },
  {
    "objectName": "StaticObj_Furniture_Vise",
    "inGameName": "-",
    "category": "structures",
    "modelType": "Config",
    "path": "dz/structures/furniture/various",
    "usableOnConsole": true,
    "searchTags": "decoration",
    "image": "images/structures/furniture/various/staticobj_furniture_vise.jpg",
    "id": "dzobj_bl5recduux"
  },
  {
    "objectName": "StaticObj_Furniture_wheel_cart_DZ",
    "inGameName": "-",
    "category": "structures",
    "modelType": "Config",
    "path": "dz/structures/furniture/various",
    "usableOnConsole": true,
    "searchTags": "decoration",
    "image": "images/structures/furniture/various/staticobj_furniture_wheel_cart_dz.jpg",
    "id": "dzobj_fu18i23c7h"
  },
  {
    "objectName": "StaticObj_Furniture_Workbench",
    "inGameName": "-",
    "category": "structures",
    "modelType": "Config",
    "path": "dz/structures/furniture/various",
    "usableOnConsole": true,
    "searchTags": "decoration",
    "image": "images/structures/furniture/various/staticobj_furniture_workbench.jpg",
    "id": "dzobj_v7wpn0e0gj"
  },
  {
    "objectName": "StaticObj_Furniture_workbench_DZ",
    "inGameName": "-",
    "category": "structures",
    "modelType": "Config",
    "path": "dz/structures/furniture/various",
    "usableOnConsole": true,
    "searchTags": "decoration",
    "image": "images/structures/furniture/various/staticobj_furniture_workbench_dz.jpg",
    "id": "dzobj_1oawzv11tp"
  },
  {
    "objectName": "anvil.p3d",
    "inGameName": "-",
    "category": "structures",
    "modelType": "Raw P3D",
    "path": "dz/structures/furniture/various",
    "usableOnConsole": false,
    "searchTags": "furniture, decoration",
    "image": "images/structures/furniture/various/anvil.p3d.jpg",
    "id": "dzobj_s6yx0qvx6c"
  },
  {
    "objectName": "bag_dz.p3d",
    "inGameName": "-",
    "category": "structures",
    "modelType": "Raw P3D",
    "path": "dz/structures/furniture/various",
    "usableOnConsole": false,
    "searchTags": "backpack, furniture, storage, decoration",
    "image": "images/structures/furniture/various/bag_dz.p3d.jpg",
    "id": "dzobj_qi0mgar724"
  },
  {
    "objectName": "bar_shelves_dz.p3d",
    "inGameName": "-",
    "category": "structures",
    "modelType": "Raw P3D",
    "path": "dz/structures/furniture/various",
    "usableOnConsole": false,
    "searchTags": "furniture, decoration",
    "image": "images/structures/furniture/various/bar_shelves_dz.p3d.jpg",
    "id": "dzobj_atzgjs96kl"
  },
  {
    "objectName": "bar_tap_dz.p3d",
    "inGameName": "-",
    "category": "structures",
    "modelType": "Raw P3D",
    "path": "dz/structures/furniture/various",
    "usableOnConsole": false,
    "searchTags": "furniture, decoration",
    "image": "images/structures/furniture/various/bar_tap_dz.p3d.jpg",
    "id": "dzobj_rz9vxr1gw5"
  },
  {
    "objectName": "boots_dz.p3d",
    "inGameName": "-",
    "category": "structures",
    "modelType": "Raw P3D",
    "path": "dz/structures/furniture/various",
    "usableOnConsole": false,
    "searchTags": "furniture, decoration",
    "image": "images/structures/furniture/various/boots_dz.p3d.jpg",
    "id": "dzobj_vstk511dh2"
  },
  {
    "objectName": "canister_dz.p3d",
    "inGameName": "-",
    "category": "structures",
    "modelType": "Raw P3D",
    "path": "dz/structures/furniture/various",
    "usableOnConsole": false,
    "searchTags": "furniture, decoration",
    "image": "images/structures/furniture/various/canister_dz.p3d.jpg",
    "id": "dzobj_favsdww0ki"
  },
  {
    "objectName": "carpet_2_dz.p3d",
    "inGameName": "-",
    "category": "structures",
    "modelType": "Raw P3D",
    "path": "dz/structures/furniture/various",
    "usableOnConsole": false,
    "searchTags": "furniture, decoration",
    "image": "images/structures/furniture/various/carpet_2_dz.p3d.jpg",
    "id": "dzobj_cgjo65a100"
  },
  {
    "objectName": "chest_dz.p3d",
    "inGameName": "-",
    "category": "structures",
    "modelType": "Raw P3D",
    "path": "dz/structures/furniture/various",
    "usableOnConsole": false,
    "searchTags": "furniture, decoration",
    "image": "images/structures/furniture/various/chest_dz.p3d.jpg",
    "id": "dzobj_sfb11zf6kc"
  },
  {
    "objectName": "couch_beige84x213x75_dz.p3d",
    "inGameName": "-",
    "category": "structures",
    "modelType": "Raw P3D",
    "path": "dz/structures/furniture/various",
    "usableOnConsole": false,
    "searchTags": "furniture, decoration",
    "image": "images/structures/furniture/various/couch_beige84x213x75_dz.p3d.jpg",
    "id": "dzobj_8tjxig6gbq"
  },
  {
    "objectName": "couch_dz.p3d",
    "inGameName": "-",
    "category": "structures",
    "modelType": "Raw P3D",
    "path": "dz/structures/furniture/various",
    "usableOnConsole": false,
    "searchTags": "furniture, decoration",
    "image": "images/structures/furniture/various/couch_dz.p3d.jpg",
    "id": "dzobj_5xel827b3b"
  },
  {
    "objectName": "debris_small_house.p3d",
    "inGameName": "-",
    "category": "structures",
    "modelType": "Raw P3D",
    "path": "dz/structures/furniture/various",
    "usableOnConsole": false,
    "searchTags": "furniture, decoration",
    "image": "images/structures/furniture/various/debris_small_house.p3d.jpg",
    "id": "dzobj_yf2b8dx41k"
  },
  {
    "objectName": "dirtpile_small_house.p3d",
    "inGameName": "-",
    "category": "structures",
    "modelType": "Raw P3D",
    "path": "dz/structures/furniture/various",
    "usableOnConsole": false,
    "searchTags": "furniture, decoration",
    "image": "images/structures/furniture/various/dirtpile_small_house.p3d.jpg",
    "id": "dzobj_brim90fu6y"
  },
  {
    "objectName": "drapes.p3d",
    "inGameName": "-",
    "category": "structures",
    "modelType": "Raw P3D",
    "path": "dz/structures/furniture/various",
    "usableOnConsole": false,
    "searchTags": "furniture, decoration",
    "image": "images/structures/furniture/various/drapes.p3d.jpg",
    "id": "dzobj_twv2ce2bra"
  },
  {
    "objectName": "drapes_long.p3d",
    "inGameName": "-",
    "category": "structures",
    "modelType": "Raw P3D",
    "path": "dz/structures/furniture/various",
    "usableOnConsole": false,
    "searchTags": "furniture, decoration",
    "image": "images/structures/furniture/various/drapes_long.p3d.jpg",
    "id": "dzobj_jktjptollx"
  },
  {
    "objectName": "drill.p3d",
    "inGameName": "-",
    "category": "structures",
    "modelType": "Raw P3D",
    "path": "dz/structures/furniture/various",
    "usableOnConsole": false,
    "searchTags": "furniture, decoration",
    "image": "images/structures/furniture/various/drill.p3d.jpg",
    "id": "dzobj_2cd1poswg1"
  },
  {
    "objectName": "flagholder.p3d",
    "inGameName": "-",
    "category": "structures",
    "modelType": "Raw P3D",
    "path": "dz/structures/furniture/various",
    "usableOnConsole": false,
    "searchTags": "furniture, decoration",
    "image": "images/structures/furniture/various/flagholder.p3d.jpg",
    "id": "dzobj_jqkfo8o8e2"
  },
  {
    "objectName": "fusebox.p3d",
    "inGameName": "-",
    "category": "structures",
    "modelType": "Raw P3D",
    "path": "dz/structures/furniture/various",
    "usableOnConsole": false,
    "searchTags": "furniture, decoration",
    "image": "images/structures/furniture/various/fusebox.p3d.jpg",
    "id": "dzobj_539ap47s4z"
  },
  {
    "objectName": "grinder.p3d",
    "inGameName": "-",
    "category": "structures",
    "modelType": "Raw P3D",
    "path": "dz/structures/furniture/various",
    "usableOnConsole": false,
    "searchTags": "furniture, decoration",
    "image": "images/structures/furniture/various/grinder.p3d.jpg",
    "id": "dzobj_ge0sn2yfka"
  },
  {
    "objectName": "kitchen_unit_a_dz.p3d",
    "inGameName": "-",
    "category": "structures",
    "modelType": "Raw P3D",
    "path": "dz/structures/furniture/various",
    "usableOnConsole": false,
    "searchTags": "cooking, furniture, interior, decoration",
    "image": "images/structures/furniture/various/kitchen_unit_a_dz.p3d.jpg",
    "id": "dzobj_3hn53kunxv"
  },
  {
    "objectName": "ladder_a_wood.p3d",
    "inGameName": "-",
    "category": "structures",
    "modelType": "Raw P3D",
    "path": "dz/structures/furniture/various",
    "usableOnConsole": false,
    "searchTags": "furniture, decoration",
    "image": "images/structures/furniture/various/ladder_a_wood.p3d.jpg",
    "id": "dzobj_mzqgstt2zx"
  },
  {
    "objectName": "metal_cutting_saw.p3d",
    "inGameName": "-",
    "category": "structures",
    "modelType": "Raw P3D",
    "path": "dz/structures/furniture/various",
    "usableOnConsole": false,
    "searchTags": "furniture, decoration",
    "image": "images/structures/furniture/various/metal_cutting_saw.p3d.jpg",
    "id": "dzobj_vwhqxt328q"
  },
  {
    "objectName": "rack_dz.p3d",
    "inGameName": "-",
    "category": "structures",
    "modelType": "Raw P3D",
    "path": "dz/structures/furniture/various",
    "usableOnConsole": false,
    "searchTags": "furniture, decoration",
    "image": "images/structures/furniture/various/rack_dz.p3d.jpg",
    "id": "dzobj_bfeaua39p6"
  },
  {
    "objectName": "sawhorse_dz.p3d",
    "inGameName": "-",
    "category": "structures",
    "modelType": "Raw P3D",
    "path": "dz/structures/furniture/various",
    "usableOnConsole": false,
    "searchTags": "furniture, decoration",
    "image": "images/structures/furniture/various/sawhorse_dz.p3d.jpg",
    "id": "dzobj_72xbdds5cq"
  },
  {
    "objectName": "shelf_dz.p3d",
    "inGameName": "-",
    "category": "structures",
    "modelType": "Raw P3D",
    "path": "dz/structures/furniture/various",
    "usableOnConsole": false,
    "searchTags": "furniture, decoration",
    "image": "images/structures/furniture/various/shelf_dz.p3d.jpg",
    "id": "dzobj_dzo9agn8nm"
  },
  {
    "objectName": "soustruh_proxy.p3d",
    "inGameName": "-",
    "category": "structures",
    "modelType": "Raw P3D",
    "path": "dz/structures/furniture/various",
    "usableOnConsole": false,
    "searchTags": "furniture, decoration",
    "image": "images/structures/furniture/various/soustruh_proxy.p3d.jpg",
    "id": "dzobj_dyor63i9fv"
  },
  {
    "objectName": "table_dz.p3d",
    "inGameName": "-",
    "category": "structures",
    "modelType": "Raw P3D",
    "path": "dz/structures/furniture/various",
    "usableOnConsole": false,
    "searchTags": "desk, furniture, decoration",
    "image": "images/structures/furniture/various/table_dz.p3d.jpg",
    "id": "dzobj_sb2ohebw4v"
  },
  {
    "objectName": "tools_racking_dz.p3d",
    "inGameName": "-",
    "category": "structures",
    "modelType": "Raw P3D",
    "path": "dz/structures/furniture/various",
    "usableOnConsole": false,
    "searchTags": "furniture, decoration",
    "image": "images/structures/furniture/various/tools_racking_dz.p3d.jpg",
    "id": "dzobj_b9y8gt1hhw"
  },
  {
    "objectName": "vise.p3d",
    "inGameName": "-",
    "category": "structures",
    "modelType": "Raw P3D",
    "path": "dz/structures/furniture/various",
    "usableOnConsole": false,
    "searchTags": "furniture, decoration",
    "image": "images/structures/furniture/various/vise.p3d.jpg",
    "id": "dzobj_p5edbbgzi3"
  },
  {
    "objectName": "wheel_cart_dz.p3d",
    "inGameName": "-",
    "category": "structures",
    "modelType": "Raw P3D",
    "path": "dz/structures/furniture/various",
    "usableOnConsole": false,
    "searchTags": "furniture, decoration",
    "image": "images/structures/furniture/various/wheel_cart_dz.p3d.jpg",
    "id": "dzobj_qz6bllay18"
  },
  {
    "objectName": "workbench.p3d",
    "inGameName": "-",
    "category": "structures",
    "modelType": "Raw P3D",
    "path": "dz/structures/furniture/various",
    "usableOnConsole": false,
    "searchTags": "furniture, decoration",
    "image": "images/structures/furniture/various/workbench.p3d.jpg",
    "id": "dzobj_kmy706kwia"
  },
  {
    "objectName": "workbench_dz.p3d",
    "inGameName": "-",
    "category": "structures",
    "modelType": "Raw P3D",
    "path": "dz/structures/furniture/various",
    "usableOnConsole": false,
    "searchTags": "furniture, decoration",
    "image": "images/structures/furniture/various/workbench_dz.p3d.jpg",
    "id": "dzobj_mhqocuosw7"
  }
]
