[
  {
    "objectName": "StaticObj_Furniture_metalcase_01",
    "inGameName": "-",
    "category": "structures",
    "modelType": "Config",
    "path": "dz/structures/furniture/cases/metalcase",
    "usableOnConsole": true,
    "searchTags": "decoration",
    "image": "images/structures/furniture/cases/metalcase/staticobj_furniture_metalcase_01.jpg",
    "id": "dzobj_vy6f75lxb8"
  },
  {
    "objectName": "StaticObj_Furniture_metalcase_02",
    "inGameName": "-",
    "category": "structures",
    "modelType": "Config",
    "path": "dz/structures/furniture/cases/metalcase",
    "usableOnConsole": true,
    "searchTags": "decoration",
    "image": "images/structures/furniture/cases/metalcase/staticobj_furniture_metalcase_02.jpg",
    "id": "dzobj_kmyp534iu2"
  },
  {
    "objectName": "metalcase_01.p3d",
    "inGameName": "-",
    "category": "structures",
    "modelType": "Raw P3D",
    "path": "dz/structures/furniture/cases/metalcase",
    "usableOnConsole": false,
    "searchTags": "decoration, furniture",
    "image": "images/structures/furniture/cases/metalcase/metalcase_01.p3d.jpg",
    "id": "dzobj_vin4cieuq2"
  },
  {
    "objectName": "metalcase_02.p3d",
    "inGameName": "-",
    "category": "structures",
    "modelType": "Raw P3D",
    "path": "dz/structures/furniture/cases/metalcase",
    "usableOnConsole": false,
    "searchTags": "decoration, furniture",
    "image": "images/structures/furniture/cases/metalcase/metalcase_02.p3d.jpg",
    "id": "dzobj_ex17rb1bb8"
  }
]
