[
  {
    "objectName": "Ammo_45ACP",
    "inGameName": ".45 ACP Rounds",
    "category": "weapons",
    "modelType": "Config",
    "path": "dz/weapons/ammunition",
    "usableOnConsole": true,
    "searchTags": "ammunition, rounds, weapon, weapons",
    "image": "images/weapons/ammunition/ammo_45acp.jpg",
    "id": "dzobj_tnh60zt5p3"
  },
  {
    "objectName": "Ammo_308Win",
    "inGameName": ".308 WIN Rounds",
    "category": "weapons",
    "modelType": "Config",
    "path": "dz/weapons/ammunition",
    "usableOnConsole": true,
    "searchTags": "ammunition, rounds, weapon, weapons",
    "image": "images/weapons/ammunition/ammo_308win.jpg",
    "id": "dzobj_nnkvx9u37a"
  },
  {
    "objectName": "Ammo_308WinTracer",
    "inGameName": ".308 WIN Tracer Rounds",
    "category": "weapons",
    "modelType": "Config",
    "path": "dz/weapons/ammunition",
    "usableOnConsole": true,
    "searchTags": "ammunition, rounds, weapon, weapons",
    "image": "images/weapons/ammunition/ammo_308wintracer.jpg",
    "id": "dzobj_oo40vr7bf9"
  },
  {
    "objectName": "Ammo_9x19",
    "inGameName": "9x19mm Rounds",
    "category": "weapons",
    "modelType": "Config",
    "path": "dz/weapons/ammunition",
    "usableOnConsole": true,
    "searchTags": "9x19mm, ammunition, rounds, weapon, weapons",
    "image": "images/weapons/ammunition/ammo_9x19.jpg",
    "id": "dzobj_yvegxcax2b"
  },
  {
    "objectName": "Ammo_380",
    "inGameName": ".380 ACP Rounds",
    "category": "weapons",
    "modelType": "Config",
    "path": "dz/weapons/ammunition",
    "usableOnConsole": true,
    "searchTags": "acp, ammunition, rounds, weapon, weapons",
    "image": "images/weapons/ammunition/ammo_380.jpg",
    "id": "dzobj_xrywwh41si"
  },
  {
    "objectName": "Ammo_556x45",
    "inGameName": "5.56x45mm Rounds",
    "category": "weapons",
    "modelType": "Config",
    "path": "dz/weapons/ammunition",
    "usableOnConsole": true,
    "searchTags": "56x45mm, ammunition, rounds, weapon, weapons",
    "image": "images/weapons/ammunition/ammo_556x45.jpg",
    "id": "dzobj_ra7x90p8ud"
  },
  {
    "objectName": "Ammo_556x45Tracer",
    "inGameName": "5.56x45mm Tracer Rounds",
    "category": "weapons",
    "modelType": "Config",
    "path": "dz/weapons/ammunition",
    "usableOnConsole": true,
    "searchTags": "56x45mm, ammunition, rounds, weapon, weapons",
    "image": "images/weapons/ammunition/ammo_556x45tracer.jpg",
    "id": "dzobj_wrx5449yfi"
  },
  {
    "objectName": "Ammo_762x54",
    "inGameName": "7.62x54mmR Rounds",
    "category": "weapons",
    "modelType": "Config",
    "path": "dz/weapons/ammunition",
    "usableOnConsole": true,
    "searchTags": "62x54mmr, ammunition, rounds, weapon, weapons",
    "image": "images/weapons/ammunition/ammo_762x54.jpg",
    "id": "dzobj_58x1dun1c0"
  },
  {
    "objectName": "Ammo_762x54Tracer",
    "inGameName": "7.62x54mmR Tracer Rounds",
    "category": "weapons",
    "modelType": "Config",
    "path": "dz/weapons/ammunition",
    "usableOnConsole": true,
    "searchTags": "62x54mmr, ammunition, rounds, weapon, weapons",
    "image": "images/weapons/ammunition/ammo_762x54tracer.jpg",
    "id": "dzobj_ngq24lg0ut"
  },
  {
    "objectName": "Ammo_762x39",
    "inGameName": "7.62x39mm Rounds",
    "category": "weapons",
    "modelType": "Config",
    "path": "dz/weapons/ammunition",
    "usableOnConsole": true,
    "searchTags": "62x39mm, ammunition, rounds, weapon, weapons",
    "image": "images/weapons/ammunition/ammo_762x39.jpg",
    "id": "dzobj_zwn64w5it9"
  },
  {
    "objectName": "Ammo_762x39Tracer",
    "inGameName": "7.62x39mm Tracer Rounds",
    "category": "weapons",
    "modelType": "Config",
    "path": "dz/weapons/ammunition",
    "usableOnConsole": true,
    "searchTags": "62x39mm, ammunition, rounds, weapon, weapons",
    "image": "images/weapons/ammunition/ammo_762x39tracer.jpg",
    "id": "dzobj_ck2i2710xk"
  },
  {
    "objectName": "Ammo_9x39AP",
    "inGameName": "9x39mm Armor-Piercing Rounds",
    "category": "weapons",
    "modelType": "Config",
    "path": "dz/weapons/ammunition",
    "usableOnConsole": true,
    "searchTags": "9x39mm, ammunition, armor, piercing, rounds, weapon, weapons",
    "image": "images/weapons/ammunition/ammo_9x39ap.jpg",
    "id": "dzobj_v35ynqq8ai"
  },
  {
    "objectName": "Ammo_9x39",
    "inGameName": "9x39mm Rounds",
    "category": "weapons",
    "modelType": "Config",
    "path": "dz/weapons/ammunition",
    "usableOnConsole": true,
    "searchTags": "9x39mm, ammunition, rounds, weapon, weapons",
    "image": "images/weapons/ammunition/ammo_9x39.jpg",
    "id": "dzobj_8irnwt1dvt"
  },
  {
    "objectName": "Ammo_22",
    "inGameName": ".22 LR Rounds",
    "category": "weapons",
    "modelType": "Config",
    "path": "dz/weapons/ammunition",
    "usableOnConsole": true,
    "searchTags": "ammunition, lr, rounds, weapon, weapons",
    "image": "images/weapons/ammunition/ammo_22.jpg",
    "id": "dzobj_3mj78fkep8"
  },
  {
    "objectName": "Ammo_12gaPellets",
    "inGameName": "12ga 00 Buckshots",
    "category": "weapons",
    "modelType": "Config",
    "path": "dz/weapons/ammunition",
    "usableOnConsole": true,
    "searchTags": "12ga, ammunition, buckshots, rounds, weapon, weapons",
    "image": "images/weapons/ammunition/ammo_12gapellets.jpg",
    "id": "dzobj_yj8mxtfcb3"
  },
  {
    "objectName": "Ammo_12gaSlug",
    "inGameName": "12ga Rifled Slugs",
    "category": "weapons",
    "modelType": "Config",
    "path": "dz/weapons/ammunition",
    "usableOnConsole": true,
    "searchTags": "12ga, ammunition, rifled, rounds, slugs, weapon, weapons",
    "image": "images/weapons/ammunition/ammo_12gaslug.jpg",
    "id": "dzobj_02wwin0h43"
  },
  {
    "objectName": "Ammo_12gaRubberSlug",
    "inGameName": "12ga Rubber Slugs",
    "category": "weapons",
    "modelType": "Config",
    "path": "dz/weapons/ammunition",
    "usableOnConsole": true,
    "searchTags": "12ga, ammunition, rounds, slugs, weapon, weapons",
    "image": "images/weapons/ammunition/ammo_12garubberslug.jpg",
    "id": "dzobj_reyrqdq1gv"
  },
  {
    "objectName": "Ammo_12gaBeanbag",
    "inGameName": "",
    "category": "weapons",
    "modelType": "Config",
    "path": "dz/weapons/ammunition",
    "usableOnConsole": true,
    "searchTags": "ammunition, rounds, weapon, weapons",
    "image": "images/weapons/ammunition/ammo_12gabeanbag.jpg",
    "id": "dzobj_bko8iossxe"
  },
  {
    "objectName": "Ammo_357",
    "inGameName": ".357 Rounds",
    "category": "weapons",
    "modelType": "Config",
    "path": "dz/weapons/ammunition",
    "usableOnConsole": true,
    "searchTags": "ammunition, rounds, weapon, weapons",
    "image": "images/weapons/ammunition/ammo_357.jpg",
    "id": "dzobj_gxujh53hjw"
  },
  {
    "objectName": "Ammo_545x39",
    "inGameName": "5.45x39mm Rounds",
    "category": "weapons",
    "modelType": "Config",
    "path": "dz/weapons/ammunition",
    "usableOnConsole": true,
    "searchTags": "45x39mm, ammunition, rounds, weapon, weapons",
    "image": "images/weapons/ammunition/ammo_545x39.jpg",
    "id": "dzobj_5pxu9681pi"
  },
  {
    "objectName": "Ammo_545x39Tracer",
    "inGameName": "5.45x39mm Tracer Rounds",
    "category": "weapons",
    "modelType": "Config",
    "path": "dz/weapons/ammunition",
    "usableOnConsole": true,
    "searchTags": "45x39mm, ammunition, rounds, weapon, weapons",
    "image": "images/weapons/ammunition/ammo_545x39tracer.jpg",
    "id": "dzobj_6ac6w7s1za"
  },
  {
    "objectName": "Ammo_Flare",
    "inGameName": "Flare",
    "category": "weapons",
    "modelType": "Config",
    "path": "dz/weapons/ammunition",
    "usableOnConsole": true,
    "searchTags": "ammunition, rounds, weapon, weapons",
    "image": "images/weapons/ammunition/ammo_flare.jpg",
    "id": "dzobj_mnv1j9trm4"
  },
  {
    "objectName": "Ammo_FlareRed",
    "inGameName": "-",
    "category": "weapons",
    "modelType": "Config",
    "path": "dz/weapons/ammunition",
    "usableOnConsole": true,
    "searchTags": "ammunition, rounds, weapon, weapons",
    "image": "images/weapons/ammunition/ammo_flarered.jpg",
    "id": "dzobj_cvuemxfcbh"
  },
  {
    "objectName": "Ammo_FlareGreen",
    "inGameName": "-",
    "category": "weapons",
    "modelType": "Config",
    "path": "dz/weapons/ammunition",
    "usableOnConsole": true,
    "searchTags": "ammunition, rounds, weapon, weapons",
    "image": "images/weapons/ammunition/ammo_flaregreen.jpg",
    "id": "dzobj_ekwnvt59ks"
  },
  {
    "objectName": "Ammo_FlareBlue",
    "inGameName": "-",
    "category": "weapons",
    "modelType": "Config",
    "path": "dz/weapons/ammunition",
    "usableOnConsole": true,
    "searchTags": "ammunition, rounds, weapon, weapons",
    "image": "images/weapons/ammunition/ammo_flareblue.jpg",
    "id": "dzobj_av5i890sb9"
  },
  {
    "objectName": "Ammo_RPG7_HE",
    "inGameName": "PG-7V Warhead",
    "category": "weapons",
    "modelType": "Config",
    "path": "dz/weapons/ammunition",
    "usableOnConsole": true,
    "searchTags": "7v, ammunition, pg, rounds, warhead, weapon, weapons",
    "image": "images/weapons/ammunition/ammo_rpg7_he.jpg",
    "id": "dzobj_12xlqlmsvt"
  },
  {
    "objectName": "Ammo_RPG7_AP",
    "inGameName": "PG-7V Warhead, AP",
    "category": "weapons",
    "modelType": "Config",
    "path": "dz/weapons/ammunition",
    "usableOnConsole": true,
    "searchTags": "7v, ammunition, pg, rounds, warhead, weapon, weapons",
    "image": "images/weapons/ammunition/ammo_rpg7_ap.jpg",
    "id": "dzobj_818n43jz85"
  },
  {
    "objectName": "Ammo_40mm_Explosive",
    "inGameName": "40mm Explosive Grenade",
    "category": "weapons",
    "modelType": "Config",
    "path": "dz/weapons/ammunition",
    "usableOnConsole": true,
    "searchTags": "ammunition, grenade, rounds, weapon, weapons",
    "image": "images/weapons/ammunition/ammo_40mm_explosive.jpg",
    "id": "dzobj_yuvpleaihg"
  },
  {
    "objectName": "Ammo_40mm_Chemgas",
    "inGameName": "40mm PO-X Grenade",
    "category": "weapons",
    "modelType": "Config",
    "path": "dz/weapons/ammunition",
    "usableOnConsole": true,
    "searchTags": "ammunition, fuel, grenade, po, rounds, station, weapon, weapons",
    "image": "images/weapons/ammunition/ammo_40mm_chemgas.jpg",
    "id": "dzobj_p8n57ootxg"
  },
  {
    "objectName": "Ammo_40mm_Smoke_Red",
    "inGameName": "-",
    "category": "weapons",
    "modelType": "Config",
    "path": "dz/weapons/ammunition",
    "usableOnConsole": true,
    "searchTags": "ammunition, effect, particle, rounds, weapon, weapons",
    "image": "images/weapons/ammunition/ammo_40mm_smoke_red.jpg",
    "id": "dzobj_p9xr5d673y"
  },
  {
    "objectName": "Ammo_40mm_Smoke_Green",
    "inGameName": "-",
    "category": "weapons",
    "modelType": "Config",
    "path": "dz/weapons/ammunition",
    "usableOnConsole": true,
    "searchTags": "ammunition, effect, particle, rounds, weapon, weapons",
    "image": "images/weapons/ammunition/ammo_40mm_smoke_green.jpg",
    "id": "dzobj_mwr5s30zno"
  },
  {
    "objectName": "Ammo_40mm_Smoke_White",
    "inGameName": "-",
    "category": "weapons",
    "modelType": "Config",
    "path": "dz/weapons/ammunition",
    "usableOnConsole": true,
    "searchTags": "ammunition, effect, particle, rounds, weapon, weapons",
    "image": "images/weapons/ammunition/ammo_40mm_smoke_white.jpg",
    "id": "dzobj_67va4c9r87"
  },
  {
    "objectName": "Ammo_40mm_Smoke_Black",
    "inGameName": "-",
    "category": "weapons",
    "modelType": "Config",
    "path": "dz/weapons/ammunition",
    "usableOnConsole": true,
    "searchTags": "ammunition, effect, particle, rounds, weapon, weapons",
    "image": "images/weapons/ammunition/ammo_40mm_smoke_black.jpg",
    "id": "dzobj_tqezynkww8"
  },
  {
    "objectName": "AmmoBox_556x45_20Rnd",
    "inGameName": "Boxed 5.56x45mm Rounds",
    "category": "weapons",
    "modelType": "Config",
    "path": "dz/weapons/ammunition",
    "usableOnConsole": true,
    "searchTags": "56x45mm, ammunition, boxed, crate, rounds, storage, weapon, weapons",
    "image": "images/weapons/ammunition/ammobox_556x45_20rnd.jpg",
    "id": "dzobj_cp376x5w8z"
  },
  {
    "objectName": "AmmoBox_556x45Tracer_20Rnd",
    "inGameName": "Boxed 5.56x45mm Tracer Rounds",
    "category": "weapons",
    "modelType": "Config",
    "path": "dz/weapons/ammunition",
    "usableOnConsole": true,
    "searchTags": "56x45mm, ammunition, boxed, crate, rounds, storage, weapon, weapons",
    "image": "images/weapons/ammunition/ammobox_556x45tracer_20rnd.jpg",
    "id": "dzobj_bqjr4syunx"
  },
  {
    "objectName": "AmmoBox_308Win_20Rnd",
    "inGameName": "Boxed .308 WIN Rounds",
    "category": "weapons",
    "modelType": "Config",
    "path": "dz/weapons/ammunition",
    "usableOnConsole": true,
    "searchTags": "ammunition, boxed, crate, rounds, storage, weapon, weapons",
    "image": "images/weapons/ammunition/ammobox_308win_20rnd.jpg",
    "id": "dzobj_rcdd4l7mt6"
  },
  {
    "objectName": "AmmoBox_308WinTracer_20Rnd",
    "inGameName": "Boxed .308 WIN Tracer Rounds",
    "category": "weapons",
    "modelType": "Config",
    "path": "dz/weapons/ammunition",
    "usableOnConsole": true,
    "searchTags": "ammunition, boxed, crate, rounds, storage, weapon, weapons",
    "image": "images/weapons/ammunition/ammobox_308wintracer_20rnd.jpg",
    "id": "dzobj_2m7kvabh3z"
  },
  {
    "objectName": "AmmoBox_762x54_20Rnd",
    "inGameName": "Boxed 7.62x54mmR Rounds",
    "category": "weapons",
    "modelType": "Config",
    "path": "dz/weapons/ammunition",
    "usableOnConsole": true,
    "searchTags": "62x54mmr, ammunition, boxed, crate, rounds, storage, weapon, weapons",
    "image": "images/weapons/ammunition/ammobox_762x54_20rnd.jpg",
    "id": "dzobj_43kclh161x"
  },
  {
    "objectName": "AmmoBox_762x54Tracer_20Rnd",
    "inGameName": "Boxed 7.62x54mmR Tracer Rounds",
    "category": "weapons",
    "modelType": "Config",
    "path": "dz/weapons/ammunition",
    "usableOnConsole": true,
    "searchTags": "62x54mmr, ammunition, boxed, crate, rounds, storage, weapon, weapons",
    "image": "images/weapons/ammunition/ammobox_762x54tracer_20rnd.jpg",
    "id": "dzobj_tr0pslq2aw"
  },
  {
    "objectName": "AmmoBox_762x39_20Rnd",
    "inGameName": "Boxed 7.62x39mm Rounds",
    "category": "weapons",
    "modelType": "Config",
    "path": "dz/weapons/ammunition",
    "usableOnConsole": true,
    "searchTags": "62x39mm, ammunition, boxed, crate, rounds, storage, weapon, weapons",
    "image": "images/weapons/ammunition/ammobox_762x39_20rnd.jpg",
    "id": "dzobj_bpchor9n5o"
  },
  {
    "objectName": "AmmoBox_762x39Tracer_20Rnd",
    "inGameName": "Boxed 7.62x39mm Tracer Rounds",
    "category": "weapons",
    "modelType": "Config",
    "path": "dz/weapons/ammunition",
    "usableOnConsole": true,
    "searchTags": "62x39mm, ammunition, boxed, crate, rounds, storage, weapon, weapons",
    "image": "images/weapons/ammunition/ammobox_762x39tracer_20rnd.jpg",
    "id": "dzobj_fetp5d42rp"
  },
  {
    "objectName": "AmmoBox_22_50Rnd",
    "inGameName": "Boxed .22 LR Rounds",
    "category": "weapons",
    "modelType": "Config",
    "path": "dz/weapons/ammunition",
    "usableOnConsole": true,
    "searchTags": "ammunition, boxed, crate, lr, rounds, storage, weapon, weapons",
    "image": "images/weapons/ammunition/ammobox_22_50rnd.jpg",
    "id": "dzobj_1xtp58eexy"
  },
  {
    "objectName": "AmmoBox_357_20Rnd",
    "inGameName": "Boxed .357 Rounds",
    "category": "weapons",
    "modelType": "Config",
    "path": "dz/weapons/ammunition",
    "usableOnConsole": true,
    "searchTags": "ammunition, boxed, crate, rounds, storage, weapon, weapons",
    "image": "images/weapons/ammunition/ammobox_357_20rnd.jpg",
    "id": "dzobj_q2gpthyvvv"
  },
  {
    "objectName": "AmmoBox_45ACP_25rnd",
    "inGameName": "Boxed .45 ACP Rounds",
    "category": "weapons",
    "modelType": "Config",
    "path": "dz/weapons/ammunition",
    "usableOnConsole": true,
    "searchTags": "ammunition, boxed, crate, rounds, storage, weapon, weapons",
    "image": "images/weapons/ammunition/ammobox_45acp_25rnd.jpg",
    "id": "dzobj_mdmze29mmz"
  },
  {
    "objectName": "AmmoBox_9x19_25rnd",
    "inGameName": "Boxed 9x19mm Rounds",
    "category": "weapons",
    "modelType": "Config",
    "path": "dz/weapons/ammunition",
    "usableOnConsole": true,
    "searchTags": "9x19mm, ammunition, boxed, crate, rounds, storage, weapon, weapons",
    "image": "images/weapons/ammunition/ammobox_9x19_25rnd.jpg",
    "id": "dzobj_h184pdcb37"
  },
  {
    "objectName": "AmmoBox_380_35rnd",
    "inGameName": "Boxed .380 ACP Rounds",
    "category": "weapons",
    "modelType": "Config",
    "path": "dz/weapons/ammunition",
    "usableOnConsole": true,
    "searchTags": "acp, ammunition, boxed, crate, rounds, storage, weapon, weapons",
    "image": "images/weapons/ammunition/ammobox_380_35rnd.jpg",
    "id": "dzobj_lqp783btmh"
  },
  {
    "objectName": "AmmoBox_00buck_10rnd",
    "inGameName": "Boxed 12ga 00 Buckshots",
    "category": "weapons",
    "modelType": "Config",
    "path": "dz/weapons/ammunition",
    "usableOnConsole": true,
    "searchTags": "12ga, ammunition, boxed, buckshots, crate, rounds, storage, weapon, weapons",
    "image": "images/weapons/ammunition/ammobox_00buck_10rnd.jpg",
    "id": "dzobj_z3e716pkf4"
  },
  {
    "objectName": "AmmoBox_12gaSlug_10Rnd",
    "inGameName": "Boxed 12ga Rifled Slugs",
    "category": "weapons",
    "modelType": "Config",
    "path": "dz/weapons/ammunition",
    "usableOnConsole": true,
    "searchTags": "12ga, ammunition, boxed, crate, rifled, rounds, slugs, storage, weapon, weapons",
    "image": "images/weapons/ammunition/ammobox_12gaslug_10rnd.jpg",
    "id": "dzobj_wkasitikyp"
  },
  {
    "objectName": "AmmoBox_12gaRubberSlug_10Rnd",
    "inGameName": "Boxed 12ga Rubber Slugs",
    "category": "weapons",
    "modelType": "Config",
    "path": "dz/weapons/ammunition",
    "usableOnConsole": true,
    "searchTags": "12ga, ammunition, boxed, crate, rounds, slugs, storage, weapon, weapons",
    "image": "images/weapons/ammunition/ammobox_12garubberslug_10rnd.jpg",
    "id": "dzobj_6428szob9b"
  },
  {
    "objectName": "AmmoBox_12gaBeanbag_10Rnd",
    "inGameName": "",
    "category": "weapons",
    "modelType": "Config",
    "path": "dz/weapons/ammunition",
    "usableOnConsole": true,
    "searchTags": "ammunition, crate, rounds, storage, weapon, weapons",
    "image": "images/weapons/ammunition/ammobox_12gabeanbag_10rnd.jpg",
    "id": "dzobj_fplpj28skt"
  },
  {
    "objectName": "AmmoBox_545x39_20Rnd",
    "inGameName": "Boxed 5.45x39mm Rounds",
    "category": "weapons",
    "modelType": "Config",
    "path": "dz/weapons/ammunition",
    "usableOnConsole": true,
    "searchTags": "45x39mm, ammunition, boxed, crate, rounds, storage, weapon, weapons",
    "image": "images/weapons/ammunition/ammobox_545x39_20rnd.jpg",
    "id": "dzobj_isehnqfiy9"
  },
  {
    "objectName": "AmmoBox_545x39Tracer_20Rnd",
    "inGameName": "Boxed 5.45x39mm Tracer Rounds",
    "category": "weapons",
    "modelType": "Config",
    "path": "dz/weapons/ammunition",
    "usableOnConsole": true,
    "searchTags": "45x39mm, ammunition, boxed, crate, rounds, storage, weapon, weapons",
    "image": "images/weapons/ammunition/ammobox_545x39tracer_20rnd.jpg",
    "id": "dzobj_kbi6z89orb"
  },
  {
    "objectName": "AmmoBox_9x39AP_20Rnd",
    "inGameName": "Boxed 9x39mm Armor-Piercing Rounds",
    "category": "weapons",
    "modelType": "Config",
    "path": "dz/weapons/ammunition",
    "usableOnConsole": true,
    "searchTags": "9x39mm, ammunition, armor, boxed, crate, piercing, rounds, storage, weapon, weapons",
    "image": "images/weapons/ammunition/ammobox_9x39ap_20rnd.jpg",
    "id": "dzobj_4902hw14lh"
  },
  {
    "objectName": "AmmoBox_9x39_20Rnd",
    "inGameName": "Boxed 9x39mm Rounds",
    "category": "weapons",
    "modelType": "Config",
    "path": "dz/weapons/ammunition",
    "usableOnConsole": true,
    "searchTags": "9x39mm, ammunition, boxed, crate, rounds, storage, weapon, weapons",
    "image": "images/weapons/ammunition/ammobox_9x39_20rnd.jpg",
    "id": "dzobj_pgfi2gh59p"
  },
  {
    "objectName": "GrenadeM4",
    "inGameName": "-",
    "category": "weapons",
    "modelType": "Config",
    "path": "dz/weapons/ammunition",
    "usableOnConsole": true,
    "searchTags": "ammunition, weapon, weapons",
    "image": "images/weapons/ammunition/grenadem4.jpg",
    "id": "dzobj_vkhfzyx8eg"
  },
  {
    "objectName": "Rocket_RPG7_Base",
    "inGameName": "-",
    "category": "weapons",
    "modelType": "Config",
    "path": "dz/weapons/ammunition",
    "usableOnConsole": true,
    "searchTags": "ammunition, weapon, weapons",
    "image": "images/weapons/ammunition/rocket_rpg7_base.jpg",
    "id": "dzobj_gfui2b9cb5"
  },
  {
    "objectName": "Rocket_RPG7_HE",
    "inGameName": "-",
    "category": "weapons",
    "modelType": "Config",
    "path": "dz/weapons/ammunition",
    "usableOnConsole": true,
    "searchTags": "ammunition, weapon, weapons",
    "image": "images/weapons/ammunition/rocket_rpg7_he.jpg",
    "id": "dzobj_4g1bj15rtz"
  },
  {
    "objectName": "Rocket_RPG7_AP",
    "inGameName": "-",
    "category": "weapons",
    "modelType": "Config",
    "path": "dz/weapons/ammunition",
    "usableOnConsole": true,
    "searchTags": "ammunition, weapon, weapons",
    "image": "images/weapons/ammunition/rocket_rpg7_ap.jpg",
    "id": "dzobj_vczkpykpcp"
  },
  {
    "objectName": "Rocket_LAW_Base",
    "inGameName": "-",
    "category": "weapons",
    "modelType": "Config",
    "path": "dz/weapons/ammunition",
    "usableOnConsole": true,
    "searchTags": "ammunition, weapon, weapons",
    "image": "images/weapons/ammunition/rocket_law_base.jpg",
    "id": "dzobj_48u3gylteh"
  },
  {
    "objectName": "Rocket_LAW_HE",
    "inGameName": "-",
    "category": "weapons",
    "modelType": "Config",
    "path": "dz/weapons/ammunition",
    "usableOnConsole": true,
    "searchTags": "ammunition, weapon, weapons",
    "image": "images/weapons/ammunition/rocket_law_he.jpg",
    "id": "dzobj_3b2yrgzdhu"
  },
  {
    "objectName": "00buck_10roundbox.p3d",
    "inGameName": "",
    "category": "weapons",
    "modelType": "Raw P3D",
    "path": "dz/weapons/ammunition",
    "usableOnConsole": false,
    "searchTags": "ammunition, weapon, weapons",
    "image": "images/weapons/ammunition/00buck_10roundbox.p3d.jpg",
    "id": "dzobj_l4v9ftj0vm"
  },
  {
    "objectName": "12ga_00buck.p3d",
    "inGameName": "12ga 00 Buckshots",
    "category": "weapons",
    "modelType": "Raw P3D",
    "path": "dz/weapons/ammunition",
    "usableOnConsole": false,
    "searchTags": "ammunition, buckshots, weapon, weapons",
    "image": "images/weapons/ammunition/12ga_00buck.p3d.jpg",
    "id": "dzobj_8yqv3gq4fm"
  },
  {
    "objectName": "12ga_beanbag.p3d",
    "inGameName": "",
    "category": "weapons",
    "modelType": "Raw P3D",
    "path": "dz/weapons/ammunition",
    "usableOnConsole": false,
    "searchTags": "ammunition, weapon, weapons",
    "image": "images/weapons/ammunition/12ga_beanbag.p3d.jpg",
    "id": "dzobj_5nscih8vvt"
  },
  {
    "objectName": "12ga_rifled_slug.p3d",
    "inGameName": "12ga Rifled Slugs",
    "category": "weapons",
    "modelType": "Raw P3D",
    "path": "dz/weapons/ammunition",
    "usableOnConsole": false,
    "searchTags": "ammunition, slugs, weapon, weapons",
    "image": "images/weapons/ammunition/12ga_rifled_slug.p3d.jpg",
    "id": "dzobj_fgyqb13ou6"
  },
  {
    "objectName": "12ga_rubberrifled_slug.p3d",
    "inGameName": "12ga Rubber Slugs",
    "category": "weapons",
    "modelType": "Raw P3D",
    "path": "dz/weapons/ammunition",
    "usableOnConsole": false,
    "searchTags": "ammunition, rubber, slugs, weapon, weapons",
    "image": "images/weapons/ammunition/12ga_rubberrifled_slug.p3d.jpg",
    "id": "dzobj_09zqbgq287"
  },
  {
    "objectName": "22lr_looseround.p3d",
    "inGameName": "-",
    "category": "weapons",
    "modelType": "Raw P3D",
    "path": "dz/weapons/ammunition",
    "usableOnConsole": false,
    "searchTags": "ammunition, weapon, weapons",
    "image": "images/weapons/ammunition/22lr_looseround.p3d.jpg",
    "id": "dzobj_5keub44isk"
  },
  {
    "objectName": "22_50roundbox.p3d",
    "inGameName": "Boxed .22 LR Rounds",
    "category": "weapons",
    "modelType": "Raw P3D",
    "path": "dz/weapons/ammunition",
    "usableOnConsole": false,
    "searchTags": "ammunition, boxed, lr, rounds, weapon, weapons",
    "image": "images/weapons/ammunition/22_50roundbox.p3d.jpg",
    "id": "dzobj_uxb51ryt7p"
  },
  {
    "objectName": "22_looserounds.p3d",
    "inGameName": ".22 LR Rounds",
    "category": "weapons",
    "modelType": "Raw P3D",
    "path": "dz/weapons/ammunition",
    "usableOnConsole": false,
    "searchTags": "ammunition, lr, rounds, weapon, weapons",
    "image": "images/weapons/ammunition/22_looserounds.p3d.jpg",
    "id": "dzobj_xl24p6j0rt"
  },
  {
    "objectName": "308win_20roundbox.p3d",
    "inGameName": "Boxed .308 WIN Tracer Rounds",
    "category": "weapons",
    "modelType": "Raw P3D",
    "path": "dz/weapons/ammunition",
    "usableOnConsole": false,
    "searchTags": "ammunition, boxed, rounds, tracer, weapon, weapons",
    "image": "images/weapons/ammunition/308win_20roundbox.p3d.jpg",
    "id": "dzobj_s9nmrc5a2a"
  },
  {
    "objectName": "308win_looserounds.p3d",
    "inGameName": ".308 WIN Tracer Rounds",
    "category": "weapons",
    "modelType": "Raw P3D",
    "path": "dz/weapons/ammunition",
    "usableOnConsole": false,
    "searchTags": "ammunition, rounds, tracer, weapon, weapons",
    "image": "images/weapons/ammunition/308win_looserounds.p3d.jpg",
    "id": "dzobj_8o2q9em952"
  },
  {
    "objectName": "357_20roundbox.p3d",
    "inGameName": "Boxed .357 Rounds",
    "category": "weapons",
    "modelType": "Raw P3D",
    "path": "dz/weapons/ammunition",
    "usableOnConsole": false,
    "searchTags": "ammunition, boxed, rounds, weapon, weapons",
    "image": "images/weapons/ammunition/357_20roundbox.p3d.jpg",
    "id": "dzobj_d4d3vjy76z"
  },
  {
    "objectName": "357_looserounds.p3d",
    "inGameName": ".357 Rounds",
    "category": "weapons",
    "modelType": "Raw P3D",
    "path": "dz/weapons/ammunition",
    "usableOnConsole": false,
    "searchTags": "ammunition, rounds, weapon, weapons",
    "image": "images/weapons/ammunition/357_looserounds.p3d.jpg",
    "id": "dzobj_ls9cw73f95"
  },
  {
    "objectName": "380auto_35roundbox.p3d",
    "inGameName": "Boxed .380 ACP Rounds",
    "category": "weapons",
    "modelType": "Raw P3D",
    "path": "dz/weapons/ammunition",
    "usableOnConsole": false,
    "searchTags": "acp, ammunition, boxed, rounds, weapon, weapons",
    "image": "images/weapons/ammunition/380auto_35roundbox.p3d.jpg",
    "id": "dzobj_n55km6ha6u"
  },
  {
    "objectName": "380auto_looserounds.p3d",
    "inGameName": ".380 ACP Rounds",
    "category": "weapons",
    "modelType": "Raw P3D",
    "path": "dz/weapons/ammunition",
    "usableOnConsole": false,
    "searchTags": "acp, ammunition, rounds, weapon, weapons",
    "image": "images/weapons/ammunition/380auto_looserounds.p3d.jpg",
    "id": "dzobj_eit3zf5dcg"
  },
  {
    "objectName": "380auto_singleround.p3d",
    "inGameName": "-",
    "category": "weapons",
    "modelType": "Raw P3D",
    "path": "dz/weapons/ammunition",
    "usableOnConsole": false,
    "searchTags": "ammunition, weapon, weapons",
    "image": "images/weapons/ammunition/380auto_singleround.p3d.jpg",
    "id": "dzobj_1r0vx8mr20"
  },
  {
    "objectName": "40mm_grenade.p3d",
    "inGameName": "40mm Explosive Grenade",
    "category": "weapons",
    "modelType": "Raw P3D",
    "path": "dz/weapons/ammunition",
    "usableOnConsole": false,
    "searchTags": "ammunition, explosive, weapon, weapons",
    "image": "images/weapons/ammunition/40mm_grenade.p3d.jpg",
    "id": "dzobj_k7k7hph2zw"
  },
  {
    "objectName": "40mm_grenade_chemgas.p3d",
    "inGameName": "40mm PO-X Grenade",
    "category": "weapons",
    "modelType": "Raw P3D",
    "path": "dz/weapons/ammunition",
    "usableOnConsole": false,
    "searchTags": "ammunition, po, weapon, weapons",
    "image": "images/weapons/ammunition/40mm_grenade_chemgas.p3d.jpg",
    "id": "dzobj_7vnci3elg4"
  },
  {
    "objectName": "40mm_grenade_smoke_b.p3d",
    "inGameName": "-",
    "category": "weapons",
    "modelType": "Raw P3D",
    "path": "dz/weapons/ammunition",
    "usableOnConsole": false,
    "searchTags": "ammunition, effect, particle, weapon, weapons",
    "image": "images/weapons/ammunition/40mm_grenade_smoke_b.p3d.jpg",
    "id": "dzobj_saz5dv94rm"
  },
  {
    "objectName": "40mm_grenade_smoke_g.p3d",
    "inGameName": "-",
    "category": "weapons",
    "modelType": "Raw P3D",
    "path": "dz/weapons/ammunition",
    "usableOnConsole": false,
    "searchTags": "ammunition, effect, particle, weapon, weapons",
    "image": "images/weapons/ammunition/40mm_grenade_smoke_g.p3d.jpg",
    "id": "dzobj_2zv8joj8wc"
  },
  {
    "objectName": "40mm_grenade_smoke_r.p3d",
    "inGameName": "-",
    "category": "weapons",
    "modelType": "Raw P3D",
    "path": "dz/weapons/ammunition",
    "usableOnConsole": false,
    "searchTags": "ammunition, effect, particle, weapon, weapons",
    "image": "images/weapons/ammunition/40mm_grenade_smoke_r.p3d.jpg",
    "id": "dzobj_ana5i71qmy"
  },
  {
    "objectName": "40mm_grenade_smoke_w.p3d",
    "inGameName": "-",
    "category": "weapons",
    "modelType": "Raw P3D",
    "path": "dz/weapons/ammunition",
    "usableOnConsole": false,
    "searchTags": "ammunition, effect, particle, weapon, weapons",
    "image": "images/weapons/ammunition/40mm_grenade_smoke_w.p3d.jpg",
    "id": "dzobj_9ox4tte80i"
  },
  {
    "objectName": "45acp_25rnd_box.p3d",
    "inGameName": "Boxed .45 ACP Rounds",
    "category": "weapons",
    "modelType": "Raw P3D",
    "path": "dz/weapons/ammunition",
    "usableOnConsole": false,
    "searchTags": "ammunition, boxed, crate, rounds, storage, weapon, weapons",
    "image": "images/weapons/ammunition/45acp_25rnd_box.p3d.jpg",
    "id": "dzobj_gy9wzs7ls2"
  },
  {
    "objectName": "45acp_looserounds.p3d",
    "inGameName": ".45 ACP Rounds",
    "category": "weapons",
    "modelType": "Raw P3D",
    "path": "dz/weapons/ammunition",
    "usableOnConsole": false,
    "searchTags": "ammunition, rounds, weapon, weapons",
    "image": "images/weapons/ammunition/45acp_looserounds.p3d.jpg",
    "id": "dzobj_g7xd8ldjgj"
  },
  {
    "objectName": "545x39_20roundbox.p3d",
    "inGameName": "Boxed 5.45x39mm Tracer Rounds",
    "category": "weapons",
    "modelType": "Raw P3D",
    "path": "dz/weapons/ammunition",
    "usableOnConsole": false,
    "searchTags": "45x39mm, ammunition, boxed, rounds, tracer, weapon, weapons",
    "image": "images/weapons/ammunition/545x39_20roundbox.p3d.jpg",
    "id": "dzobj_ob6klvxtvh"
  },
  {
    "objectName": "545x39_looserounds.p3d",
    "inGameName": "5.45x39mm Tracer Rounds",
    "category": "weapons",
    "modelType": "Raw P3D",
    "path": "dz/weapons/ammunition",
    "usableOnConsole": false,
    "searchTags": "45x39mm, ammunition, rounds, tracer, weapon, weapons",
    "image": "images/weapons/ammunition/545x39_looserounds.p3d.jpg",
    "id": "dzobj_vyei1t9i7c"
  },
  {
    "objectName": "556_20roundbox.p3d",
    "inGameName": "Boxed 5.56x45mm Tracer Rounds",
    "category": "weapons",
    "modelType": "Raw P3D",
    "path": "dz/weapons/ammunition",
    "usableOnConsole": false,
    "searchTags": "56x45mm, ammunition, boxed, rounds, tracer, weapon, weapons",
    "image": "images/weapons/ammunition/556_20roundbox.p3d.jpg",
    "id": "dzobj_ib4a529i2b"
  },
  {
    "objectName": "556_looserounds.p3d",
    "inGameName": "5.56x45mm Tracer Rounds",
    "category": "weapons",
    "modelType": "Raw P3D",
    "path": "dz/weapons/ammunition",
    "usableOnConsole": false,
    "searchTags": "56x45mm, ammunition, rounds, tracer, weapon, weapons",
    "image": "images/weapons/ammunition/556_looserounds.p3d.jpg",
    "id": "dzobj_zda8wb5zqd"
  },
  {
    "objectName": "762x39_20roundbox.p3d",
    "inGameName": "Boxed 7.62x39mm Tracer Rounds",
    "category": "weapons",
    "modelType": "Raw P3D",
    "path": "dz/weapons/ammunition",
    "usableOnConsole": false,
    "searchTags": "62x39mm, ammunition, boxed, rounds, tracer, weapon, weapons",
    "image": "images/weapons/ammunition/762x39_20roundbox.p3d.jpg",
    "id": "dzobj_gu8n9pca8o"
  },
  {
    "objectName": "762x39_box.p3d",
    "inGameName": "-",
    "category": "weapons",
    "modelType": "Raw P3D",
    "path": "dz/weapons/ammunition",
    "usableOnConsole": false,
    "searchTags": "ammunition, crate, storage, weapon, weapons",
    "image": "images/weapons/ammunition/762x39_box.p3d.jpg",
    "id": "dzobj_yobuafwuow"
  },
  {
    "objectName": "762x39_looserounds.p3d",
    "inGameName": "7.62x39mm Tracer Rounds",
    "category": "weapons",
    "modelType": "Raw P3D",
    "path": "dz/weapons/ammunition",
    "usableOnConsole": false,
    "searchTags": "62x39mm, ammunition, rounds, tracer, weapon, weapons",
    "image": "images/weapons/ammunition/762x39_looserounds.p3d.jpg",
    "id": "dzobj_ykdgraykkf"
  },
  {
    "objectName": "762_20roundbox.p3d",
    "inGameName": "Boxed 7.62x54mmR Tracer Rounds",
    "category": "weapons",
    "modelType": "Raw P3D",
    "path": "dz/weapons/ammunition",
    "usableOnConsole": false,
    "searchTags": "62x54mmr, ammunition, boxed, rounds, tracer, weapon, weapons",
    "image": "images/weapons/ammunition/762_20roundbox.p3d.jpg",
    "id": "dzobj_v1gy2g07x4"
  },
  {
    "objectName": "762_looserounds.p3d",
    "inGameName": "7.62x54mmR Tracer Rounds",
    "category": "weapons",
    "modelType": "Raw P3D",
    "path": "dz/weapons/ammunition",
    "usableOnConsole": false,
    "searchTags": "62x54mmr, ammunition, rounds, tracer, weapon, weapons",
    "image": "images/weapons/ammunition/762_looserounds.p3d.jpg",
    "id": "dzobj_k3oocpfvz1"
  },
  {
    "objectName": "9mm_25rnd_box.p3d",
    "inGameName": "Boxed 9x19mm Rounds",
    "category": "weapons",
    "modelType": "Raw P3D",
    "path": "dz/weapons/ammunition",
    "usableOnConsole": false,
    "searchTags": "9x19mm, ammunition, boxed, crate, rounds, storage, weapon, weapons",
    "image": "images/weapons/ammunition/9mm_25rnd_box.p3d.jpg",
    "id": "dzobj_flzzihs71p"
  },
  {
    "objectName": "9mm_looserounds.p3d",
    "inGameName": "9x19mm Rounds",
    "category": "weapons",
    "modelType": "Raw P3D",
    "path": "dz/weapons/ammunition",
    "usableOnConsole": false,
    "searchTags": "9x19mm, ammunition, rounds, weapon, weapons",
    "image": "images/weapons/ammunition/9mm_looserounds.p3d.jpg",
    "id": "dzobj_pkui7t1tzw"
  },
  {
    "objectName": "9x39_20roundbox.p3d",
    "inGameName": "Boxed 9x39mm Rounds",
    "category": "weapons",
    "modelType": "Raw P3D",
    "path": "dz/weapons/ammunition",
    "usableOnConsole": false,
    "searchTags": "9x39mm, ammunition, boxed, rounds, weapon, weapons",
    "image": "images/weapons/ammunition/9x39_20roundbox.p3d.jpg",
    "id": "dzobj_1jrsry781y"
  },
  {
    "objectName": "9x39_looserounds.p3d",
    "inGameName": "9x39mm Rounds",
    "category": "weapons",
    "modelType": "Raw P3D",
    "path": "dz/weapons/ammunition",
    "usableOnConsole": false,
    "searchTags": "9x39mm, ammunition, rounds, weapon, weapons",
    "image": "images/weapons/ammunition/9x39_looserounds.p3d.jpg",
    "id": "dzobj_8fo3s6hn78"
  },
  {
    "objectName": "flare_singleround.p3d",
    "inGameName": "Flare",
    "category": "weapons",
    "modelType": "Raw P3D",
    "path": "dz/weapons/ammunition",
    "usableOnConsole": false,
    "searchTags": "ammunition, weapon, weapons",
    "image": "images/placeholder.jpeg",
    "id": "dzobj_e7jklfhkrv"
  },
  {
    "objectName": "flare_singleround_blue.p3d",
    "inGameName": "-",
    "category": "weapons",
    "modelType": "Raw P3D",
    "path": "dz/weapons/ammunition",
    "usableOnConsole": false,
    "searchTags": "ammunition, weapon, weapons",
    "image": "images/placeholder.jpeg",
    "id": "dzobj_q9wuaaao21"
  },
  {
    "objectName": "flare_singleround_green.p3d",
    "inGameName": "-",
    "category": "weapons",
    "modelType": "Raw P3D",
    "path": "dz/weapons/ammunition",
    "usableOnConsole": false,
    "searchTags": "ammunition, weapon, weapons",
    "image": "images/placeholder.jpeg",
    "id": "dzobj_kegq1qfbn7"
  },
  {
    "objectName": "flare_singleround_red.p3d",
    "inGameName": "-",
    "category": "weapons",
    "modelType": "Raw P3D",
    "path": "dz/weapons/ammunition",
    "usableOnConsole": false,
    "searchTags": "ammunition, weapon, weapons",
    "image": "images/placeholder.jpeg",
    "id": "dzobj_6m9lil322j"
  },
  {
    "objectName": "rocket_rpg7.p3d",
    "inGameName": "PG-7V Warhead, AP",
    "category": "weapons",
    "modelType": "Raw P3D",
    "path": "dz/weapons/ammunition",
    "usableOnConsole": false,
    "searchTags": "7v, ammunition, ap, pg, warhead, weapon, weapons",
    "image": "images/weapons/ammunition/rocket_rpg7.p3d.jpg",
    "id": "dzobj_jhxv7bdny9"
  },
  {
    "objectName": "rocket_rpg7_inflight.p3d",
    "inGameName": "-",
    "category": "weapons",
    "modelType": "Raw P3D",
    "path": "dz/weapons/ammunition",
    "usableOnConsole": false,
    "searchTags": "ammunition, weapon, weapons",
    "image": "images/weapons/ammunition/rocket_rpg7_inflight.p3d.jpg",
    "id": "dzobj_uhg8c421jv"
  },
  {
    "objectName": "vog25.p3d",
    "inGameName": "-",
    "category": "weapons",
    "modelType": "Raw P3D",
    "path": "dz/weapons/ammunition",
    "usableOnConsole": false,
    "searchTags": "ammunition, weapon, weapons",
    "image": "images/weapons/ammunition/vog25.p3d.jpg",
    "id": "dzobj_nihzyanxvs"
  }
]
