[
  {
    "objectName": "m203.p3d",
    "inGameName": "-",
    "category": "weapons",
    "modelType": "Raw P3D",
    "path": "dz/weapons/attachments/underslung",
    "usableOnConsole": false,
    "searchTags": "attachments, underslung, weapon, weapons",
    "image": "images/weapons/attachments/underslung/m203.p3d.jpg"
  },
  {
    "objectName": "m203leafsight.p3d",
    "inGameName": "-",
    "category": "weapons",
    "modelType": "Raw P3D",
    "path": "dz/weapons/attachments/underslung",
    "usableOnConsole": false,
    "searchTags": "attachments, underslung, weapon, weapons",
    "image": "images/weapons/attachments/underslung/m203leafsight.p3d.jpg"
  },
  {
    "objectName": "ubgl_gp25.p3d",
    "inGameName": "-",
    "category": "weapons",
    "modelType": "Raw P3D",
    "path": "dz/weapons/attachments/underslung",
    "usableOnConsole": false,
    "searchTags": "attachments, underslung, weapon, weapons",
    "image": "images/weapons/attachments/underslung/ubgl_gp25.p3d.jpg"
  }
]
