[
  {
    "objectName": "MediumTent",
    "inGameName": "Medium Tent",
    "category": "gear",
    "modelType": "Config",
    "path": "dz/gear/camping",
    "usableOnConsole": true,
    "searchTags": "camping, gear, shelter",
    "image": "images/gear/camping/mediumtent.jpg",
    "id": "dzobj_qur5ox8ffm"
  },
  {
    "objectName": "MediumTentClutterCutter",
    "inGameName": "Clutter Cutter 3x3",
    "category": "gear",
    "modelType": "Config",
    "path": "dz/gear/camping",
    "usableOnConsole": true,
    "searchTags": "3x3, camping, gear, shelter",
    "image": "images/gear/camping/mediumtentcluttercutter.jpg",
    "id": "dzobj_bfl8jslxxo"
  },
  {
    "objectName": "LargeTent",
    "inGameName": "Large Tent",
    "category": "gear",
    "modelType": "Config",
    "path": "dz/gear/camping",
    "usableOnConsole": true,
    "searchTags": "camping, gear, shelter",
    "image": "images/gear/camping/largetent.jpg",
    "id": "dzobj_u535wi5z9v"
  },
  {
    "objectName": "LargeTentClutterCutter",
    "inGameName": "Clutter Cutter 3x3",
    "category": "gear",
    "modelType": "Config",
    "path": "dz/gear/camping",
    "usableOnConsole": true,
    "searchTags": "3x3, camping, gear, shelter",
    "image": "images/gear/camping/largetentcluttercutter.jpg",
    "id": "dzobj_sjh7dphitf"
  },
  {
    "objectName": "CarTent",
    "inGameName": "Car Tent",
    "category": "gear",
    "modelType": "Config",
    "path": "dz/gear/camping",
    "usableOnConsole": true,
    "searchTags": "camping, gear, shelter, transport, vehicle",
    "image": "images/gear/camping/cartent.jpg",
    "id": "dzobj_2umikfhgd8"
  },
  {
    "objectName": "PartyTent",
    "inGameName": "Canopy Tent",
    "category": "gear",
    "modelType": "Config",
    "path": "dz/gear/camping",
    "usableOnConsole": true,
    "searchTags": "camping, canopy, gear, shelter",
    "image": "images/gear/camping/partytent.jpg",
    "id": "dzobj_n03mokhibg"
  },
  {
    "objectName": "StaticObj_PartyTent",
    "inGameName": "-",
    "category": "gear",
    "modelType": "Config",
    "path": "dz/gear/camping",
    "usableOnConsole": true,
    "searchTags": "camping, gear, shelter",
    "image": "images/gear/camping/staticobj_partytent.jpg",
    "id": "dzobj_b277nv7csm"
  },
  {
    "objectName": "CamoNetShelter",
    "inGameName": "Camo net shelter",
    "category": "gear",
    "modelType": "Config",
    "path": "dz/gear/camping",
    "usableOnConsole": true,
    "searchTags": "camping, gear",
    "image": "images/gear/camping/camonetshelter.jpg",
    "id": "dzobj_15zw0rr3a9"
  },
  {
    "objectName": "FenceKit",
    "inGameName": "Fence Kit",
    "category": "gear",
    "modelType": "Config",
    "path": "dz/gear/camping",
    "usableOnConsole": true,
    "searchTags": "camping, gear, base building",
    "image": "images/gear/camping/fencekit.jpg",
    "id": "dzobj_8741sh93bu"
  },
  {
    "objectName": "WatchtowerKit",
    "inGameName": "Watchtower Kit",
    "category": "gear",
    "modelType": "Config",
    "path": "dz/gear/camping",
    "usableOnConsole": true,
    "searchTags": "camping, gear, base building",
    "image": "images/gear/camping/watchtowerkit.jpg",
    "id": "dzobj_n3x32f25ou"
  },
  {
    "objectName": "Fence",
    "inGameName": "Fence",
    "category": "gear",
    "modelType": "Config",
    "path": "dz/gear/camping",
    "usableOnConsole": true,
    "searchTags": "camping, gear, base building",
    "image": "images/gear/camping/fence.jpg",
    "id": "dzobj_mb4qukp6re"
  },
  {
    "objectName": "Watchtower",
    "inGameName": "Watchtower",
    "category": "gear",
    "modelType": "Config",
    "path": "dz/gear/camping",
    "usableOnConsole": true,
    "searchTags": "camping, gear, base building",
    "image": "images/gear/camping/watchtower.jpg",
    "id": "dzobj_7fqk9s0qc2"
  },
  {
    "objectName": "Material2",
    "inGameName": "Barbed Wire",
    "category": "gear",
    "modelType": "Config",
    "path": "dz/gear/camping",
    "usableOnConsole": true,
    "searchTags": "barbed, camping, gear, wire",
    "image": "images/gear/camping/material2.jpg",
    "id": "dzobj_htf9v0h9ir"
  },
  {
    "objectName": "BarbedWire",
    "inGameName": "Barbed Wire",
    "category": "gear",
    "modelType": "Config",
    "path": "dz/gear/camping",
    "usableOnConsole": true,
    "searchTags": "camping, gear, base building",
    "image": "images/gear/camping/barbedwire.jpg",
    "id": "dzobj_3hg4z9ewko"
  },
  {
    "objectName": "CombinationLock",
    "inGameName": "3-Dial Combination Lock",
    "category": "gear",
    "modelType": "Config",
    "path": "dz/gear/camping",
    "usableOnConsole": true,
    "searchTags": "camping, dial, gear, base building",
    "image": "images/gear/camping/combinationlock.jpg",
    "id": "dzobj_bjvp9ebylj"
  },
  {
    "objectName": "CombinationLock4",
    "inGameName": "4-Dial Combination Lock",
    "category": "gear",
    "modelType": "Config",
    "path": "dz/gear/camping",
    "usableOnConsole": true,
    "searchTags": "camping, dial, gear, base building",
    "image": "images/gear/camping/combinationlock4.jpg",
    "id": "dzobj_wq95npuab5"
  },
  {
    "objectName": "BarbedWireLocked",
    "inGameName": "Restrained by Barbed Wire",
    "category": "gear",
    "modelType": "Config",
    "path": "dz/gear/camping",
    "usableOnConsole": true,
    "searchTags": "camping, gear, base building",
    "image": "images/gear/camping/barbedwirelocked.jpg",
    "id": "dzobj_ym6roky7it"
  },
  {
    "objectName": "Camonet",
    "inGameName": "Camo net shelter",
    "category": "gear",
    "modelType": "Config",
    "path": "dz/gear/camping",
    "usableOnConsole": true,
    "searchTags": "base building",
    "image": "images/gear/camping/camonetshelter.jpg",
    "id": "dzobj_wzgl7nx42p"
  },
  {
    "objectName": "SeaChest",
    "inGameName": "Sea Chest",
    "category": "gear",
    "modelType": "Config",
    "path": "dz/gear/camping",
    "usableOnConsole": true,
    "searchTags": "camping, gear, storage",
    "image": "images/gear/camping/seachest.jpg",
    "id": "dzobj_g4grbc0rxf"
  },
  {
    "objectName": "AnniversaryBox",
    "inGameName": "Anniversary T-Shirt Box",
    "category": "gear",
    "modelType": "Config",
    "path": "dz/gear/camping",
    "usableOnConsole": true,
    "searchTags": "camping, crate, gear, storage",
    "image": "images/gear/camping/anniversarybox.jpg",
    "id": "dzobj_sipn5byftc"
  },
  {
    "objectName": "WoodenCrate",
    "inGameName": "Wooden Crate",
    "category": "gear",
    "modelType": "Config",
    "path": "dz/gear/camping",
    "usableOnConsole": true,
    "searchTags": "box, camping, gear, storage",
    "image": "images/gear/camping/woodencrate.jpg",
    "id": "dzobj_kic99g69zh"
  },
  {
    "objectName": "UndergroundStash",
    "inGameName": "Mound",
    "category": "gear",
    "modelType": "Config",
    "path": "dz/gear/camping",
    "usableOnConsole": true,
    "searchTags": "camping, gear, mound",
    "image": "images/gear/camping/undergroundstash.jpg",
    "id": "dzobj_tnen68hwz0"
  },
  {
    "objectName": "UndergroundStashSnow",
    "inGameName": "-",
    "category": "gear",
    "modelType": "Config",
    "path": "dz/gear/camping",
    "usableOnConsole": true,
    "searchTags": "camping, gear, mound, snow",
    "image": "images/gear/camping/undergroundstashsnow.jpg",
    "id": "dzobj_xsnmrckmkl"
  },
  {
    "objectName": "Spotlight",
    "inGameName": "Construction Light",
    "category": "gear",
    "modelType": "Config",
    "path": "dz/gear/camping",
    "usableOnConsole": true,
    "searchTags": "camping, construction, gear, lamp, light, lighting",
    "image": "images/gear/camping/spotlight.jpg",
    "id": "dzobj_w7n3mmv86g"
  },
  {
    "objectName": "XmasLights",
    "inGameName": "Festive Lights",
    "category": "gear",
    "modelType": "Config",
    "path": "dz/gear/camping",
    "usableOnConsole": true,
    "searchTags": "camping, festive, gear",
    "image": "images/gear/camping/xmaslights.jpg",
    "id": "dzobj_ni3kf96ojs"
  },
  {
    "objectName": "PowerGenerator",
    "inGameName": "Power Generator",
    "category": "gear",
    "modelType": "Config",
    "path": "dz/gear/camping",
    "usableOnConsole": true,
    "searchTags": "camping, gear, electricity",
    "image": "images/gear/camping/powergenerator.jpg",
    "id": "dzobj_iz98ek0757"
  },
  {
    "objectName": "CableReel",
    "inGameName": "Cable Reel",
    "category": "gear",
    "modelType": "Config",
    "path": "dz/gear/camping",
    "usableOnConsole": true,
    "searchTags": "camping, gear, electricity",
    "image": "images/gear/camping/cablereel.jpg",
    "id": "dzobj_wfcu5ikl59"
  },
  {
    "objectName": "BatteryCharger",
    "inGameName": "Battery Charger",
    "category": "gear",
    "modelType": "Config",
    "path": "dz/gear/camping",
    "usableOnConsole": true,
    "searchTags": "camping, energy, gear, power",
    "image": "images/gear/camping/batterycharger.jpg",
    "id": "dzobj_igzfqls0p6"
  },
  {
    "objectName": "HescoBox",
    "inGameName": "Wire Mesh Barrier",
    "category": "gear",
    "modelType": "Config",
    "path": "dz/gear/camping",
    "usableOnConsole": true,
    "searchTags": "barrier, camping, crate, gear, mesh, storage, wire",
    "image": "images/gear/camping/hescobox.jpg",
    "id": "dzobj_1o9styohwg"
  },
  {
    "objectName": "Fabric",
    "inGameName": "Tarp",
    "category": "gear",
    "modelType": "Config",
    "path": "dz/gear/camping",
    "usableOnConsole": true,
    "searchTags": "camping, gear, tarp",
    "image": "images/gear/camping/fabric.jpg",
    "id": "dzobj_zmy6saug8t"
  },
  {
    "objectName": "ShelterKit",
    "inGameName": "Shelter Kit",
    "category": "gear",
    "modelType": "Config",
    "path": "dz/gear/camping",
    "usableOnConsole": true,
    "searchTags": "camping, gear, storage",
    "image": "images/gear/camping/shelterkit.jpg",
    "id": "dzobj_k1h0mogefn"
  },
  {
    "objectName": "ShelterSite",
    "inGameName": "Shelter Site",
    "category": "gear",
    "modelType": "Config",
    "path": "dz/gear/camping",
    "usableOnConsole": true,
    "searchTags": "camping, gear, storage",
    "image": "images/gear/camping/sheltersite.jpg",
    "id": "dzobj_6mbnzftg2s"
  },
  {
    "objectName": "ShelterFabric",
    "inGameName": "Tarp Shelter",
    "category": "gear",
    "modelType": "Config",
    "path": "dz/gear/camping",
    "usableOnConsole": true,
    "searchTags": "camping, gear, tarp",
    "image": "images/gear/camping/shelterfabric.jpg",
    "id": "dzobj_2e5htlpzky"
  },
  {
    "objectName": "ShelterLeather",
    "inGameName": "Leather Shelter",
    "category": "gear",
    "modelType": "Config",
    "path": "dz/gear/camping",
    "usableOnConsole": true,
    "searchTags": "camping, gear",
    "image": "images/gear/camping/shelterleather.jpg",
    "id": "dzobj_ueybgjlx6m"
  },
  {
    "objectName": "ShelterStick",
    "inGameName": "Improvised Shelter",
    "category": "gear",
    "modelType": "Config",
    "path": "dz/gear/camping",
    "usableOnConsole": true,
    "searchTags": "camping, gear, improvised",
    "image": "images/gear/camping/shelterstick.jpg",
    "id": "dzobj_scuwhm579z"
  },
  {
    "objectName": "TerritoryFlag",
    "inGameName": "Flag Pole",
    "category": "gear",
    "modelType": "Config",
    "path": "dz/gear/camping",
    "usableOnConsole": true,
    "searchTags": "banner, camping, gear, pole, signal, base building",
    "image": "images/gear/camping/territoryflag.jpg",
    "id": "dzobj_pq97vciysj"
  },
  {
    "objectName": "TerritoryFlagKit",
    "inGameName": "Flag Pole Kit",
    "category": "gear",
    "modelType": "Config",
    "path": "dz/gear/camping",
    "usableOnConsole": true,
    "searchTags": "banner, camping, gear, pole, signal",
    "image": "images/gear/camping/territoryflagkit.jpg",
    "id": "dzobj_okb0b4kims"
  },
  {
    "objectName": "Bonfire",
    "inGameName": "-",
    "category": "gear",
    "modelType": "Config",
    "path": "dz/gear/camping",
    "usableOnConsole": true,
    "searchTags": "camping, gear, fire, seasonal, warm, smoke, scarecrow, effigy",
    "image": "images/gear/camping/bonfire.jpg",
    "id": "dzobj_p3f1rjfyzw"
  },
  {
    "objectName": "WoodenLog",
    "inGameName": "Wooden Log",
    "category": "gear",
    "modelType": "Config",
    "path": "dz/gear/camping",
    "usableOnConsole": true,
    "searchTags": "camping, gear, tree, cut, base building",
    "image": "images/gear/camping/woodenlog.jpg",
    "id": "dzobj_eao2eo8rd8"
  },
  {
    "objectName": "barbed_wire.p3d",
    "inGameName": "Barbed Wire",
    "category": "gear",
    "modelType": "Raw P3D",
    "path": "dz/gear/camping",
    "usableOnConsole": false,
    "searchTags": "camping, gear, base building",
    "image": "images/gear/camping/barbed_wire.p3d.jpg",
    "id": "dzobj_tx8b0tv8of"
  },
  {
    "objectName": "barbed_wire_tied.p3d",
    "inGameName": "Restrained by Barbed Wire",
    "category": "gear",
    "modelType": "Raw P3D",
    "path": "dz/gear/camping",
    "usableOnConsole": false,
    "searchTags": "camping, gear, base building",
    "image": "images/gear/camping/barbed_wire_tied.p3d.jpg",
    "id": "dzobj_w00t4e5ub2"
  },
  {
    "objectName": "battery_charger.p3d",
    "inGameName": "Battery Charger",
    "category": "gear",
    "modelType": "Raw P3D",
    "path": "dz/gear/camping",
    "usableOnConsole": false,
    "searchTags": "camping, energy, gear, power",
    "image": "images/gear/camping/battery_charger.p3d.jpg",
    "id": "dzobj_sm72qtymbm"
  },
  {
    "objectName": "bonfire.p3d",
    "inGameName": "-",
    "category": "gear",
    "modelType": "Raw P3D",
    "path": "dz/gear/camping",
    "usableOnConsole": false,
    "searchTags": "camping, gear, fire, seasonal, warm, smoke, scarecrow, effigy",
    "image": "images/gear/camping/bonfire.p3d.jpg",
    "id": "dzobj_gjf9tqo6ld"
  },
  {
    "objectName": "cable_reel.p3d",
    "inGameName": "Cable Reel",
    "category": "gear",
    "modelType": "Raw P3D",
    "path": "dz/gear/camping",
    "usableOnConsole": false,
    "searchTags": "camping, gear, electricity",
    "image": "images/gear/camping/cable_reel.p3d.jpg",
    "id": "dzobj_sswggmzdhx"
  },
  {
    "objectName": "camo_net_p.p3d",
    "inGameName": "Camo Net",
    "category": "gear",
    "modelType": "Raw P3D",
    "path": "dz/gear/camping",
    "usableOnConsole": false,
    "searchTags": "base building",
    "image": "images/gear/camping/camo_net_p.p3d.jpg",
    "id": "dzobj_6eoho4qyyb"
  },
  {
    "objectName": "camo_net_shelter.p3d",
    "inGameName": "Camo net shelter",
    "category": "gear",
    "modelType": "Raw P3D",
    "path": "dz/gear/camping",
    "usableOnConsole": false,
    "searchTags": "base building",
    "image": "images/gear/camping/camo_net_shelter.p3d.jpg",
    "id": "dzobj_9zp4jki8ve"
  },
  {
    "objectName": "canvas.p3d",
    "inGameName": "-",
    "category": "gear",
    "modelType": "Raw P3D",
    "path": "dz/gear/camping",
    "usableOnConsole": false,
    "searchTags": "",
    "image": "images/gear/camping/canvas.p3d.jpg",
    "id": "dzobj_c55au9b8ms"
  },
  {
    "objectName": "cartent.p3d",
    "inGameName": "Car Tent",
    "category": "gear",
    "modelType": "Raw P3D",
    "path": "dz/gear/camping",
    "usableOnConsole": false,
    "searchTags": "camping, gear, shelter, transport, vehicle",
    "image": "images/gear/camping/cartent.p3d.jpg",
    "id": "dzobj_jw10l2m5e9"
  },
  {
    "objectName": "christmas_lights.p3d",
    "inGameName": "Festive Lights",
    "category": "gear",
    "modelType": "Raw P3D",
    "path": "dz/gear/camping",
    "usableOnConsole": false,
    "searchTags": "",
    "image": "images/gear/camping/christmas_lights.p3d.jpg",
    "id": "dzobj_gjkbsnmeux"
  },
  {
    "objectName": "combination_lock3.p3d",
    "inGameName": "-",
    "category": "gear",
    "modelType": "Raw P3D",
    "path": "dz/gear/camping",
    "usableOnConsole": false,
    "searchTags": "camping, dial, gear, base building",
    "image": "images/gear/camping/combination_lock3.p3d.jpg",
    "id": "dzobj_1169qer6ea"
  },
  {
    "objectName": "combination_lock4.p3d",
    "inGameName": "-",
    "category": "gear",
    "modelType": "Raw P3D",
    "path": "dz/gear/camping",
    "usableOnConsole": false,
    "searchTags": "camping, dial, gear, base building",
    "image": "images/gear/camping/combination_lock4.p3d.jpg",
    "id": "dzobj_0s43d4w7pg"
  },
  {
    "objectName": "combination_lock_proxied.p3d",
    "inGameName": "-",
    "category": "gear",
    "modelType": "Raw P3D",
    "path": "dz/gear/camping",
    "usableOnConsole": false,
    "searchTags": "camping, dial, gear, base building",
    "image": "images/gear/camping/combination_lock_proxied.p3d.jpg",
    "id": "dzobj_f0tltswunz"
  },
  {
    "objectName": "dz_flag.p3d",
    "inGameName": "-",
    "category": "gear",
    "modelType": "Raw P3D",
    "path": "dz/gear/camping",
    "usableOnConsole": false,
    "searchTags": "banner, signal, base building, territory",
    "image": "images/gear/camping/dz_flag.p3d.jpg",
    "id": "dzobj_xde88rqdgw"
  },
  {
    "objectName": "fabric_ground.p3d",
    "inGameName": "-",
    "category": "gear",
    "modelType": "Raw P3D",
    "path": "dz/gear/camping",
    "usableOnConsole": false,
    "searchTags": "camping, gear, tarp",
    "image": "images/gear/camping/fabric_ground.p3d.jpg",
    "id": "dzobj_7ew15hz9ni"
  },
  {
    "objectName": "fence.p3d",
    "inGameName": "Fence",
    "category": "gear",
    "modelType": "Raw P3D",
    "path": "dz/gear/camping",
    "usableOnConsole": false,
    "searchTags": "camping, gear, base building",
    "image": "images/gear/camping/fence.p3d.jpg",
    "id": "dzobj_5t4jnsly5q"
  },
  {
    "objectName": "fence_deployed.p3d",
    "inGameName": "-",
    "category": "gear",
    "modelType": "Raw P3D",
    "path": "dz/gear/camping",
    "usableOnConsole": false,
    "searchTags": "camping, gear, base building",
    "image": "images/gear/camping/fence_deployed.p3d.jpg",
    "id": "dzobj_n88uwci7ry"
  },
  {
    "objectName": "fence_folded.p3d",
    "inGameName": "-",
    "category": "gear",
    "modelType": "Raw P3D",
    "path": "dz/gear/camping",
    "usableOnConsole": false,
    "searchTags": "camping, gear, base building",
    "image": "images/gear/camping/fence_folded.p3d.jpg",
    "id": "dzobj_3g5ivz89by"
  },
  {
    "objectName": "fence_kit.p3d",
    "inGameName": "Fence Kit",
    "category": "gear",
    "modelType": "Raw P3D",
    "path": "dz/gear/camping",
    "usableOnConsole": false,
    "searchTags": "camping, gear, base building",
    "image": "images/gear/camping/fence_kit.p3d.jpg",
    "id": "dzobj_33fghmim3q"
  },
  {
    "objectName": "fence_kit_deployed.p3d",
    "inGameName": "-",
    "category": "gear",
    "modelType": "Raw P3D",
    "path": "dz/gear/camping",
    "usableOnConsole": false,
    "searchTags": "camping, gear, base building",
    "image": "images/gear/camping/fence_kit_deployed.p3d.jpg",
    "id": "dzobj_87ly28mb1h"
  },
  {
    "objectName": "fence_kit_deployed_orig.p3d",
    "inGameName": "-",
    "category": "gear",
    "modelType": "Raw P3D",
    "path": "dz/gear/camping",
    "usableOnConsole": false,
    "searchTags": "camping, gear, base building",
    "image": "images/gear/camping/fence_kit_deployed_orig.p3d.jpg",
    "id": "dzobj_0s7073ekwr"
  },
  {
    "objectName": "fence_kit_folded.p3d",
    "inGameName": "-",
    "category": "gear",
    "modelType": "Raw P3D",
    "path": "dz/gear/camping",
    "usableOnConsole": false,
    "searchTags": "camping, gear, base building",
    "image": "images/gear/camping/fence_kit_folded.p3d.jpg",
    "id": "dzobj_rx6zrhfrdn"
  },
  {
    "objectName": "hbox.p3d",
    "inGameName": "-",
    "category": "gear",
    "modelType": "Raw P3D",
    "path": "dz/gear/camping",
    "usableOnConsole": false,
    "searchTags": "barrier, camping, crate, gear, mesh, storage, wire",
    "image": "images/gear/camping/hbox.p3d.jpg",
    "id": "dzobj_ucz22a2ome"
  },
  {
    "objectName": "hbox_base.p3d",
    "inGameName": "Wire Mesh Barrier",
    "category": "gear",
    "modelType": "Raw P3D",
    "path": "dz/gear/camping",
    "usableOnConsole": false,
    "searchTags": "",
    "image": "images/gear/camping/hbox_base.p3d.jpg",
    "id": "dzobj_f5g8zk3d91"
  },
  {
    "objectName": "hbox_folded.p3d",
    "inGameName": "-",
    "category": "gear",
    "modelType": "Raw P3D",
    "path": "dz/gear/camping",
    "usableOnConsole": false,
    "searchTags": "",
    "image": "images/gear/camping/hbox_folded.p3d.jpg",
    "id": "dzobj_5tjwnqkni5"
  },
  {
    "objectName": "hbox_unfolded_empty.p3d",
    "inGameName": "-",
    "category": "gear",
    "modelType": "Raw P3D",
    "path": "dz/gear/camping",
    "usableOnConsole": false,
    "searchTags": "",
    "image": "images/gear/camping/hbox_unfolded_empty.p3d.jpg",
    "id": "dzobj_2temo9delh"
  },
  {
    "objectName": "hbox_unfolded_filled.p3d",
    "inGameName": "-",
    "category": "gear",
    "modelType": "Raw P3D",
    "path": "dz/gear/camping",
    "usableOnConsole": false,
    "searchTags": "",
    "image": "images/gear/camping/hbox_unfolded_filled.p3d.jpg",
    "id": "dzobj_2m5zh8aapo"
  },
  {
    "objectName": "improvised_tent_01.p3d",
    "inGameName": "-",
    "category": "gear",
    "modelType": "Raw P3D",
    "path": "dz/gear/camping",
    "usableOnConsole": false,
    "searchTags": "",
    "image": "images/gear/camping/improvised_tent_01.p3d.jpg",
    "id": "dzobj_0x6gjfulq3"
  },
  {
    "objectName": "improvised_tent_02.p3d",
    "inGameName": "-",
    "category": "gear",
    "modelType": "Raw P3D",
    "path": "dz/gear/camping",
    "usableOnConsole": false,
    "searchTags": "",
    "image": "images/gear/camping/improvised_tent_02.p3d.jpg",
    "id": "dzobj_70t34ndks2"
  },
  {
    "objectName": "improvised_tent_g_01.p3d",
    "inGameName": "-",
    "category": "gear",
    "modelType": "Raw P3D",
    "path": "dz/gear/camping",
    "usableOnConsole": false,
    "searchTags": "",
    "image": "images/gear/camping/improvised_tent_g_01.p3d.jpg",
    "id": "dzobj_7qz1s9pvbx"
  },
  {
    "objectName": "improvised_tent_g_02.p3d",
    "inGameName": "-",
    "category": "gear",
    "modelType": "Raw P3D",
    "path": "dz/gear/camping",
    "usableOnConsole": false,
    "searchTags": "",
    "image": "images/gear/camping/improvised_tent_g_02.p3d.jpg",
    "id": "dzobj_c4zateoc9n"
  },
  {
    "objectName": "largetent.p3d",
    "inGameName": "Large Tent",
    "category": "gear",
    "modelType": "Raw P3D",
    "path": "dz/gear/camping",
    "usableOnConsole": false,
    "searchTags": "camping, gear, shelter",
    "image": "images/gear/camping/largetent.p3d.jpg",
    "id": "dzobj_xxiw9i07xx"
  },
  {
    "objectName": "largetentcluttercutter.p3d",
    "inGameName": "Clutter Cutter 3x3",
    "category": "gear",
    "modelType": "Raw P3D",
    "path": "dz/gear/camping",
    "usableOnConsole": false,
    "searchTags": "camping, gear, shelter",
    "image": "images/gear/camping/largetentcluttercutter.p3d.jpg",
    "id": "dzobj_3wltfu1367"
  },
  {
    "objectName": "large_tent_backpack.p3d",
    "inGameName": "-",
    "category": "gear",
    "modelType": "Raw P3D",
    "path": "dz/gear/camping",
    "usableOnConsole": false,
    "searchTags": "camping, gear, shelter",
    "image": "images/gear/camping/large_tent_backpack.p3d.jpg",
    "id": "dzobj_7dmqll7wzo"
  },
  {
    "objectName": "mediumtent.p3d",
    "inGameName": "Medium Tent",
    "category": "gear",
    "modelType": "Raw P3D",
    "path": "dz/gear/camping",
    "usableOnConsole": false,
    "searchTags": "camping, gear, shelter",
    "image": "images/gear/camping/mediumtent.p3d.jpg",
    "id": "dzobj_gju76e0gcp"
  },
  {
    "objectName": "mediumtentcluttercutter.p3d",
    "inGameName": "Clutter Cutter 3x3",
    "category": "gear",
    "modelType": "Raw P3D",
    "path": "dz/gear/camping",
    "usableOnConsole": false,
    "searchTags": "camping, gear, shelter",
    "image": "images/gear/camping/mediumtentcluttercutter.p3d.jpg",
    "id": "dzobj_ffq1rl6lzv"
  },
  {
    "objectName": "party_tent.p3d",
    "inGameName": "Canopy Tent",
    "category": "gear",
    "modelType": "Raw P3D",
    "path": "dz/gear/camping",
    "usableOnConsole": false,
    "searchTags": "camping, canopy, gear, shelter",
    "image": "images/gear/camping/party_tent.p3d.jpg",
    "id": "dzobj_pqwpecfh53"
  },
  {
    "objectName": "party_tent_g.p3d",
    "inGameName": "-",
    "category": "gear",
    "modelType": "Raw P3D",
    "path": "dz/gear/camping",
    "usableOnConsole": false,
    "searchTags": "camping, canopy, gear, shelter",
    "image": "images/gear/camping/party_tent_g.p3d.jpg",
    "id": "dzobj_us5ondjxqz"
  },
  {
    "objectName": "party_tent_static.p3d",
    "inGameName": "-",
    "category": "gear",
    "modelType": "Raw P3D",
    "path": "dz/gear/camping",
    "usableOnConsole": false,
    "searchTags": "camping, canopy, gear, shelter",
    "image": "images/gear/camping/party_tent_static.p3d.jpg",
    "id": "dzobj_ow4u8jmyi0"
  },
  {
    "objectName": "power_generator.p3d",
    "inGameName": "Power Generator",
    "category": "gear",
    "modelType": "Raw P3D",
    "path": "dz/gear/camping",
    "usableOnConsole": false,
    "searchTags": "camping, gear, electricity",
    "image": "images/gear/camping/power_generator.p3d.jpg",
    "id": "dzobj_ftgoy79riv"
  },
  {
    "objectName": "sea_chest.p3d",
    "inGameName": "Sea Chest",
    "category": "gear",
    "modelType": "Raw P3D",
    "path": "dz/gear/camping",
    "usableOnConsole": false,
    "searchTags": "camping, gear, storage",
    "image": "images/gear/camping/sea_chest.p3d.jpg",
    "id": "dzobj_wzmveaq22u"
  },
  {
    "objectName": "sea_chest_anniversary.p3d",
    "inGameName": "Anniversary T-Shirt Box",
    "category": "gear",
    "modelType": "Raw P3D",
    "path": "dz/gear/camping",
    "usableOnConsole": false,
    "searchTags": "camping, gear, storage",
    "image": "images/gear/camping/sea_chest_anniversary.p3d.jpg",
    "id": "dzobj_p3cqixa3u3"
  },
  {
    "objectName": "sheltersite.p3d",
    "inGameName": "Shelter Site",
    "category": "gear",
    "modelType": "Raw P3D",
    "path": "dz/gear/camping",
    "usableOnConsole": false,
    "searchTags": "camping, gear, storage",
    "image": "images/gear/camping/sheltersite.p3d.jpg",
    "id": "dzobj_62rzf58fva"
  },
  {
    "objectName": "shelter_fabric.p3d",
    "inGameName": "Tarp Shelter",
    "category": "gear",
    "modelType": "Raw P3D",
    "path": "dz/gear/camping",
    "usableOnConsole": false,
    "searchTags": "camping, gear, tarp",
    "image": "images/gear/camping/shelter_fabric.p3d.jpg",
    "id": "dzobj_ink07egqx8"
  },
  {
    "objectName": "shelter_frame.p3d",
    "inGameName": "-",
    "category": "gear",
    "modelType": "Raw P3D",
    "path": "dz/gear/camping",
    "usableOnConsole": false,
    "searchTags": "",
    "image": "images/gear/camping/shelter_frame.p3d.jpg",
    "id": "dzobj_02kep9nxai"
  },
  {
    "objectName": "shelter_kit.p3d",
    "inGameName": "-",
    "category": "gear",
    "modelType": "Raw P3D",
    "path": "dz/gear/camping",
    "usableOnConsole": false,
    "searchTags": "camping, gear, storage",
    "image": "images/gear/camping/shelter_kit.p3d.jpg",
    "id": "dzobj_1b1fltjg9a"
  },
  {
    "objectName": "shelter_kit_deployed.p3d",
    "inGameName": "-",
    "category": "gear",
    "modelType": "Raw P3D",
    "path": "dz/gear/camping",
    "usableOnConsole": false,
    "searchTags": "camping, gear, storage",
    "image": "images/gear/camping/shelter_kit_deployed.p3d.jpg",
    "id": "dzobj_fhqh5ww2db"
  },
  {
    "objectName": "shelter_kit_folded.p3d",
    "inGameName": "-",
    "category": "gear",
    "modelType": "Raw P3D",
    "path": "dz/gear/camping",
    "usableOnConsole": false,
    "searchTags": "camping, gear, storage",
    "image": "images/gear/camping/shelter_kit_folded.p3d.jpg",
    "id": "dzobj_7staywu4oy"
  },
  {
    "objectName": "shelter_leather.p3d",
    "inGameName": "Leather Shelter",
    "category": "gear",
    "modelType": "Raw P3D",
    "path": "dz/gear/camping",
    "usableOnConsole": false,
    "searchTags": "camping, gear",
    "image": "images/gear/camping/shelter_leather.p3d.jpg",
    "id": "dzobj_x6ldo1fjp1"
  },
  {
    "objectName": "shelter_stick.p3d",
    "inGameName": "Improvised Shelter",
    "category": "gear",
    "modelType": "Raw P3D",
    "path": "dz/gear/camping",
    "usableOnConsole": false,
    "searchTags": "camping, gear, improvised",
    "image": "images/gear/camping/shelter_stick.p3d.jpg",
    "id": "dzobj_vw6vpmyxpv"
  },
  {
    "objectName": "spotlight.p3d",
    "inGameName": "Construction Light",
    "category": "gear",
    "modelType": "Raw P3D",
    "path": "dz/gear/camping",
    "usableOnConsole": false,
    "searchTags": "camping, construction, gear, lamp, light, lighting",
    "image": "images/gear/camping/spotlight.p3d.jpg",
    "id": "dzobj_eg1m2g25lb"
  },
  {
    "objectName": "string_lights_p.p3d",
    "inGameName": "-",
    "category": "gear",
    "modelType": "Raw P3D",
    "path": "dz/gear/camping",
    "usableOnConsole": false,
    "searchTags": "",
    "image": "images/gear/camping/string_lights_p.p3d.jpg",
    "id": "dzobj_r6j29c42f9"
  },
  {
    "objectName": "tent_cluttercutter.p3d",
    "inGameName": "-",
    "category": "gear",
    "modelType": "Raw P3D",
    "path": "dz/gear/camping",
    "usableOnConsole": false,
    "searchTags": "",
    "image": "images/gear/camping/tent_cluttercutter.p3d.jpg",
    "id": "dzobj_mpd3vfax2z"
  },
  {
    "objectName": "tent_large_cluttercutter.p3d",
    "inGameName": "-",
    "category": "gear",
    "modelType": "Raw P3D",
    "path": "dz/gear/camping",
    "usableOnConsole": false,
    "searchTags": "",
    "image": "images/gear/camping/tent_large_cluttercutter.p3d.jpg",
    "id": "dzobj_lf9a3k6mbx"
  },
  {
    "objectName": "tent_medium_packed.p3d",
    "inGameName": "-",
    "category": "gear",
    "modelType": "Raw P3D",
    "path": "dz/gear/camping",
    "usableOnConsole": false,
    "searchTags": "",
    "image": "images/gear/camping/tent_medium_packed.p3d.jpg",
    "id": "dzobj_auydio7lb3"
  },
  {
    "objectName": "tent_medium_pitched.p3d",
    "inGameName": "-",
    "category": "gear",
    "modelType": "Raw P3D",
    "path": "dz/gear/camping",
    "usableOnConsole": false,
    "searchTags": "",
    "image": "images/gear/camping/tent_medium_pitched.p3d.jpg",
    "id": "dzobj_5b8o23gs8k"
  },
  {
    "objectName": "territory_flag.p3d",
    "inGameName": "Flag Pole",
    "category": "gear",
    "modelType": "Raw P3D",
    "path": "dz/gear/camping",
    "usableOnConsole": false,
    "searchTags": "banner, camping, gear, pole, signal, base building",
    "image": "images/gear/camping/territory_flag.p3d.jpg",
    "id": "dzobj_01whaau1xz"
  },
  {
    "objectName": "territory_flag_kit.p3d",
    "inGameName": "Flag Pole Kit",
    "category": "gear",
    "modelType": "Raw P3D",
    "path": "dz/gear/camping",
    "usableOnConsole": false,
    "searchTags": "banner, camping, gear, pole, signal, base building",
    "image": "images/gear/camping/territory_flag_kit.p3d.jpg",
    "id": "dzobj_l4hnp8xopx"
  },
  {
    "objectName": "territory_flag_kit_deployed.p3d",
    "inGameName": "-",
    "category": "gear",
    "modelType": "Raw P3D",
    "path": "dz/gear/camping",
    "usableOnConsole": false,
    "searchTags": "banner, camping, gear, pole, signal",
    "image": "images/gear/camping/territory_flag_kit_deployed.p3d.jpg",
    "id": "dzobj_o381k8fere"
  },
  {
    "objectName": "territory_flag_kit_folded.p3d",
    "inGameName": "-",
    "category": "gear",
    "modelType": "Raw P3D",
    "path": "dz/gear/camping",
    "usableOnConsole": false,
    "searchTags": "banner, camping, gear, pole, signal",
    "image": "images/gear/camping/territory_flag_kit_folded.p3d.jpg",
    "id": "dzobj_orcojt6gb9"
  },
  {
    "objectName": "t_fagussylvatica_2fmesh.p3d",
    "inGameName": "-",
    "category": "gear",
    "modelType": "Raw P3D",
    "path": "dz/gear/camping",
    "usableOnConsole": false,
    "searchTags": "",
    "image": "images/gear/camping/t_fagussylvatica_2fmesh.p3d.jpg",
    "id": "dzobj_unefq7xgwx"
  },
  {
    "objectName": "t_fagussylvatica_2fproxy.p3d",
    "inGameName": "-",
    "category": "gear",
    "modelType": "Raw P3D",
    "path": "dz/gear/camping",
    "usableOnConsole": false,
    "searchTags": "",
    "image": "images/gear/camping/t_fagussylvatica_2fproxy.p3d.jpg",
    "id": "dzobj_s2p7syla8y"
  },
  {
    "objectName": "underground_stash.p3d",
    "inGameName": "Mound",
    "category": "gear",
    "modelType": "Raw P3D",
    "path": "dz/gear/camping",
    "usableOnConsole": false,
    "searchTags": "camping, gear, mound",
    "image": "images/gear/camping/underground_stash.p3d.jpg",
    "id": "dzobj_r7mrmhm4j1"
  },
  {
    "objectName": "underground_stash_snow.p3d",
    "inGameName": "-",
    "category": "gear",
    "modelType": "Raw P3D",
    "path": "dz/gear/camping",
    "usableOnConsole": false,
    "searchTags": "camping, gear, mound",
    "image": "images/gear/camping/underground_stash_snow.p3d.jpg",
    "id": "dzobj_a74nilzxus"
  },
  {
    "objectName": "watchtower.p3d",
    "inGameName": "Watchtower",
    "category": "gear",
    "modelType": "Raw P3D",
    "path": "dz/gear/camping",
    "usableOnConsole": false,
    "searchTags": "camping, gear, base building",
    "image": "images/gear/camping/watchtower.p3d.jpg",
    "id": "dzobj_x0yvazinx3"
  },
  {
    "objectName": "watchtower_deployed.p3d",
    "inGameName": "-",
    "category": "gear",
    "modelType": "Raw P3D",
    "path": "dz/gear/camping",
    "usableOnConsole": false,
    "searchTags": "camping, gear, base building",
    "image": "images/gear/camping/watchtower_deployed.p3d.jpg",
    "id": "dzobj_jnk5iozcm7"
  },
  {
    "objectName": "watchtower_folded.p3d",
    "inGameName": "-",
    "category": "gear",
    "modelType": "Raw P3D",
    "path": "dz/gear/camping",
    "usableOnConsole": false,
    "searchTags": "camping, gear, base building",
    "image": "images/gear/camping/watchtower_folded.p3d.jpg",
    "id": "dzobj_95u8nteg11"
  },
  {
    "objectName": "watchtower_kit.p3d",
    "inGameName": "Shelter Kit",
    "category": "gear",
    "modelType": "Raw P3D",
    "path": "dz/gear/camping",
    "usableOnConsole": false,
    "searchTags": "camping, gear, base building",
    "image": "images/gear/camping/watchtower_kit.p3d.jpg",
    "id": "dzobj_gn9bojx8pk"
  },
  {
    "objectName": "watchtower_kit_deployed.p3d",
    "inGameName": "-",
    "category": "gear",
    "modelType": "Raw P3D",
    "path": "dz/gear/camping",
    "usableOnConsole": false,
    "searchTags": "camping, gear, base building",
    "image": "images/gear/camping/watchtower_kit_deployed.p3d.jpg",
    "id": "dzobj_kdbe6h4hlr"
  },
  {
    "objectName": "watchtower_kit_deployed_orig.p3d",
    "inGameName": "-",
    "category": "gear",
    "modelType": "Raw P3D",
    "path": "dz/gear/camping",
    "usableOnConsole": false,
    "searchTags": "camping, gear, base building",
    "image": "images/gear/camping/watchtower_kit_deployed_orig.p3d.jpg",
    "id": "dzobj_vyktshbqey"
  },
  {
    "objectName": "watchtower_kit_folded.p3d",
    "inGameName": "-",
    "category": "gear",
    "modelType": "Raw P3D",
    "path": "dz/gear/camping",
    "usableOnConsole": false,
    "searchTags": "camping, gear, base building",
    "image": "images/gear/camping/watchtower_kit_folded.p3d.jpg",
    "id": "dzobj_igwz2nd2dq"
  },
  {
    "objectName": "watchtower_no_proxy.p3d",
    "inGameName": "-",
    "category": "gear",
    "modelType": "Raw P3D",
    "path": "dz/gear/camping",
    "usableOnConsole": false,
    "searchTags": "camping, gear, base building",
    "image": "images/gear/camping/watchtower_no_proxy.p3d.jpg",
    "id": "dzobj_k42w8z74fx"
  },
  {
    "objectName": "wooden_case.p3d",
    "inGameName": "Wooden Crate",
    "category": "gear",
    "modelType": "Raw P3D",
    "path": "dz/gear/camping",
    "usableOnConsole": false,
    "searchTags": "box, camping, gear, storage",
    "image": "images/gear/camping/wooden_case.p3d.jpg",
    "id": "dzobj_ruwdyi0xsw"
  },
  {
    "objectName": "wooden_log.p3d",
    "inGameName": "Wooden Log",
    "category": "gear",
    "modelType": "Raw P3D",
    "path": "dz/gear/camping",
    "usableOnConsole": false,
    "searchTags": "camping, gear, tree, cut, base building",
    "image": "images/gear/camping/wooden_log.p3d.jpg",
    "id": "dzobj_d5v00ddisj"
  },
  {
    "objectName": "MediumTentPlacing",
    "category": "gear",
    "modelType": "Config",
    "path": "dz/gear/camping",
    "usableOnConsole": true,
    "searchTags": "camping, gear, shelter",
    "image": "images/gear/camping/mediumtentplacing.jpg",
    "editorJson": null,
    "configClass": "MediumTentPlacing",
    "id": "dzobj_u9lu30tl79"
  },
  {
    "objectName": "LargeTentPlacing",
    "category": "gear",
    "modelType": "Config",
    "path": "dz/gear/camping",
    "usableOnConsole": true,
    "searchTags": "camping, gear, shelter",
    "image": "images/gear/camping/largetentplacing.jpg",
    "editorJson": null,
    "configClass": "LargeTentPlacing",
    "id": "dzobj_t0mim0iq22"
  },
  {
    "objectName": "CarTentPlacing",
    "category": "gear",
    "modelType": "Config",
    "path": "dz/gear/camping",
    "usableOnConsole": true,
    "searchTags": "camping, gear, shelter, transport, vehicle",
    "image": "images/gear/camping/cartentplacing.jpg",
    "editorJson": null,
    "configClass": "CarTentPlacing",
    "id": "dzobj_ze7x4whrkr"
  },
  {
    "objectName": "PartyTentPlacing",
    "category": "gear",
    "modelType": "Config",
    "path": "dz/gear/camping",
    "usableOnConsole": true,
    "searchTags": "camping, canopy, gear, shelter",
    "image": "images/gear/camping/partytentplacing.jpg",
    "editorJson": null,
    "configClass": "PartyTentPlacing",
    "id": "dzobj_z6u616ain4"
  },
  {
    "objectName": "FenceKitPlacing",
    "category": "gear",
    "modelType": "Config",
    "path": "dz/gear/camping",
    "usableOnConsole": true,
    "searchTags": "camping, gear, base building",
    "image": "images/gear/camping/fencekitplacing.jpg",
    "editorJson": null,
    "configClass": "FenceKitPlacing",
    "id": "dzobj_gojtj45d4x"
  },
  {
    "objectName": "WatchtowerKitPlacing",
    "category": "gear",
    "modelType": "Config",
    "path": "dz/gear/camping",
    "usableOnConsole": true,
    "searchTags": "camping, gear, base building",
    "image": "images/gear/camping/watchtowerkitplacing.jpg",
    "editorJson": null,
    "configClass": "WatchtowerKitPlacing",
    "id": "dzobj_bvwjdblncw"
  },
  {
    "objectName": "ShelterKitPlacing",
    "category": "gear",
    "modelType": "Config",
    "path": "dz/gear/camping",
    "usableOnConsole": true,
    "searchTags": "camping, gear, storage",
    "image": "images/gear/camping/shelterkitplacing.jpg",
    "editorJson": null,
    "configClass": "ShelterKitPlacing",
    "id": "dzobj_g8rkkswdhn"
  },
  {
    "objectName": "TerritoryFlagKitPlacing",
    "category": "gear",
    "modelType": "Config",
    "path": "dz/gear/camping",
    "usableOnConsole": true,
    "searchTags": "banner, camping, gear, pole, signal",
    "image": "images/gear/camping/territoryflagkitplacing.jpg",
    "editorJson": null,
    "configClass": "TerritoryFlagKitPlacing",
    "id": "dzobj_baxzyvhmoi"
  },
  {
    "objectName": "cartentplacing.p3d",
    "category": "gear",
    "modelType": "Raw P3D",
    "path": "dz/gear/camping",
    "usableOnConsole": false,
    "searchTags": "camping, gear, shelter, transport, vehicle",
    "image": "images/gear/camping/cartentplacing.p3d.jpg",
    "editorJson": null,
    "id": "dzobj_bk9rln1wu2"
  },
  {
    "objectName": "fence_kit_placing.p3d",
    "category": "gear",
    "modelType": "Raw P3D",
    "path": "dz/gear/camping",
    "usableOnConsole": false,
    "searchTags": "camping, gear, base building",
    "image": "images/gear/camping/fence_kit_placing.p3d.jpg",
    "editorJson": null,
    "id": "dzobj_l2fjqcj295"
  },
  {
    "objectName": "largetentplacing.p3d",
    "category": "gear",
    "modelType": "Raw P3D",
    "path": "dz/gear/camping",
    "usableOnConsole": false,
    "searchTags": "camping, gear, shelter",
    "image": "images/gear/camping/largetentplacing.p3d.jpg",
    "editorJson": null,
    "id": "dzobj_nhgw1bfmsd"
  },
  {
    "objectName": "mediumtentplacing.p3d",
    "category": "gear",
    "modelType": "Raw P3D",
    "path": "dz/gear/camping",
    "usableOnConsole": false,
    "searchTags": "camping, gear, shelter",
    "image": "images/gear/camping/mediumtentplacing.p3d.jpg",
    "editorJson": null,
    "id": "dzobj_4kta24hnw4"
  },
  {
    "objectName": "party_tentplacing.p3d",
    "category": "gear",
    "modelType": "Raw P3D",
    "path": "dz/gear/camping",
    "usableOnConsole": false,
    "searchTags": "camping, canopy, gear, shelter",
    "image": "images/gear/camping/party_tentplacing.p3d.jpg",
    "editorJson": null,
    "id": "dzobj_8qggat8ali"
  },
  {
    "objectName": "shelter_kit_placing.p3d",
    "category": "gear",
    "modelType": "Raw P3D",
    "path": "dz/gear/camping",
    "usableOnConsole": false,
    "searchTags": "camping, gear, storage",
    "image": "images/gear/camping/shelter_kit_placing.p3d.jpg",
    "editorJson": null,
    "id": "dzobj_zx18uozh9o"
  },
  {
    "objectName": "territory_flag_kit_placing.p3d",
    "category": "gear",
    "modelType": "Raw P3D",
    "path": "dz/gear/camping",
    "usableOnConsole": false,
    "searchTags": "banner, camping, gear, pole, signal",
    "image": "images/gear/camping/territory_flag_kit_placing.p3d.jpg",
    "editorJson": null,
    "id": "dzobj_qw2nuvm6te"
  },
  {
    "objectName": "watchtower_kit_placing.p3d",
    "category": "gear",
    "modelType": "Raw P3D",
    "path": "dz/gear/camping",
    "usableOnConsole": false,
    "searchTags": "camping, gear, base building",
    "image": "images/gear/camping/watchtower_kit_placing.p3d.jpg",
    "editorJson": null,
    "id": "dzobj_c8mgrg0ace"
  },
  {
    "objectName": "Flag_APA",
    "inGameName": "Fence Kit",
    "category": "gear",
    "modelType": "Config",
    "path": "dz/gear/camping",
    "usableOnConsole": true,
    "searchTags": "banner, signal, base building, territory",
    "image": "images/gear/camping/fencekit.jpg",
    "id": "dzobj_h1y2jcvivb"
  },
  {
    "objectName": "Flag_Altis",
    "inGameName": "Fence Kit",
    "category": "gear",
    "modelType": "Config",
    "path": "dz/gear/camping",
    "usableOnConsole": true,
    "searchTags": "banner, signal, base building, territory",
    "image": "images/gear/camping/fencekit.jpg",
    "id": "dzobj_86f1cr17vc"
  },
  {
    "objectName": "Flag_BabyDeer",
    "inGameName": "Fence Kit",
    "category": "gear",
    "modelType": "Config",
    "path": "dz/gear/camping",
    "usableOnConsole": true,
    "searchTags": "banner, signal, base building, territory",
    "image": "images/gear/camping/fencekit.jpg",
    "id": "dzobj_2o8ehnirv9"
  },
  {
    "objectName": "Flag_Bear",
    "inGameName": "Fence Kit",
    "category": "gear",
    "modelType": "Config",
    "path": "dz/gear/camping",
    "usableOnConsole": true,
    "searchTags": "banner, signal, base building, territory",
    "image": "images/gear/camping/fencekit.jpg",
    "id": "dzobj_ay6bucy9rd"
  },
  {
    "objectName": "Flag_Bohemia",
    "inGameName": "Fence Kit",
    "category": "gear",
    "modelType": "Config",
    "path": "dz/gear/camping",
    "usableOnConsole": true,
    "searchTags": "banner, signal, base building, territory",
    "image": "images/gear/camping/fencekit.jpg",
    "id": "dzobj_m7qxi0s761"
  },
  {
    "objectName": "Flag_BrainZ",
    "inGameName": "Fence Kit",
    "category": "gear",
    "modelType": "Config",
    "path": "dz/gear/camping",
    "usableOnConsole": true,
    "searchTags": "banner, signal, base building, territory",
    "image": "images/gear/camping/fencekit.jpg",
    "id": "dzobj_q6u9nryrn6"
  },
  {
    "objectName": "Flag_CDF",
    "inGameName": "Fence Kit",
    "category": "gear",
    "modelType": "Config",
    "path": "dz/gear/camping",
    "usableOnConsole": true,
    "searchTags": "banner, signal, base building, territory",
    "image": "images/gear/camping/fencekit.jpg",
    "id": "dzobj_dx8ztp6rw0"
  },
  {
    "objectName": "Flag_CHEL",
    "inGameName": "Fence Kit",
    "category": "gear",
    "modelType": "Config",
    "path": "dz/gear/camping",
    "usableOnConsole": true,
    "searchTags": "banner, signal, base building, territory",
    "image": "images/gear/camping/fencekit.jpg",
    "id": "dzobj_nlkq5ojx5j"
  },
  {
    "objectName": "Flag_CMC",
    "inGameName": "Fence Kit",
    "category": "gear",
    "modelType": "Config",
    "path": "dz/gear/camping",
    "usableOnConsole": true,
    "searchTags": "banner, signal, base building, territory",
    "image": "images/gear/camping/fencekit.jpg",
    "id": "dzobj_rkns0gwclh"
  },
  {
    "objectName": "Flag_Cannibals",
    "inGameName": "Fence Kit",
    "category": "gear",
    "modelType": "Config",
    "path": "dz/gear/camping",
    "usableOnConsole": true,
    "searchTags": "banner, signal, base building, territory",
    "image": "images/gear/camping/fencekit.jpg",
    "id": "dzobj_t40tmktqol"
  },
  {
    "objectName": "Flag_Chedaki",
    "inGameName": "Fence Kit",
    "category": "gear",
    "modelType": "Config",
    "path": "dz/gear/camping",
    "usableOnConsole": true,
    "searchTags": "banner, signal, base building, territory",
    "image": "images/gear/camping/fencekit.jpg",
    "id": "dzobj_kfpcj57vm2"
  },
  {
    "objectName": "Flag_Chernarus",
    "inGameName": "Fence Kit",
    "category": "gear",
    "modelType": "Config",
    "path": "dz/gear/camping",
    "usableOnConsole": true,
    "searchTags": "banner, signal, base building, territory",
    "image": "images/gear/camping/fencekit.jpg",
    "id": "dzobj_jf9ns2yjhj"
  },
  {
    "objectName": "Flag_Crook",
    "inGameName": "Fence Kit",
    "category": "gear",
    "modelType": "Config",
    "path": "dz/gear/camping",
    "usableOnConsole": true,
    "searchTags": "banner, signal, base building, territory",
    "image": "images/gear/camping/fencekit.jpg",
    "id": "dzobj_gh0xllygh8"
  },
  {
    "objectName": "Flag_DayZ",
    "inGameName": "Fence Kit",
    "category": "gear",
    "modelType": "Config",
    "path": "dz/gear/camping",
    "usableOnConsole": true,
    "searchTags": "banner, signal, base building, territory",
    "image": "images/gear/camping/fencekit.jpg",
    "id": "dzobj_uudmv8w7jk"
  },
  {
    "objectName": "Flag_HunterZ",
    "inGameName": "Fence Kit",
    "category": "gear",
    "modelType": "Config",
    "path": "dz/gear/camping",
    "usableOnConsole": true,
    "searchTags": "banner, signal, base building, territory",
    "image": "images/gear/camping/fencekit.jpg",
    "id": "dzobj_d35bc5mt50"
  },
  {
    "objectName": "Flag_Livonia",
    "inGameName": "Fence Kit",
    "category": "gear",
    "modelType": "Config",
    "path": "dz/gear/camping",
    "usableOnConsole": true,
    "searchTags": "banner, signal, base building, territory",
    "image": "images/gear/camping/fencekit.jpg",
    "id": "dzobj_0sbws3rhws"
  },
  {
    "objectName": "Flag_LivoniaArmy",
    "inGameName": "Fence Kit",
    "category": "gear",
    "modelType": "Config",
    "path": "dz/gear/camping",
    "usableOnConsole": true,
    "searchTags": "banner, signal, base building, territory",
    "image": "images/gear/camping/fencekit.jpg",
    "id": "dzobj_bie5qzgcc5"
  },
  {
    "objectName": "Flag_LivoniaPolice",
    "inGameName": "Fence Kit",
    "category": "gear",
    "modelType": "Config",
    "path": "dz/gear/camping",
    "usableOnConsole": true,
    "searchTags": "banner, signal, base building, territory",
    "image": "images/gear/camping/fencekit.jpg",
    "id": "dzobj_z8o71czqet"
  },
  {
    "objectName": "Flag_NAPA",
    "inGameName": "Fence Kit",
    "category": "gear",
    "modelType": "Config",
    "path": "dz/gear/camping",
    "usableOnConsole": true,
    "searchTags": "banner, signal, base building, territory",
    "image": "images/gear/camping/fencekit.jpg",
    "id": "dzobj_qom0qzxrvb"
  },
  {
    "objectName": "Flag_NSahrani",
    "inGameName": "Fence Kit",
    "category": "gear",
    "modelType": "Config",
    "path": "dz/gear/camping",
    "usableOnConsole": true,
    "searchTags": "banner, signal, base building, territory",
    "image": "images/gear/camping/fencekit.jpg",
    "id": "dzobj_03inah8987"
  },
  {
    "objectName": "Flag_Pirates",
    "inGameName": "Fence Kit",
    "category": "gear",
    "modelType": "Config",
    "path": "dz/gear/camping",
    "usableOnConsole": true,
    "searchTags": "banner, signal, base building, territory",
    "image": "images/gear/camping/fencekit.jpg",
    "id": "dzobj_c4nnk7oip1"
  },
  {
    "objectName": "Flag_RSTA",
    "inGameName": "Fence Kit",
    "category": "gear",
    "modelType": "Config",
    "path": "dz/gear/camping",
    "usableOnConsole": true,
    "searchTags": "banner, signal, base building, territory",
    "image": "images/gear/camping/fencekit.jpg",
    "id": "dzobj_broz7redtm"
  },
  {
    "objectName": "Flag_Refuge",
    "inGameName": "Fence Kit",
    "category": "gear",
    "modelType": "Config",
    "path": "dz/gear/camping",
    "usableOnConsole": true,
    "searchTags": "banner, signal, base building, territory",
    "image": "images/gear/camping/fencekit.jpg",
    "id": "dzobj_sr0nan2o1a"
  },
  {
    "objectName": "Flag_Rex",
    "inGameName": "Fence Kit",
    "category": "gear",
    "modelType": "Config",
    "path": "dz/gear/camping",
    "usableOnConsole": true,
    "searchTags": "banner, signal, base building, territory",
    "image": "images/gear/camping/fencekit.jpg",
    "id": "dzobj_ic66hrhned"
  },
  {
    "objectName": "Flag_Rooster",
    "inGameName": "Fence Kit",
    "category": "gear",
    "modelType": "Config",
    "path": "dz/gear/camping",
    "usableOnConsole": true,
    "searchTags": "banner, signal, base building, territory",
    "image": "images/gear/camping/fencekit.jpg",
    "id": "dzobj_xt5jxyib18"
  },
  {
    "objectName": "Flag_SSahrani",
    "inGameName": "Fence Kit",
    "category": "gear",
    "modelType": "Config",
    "path": "dz/gear/camping",
    "usableOnConsole": true,
    "searchTags": "banner, signal, base building, territory",
    "image": "images/gear/camping/fencekit.jpg",
    "id": "dzobj_gp8bsy3nbu"
  },
  {
    "objectName": "Flag_Snake",
    "inGameName": "Fence Kit",
    "category": "gear",
    "modelType": "Config",
    "path": "dz/gear/camping",
    "usableOnConsole": true,
    "searchTags": "banner, signal, base building, territory",
    "image": "images/gear/camping/fencekit.jpg",
    "id": "dzobj_la1qi4zk33"
  },
  {
    "objectName": "Flag_TEC",
    "inGameName": "Fence Kit",
    "category": "gear",
    "modelType": "Config",
    "path": "dz/gear/camping",
    "usableOnConsole": true,
    "searchTags": "banner, signal, base building, territory",
    "image": "images/gear/camping/fencekit.jpg",
    "id": "dzobj_h0bcdd7kxr"
  },
  {
    "objectName": "Flag_UEC",
    "inGameName": "Fence Kit",
    "category": "gear",
    "modelType": "Config",
    "path": "dz/gear/camping",
    "usableOnConsole": true,
    "searchTags": "banner, signal, base building, territory",
    "image": "images/gear/camping/fencekit.jpg",
    "id": "dzobj_w7roq1tf7k"
  },
  {
    "objectName": "Flag_White",
    "inGameName": "Fence Kit",
    "category": "gear",
    "modelType": "Config",
    "path": "dz/gear/camping",
    "usableOnConsole": true,
    "searchTags": "banner, signal, base building, territory",
    "image": "images/gear/camping/fencekit.jpg",
    "id": "dzobj_7489ykkknq"
  },
  {
    "objectName": "Flag_Wolf",
    "inGameName": "Fence Kit",
    "category": "gear",
    "modelType": "Config",
    "path": "dz/gear/camping",
    "usableOnConsole": true,
    "searchTags": "banner, signal, base building, territory",
    "image": "images/gear/camping/fencekit.jpg",
    "id": "dzobj_5kcox2klse"
  },
  {
    "objectName": "Flag_Zagorky",
    "inGameName": "Fence Kit",
    "category": "gear",
    "modelType": "Config",
    "path": "dz/gear/camping",
    "usableOnConsole": true,
    "searchTags": "banner, signal, base building, territory",
    "image": "images/gear/camping/fencekit.jpg",
    "id": "dzobj_gkeh92qjvb"
  },
  {
    "objectName": "Flag_Zenit",
    "inGameName": "Fence Kit",
    "category": "gear",
    "modelType": "Config",
    "path": "dz/gear/camping",
    "usableOnConsole": true,
    "searchTags": "banner, signal, base building, territory",
    "image": "images/gear/camping/fencekit.jpg",
    "id": "dzobj_ko6dieq3cc"
  },
  {
    "objectName": "MediumTent_Green",
    "inGameName": "Medium Tent",
    "category": "gear",
    "modelType": "Config",
    "path": "dz/gear/camping",
    "usableOnConsole": true,
    "searchTags": "camping, gear, shelter, storage",
    "image": "images/gear/camping/mediumtent.jpg",
    "id": "dzobj_f1mbur7ry3"
  },
  {
    "objectName": "MediumTent_Orange",
    "inGameName": "Medium Tent",
    "category": "gear",
    "modelType": "Config",
    "path": "dz/gear/camping",
    "usableOnConsole": true,
    "searchTags": "camping, gear, shelter, storage",
    "image": "images/gear/camping/mediumtent.jpg",
    "id": "dzobj_s4z7pyxa17"
  },
  {
    "objectName": "PartyTent_Blue",
    "inGameName": "Canopy Tent",
    "category": "gear",
    "modelType": "Config",
    "path": "dz/gear/camping",
    "usableOnConsole": true,
    "searchTags": "camping, gear, shelter, storage",
    "image": "images/gear/camping/partytent.jpg",
    "id": "dzobj_9frpfm5w1v"
  },
  {
    "objectName": "PartyTent_Brown",
    "inGameName": "Canopy Tent",
    "category": "gear",
    "modelType": "Config",
    "path": "dz/gear/camping",
    "usableOnConsole": true,
    "searchTags": "camping, gear, shelter, storage",
    "image": "images/gear/camping/partytent.jpg",
    "id": "dzobj_6471e06js0"
  },
  {
    "objectName": "PartyTent_Lunapark",
    "inGameName": "Canopy Tent",
    "category": "gear",
    "modelType": "Config",
    "path": "dz/gear/camping",
    "usableOnConsole": true,
    "searchTags": "camping, gear, shelter, storage",
    "image": "images/gear/camping/partytent.jpg",
    "id": "dzobj_y9zfxz6g4v"
  }
]
