[
  {
    "objectName": "city_school.p3d",
    "category": "structures",
    "modelType": "Raw P3D",
    "path": "dz/structures/residential/schools",
    "usableOnConsole": false,
    "searchTags": "school, city, education, building, urban, municipal, classroom, learning, large, gym, sports, basketball",
    "image": "images/structures/residential/schools/land_city_school.jpg",
    "id": "dzobj_4lvcovaeqm"
  },
  {
    "objectName": "Land_City_School",
    "category": "structures",
    "modelType": "Config",
    "path": "dz/structures/residential/schools",
    "usableOnConsole": true,
    "searchTags": "school, city, education, building, urban, municipal, classroom, learning, large, gym, sports, basketball",
    "image": "images/structures/residential/schools/land_city_school.jpg",
    "id": "dzobj_hlybipc7v7"
  }
]
