[
  {
    "objectName": "BearTrap",
    "inGameName": "Bear Trap",
    "category": "gear",
    "modelType": "Config",
    "path": "dz/gear/traps",
    "usableOnConsole": true,
    "searchTags": "gear, traps",
    "image": "images/gear/traps/beartrap.jpg",
    "id": "dzobj_299fz6ey9o"
  },
  {
    "objectName": "LandMineTrap",
    "inGameName": "Land Mine",
    "category": "gear",
    "modelType": "Config",
    "path": "dz/gear/traps",
    "usableOnConsole": true,
    "searchTags": "gear, explosion, military, combat",
    "image": "images/gear/traps/landminetrap.jpg",
    "id": "dzobj_u5l4y36ab4"
  },
  {
    "objectName": "SmallFishTrap",
    "inGameName": "Small Fish Trap",
    "category": "gear",
    "modelType": "Config",
    "path": "dz/gear/traps",
    "usableOnConsole": true,
    "searchTags": "gear, traps",
    "image": "images/gear/traps/smallfishtrap.jpg",
    "id": "dzobj_4mjd6gsjys"
  },
  {
    "objectName": "FishNetTrap",
    "inGameName": "Fish Net Trap",
    "category": "gear",
    "modelType": "Config",
    "path": "dz/gear/traps",
    "usableOnConsole": true,
    "searchTags": "gear, traps",
    "image": "images/gear/traps/fishnettrap.jpg",
    "id": "dzobj_rwbrlb9gkt"
  },
  {
    "objectName": "TripwireTrap",
    "inGameName": "Tripwire",
    "category": "gear",
    "modelType": "Config",
    "path": "dz/gear/traps",
    "usableOnConsole": true,
    "searchTags": "gear, traps",
    "image": "images/gear/traps/tripwiretrap.jpg",
    "id": "dzobj_2m6wvfa772"
  },
  {
    "objectName": "RabbitSnareTrap",
    "inGameName": "Snare Trap",
    "category": "gear",
    "modelType": "Config",
    "path": "dz/gear/traps",
    "usableOnConsole": true,
    "searchTags": "gear, traps",
    "image": "images/gear/traps/rabbitsnaretrap.jpg",
    "id": "dzobj_y8hscbtyo7"
  },
  {
    "objectName": "beartrap.p3d",
    "inGameName": "Bear Trap",
    "category": "gear",
    "modelType": "Raw P3D",
    "path": "dz/gear/traps",
    "usableOnConsole": false,
    "searchTags": "gear, traps",
    "image": "images/gear/traps/beartrap.p3d.jpg",
    "id": "dzobj_nayxu6fx7d"
  },
  {
    "objectName": "beartrap_g.p3d",
    "inGameName": "-",
    "category": "gear",
    "modelType": "Raw P3D",
    "path": "dz/gear/traps",
    "usableOnConsole": false,
    "searchTags": "gear, traps",
    "image": "images/gear/traps/beartrap_g.p3d.jpg",
    "id": "dzobj_tmsq2xd5md"
  },
  {
    "objectName": "fishnettrap.p3d",
    "inGameName": "Fish Net Trap",
    "category": "gear",
    "modelType": "Raw P3D",
    "path": "dz/gear/traps",
    "usableOnConsole": false,
    "searchTags": "gear, traps",
    "image": "images/gear/traps/fishnettrap.p3d.jpg",
    "id": "dzobj_faeurewsub"
  },
  {
    "objectName": "fishnettrap_g.p3d",
    "inGameName": "-",
    "category": "gear",
    "modelType": "Raw P3D",
    "path": "dz/gear/traps",
    "usableOnConsole": false,
    "searchTags": "gear, traps",
    "image": "images/gear/traps/fishnettrap_g.p3d.jpg",
    "id": "dzobj_pjhfs96lzv"
  },
  {
    "objectName": "landmine.p3d",
    "inGameName": "Land Mine",
    "category": "gear",
    "modelType": "Raw P3D",
    "path": "dz/gear/traps",
    "usableOnConsole": false,
    "searchTags": "gear, explosion, military, combat",
    "image": "images/gear/traps/landmine.p3d.jpg",
    "id": "dzobj_dikl4aiyhq"
  },
  {
    "objectName": "smallfishtrap.p3d",
    "inGameName": "Small Fish Trap",
    "category": "gear",
    "modelType": "Raw P3D",
    "path": "dz/gear/traps",
    "usableOnConsole": false,
    "searchTags": "gear, traps",
    "image": "images/gear/traps/smallfishtrap.p3d.jpg",
    "id": "dzobj_kkzx76hq83"
  },
  {
    "objectName": "snaretrap.p3d",
    "inGameName": "Snare Trap",
    "category": "gear",
    "modelType": "Raw P3D",
    "path": "dz/gear/traps",
    "usableOnConsole": false,
    "searchTags": "",
    "image": "images/gear/traps/snaretrap.p3d.jpg",
    "id": "dzobj_ae96za80bm"
  },
  {
    "objectName": "tripwire.p3d",
    "inGameName": "Tripwire",
    "category": "gear",
    "modelType": "Raw P3D",
    "path": "dz/gear/traps",
    "usableOnConsole": false,
    "searchTags": "gear, traps",
    "image": "images/gear/traps/tripwire.p3d.jpg",
    "id": "dzobj_m8r9gc1c0i"
  },
  {
    "objectName": "tripwire_g.p3d",
    "inGameName": "-",
    "category": "gear",
    "modelType": "Raw P3D",
    "path": "dz/gear/traps",
    "usableOnConsole": false,
    "searchTags": "",
    "image": "images/gear/traps/tripwire_g.p3d.jpg",
    "id": "dzobj_q3ue4ij9vs"
  }
]
