[
  {
    "objectName": "StaticObj_Furniture_locker_closed_blue_v1",
    "inGameName": "-",
    "category": "structures",
    "modelType": "Config",
    "path": "dz/structures/furniture/cases/locker",
    "usableOnConsole": true,
    "searchTags": "decoration, metal, school",
    "image": "images/structures/furniture/cases/locker/staticobj_furniture_locker_closed_blue_v1.jpg"
  },
  {
    "objectName": "StaticObj_Furniture_locker_closed_blue_v2",
    "inGameName": "-",
    "category": "structures",
    "modelType": "Config",
    "path": "dz/structures/furniture/cases/locker",
    "usableOnConsole": true,
    "searchTags": "decoration, metal, school",
    "image": "images/structures/furniture/cases/locker/staticobj_furniture_locker_closed_blue_v2.jpg"
  },
  {
    "objectName": "StaticObj_Furniture_locker_closed_blue_v3",
    "inGameName": "-",
    "category": "structures",
    "modelType": "Config",
    "path": "dz/structures/furniture/cases/locker",
    "usableOnConsole": true,
    "searchTags": "decoration, metal, school",
    "image": "images/structures/furniture/cases/locker/staticobj_furniture_locker_closed_blue_v3.jpg"
  },
  {
    "objectName": "StaticObj_Furniture_locker_closed_v1",
    "inGameName": "-",
    "category": "structures",
    "modelType": "Config",
    "path": "dz/structures/furniture/cases/locker",
    "usableOnConsole": true,
    "searchTags": "decoration, metal, school",
    "image": "images/structures/furniture/cases/locker/staticobj_furniture_locker_closed_v1.jpg"
  },
  {
    "objectName": "StaticObj_Furniture_locker_closed_v2",
    "inGameName": "-",
    "category": "structures",
    "modelType": "Config",
    "path": "dz/structures/furniture/cases/locker",
    "usableOnConsole": true,
    "searchTags": "decoration, metal, school",
    "image": "images/structures/furniture/cases/locker/staticobj_furniture_locker_closed_v2.jpg"
  },
  {
    "objectName": "StaticObj_Furniture_locker_closed_v3",
    "inGameName": "-",
    "category": "structures",
    "modelType": "Config",
    "path": "dz/structures/furniture/cases/locker",
    "usableOnConsole": true,
    "searchTags": "decoration, metal, school",
    "image": "images/structures/furniture/cases/locker/staticobj_furniture_locker_closed_v3.jpg"
  },
  {
    "objectName": "StaticObj_Furniture_locker_open_blue_v1",
    "inGameName": "-",
    "category": "structures",
    "modelType": "Config",
    "path": "dz/structures/furniture/cases/locker",
    "usableOnConsole": true,
    "searchTags": "decoration, metal, school",
    "image": "images/structures/furniture/cases/locker/staticobj_furniture_locker_open_blue_v1.jpg"
  },
  {
    "objectName": "StaticObj_Furniture_locker_open_blue_v2",
    "inGameName": "-",
    "category": "structures",
    "modelType": "Config",
    "path": "dz/structures/furniture/cases/locker",
    "usableOnConsole": true,
    "searchTags": "decoration, metal, school",
    "image": "images/structures/furniture/cases/locker/staticobj_furniture_locker_open_blue_v2.jpg"
  },
  {
    "objectName": "StaticObj_Furniture_locker_open_blue_v3",
    "inGameName": "-",
    "category": "structures",
    "modelType": "Config",
    "path": "dz/structures/furniture/cases/locker",
    "usableOnConsole": true,
    "searchTags": "decoration, metal, school",
    "image": "images/structures/furniture/cases/locker/staticobj_furniture_locker_open_blue_v3.jpg"
  },
  {
    "objectName": "StaticObj_Furniture_locker_open_v1",
    "inGameName": "-",
    "category": "structures",
    "modelType": "Config",
    "path": "dz/structures/furniture/cases/locker",
    "usableOnConsole": true,
    "searchTags": "decoration, metal, school",
    "image": "images/structures/furniture/cases/locker/staticobj_furniture_locker_open_v1.jpg"
  },
  {
    "objectName": "StaticObj_Furniture_locker_open_v2",
    "inGameName": "-",
    "category": "structures",
    "modelType": "Config",
    "path": "dz/structures/furniture/cases/locker",
    "usableOnConsole": true,
    "searchTags": "decoration, metal, school",
    "image": "images/structures/furniture/cases/locker/staticobj_furniture_locker_open_v2.jpg"
  },
  {
    "objectName": "StaticObj_Furniture_locker_open_v3",
    "inGameName": "-",
    "category": "structures",
    "modelType": "Config",
    "path": "dz/structures/furniture/cases/locker",
    "usableOnConsole": true,
    "searchTags": "decoration, metal, school",
    "image": "images/structures/furniture/cases/locker/staticobj_furniture_locker_open_v3.jpg"
  },
  {
    "objectName": "locker_closed_blue_v1.p3d",
    "inGameName": "-",
    "category": "structures",
    "modelType": "Raw P3D",
    "path": "dz/structures/furniture/cases/locker",
    "usableOnConsole": false,
    "searchTags": "decoration, metal, school",
    "image": "images/structures/furniture/cases/locker/locker_closed_blue_v1.p3d.jpg"
  },
  {
    "objectName": "locker_closed_blue_v2.p3d",
    "inGameName": "-",
    "category": "structures",
    "modelType": "Raw P3D",
    "path": "dz/structures/furniture/cases/locker",
    "usableOnConsole": false,
    "searchTags": "decoration, metal, school",
    "image": "images/structures/furniture/cases/locker/locker_closed_blue_v2.p3d.jpg"
  },
  {
    "objectName": "locker_closed_blue_v3.p3d",
    "inGameName": "-",
    "category": "structures",
    "modelType": "Raw P3D",
    "path": "dz/structures/furniture/cases/locker",
    "usableOnConsole": false,
    "searchTags": "decoration, metal, school",
    "image": "images/structures/furniture/cases/locker/locker_closed_blue_v3.p3d.jpg"
  },
  {
    "objectName": "locker_closed_v1.p3d",
    "inGameName": "-",
    "category": "structures",
    "modelType": "Raw P3D",
    "path": "dz/structures/furniture/cases/locker",
    "usableOnConsole": false,
    "searchTags": "decoration, metal, school",
    "image": "images/structures/furniture/cases/locker/locker_closed_v1.p3d.jpg"
  },
  {
    "objectName": "locker_closed_v2.p3d",
    "inGameName": "-",
    "category": "structures",
    "modelType": "Raw P3D",
    "path": "dz/structures/furniture/cases/locker",
    "usableOnConsole": false,
    "searchTags": "decoration, metal, school",
    "image": "images/structures/furniture/cases/locker/locker_closed_v2.p3d.jpg"
  },
  {
    "objectName": "locker_closed_v3.p3d",
    "inGameName": "-",
    "category": "structures",
    "modelType": "Raw P3D",
    "path": "dz/structures/furniture/cases/locker",
    "usableOnConsole": false,
    "searchTags": "decoration, metal, school",
    "image": "images/structures/furniture/cases/locker/locker_closed_v3.p3d.jpg"
  },
  {
    "objectName": "locker_open_blue_v1.p3d",
    "inGameName": "-",
    "category": "structures",
    "modelType": "Raw P3D",
    "path": "dz/structures/furniture/cases/locker",
    "usableOnConsole": false,
    "searchTags": "decoration, metal, school",
    "image": "images/structures/furniture/cases/locker/locker_open_blue_v1.p3d.jpg"
  },
  {
    "objectName": "locker_open_blue_v2.p3d",
    "inGameName": "-",
    "category": "structures",
    "modelType": "Raw P3D",
    "path": "dz/structures/furniture/cases/locker",
    "usableOnConsole": false,
    "searchTags": "decoration, metal, school",
    "image": "images/structures/furniture/cases/locker/locker_open_blue_v2.p3d.jpg"
  },
  {
    "objectName": "locker_open_blue_v3.p3d",
    "inGameName": "-",
    "category": "structures",
    "modelType": "Raw P3D",
    "path": "dz/structures/furniture/cases/locker",
    "usableOnConsole": false,
    "searchTags": "decoration, metal, school",
    "image": "images/structures/furniture/cases/locker/locker_open_blue_v3.p3d.jpg"
  },
  {
    "objectName": "locker_open_v1.p3d",
    "inGameName": "-",
    "category": "structures",
    "modelType": "Raw P3D",
    "path": "dz/structures/furniture/cases/locker",
    "usableOnConsole": false,
    "searchTags": "decoration, metal, school",
    "image": "images/structures/furniture/cases/locker/locker_open_v1.p3d.jpg"
  },
  {
    "objectName": "locker_open_v2.p3d",
    "inGameName": "-",
    "category": "structures",
    "modelType": "Raw P3D",
    "path": "dz/structures/furniture/cases/locker",
    "usableOnConsole": false,
    "searchTags": "decoration, metal, school",
    "image": "images/structures/furniture/cases/locker/locker_open_v2.p3d.jpg"
  },
  {
    "objectName": "locker_open_v3.p3d",
    "inGameName": "-",
    "category": "structures",
    "modelType": "Raw P3D",
    "path": "dz/structures/furniture/cases/locker",
    "usableOnConsole": false,
    "searchTags": "decoration, metal, school",
    "image": "images/structures/furniture/cases/locker/locker_open_v3.p3d.jpg"
  }
]
