[
  {
    "objectName": "StaticObj_Furniture_picture_e",
    "inGameName": "-",
    "category": "structures",
    "modelType": "Config",
    "path": "dz/structures/furniture/decoration/wallboards/picture_e",
    "usableOnConsole": true,
    "searchTags": "decoration, wallboards",
    "image": "images/structures/furniture/decoration/wallboards/picture_e/staticobj_furniture_picture_e.jpg",
    "id": "dzobj_vzewepto73"
  },
  {
    "objectName": "picture_e.p3d",
    "inGameName": "-",
    "category": "structures",
    "modelType": "Raw P3D",
    "path": "dz/structures/furniture/decoration/wallboards/picture_e",
    "usableOnConsole": false,
    "searchTags": "decoration, furniture, wallboards",
    "image": "images/structures/furniture/decoration/wallboards/picture_e/picture_e.p3d.jpg",
    "id": "dzobj_hlopj9pj9w"
  }
]
