[
  {
    "objectName": "RecurveBow",
    "inGameName": "Recurve Bow",
    "category": "weapons",
    "modelType": "Config",
    "path": "dz/weapons/archery/bow_recurve",
    "usableOnConsole": true,
    "searchTags": "archery, weapon, weapons",
    "image": "images/weapons/archery/bow_recurve/recurvebow.jpg",
    "id": "dzobj_ur6hskzg42"
  },
  {
    "objectName": "bow_recurve.p3d",
    "inGameName": "Recurve Bow",
    "category": "weapons",
    "modelType": "Raw P3D",
    "path": "dz/weapons/archery/bow_recurve",
    "usableOnConsole": false,
    "searchTags": "archery, weapon, weapons",
    "image": "images/weapons/archery/bow_recurve/bow_recurve.p3d.jpg",
    "id": "dzobj_9p0ahfyo93"
  }
]
