[
  {
    "objectName": "Land_Farm_Hopper2",
    "inGameName": "-",
    "category": "structures_bliss",
    "modelType": "Config",
    "path": "dz/structures_bliss/industrial/farms",
    "usableOnConsole": true,
    "searchTags": "livoniaa, industrial, silo",
    "image": "images/structures_bliss/industrial/farms/land_farm_hopper2.jpg"
  },
  {
    "objectName": "farm_hopper2.p3d",
    "inGameName": "-",
    "category": "structures_bliss",
    "modelType": "Raw P3D",
    "path": "dz/structures_bliss/industrial/farms",
    "usableOnConsole": false,
    "searchTags": "livoniaa, industrial, silo",
    "image": "images/structures_bliss/industrial/farms/farm_hopper2.jpg"
  },
  {
    "objectName": "farm_manurepile.p3d",
    "inGameName": "-",
    "category": "structures_bliss",
    "modelType": "Raw P3D",
    "path": "dz/structures_bliss/industrial/farms",
    "usableOnConsole": false,
    "searchTags": "livoniaa, farms, industrial, poop, farming",
    "image": "images/structures_bliss/industrial/farms/farm_manurepile.jpg"
  },
  {
    "objectName": "farm_silagestorage.p3d",
    "inGameName": "-",
    "category": "structures_bliss",
    "modelType": "Raw P3D",
    "path": "dz/structures_bliss/industrial/farms",
    "usableOnConsole": false,
    "searchTags": "livoniaa, farms, industrial, wall",
    "image": "images/structures_bliss/industrial/farms/farm_silagestorage.jpg"
  }
]
