[
  {
    "objectName": "ProxyRed9",
    "inGameName": "-",
    "category": "weapons",
    "modelType": "Config",
    "path": "dz/weapons/pistols/red9",
    "usableOnConsole": true,
    "searchTags": "pistols, red9, weapon, weapons",
    "image": "images/weapons/pistols/red9/proxyred9.jpg"
  },
  {
    "objectName": "red9.p3d",
    "inGameName": "-",
    "category": "weapons",
    "modelType": "Raw P3D",
    "path": "dz/weapons/pistols/red9",
    "usableOnConsole": false,
    "searchTags": "pistols, weapon, weapons",
    "image": "images/weapons/pistols/red9/red9.p3d.jpg"
  }
]
