[
  {
    "objectName": "StaticObj_Misc_SnowPole",
    "inGameName": "-",
    "category": "structures_sakhal",
    "modelType": "Config",
    "path": "dz/structures_sakhal/signs/misc",
    "usableOnConsole": true,
    "searchTags": "sakhal, signs",
    "image": "images/structures_sakhal/signs/misc/staticobj_misc_snowpole.jpg",
    "id": "dzobj_4ncmdgcdhw"
  },
  {
    "objectName": "StaticObj_Sign_Build_BlueCross",
    "inGameName": "-",
    "category": "structures_sakhal",
    "modelType": "Config",
    "path": "dz/structures_sakhal/signs/misc",
    "usableOnConsole": true,
    "searchTags": "marker, misc, notice, sakhal, signs",
    "image": "images/structures_sakhal/signs/misc/staticobj_sign_build_bluecross.jpg",
    "id": "dzobj_klu0li0g06"
  },
  {
    "objectName": "decal_creature.p3d",
    "inGameName": "-",
    "category": "structures_sakhal",
    "modelType": "Raw P3D",
    "path": "dz/structures_sakhal/signs/misc",
    "usableOnConsole": false,
    "searchTags": "misc, sakhal, signs",
    "image": "images/structures_sakhal/signs/misc/decal_creature.p3d.jpg",
    "id": "dzobj_2fxh54n61k"
  },
  {
    "objectName": "misc_snowpole.p3d",
    "inGameName": "-",
    "category": "structures_sakhal",
    "modelType": "Raw P3D",
    "path": "dz/structures_sakhal/signs/misc",
    "usableOnConsole": false,
    "searchTags": "sakhal, signs",
    "image": "images/structures_sakhal/signs/misc/misc_snowpole.p3d.jpg",
    "id": "dzobj_162gu841ax"
  },
  {
    "objectName": "sign_build_bluecross.p3d",
    "inGameName": "-",
    "category": "structures_sakhal",
    "modelType": "Raw P3D",
    "path": "dz/structures_sakhal/signs/misc",
    "usableOnConsole": false,
    "searchTags": "marker, misc, notice, sakhal, signs",
    "image": "images/structures_sakhal/signs/misc/sign_build_bluecross.p3d.jpg",
    "id": "dzobj_vj25hjsp8t"
  },
  {
    "objectName": "sign_decal_klen_0003.p3d",
    "inGameName": "-",
    "category": "structures_sakhal",
    "modelType": "Raw P3D",
    "path": "dz/structures_sakhal/signs/misc",
    "usableOnConsole": false,
    "searchTags": "marker, misc, notice, sakhal, signs",
    "image": "images/structures_sakhal/signs/misc/sign_decal_klen_0003.p3d.jpg",
    "id": "dzobj_lh4fw4i4ho"
  },
  {
    "objectName": "sign_decal_klen_0004.p3d",
    "inGameName": "-",
    "category": "structures_sakhal",
    "modelType": "Raw P3D",
    "path": "dz/structures_sakhal/signs/misc",
    "usableOnConsole": false,
    "searchTags": "marker, misc, notice, sakhal, signs",
    "image": "images/structures_sakhal/signs/misc/sign_decal_klen_0004.p3d.jpg",
    "id": "dzobj_hzx10wp71l"
  }
]
