[
  {
    "objectName": "Land_Hotel_Damaged",
    "inGameName": "-",
    "category": "structures",
    "modelType": "Config",
    "path": "dz/structures/specific/hotel",
    "usableOnConsole": true,
    "searchTags": "hotel, building, damaged, ruined, destroyed, plane_crash, plane, aircraft, debris,",
    "image": "images/structures/specific/hotel/land_hotel_damaged.jpg",
    "id": "dzobj_7w1bsswtn0"
  },
  {
    "objectName": "Land_Hotel",
    "inGameName": "-",
    "category": "structures",
    "modelType": "Config",
    "path": "dz/structures/specific/hotel",
    "usableOnConsole": true,
    "searchTags": "hotel, building, multi_storey, resort, apartments, lobby, town, city",
    "image": "images/structures/specific/hotel/land_hotel.jpg",
    "id": "dzobj_14oqf32os8"
  },
  {
    "objectName": "StaticObj_Hotel_Damaged_Airplane_Back",
    "inGameName": "-",
    "category": "structures",
    "modelType": "Config",
    "path": "dz/structures/specific/hotel",
    "usableOnConsole": true,
    "searchTags": "hotel, airplane, crash, wreckage, tail, debris, destroyed, crashed",
    "image": "images/structures/specific/hotel/staticobj_hotel_damaged_airplane_back.jpg",
    "id": "dzobj_b78zjvlv78"
  },
  {
    "objectName": "StaticObj_Hotel_Damaged_Airplane_Wing",
    "inGameName": "-",
    "category": "structures",
    "modelType": "Config",
    "path": "dz/structures/specific/hotel",
    "usableOnConsole": true,
    "searchTags": "hotel, airplane, crash, wreckage, wing, debris, destroyed",
    "image": "images/structures/specific/hotel/staticobj_hotel_damaged_airplane_wing.jpg",
    "id": "dzobj_v42a0js0f7"
  },
  {
    "objectName": "StaticObj_Hotel_Damaged_Decal1",
    "inGameName": "-",
    "category": "structures",
    "modelType": "Config",
    "path": "dz/structures/specific/hotel",
    "usableOnConsole": true,
    "searchTags": "decal",
    "image": "images/structures/specific/hotel/staticobj_hotel_damaged_decal1.jpg",
    "id": "dzobj_aknr3w9loi"
  },
  {
    "objectName": "StaticObj_Hotel_Damaged_Decal2",
    "inGameName": "-",
    "category": "structures",
    "modelType": "Config",
    "path": "dz/structures/specific/hotel",
    "usableOnConsole": true,
    "searchTags": "decal",
    "image": "images/structures/specific/hotel/staticobj_hotel_damaged_decal2.jpg",
    "id": "dzobj_f93acgu4n7"
  },
  {
    "objectName": "StaticObj_Hotel_Damaged_Rubble",
    "inGameName": "-",
    "category": "structures",
    "modelType": "Config",
    "path": "dz/structures/specific/hotel",
    "usableOnConsole": true,
    "searchTags": "hotel, rubble, debris, collapsed, concrete, bricks, destruction, ruin",
    "image": "images/structures/specific/hotel/staticobj_hotel_damaged_rubble.jpg",
    "id": "dzobj_8av6rerwdg"
  },
  {
    "objectName": "hotel.p3d",
    "inGameName": "-",
    "category": "structures",
    "modelType": "Raw P3D",
    "path": "dz/structures/specific/hotel",
    "usableOnConsole": false,
    "searchTags": "hotel, building, multi_storey, resort, apartments, lobby, town, city",
    "image": "images/structures/specific/hotel/land_hotel.jpg",
    "id": "dzobj_vtj0j4nssf"
  },
  {
    "objectName": "hotel_damaged.p3d",
    "inGameName": "-",
    "category": "structures",
    "modelType": "Raw P3D",
    "path": "dz/structures/specific/hotel",
    "usableOnConsole": false,
    "searchTags": "hotel, building, damaged, ruined, destroyed, post_apocalyptic, debris, war_torn",
    "image": "images/structures/specific/hotel/land_hotel_damaged.jpg",
    "id": "dzobj_b5wunfgnwn"
  },
  {
    "objectName": "hotel_damaged_airplane_back.p3d",
    "inGameName": "-",
    "category": "structures",
    "modelType": "Raw P3D",
    "path": "dz/structures/specific/hotel",
    "usableOnConsole": false,
    "searchTags": "hotel, airplane, crash, wreckage, tail, debris, destroyed, apocalypse",
    "image": "images/structures/specific/hotel/staticobj_hotel_damaged_airplane_back.jpg",
    "id": "dzobj_fqwusvzcqd"
  },
  {
    "objectName": "hotel_damaged_airplane_wing.p3d",
    "inGameName": "-",
    "category": "structures",
    "modelType": "Raw P3D",
    "path": "dz/structures/specific/hotel",
    "usableOnConsole": false,
    "searchTags": "hotel, airplane, crash, wreckage, wing, debris, destroyed, apocalypse",
    "image": "images/structures/specific/hotel/staticobj_hotel_damaged_airplane_wing.jpg",
    "id": "dzobj_0ftuc21j1g"
  },
  {
    "objectName": "hotel_damaged_decal1.p3d",
    "inGameName": "-",
    "category": "structures",
    "modelType": "Raw P3D",
    "path": "dz/structures/specific/hotel",
    "usableOnConsole": false,
    "searchTags": "decal",
    "image": "images/structures/specific/hotel/staticobj_hotel_damaged_decal1.jpg",
    "id": "dzobj_ohba6qjbk5"
  },
  {
    "objectName": "hotel_damaged_decal2.p3d",
    "inGameName": "-",
    "category": "structures",
    "modelType": "Raw P3D",
    "path": "dz/structures/specific/hotel",
    "usableOnConsole": false,
    "searchTags": "decal",
    "image": "images/structures/specific/hotel/staticobj_hotel_damaged_decal2.jpg",
    "id": "dzobj_y2i9ksf8pk"
  },
  {
    "objectName": "hotel_damaged_rubble.p3d",
    "inGameName": "-",
    "category": "structures",
    "modelType": "Raw P3D",
    "path": "dz/structures/specific/hotel",
    "usableOnConsole": false,
    "searchTags": "hotel, rubble, debris, collapsed, concrete, bricks, destruction, ruin",
    "image": "images/structures/specific/hotel/staticobj_hotel_damaged_rubble.jpg",
    "id": "dzobj_lv7jqx9p6s"
  }
]
