[
  {
    "objectName": "Land_Misc_Table_Large_Spawn",
    "inGameName": "-",
    "category": "structures_bliss",
    "modelType": "Config",
    "path": "dz/structures_bliss/residential/misc",
    "usableOnConsole": true,
    "searchTags": "livoniaa, desk, furniture, residential",
    "image": "images/structures_bliss/residential/misc/land_misc_table_large_spawn.jpg",
    "id": "dzobj_kibvx361bt"
  },
  {
    "objectName": "Land_Misc_Table_Market_Spawn",
    "inGameName": "-",
    "category": "structures_bliss",
    "modelType": "Config",
    "path": "dz/structures_bliss/residential/misc",
    "usableOnConsole": true,
    "searchTags": "livoniaa, desk, furniture, residential",
    "image": "images/structures_bliss/residential/misc/land_misc_table_market_spawn.jpg",
    "id": "dzobj_qjvsprarcc"
  },
  {
    "objectName": "StaticObj_Garbage_Bin2",
    "inGameName": "-",
    "category": "structures_bliss",
    "modelType": "Config",
    "path": "dz/structures_bliss/residential/misc",
    "usableOnConsole": true,
    "searchTags": "livoniaa, misc, residential, trash, rubbish",
    "image": "images/structures_bliss/residential/misc/staticobj_garbage_bin2.jpg",
    "id": "dzobj_cnym93z6nn"
  },
  {
    "objectName": "StaticObj_Garbage_Container2_Closed",
    "inGameName": "-",
    "category": "structures_bliss",
    "modelType": "Config",
    "path": "dz/structures_bliss/residential/misc",
    "usableOnConsole": true,
    "searchTags": "livoniaa, misc, residential, trash, rubbish",
    "image": "images/structures_bliss/residential/misc/staticobj_garbage_container2_closed.jpg",
    "id": "dzobj_qdgl1lkma6"
  },
  {
    "objectName": "StaticObj_Garbage_Container2_Open",
    "inGameName": "-",
    "category": "structures_bliss",
    "modelType": "Config",
    "path": "dz/structures_bliss/residential/misc",
    "usableOnConsole": true,
    "searchTags": "livoniaa, misc, residential, trash, rubbish",
    "image": "images/structures_bliss/residential/misc/staticobj_garbage_container2_open.jpg",
    "id": "dzobj_kf1hifs2oo"
  },
  {
    "objectName": "StaticObj_Garbage_Pile7",
    "inGameName": "-",
    "category": "structures_bliss",
    "modelType": "Config",
    "path": "dz/structures_bliss/residential/misc",
    "usableOnConsole": true,
    "searchTags": "livoniaa, misc, residential, trash, rubbish",
    "image": "images/structures_bliss/residential/misc/staticobj_garbage_pile7.jpg",
    "id": "dzobj_ypzlx49msq"
  },
  {
    "objectName": "StaticObj_Garbage_Pile8",
    "inGameName": "-",
    "category": "structures_bliss",
    "modelType": "Config",
    "path": "dz/structures_bliss/residential/misc",
    "usableOnConsole": true,
    "searchTags": "livoniaa, misc, residential, trash, rubbish",
    "image": "images/structures_bliss/residential/misc/staticobj_garbage_pile8.jpg",
    "id": "dzobj_m97e0enevt"
  },
  {
    "objectName": "StaticObj_Lamp_Decorative",
    "inGameName": "-",
    "category": "structures_bliss",
    "modelType": "Config",
    "path": "dz/structures_bliss/residential/misc",
    "usableOnConsole": true,
    "searchTags": "livoniaa, light, lighting, misc, residential",
    "image": "images/structures_bliss/residential/misc/staticobj_lamp_decorative.jpg",
    "id": "dzobj_yuu1gyxel6"
  },
  {
    "objectName": "StaticObj_Lamp_Halogen",
    "inGameName": "-",
    "category": "structures_bliss",
    "modelType": "Config",
    "path": "dz/structures_bliss/residential/misc",
    "usableOnConsole": true,
    "searchTags": "livoniaa, light, lighting, misc, residential",
    "image": "images/structures_bliss/residential/misc/staticobj_lamp_halogen.jpg",
    "id": "dzobj_wsjjapgbct"
  },
  {
    "objectName": "StaticObj_Lamp_Harbour",
    "inGameName": "-",
    "category": "structures_bliss",
    "modelType": "Config",
    "path": "dz/structures_bliss/residential/misc",
    "usableOnConsole": true,
    "searchTags": "livoniaa, light, lighting, misc, residential",
    "image": "images/structures_bliss/residential/misc/staticobj_lamp_harbour.jpg",
    "id": "dzobj_buwwwqvrxg"
  },
  {
    "objectName": "StaticObj_Lamp_Stadium",
    "inGameName": "-",
    "category": "structures_bliss",
    "modelType": "Config",
    "path": "dz/structures_bliss/residential/misc",
    "usableOnConsole": true,
    "searchTags": "livoniaa, light, lighting, misc, residential",
    "image": "images/structures_bliss/residential/misc/staticobj_lamp_stadium.jpg",
    "id": "dzobj_2g3qls8l8j"
  },
  {
    "objectName": "StaticObj_Misc_Bench6",
    "inGameName": "-",
    "category": "structures_bliss",
    "modelType": "Config",
    "path": "dz/structures_bliss/residential/misc",
    "usableOnConsole": true,
    "searchTags": "livoniaa, residential",
    "image": "images/structures_bliss/residential/misc/staticobj_misc_bench6.jpg",
    "id": "dzobj_jvs2bamuhs"
  },
  {
    "objectName": "StaticObj_Misc_Bench7",
    "inGameName": "-",
    "category": "structures_bliss",
    "modelType": "Config",
    "path": "dz/structures_bliss/residential/misc",
    "usableOnConsole": true,
    "searchTags": "livoniaa, residential",
    "image": "images/structures_bliss/residential/misc/staticobj_misc_bench7.jpg",
    "id": "dzobj_rb9pxtkf1u"
  },
  {
    "objectName": "StaticObj_Misc_Bench8",
    "inGameName": "-",
    "category": "structures_bliss",
    "modelType": "Config",
    "path": "dz/structures_bliss/residential/misc",
    "usableOnConsole": true,
    "searchTags": "livoniaa, residential",
    "image": "images/structures_bliss/residential/misc/staticobj_misc_bench8.jpg",
    "id": "dzobj_dk5yls02h5"
  },
  {
    "objectName": "StaticObj_Misc_Bench9",
    "inGameName": "-",
    "category": "structures_bliss",
    "modelType": "Config",
    "path": "dz/structures_bliss/residential/misc",
    "usableOnConsole": true,
    "searchTags": "livoniaa, residential",
    "image": "images/structures_bliss/residential/misc/staticobj_misc_bench9.jpg",
    "id": "dzobj_ns15iail07"
  },
  {
    "objectName": "StaticObj_Misc_GasMeterCabinet",
    "inGameName": "-",
    "category": "structures_bliss",
    "modelType": "Config",
    "path": "dz/structures_bliss/residential/misc",
    "usableOnConsole": true,
    "searchTags": "livoniaa, fuel, residential, station",
    "image": "images/structures_bliss/residential/misc/staticobj_misc_gasmetercabinet.jpg",
    "id": "dzobj_8p4ybba8a4"
  },
  {
    "objectName": "StaticObj_Misc_MysteriousBell",
    "inGameName": "-",
    "category": "structures_bliss",
    "modelType": "Config",
    "path": "dz/structures_bliss/residential/misc",
    "usableOnConsole": true,
    "searchTags": "livoniaa, residential",
    "image": "images/structures_bliss/residential/misc/staticobj_misc_mysteriousbell.jpg",
    "id": "dzobj_7ferglirmy"
  },
  {
    "objectName": "StaticObj_Misc_SewerCover",
    "inGameName": "-",
    "category": "structures_bliss",
    "modelType": "Config",
    "path": "dz/structures_bliss/residential/misc",
    "usableOnConsole": true,
    "searchTags": "livoniaa, residential, manhole",
    "image": "images/structures_bliss/residential/misc/staticobj_misc_sewercover.jpg",
    "id": "dzobj_g8owpnffwb"
  },
  {
    "objectName": "StaticObj_Misc_Table_Large",
    "inGameName": "-",
    "category": "structures_bliss",
    "modelType": "Config",
    "path": "dz/structures_bliss/residential/misc",
    "usableOnConsole": true,
    "searchTags": "livoniaa, desk, furniture, residential",
    "image": "images/structures_bliss/residential/misc/staticobj_misc_table_large.jpg",
    "id": "dzobj_8mmm1mbkcb"
  },
  {
    "objectName": "StaticObj_Misc_Table_Market",
    "inGameName": "-",
    "category": "structures_bliss",
    "modelType": "Config",
    "path": "dz/structures_bliss/residential/misc",
    "usableOnConsole": true,
    "searchTags": "livoniaa, desk, furniture, residential",
    "image": "images/structures_bliss/residential/misc/staticobj_misc_table_market.jpg",
    "id": "dzobj_hs9xujjm1p"
  },
  {
    "objectName": "StaticObj_Misc_WoodenCrate",
    "inGameName": "-",
    "category": "structures_bliss",
    "modelType": "Config",
    "path": "dz/structures_bliss/residential/misc",
    "usableOnConsole": true,
    "searchTags": "livoniaa, box, residential, storage",
    "image": "images/structures_bliss/residential/misc/staticobj_misc_woodencrate.jpg",
    "id": "dzobj_anzs9n96bp"
  },
  {
    "objectName": "StaticObj_Misc_WoodenCrate_3x",
    "inGameName": "-",
    "category": "structures_bliss",
    "modelType": "Config",
    "path": "dz/structures_bliss/residential/misc",
    "usableOnConsole": true,
    "searchTags": "livoniaa, box, residential, storage",
    "image": "images/structures_bliss/residential/misc/staticobj_misc_woodencrate_3x.jpg",
    "id": "dzobj_ss2zyajx9g"
  },
  {
    "objectName": "StaticObj_Misc_WoodenCrate_5x",
    "inGameName": "-",
    "category": "structures_bliss",
    "modelType": "Config",
    "path": "dz/structures_bliss/residential/misc",
    "usableOnConsole": true,
    "searchTags": "livoniaa, box, residential, storage",
    "image": "images/structures_bliss/residential/misc/staticobj_misc_woodencrate_5x.jpg",
    "id": "dzobj_13eeydfqu4"
  },
  {
    "objectName": "garbage_bin2.p3d",
    "inGameName": "-",
    "category": "structures_bliss",
    "modelType": "Raw P3D",
    "path": "dz/structures_bliss/residential/misc",
    "usableOnConsole": false,
    "searchTags": "livonia, misc, residential, trash, rubbish",
    "image": "images/structures_bliss/residential/misc/staticobj_garbage_bin2.jpg",
    "id": "dzobj_i2n4w4ffaa"
  },
  {
    "objectName": "garbage_container2_closed.p3d",
    "inGameName": "-",
    "category": "structures_bliss",
    "modelType": "Raw P3D",
    "path": "dz/structures_bliss/residential/misc",
    "usableOnConsole": false,
    "searchTags": "livonia, misc, residential, trash, rubbish",
    "image": "images/structures_bliss/residential/misc/staticobj_garbage_container2_closed.jpg",
    "id": "dzobj_4r3vkub0lr"
  },
  {
    "objectName": "garbage_container2_open.p3d",
    "inGameName": "-",
    "category": "structures_bliss",
    "modelType": "Raw P3D",
    "path": "dz/structures_bliss/residential/misc",
    "usableOnConsole": false,
    "searchTags": "livonia, misc, residential, trash, rubbish",
    "image": "images/structures_bliss/residential/misc/staticobj_garbage_container2_open.jpg",
    "id": "dzobj_wmbvfd5alo"
  },
  {
    "objectName": "garbage_pile7.p3d",
    "inGameName": "-",
    "category": "structures_bliss",
    "modelType": "Raw P3D",
    "path": "dz/structures_bliss/residential/misc",
    "usableOnConsole": false,
    "searchTags": "livonia, misc, residential, trash, rubbish",
    "image": "images/structures_bliss/residential/misc/staticobj_garbage_pile7.jpg",
    "id": "dzobj_15myfmt55f"
  },
  {
    "objectName": "garbage_pile8.p3d",
    "inGameName": "-",
    "category": "structures_bliss",
    "modelType": "Raw P3D",
    "path": "dz/structures_bliss/residential/misc",
    "usableOnConsole": false,
    "searchTags": "livonia, misc, residential, trash, rubbish",
    "image": "images/structures_bliss/residential/misc/staticobj_garbage_pile8.jpg",
    "id": "dzobj_he5h8u98e1"
  },
  {
    "objectName": "lamp_decorative.p3d",
    "inGameName": "-",
    "category": "structures_bliss",
    "modelType": "Raw P3D",
    "path": "dz/structures_bliss/residential/misc",
    "usableOnConsole": false,
    "searchTags": "livonia, light, lighting, misc, residential",
    "image": "images/structures_bliss/residential/misc/staticobj_lamp_decorative.jpg",
    "id": "dzobj_ywpb5sb2t7"
  },
  {
    "objectName": "lamp_halogen.p3d",
    "inGameName": "-",
    "category": "structures_bliss",
    "modelType": "Raw P3D",
    "path": "dz/structures_bliss/residential/misc",
    "usableOnConsole": false,
    "searchTags": "livonia, light, lighting, misc, residential",
    "image": "images/structures_bliss/residential/misc/staticobj_lamp_halogen.jpg",
    "id": "dzobj_b47rdctoo5"
  },
  {
    "objectName": "lamp_harbour.p3d",
    "inGameName": "-",
    "category": "structures_bliss",
    "modelType": "Raw P3D",
    "path": "dz/structures_bliss/residential/misc",
    "usableOnConsole": false,
    "searchTags": "livonia, light, lighting, misc, residential",
    "image": "images/structures_bliss/residential/misc/staticobj_lamp_harbour.jpg",
    "id": "dzobj_bf9bnfmu1z"
  },
  {
    "objectName": "lamp_stadium.p3d",
    "inGameName": "-",
    "category": "structures_bliss",
    "modelType": "Raw P3D",
    "path": "dz/structures_bliss/residential/misc",
    "usableOnConsole": false,
    "searchTags": "livonia, light, lighting, misc, residential",
    "image": "images/structures_bliss/residential/misc/staticobj_lamp_stadium.jpg",
    "id": "dzobj_cg03i5yzco"
  },
  {
    "objectName": "misc_bench6.p3d",
    "inGameName": "-",
    "category": "structures_bliss",
    "modelType": "Raw P3D",
    "path": "dz/structures_bliss/residential/misc",
    "usableOnConsole": false,
    "searchTags": "livonia, residential",
    "image": "images/structures_bliss/residential/misc/staticobj_misc_bench6.jpg",
    "id": "dzobj_umbeea52pt"
  },
  {
    "objectName": "misc_bench7.p3d",
    "inGameName": "-",
    "category": "structures_bliss",
    "modelType": "Raw P3D",
    "path": "dz/structures_bliss/residential/misc",
    "usableOnConsole": false,
    "searchTags": "livonia, residential",
    "image": "images/structures_bliss/residential/misc/staticobj_misc_bench7.jpg",
    "id": "dzobj_5ftzfr5il0"
  },
  {
    "objectName": "misc_bench8.p3d",
    "inGameName": "-",
    "category": "structures_bliss",
    "modelType": "Raw P3D",
    "path": "dz/structures_bliss/residential/misc",
    "usableOnConsole": false,
    "searchTags": "livonia, residential",
    "image": "images/structures_bliss/residential/misc/staticobj_misc_bench8.jpg",
    "id": "dzobj_t2m35xs8ic"
  },
  {
    "objectName": "misc_bench9.p3d",
    "inGameName": "-",
    "category": "structures_bliss",
    "modelType": "Raw P3D",
    "path": "dz/structures_bliss/residential/misc",
    "usableOnConsole": false,
    "searchTags": "livonia, residential",
    "image": "images/structures_bliss/residential/misc/staticobj_misc_bench9.jpg",
    "id": "dzobj_gqdj1169cr"
  },
  {
    "objectName": "misc_gasmetercabinet.p3d",
    "inGameName": "-",
    "category": "structures_bliss",
    "modelType": "Raw P3D",
    "path": "dz/structures_bliss/residential/misc",
    "usableOnConsole": false,
    "searchTags": "livonia, fuel, residential, station",
    "image": "images/structures_bliss/residential/misc/staticobj_misc_gasmetercabinet.jpg",
    "id": "dzobj_2ijb3b4o9w"
  },
  {
    "objectName": "misc_mysteriousbell.p3d",
    "inGameName": "-",
    "category": "structures_bliss",
    "modelType": "Raw P3D",
    "path": "dz/structures_bliss/residential/misc",
    "usableOnConsole": false,
    "searchTags": "livonia, residential",
    "image": "images/structures_bliss/residential/misc/staticobj_misc_mysteriousbell.jpg",
    "id": "dzobj_rvtrm9prh1"
  },
  {
    "objectName": "misc_sewercover.p3d",
    "inGameName": "-",
    "category": "structures_bliss",
    "modelType": "Raw P3D",
    "path": "dz/structures_bliss/residential/misc",
    "usableOnConsole": false,
    "searchTags": "livonia, residential, manhole",
    "image": "images/structures_bliss/residential/misc/staticobj_misc_sewercover.jpg",
    "id": "dzobj_zaw91odfak"
  },
  {
    "objectName": "misc_table_large.p3d",
    "inGameName": "-",
    "category": "structures_bliss",
    "modelType": "Raw P3D",
    "path": "dz/structures_bliss/residential/misc",
    "usableOnConsole": false,
    "searchTags": "livonia, desk, furniture, residential",
    "image": "images/structures_bliss/residential/misc/staticobj_misc_table_large.jpg",
    "id": "dzobj_cfxh2itivu"
  },
  {
    "objectName": "misc_table_large_spawn.p3d",
    "inGameName": "-",
    "category": "structures_bliss",
    "modelType": "Raw P3D",
    "path": "dz/structures_bliss/residential/misc",
    "usableOnConsole": false,
    "searchTags": "livonia, desk, furniture, residential",
    "image": "images/structures_bliss/residential/misc/land_misc_table_large_spawn.jpg",
    "id": "dzobj_4xzfnb2z77"
  },
  {
    "objectName": "misc_table_market.p3d",
    "inGameName": "-",
    "category": "structures_bliss",
    "modelType": "Raw P3D",
    "path": "dz/structures_bliss/residential/misc",
    "usableOnConsole": false,
    "searchTags": "livonia, desk, furniture, residential",
    "image": "images/structures_bliss/residential/misc/staticobj_misc_table_market.jpg",
    "id": "dzobj_9ngq9t7yb3"
  },
  {
    "objectName": "misc_table_market_spawn.p3d",
    "inGameName": "-",
    "category": "structures_bliss",
    "modelType": "Raw P3D",
    "path": "dz/structures_bliss/residential/misc",
    "usableOnConsole": false,
    "searchTags": "livonia, desk, furniture, residential",
    "image": "images/structures_bliss/residential/misc/land_misc_table_market_spawn.jpg",
    "id": "dzobj_m4wdlx36oh"
  },
  {
    "objectName": "misc_woodencrate.p3d",
    "inGameName": "-",
    "category": "structures_bliss",
    "modelType": "Raw P3D",
    "path": "dz/structures_bliss/residential/misc",
    "usableOnConsole": false,
    "searchTags": "livonia, box, residential, storage",
    "image": "images/structures_bliss/residential/misc/staticobj_misc_woodencrate.jpg",
    "id": "dzobj_x1dtb9nfu0"
  },
  {
    "objectName": "misc_woodencrate_3x.p3d",
    "inGameName": "-",
    "category": "structures_bliss",
    "modelType": "Raw P3D",
    "path": "dz/structures_bliss/residential/misc",
    "usableOnConsole": false,
    "searchTags": "livonia, box, residential, storage",
    "image": "images/structures_bliss/residential/misc/staticobj_misc_woodencrate_3x.jpg",
    "id": "dzobj_ex8ty94ab7"
  },
  {
    "objectName": "misc_woodencrate_5x.p3d",
    "inGameName": "-",
    "category": "structures_bliss",
    "modelType": "Raw P3D",
    "path": "dz/structures_bliss/residential/misc",
    "usableOnConsole": false,
    "searchTags": "livonia, box, residential, storage",
    "image": "images/structures_bliss/residential/misc/staticobj_misc_woodencrate_5x.jpg",
    "id": "dzobj_zr4tjminww"
  }
]
