[
  {
    "objectName": "rail_tracksmall_10m.p3d",
    "inGameName": "-",
    "category": "structures_bliss",
    "modelType": "Raw P3D",
    "path": "dz/structures_bliss/rail/tracks",
    "usableOnConsole": false,
    "searchTags": "livoniaa, tracks",
    "image": "images/structures_bliss/rail/tracks/rail_tracksmall_10m.jpg"
  },
  {
    "objectName": "rail_tracksmall_15deg.p3d",
    "inGameName": "-",
    "category": "structures_bliss",
    "modelType": "Raw P3D",
    "path": "dz/structures_bliss/rail/tracks",
    "usableOnConsole": false,
    "searchTags": "livoniaa, tracks",
    "image": "images/structures_bliss/rail/tracks/rail_tracksmall_15deg.jpg"
  },
  {
    "objectName": "rail_tracksmall_20m.p3d",
    "inGameName": "-",
    "category": "structures_bliss",
    "modelType": "Raw P3D",
    "path": "dz/structures_bliss/rail/tracks",
    "usableOnConsole": false,
    "searchTags": "livoniaa, tracks",
    "image": "images/structures_bliss/rail/tracks/rail_tracksmall_20m.jpg"
  },
  {
    "objectName": "rail_tracksmall_30deg.p3d",
    "inGameName": "-",
    "category": "structures_bliss",
    "modelType": "Raw P3D",
    "path": "dz/structures_bliss/rail/tracks",
    "usableOnConsole": false,
    "searchTags": "livoniaa, tracks",
    "image": "images/structures_bliss/rail/tracks/rail_tracksmall_30deg.jpg"
  },
  {
    "objectName": "rail_tracksmall_3m.p3d",
    "inGameName": "-",
    "category": "structures_bliss",
    "modelType": "Raw P3D",
    "path": "dz/structures_bliss/rail/tracks",
    "usableOnConsole": false,
    "searchTags": "livoniaa, tracks",
    "image": "images/structures_bliss/rail/tracks/rail_tracksmall_3m.jpg"
  },
  {
    "objectName": "rail_tracksmall_7deg.p3d",
    "inGameName": "-",
    "category": "structures_bliss",
    "modelType": "Raw P3D",
    "path": "dz/structures_bliss/rail/tracks",
    "usableOnConsole": false,
    "searchTags": "livoniaa, tracks",
    "image": "images/structures_bliss/rail/tracks/rail_tracksmall_7deg.jpg"
  },
  {
    "objectName": "rail_tracksmall_turnoutl.p3d",
    "inGameName": "-",
    "category": "structures_bliss",
    "modelType": "Raw P3D",
    "path": "dz/structures_bliss/rail/tracks",
    "usableOnConsole": false,
    "searchTags": "livoniaa, tracks",
    "image": "images/structures_bliss/rail/tracks/rail_tracksmall_turnoutl.jpg"
  },
  {
    "objectName": "rail_tracksmall_turnoutr.p3d",
    "inGameName": "-",
    "category": "structures_bliss",
    "modelType": "Raw P3D",
    "path": "dz/structures_bliss/rail/tracks",
    "usableOnConsole": false,
    "searchTags": "livoniaa, tracks",
    "image": "images/structures_bliss/rail/tracks/rail_tracksmall_turnoutr.jpg"
  }
]
