[
  {
    "objectName": "rail_tracksmall_10m.p3d",
    "inGameName": "-",
    "category": "structures_bliss",
    "modelType": "Raw P3D",
    "path": "dz/structures_bliss/rail/tracks",
    "usableOnConsole": false,
    "searchTags": "livoniaa, tracks",
    "image": "images/structures_bliss/rail/tracks/rail_tracksmall_10m.jpg",
    "id": "dzobj_dr8a91bxri"
  },
  {
    "objectName": "rail_tracksmall_15deg.p3d",
    "inGameName": "-",
    "category": "structures_bliss",
    "modelType": "Raw P3D",
    "path": "dz/structures_bliss/rail/tracks",
    "usableOnConsole": false,
    "searchTags": "livoniaa, tracks",
    "image": "images/structures_bliss/rail/tracks/rail_tracksmall_15deg.jpg",
    "id": "dzobj_v11b24pu2x"
  },
  {
    "objectName": "rail_tracksmall_20m.p3d",
    "inGameName": "-",
    "category": "structures_bliss",
    "modelType": "Raw P3D",
    "path": "dz/structures_bliss/rail/tracks",
    "usableOnConsole": false,
    "searchTags": "livoniaa, tracks",
    "image": "images/structures_bliss/rail/tracks/rail_tracksmall_20m.jpg",
    "id": "dzobj_ue2lotcnfa"
  },
  {
    "objectName": "rail_tracksmall_30deg.p3d",
    "inGameName": "-",
    "category": "structures_bliss",
    "modelType": "Raw P3D",
    "path": "dz/structures_bliss/rail/tracks",
    "usableOnConsole": false,
    "searchTags": "livoniaa, tracks",
    "image": "images/structures_bliss/rail/tracks/rail_tracksmall_30deg.jpg",
    "id": "dzobj_04kefq4dll"
  },
  {
    "objectName": "rail_tracksmall_3m.p3d",
    "inGameName": "-",
    "category": "structures_bliss",
    "modelType": "Raw P3D",
    "path": "dz/structures_bliss/rail/tracks",
    "usableOnConsole": false,
    "searchTags": "livoniaa, tracks",
    "image": "images/structures_bliss/rail/tracks/rail_tracksmall_3m.jpg",
    "id": "dzobj_lnth7f23k7"
  },
  {
    "objectName": "rail_tracksmall_7deg.p3d",
    "inGameName": "-",
    "category": "structures_bliss",
    "modelType": "Raw P3D",
    "path": "dz/structures_bliss/rail/tracks",
    "usableOnConsole": false,
    "searchTags": "livoniaa, tracks",
    "image": "images/structures_bliss/rail/tracks/rail_tracksmall_7deg.jpg",
    "id": "dzobj_kolsqo2ytk"
  },
  {
    "objectName": "rail_tracksmall_turnoutl.p3d",
    "inGameName": "-",
    "category": "structures_bliss",
    "modelType": "Raw P3D",
    "path": "dz/structures_bliss/rail/tracks",
    "usableOnConsole": false,
    "searchTags": "livoniaa, tracks",
    "image": "images/structures_bliss/rail/tracks/rail_tracksmall_turnoutl.jpg",
    "id": "dzobj_6v3ou1pzt2"
  },
  {
    "objectName": "rail_tracksmall_turnoutr.p3d",
    "inGameName": "-",
    "category": "structures_bliss",
    "modelType": "Raw P3D",
    "path": "dz/structures_bliss/rail/tracks",
    "usableOnConsole": false,
    "searchTags": "livoniaa, tracks",
    "image": "images/structures_bliss/rail/tracks/rail_tracksmall_turnoutr.jpg",
    "id": "dzobj_921kc07ltc"
  }
]
