[
  {
    "objectName": "StaticObj_Furniture_picture_a_03",
    "inGameName": "-",
    "category": "structures",
    "modelType": "Config",
    "path": "dz/structures/furniture/decoration/wallboards/picture_a_03",
    "usableOnConsole": true,
    "searchTags": "decoration, wallboards",
    "image": "images/structures/furniture/decoration/wallboards/picture_a_03/staticobj_furniture_picture_a_03.jpg"
  },
  {
    "objectName": "picture_a_03.p3d",
    "inGameName": "-",
    "category": "structures",
    "modelType": "Raw P3D",
    "path": "dz/structures/furniture/decoration/wallboards/picture_a_03",
    "usableOnConsole": false,
    "searchTags": "decoration, furniture, wallboards",
    "image": "images/structures/furniture/decoration/wallboards/picture_a_03/picture_a_03.p3d.jpg"
  }
]
