[
  {
    "objectName": "Land_Misc_FireBarrel_Blue",
    "inGameName": "-",
    "category": "structures_sakhal",
    "modelType": "Config",
    "path": "dz/structures_sakhal/residential/misc",
    "usableOnConsole": true,
    "searchTags": "container, drum, effect, flame, residential, sakhal, oil, gas",
    "image": "images/structures_sakhal/residential/misc/land_misc_firebarrel_blue.jpg",
    "id": "dzobj_agz8nkuse5"
  },
  {
    "objectName": "Land_Misc_FireBarrel_Green",
    "inGameName": "-",
    "category": "structures_sakhal",
    "modelType": "Config",
    "path": "dz/structures_sakhal/residential/misc",
    "usableOnConsole": true,
    "searchTags": "container, drum, effect, flame, residential, sakhal, oil, gas",
    "image": "images/structures_sakhal/residential/misc/land_misc_firebarrel_green.jpg",
    "id": "dzobj_5ckgu6q3gy"
  },
  {
    "objectName": "Land_Misc_FireBarrel_Red",
    "inGameName": "-",
    "category": "structures_sakhal",
    "modelType": "Config",
    "path": "dz/structures_sakhal/residential/misc",
    "usableOnConsole": true,
    "searchTags": "container, drum, effect, flame, residential, sakhal, oil, gas",
    "image": "images/structures_sakhal/residential/misc/land_misc_firebarrel_red.jpg",
    "id": "dzobj_g40jmvbkq2"
  },
  {
    "objectName": "Land_Misc_FireBarrel_Yellow",
    "inGameName": "-",
    "category": "structures_sakhal",
    "modelType": "Config",
    "path": "dz/structures_sakhal/residential/misc",
    "usableOnConsole": true,
    "searchTags": "container, drum, effect, flame, residential, sakhal, oil, gas",
    "image": "images/structures_sakhal/residential/misc/land_misc_firebarrel_yellow.jpg",
    "id": "dzobj_s0ujjxznu3"
  },
  {
    "objectName": "Land_OutsideThermometer",
    "inGameName": "-",
    "category": "structures_sakhal",
    "modelType": "Config",
    "path": "dz/structures_sakhal/residential/misc",
    "usableOnConsole": true,
    "searchTags": "misc, residential, sakhal",
    "image": "images/structures_sakhal/residential/misc/land_outsidethermometer.jpg",
    "id": "dzobj_1ifzfapblc"
  },
  {
    "objectName": "ThermoGauge",
    "inGameName": "-",
    "category": "structures_sakhal",
    "modelType": "Config",
    "path": "dz/structures_sakhal/residential/misc",
    "usableOnConsole": true,
    "searchTags": "",
    "image": "images/structures_sakhal/residential/misc/thermogauge.jpg",
    "id": "dzobj_e4h9ooinqa"
  },
  {
    "objectName": "Land_OutsideThermometer_1",
    "inGameName": "-",
    "category": "structures_sakhal",
    "modelType": "Config",
    "path": "dz/structures_sakhal/residential/misc",
    "usableOnConsole": true,
    "searchTags": "misc, residential, sakhal",
    "image": "images/structures_sakhal/residential/misc/land_outsidethermometer_1.jpg",
    "id": "dzobj_jerefv6q0r"
  },
  {
    "objectName": "Land_OutsideThermometer_2",
    "inGameName": "-",
    "category": "structures_sakhal",
    "modelType": "Config",
    "path": "dz/structures_sakhal/residential/misc",
    "usableOnConsole": true,
    "searchTags": "misc, residential, sakhal",
    "image": "images/structures_sakhal/residential/misc/land_outsidethermometer_2.jpg",
    "id": "dzobj_t5n5gbclfm"
  },
  {
    "objectName": "Land_OutsideThermometer_2_wall",
    "inGameName": "-",
    "category": "structures_sakhal",
    "modelType": "Config",
    "path": "dz/structures_sakhal/residential/misc",
    "usableOnConsole": true,
    "searchTags": "barrier, misc, residential, sakhal",
    "image": "images/structures_sakhal/residential/misc/land_outsidethermometer_2_wall.jpg",
    "id": "dzobj_9c23tpuecs"
  },
  {
    "objectName": "StaticObj_Misc_Fountain_Frozen",
    "inGameName": "-",
    "category": "structures_sakhal",
    "modelType": "Config",
    "path": "dz/structures_sakhal/residential/misc",
    "usableOnConsole": true,
    "searchTags": "residential, sakhal",
    "image": "images/structures_sakhal/residential/misc/staticobj_misc_fountain_frozen.jpg",
    "id": "dzobj_u0y9d70hzi"
  },
  {
    "objectName": "StaticObj_Misc_SatDish",
    "inGameName": "-",
    "category": "structures_sakhal",
    "modelType": "Config",
    "path": "dz/structures_sakhal/residential/misc",
    "usableOnConsole": true,
    "searchTags": "residential, sakhal",
    "image": "images/structures_sakhal/residential/misc/staticobj_misc_satdish.jpg",
    "id": "dzobj_2wkrsvifi3"
  },
  {
    "objectName": "misc_firebarrel_blue.p3d",
    "inGameName": "-",
    "category": "structures_sakhal",
    "modelType": "Raw P3D",
    "path": "dz/structures_sakhal/residential/misc",
    "usableOnConsole": false,
    "searchTags": "container, drum, effect, flame, residential, sakhal, oil, gas",
    "image": "images/structures_sakhal/residential/misc/misc_firebarrel_blue.p3d.jpg",
    "id": "dzobj_l42d9dan58"
  },
  {
    "objectName": "misc_firebarrel_green.p3d",
    "inGameName": "-",
    "category": "structures_sakhal",
    "modelType": "Raw P3D",
    "path": "dz/structures_sakhal/residential/misc",
    "usableOnConsole": false,
    "searchTags": "container, drum, effect, flame, residential, sakhal, oil, gas",
    "image": "images/structures_sakhal/residential/misc/misc_firebarrel_green.p3d.jpg",
    "id": "dzobj_avzrycwk4l"
  },
  {
    "objectName": "misc_firebarrel_red.p3d",
    "inGameName": "-",
    "category": "structures_sakhal",
    "modelType": "Raw P3D",
    "path": "dz/structures_sakhal/residential/misc",
    "usableOnConsole": false,
    "searchTags": "container, drum, effect, flame, residential, sakhal, oil, gas",
    "image": "images/structures_sakhal/residential/misc/misc_firebarrel_red.p3d.jpg",
    "id": "dzobj_0fngpthzk2"
  },
  {
    "objectName": "misc_firebarrel_yellow.p3d",
    "inGameName": "-",
    "category": "structures_sakhal",
    "modelType": "Raw P3D",
    "path": "dz/structures_sakhal/residential/misc",
    "usableOnConsole": false,
    "searchTags": "container, drum, effect, flame, residential, sakhal, oil, gas",
    "image": "images/structures_sakhal/residential/misc/misc_firebarrel_yellow.p3d.jpg",
    "id": "dzobj_3rcm7cgz9l"
  },
  {
    "objectName": "misc_fountain_frozen.p3d",
    "inGameName": "-",
    "category": "structures_sakhal",
    "modelType": "Raw P3D",
    "path": "dz/structures_sakhal/residential/misc",
    "usableOnConsole": false,
    "searchTags": "container, drum, effect, flame, residential, sakhal, oil, gas",
    "image": "images/structures_sakhal/residential/misc/misc_fountain_frozen.p3d.jpg",
    "id": "dzobj_efxe1dtldj"
  },
  {
    "objectName": "misc_satdish.p3d",
    "inGameName": "-",
    "category": "structures_sakhal",
    "modelType": "Raw P3D",
    "path": "dz/structures_sakhal/residential/misc",
    "usableOnConsole": false,
    "searchTags": "residential, sakhal",
    "image": "images/structures_sakhal/residential/misc/misc_satdish.p3d.jpg",
    "id": "dzobj_0z6eespvxb"
  },
  {
    "objectName": "outsidethermometer.p3d",
    "inGameName": "-",
    "category": "structures_sakhal",
    "modelType": "Raw P3D",
    "path": "dz/structures_sakhal/residential/misc",
    "usableOnConsole": false,
    "searchTags": "misc, residential, sakhal",
    "image": "images/structures_sakhal/residential/misc/outsidethermometer.p3d.jpg",
    "id": "dzobj_dfabock5o9"
  },
  {
    "objectName": "outsidethermometer_1.p3d",
    "inGameName": "-",
    "category": "structures_sakhal",
    "modelType": "Raw P3D",
    "path": "dz/structures_sakhal/residential/misc",
    "usableOnConsole": false,
    "searchTags": "misc, residential, sakhal",
    "image": "images/structures_sakhal/residential/misc/outsidethermometer_1.p3d.jpg",
    "id": "dzobj_g3rz0ag669"
  },
  {
    "objectName": "outsidethermometer_2.p3d",
    "inGameName": "-",
    "category": "structures_sakhal",
    "modelType": "Raw P3D",
    "path": "dz/structures_sakhal/residential/misc",
    "usableOnConsole": false,
    "searchTags": "misc, residential, sakhal",
    "image": "images/structures_sakhal/residential/misc/outsidethermometer_2.p3d.jpg",
    "id": "dzobj_itk3ik56s5"
  },
  {
    "objectName": "outsidethermometer_2_wall.p3d",
    "inGameName": "-",
    "category": "structures_sakhal",
    "modelType": "Raw P3D",
    "path": "dz/structures_sakhal/residential/misc",
    "usableOnConsole": false,
    "searchTags": "barrier, misc, residential, sakhal",
    "image": "images/structures_sakhal/residential/misc/outsidethermometer_2_wall.p3d.jpg",
    "id": "dzobj_9wrjl649y2"
  }
]
