[
  {
    "objectName": "Land_Mil_GuardBox_Brown",
    "inGameName": "-",
    "category": "structures_bliss",
    "modelType": "Config",
    "path": "dz/structures_bliss/military/houses",
    "usableOnConsole": true,
    "searchTags": "livoniaa, checkpoint, military, check point",
    "image": "images/structures_bliss/military/houses/land_mil_guardbox_brown.jpg",
    "id": "dzobj_5r611fq0zl"
  },
  {
    "objectName": "Land_Mil_GuardBox_Green",
    "inGameName": "-",
    "category": "structures_bliss",
    "modelType": "Config",
    "path": "dz/structures_bliss/military/houses",
    "usableOnConsole": true,
    "searchTags": "livoniaa, checkpoint, military, check point",
    "image": "images/structures_bliss/military/houses/land_mil_guardbox_green.jpg",
    "id": "dzobj_qb34bm48e5"
  },
  {
    "objectName": "Land_Mil_GuardBox_Smooth",
    "inGameName": "-",
    "category": "structures_bliss",
    "modelType": "Config",
    "path": "dz/structures_bliss/military/houses",
    "usableOnConsole": true,
    "searchTags": "livoniaa, checkpoint, military, check point",
    "image": "images/structures_bliss/military/houses/land_mil_guardbox_smooth.jpg",
    "id": "dzobj_wxrwhgvsdy"
  },
  {
    "objectName": "mil_guardbox_brown.p3d",
    "inGameName": "-",
    "category": "structures_bliss",
    "modelType": "Raw P3D",
    "path": "dz/structures_bliss/military/houses",
    "usableOnConsole": false,
    "searchTags": "livoniaa, checkpoint, military, check point",
    "image": "images/structures_bliss/military/houses/land_mil_guardbox_brown.jpg",
    "id": "dzobj_e2tni5geaq"
  },
  {
    "objectName": "mil_guardbox_green.p3d",
    "inGameName": "-",
    "category": "structures_bliss",
    "modelType": "Raw P3D",
    "path": "dz/structures_bliss/military/houses",
    "usableOnConsole": false,
    "searchTags": "livoniaa, checkpoint, military, check point",
    "image": "images/structures_bliss/military/houses/land_mil_guardbox_green.jpg",
    "id": "dzobj_1qz4w0tsew"
  },
  {
    "objectName": "mil_guardbox_smooth.p3d",
    "inGameName": "-",
    "category": "structures_bliss",
    "modelType": "Raw P3D",
    "path": "dz/structures_bliss/military/houses",
    "usableOnConsole": false,
    "searchTags": "livoniaa, checkpoint, military, check point",
    "image": "images/structures_bliss/military/houses/land_mil_guardbox_smooth.jpg",
    "id": "dzobj_uqhmv26drx"
  },
  {
    "objectName": "Land_Mil_ControlTower",
    "category": "structures_bliss",
    "modelType": "Config",
    "path": "dz/structures_bliss/military/houses",
    "usableOnConsole": true,
    "searchTags": "livoniaa, houses, military, watch, tower",
    "image": "images/structures_bliss/military/houses/land_mil_controltower.jpg",
    "id": "dzobj_7z4pmby8lc"
  },
  {
    "objectName": "Land_Mil_GuardHouse3",
    "category": "structures_bliss",
    "modelType": "Config",
    "path": "dz/structures_bliss/military/houses",
    "usableOnConsole": true,
    "searchTags": "",
    "image": "images/structures_bliss/military/houses/land_mil_guardhouse3.jpg",
    "id": "dzobj_b5ha6xdzuu"
  },
  {
    "objectName": "mil_controltower.p3d",
    "category": "structures_bliss",
    "modelType": "Raw P3D",
    "path": "dz/structures_bliss/military/houses",
    "usableOnConsole": false,
    "searchTags": "livoniaa, houses, military, watch, tower",
    "image": "images/structures_bliss/military/houses/land_mil_controltower.jpg",
    "id": "dzobj_n1vsvsrojh"
  },
  {
    "objectName": "mil_guardhouse3.p3d",
    "category": "structures_bliss",
    "modelType": "Raw P3D",
    "path": "dz/structures_bliss/military/houses",
    "usableOnConsole": false,
    "searchTags": "livoniaa, houses, military, security, office, checkpoint, check point",
    "image": "images/structures_bliss/military/houses/land_mil_guardhouse3.jpg",
    "id": "dzobj_mzp07371te"
  }
]
