[
  {
    "objectName": "StaticObj_Furniture_anatomy_poster_1",
    "inGameName": "-",
    "category": "structures",
    "modelType": "Config",
    "path": "dz/structures/furniture/school_equipment",
    "usableOnConsole": true,
    "searchTags": "building, education, equipment, school",
    "image": "images/structures/furniture/school_equipment/staticobj_furniture_anatomy_poster_1.jpg"
  },
  {
    "objectName": "StaticObj_Furniture_anatomy_poster_2",
    "inGameName": "-",
    "category": "structures",
    "modelType": "Config",
    "path": "dz/structures/furniture/school_equipment",
    "usableOnConsole": true,
    "searchTags": "building, education, equipment, school",
    "image": "images/structures/furniture/school_equipment/staticobj_furniture_anatomy_poster_2.jpg"
  },
  {
    "objectName": "StaticObj_Furniture_basketball_korb",
    "inGameName": "-",
    "category": "structures",
    "modelType": "Config",
    "path": "dz/structures/furniture/school_equipment",
    "usableOnConsole": true,
    "searchTags": "building, education, equipment, school",
    "image": "images/structures/furniture/school_equipment/staticobj_furniture_basketball_korb.jpg"
  },
  {
    "objectName": "StaticObj_Furniture_blackboard",
    "inGameName": "-",
    "category": "structures",
    "modelType": "Config",
    "path": "dz/structures/furniture/school_equipment",
    "usableOnConsole": true,
    "searchTags": "building, education, equipment, school",
    "image": "images/structures/furniture/school_equipment/staticobj_furniture_blackboard.jpg"
  },
  {
    "objectName": "StaticObj_Furniture_class_case_a_closed",
    "inGameName": "-",
    "category": "structures",
    "modelType": "Config",
    "path": "dz/structures/furniture/school_equipment",
    "usableOnConsole": true,
    "searchTags": "building, education, equipment, school",
    "image": "images/structures/furniture/school_equipment/staticobj_furniture_class_case_a_closed.jpg"
  },
  {
    "objectName": "StaticObj_Furniture_class_case_a_open",
    "inGameName": "-",
    "category": "structures",
    "modelType": "Config",
    "path": "dz/structures/furniture/school_equipment",
    "usableOnConsole": true,
    "searchTags": "building, education, equipment, school",
    "image": "images/structures/furniture/school_equipment/staticobj_furniture_class_case_a_open.jpg"
  },
  {
    "objectName": "StaticObj_Furniture_class_case_b_closed",
    "inGameName": "-",
    "category": "structures",
    "modelType": "Config",
    "path": "dz/structures/furniture/school_equipment",
    "usableOnConsole": true,
    "searchTags": "building, education, equipment, school",
    "image": "images/structures/furniture/school_equipment/staticobj_furniture_class_case_b_closed.jpg"
  },
  {
    "objectName": "StaticObj_Furniture_class_case_b_open",
    "inGameName": "-",
    "category": "structures",
    "modelType": "Config",
    "path": "dz/structures/furniture/school_equipment",
    "usableOnConsole": true,
    "searchTags": "building, education, equipment, school",
    "image": "images/structures/furniture/school_equipment/staticobj_furniture_class_case_b_open.jpg"
  },
  {
    "objectName": "StaticObj_Furniture_Desk_Globe",
    "inGameName": "-",
    "category": "structures",
    "modelType": "Config",
    "path": "dz/structures/furniture/school_equipment",
    "usableOnConsole": true,
    "searchTags": "building, education, equipment, school",
    "image": "images/structures/furniture/school_equipment/staticobj_furniture_desk_globe.jpg"
  },
  {
    "objectName": "StaticObj_Furniture_flag_chernarus_pole",
    "inGameName": "-",
    "category": "structures",
    "modelType": "Config",
    "path": "dz/structures/furniture/school_equipment",
    "usableOnConsole": true,
    "searchTags": "banner, building, education, equipment, school, signal",
    "image": "images/structures/furniture/school_equipment/staticobj_furniture_flag_chernarus_pole.jpg"
  },
  {
    "objectName": "StaticObj_Furniture_flag_chernarus_wall",
    "inGameName": "-",
    "category": "structures",
    "modelType": "Config",
    "path": "dz/structures/furniture/school_equipment",
    "usableOnConsole": true,
    "searchTags": "banner, barrier, building, education, equipment, school, signal",
    "image": "images/structures/furniture/school_equipment/staticobj_furniture_flag_chernarus_wall.jpg"
  },
  {
    "objectName": "StaticObj_Furniture_gym_ladder",
    "inGameName": "-",
    "category": "structures",
    "modelType": "Config",
    "path": "dz/structures/furniture/school_equipment",
    "usableOnConsole": true,
    "searchTags": "building, education, equipment, school",
    "image": "images/structures/furniture/school_equipment/staticobj_furniture_gym_ladder.jpg"
  },
  {
    "objectName": "StaticObj_Furniture_intercom_speaker",
    "inGameName": "-",
    "category": "structures",
    "modelType": "Config",
    "path": "dz/structures/furniture/school_equipment",
    "usableOnConsole": true,
    "searchTags": "building, education, equipment, school",
    "image": "images/structures/furniture/school_equipment/staticobj_furniture_intercom_speaker.jpg"
  },
  {
    "objectName": "StaticObj_Furniture_lab_beaker",
    "inGameName": "-",
    "category": "structures",
    "modelType": "Config",
    "path": "dz/structures/furniture/school_equipment",
    "usableOnConsole": true,
    "searchTags": "building, education, equipment, school",
    "image": "images/structures/furniture/school_equipment/staticobj_furniture_lab_beaker.jpg"
  },
  {
    "objectName": "StaticObj_Furniture_lab_bench",
    "inGameName": "-",
    "category": "structures",
    "modelType": "Config",
    "path": "dz/structures/furniture/school_equipment",
    "usableOnConsole": true,
    "searchTags": "building, education, equipment, school",
    "image": "images/structures/furniture/school_equipment/staticobj_furniture_lab_bench.jpg"
  },
  {
    "objectName": "StaticObj_Furniture_lab_bunsen",
    "inGameName": "-",
    "category": "structures",
    "modelType": "Config",
    "path": "dz/structures/furniture/school_equipment",
    "usableOnConsole": true,
    "searchTags": "building, education, equipment, school",
    "image": "images/structures/furniture/school_equipment/staticobj_furniture_lab_bunsen.jpg"
  },
  {
    "objectName": "StaticObj_Furniture_lab_cylinder_beaker",
    "inGameName": "-",
    "category": "structures",
    "modelType": "Config",
    "path": "dz/structures/furniture/school_equipment",
    "usableOnConsole": true,
    "searchTags": "building, education, equipment, school",
    "image": "images/structures/furniture/school_equipment/staticobj_furniture_lab_cylinder_beaker.jpg"
  },
  {
    "objectName": "StaticObj_Furniture_lab_dropper",
    "inGameName": "-",
    "category": "structures",
    "modelType": "Config",
    "path": "dz/structures/furniture/school_equipment",
    "usableOnConsole": true,
    "searchTags": "building, education, equipment, school",
    "image": "images/structures/furniture/school_equipment/staticobj_furniture_lab_dropper.jpg"
  },
  {
    "objectName": "StaticObj_Furniture_lab_erlenmeyer_flask",
    "inGameName": "-",
    "category": "structures",
    "modelType": "Config",
    "path": "dz/structures/furniture/school_equipment",
    "usableOnConsole": true,
    "searchTags": "building, education, equipment, school",
    "image": "images/structures/furniture/school_equipment/staticobj_furniture_lab_erlenmeyer_flask.jpg"
  },
  {
    "objectName": "StaticObj_Furniture_lab_microscope",
    "inGameName": "-",
    "category": "structures",
    "modelType": "Config",
    "path": "dz/structures/furniture/school_equipment",
    "usableOnConsole": true,
    "searchTags": "building, education, equipment, school",
    "image": "images/structures/furniture/school_equipment/staticobj_furniture_lab_microscope.jpg"
  },
  {
    "objectName": "StaticObj_Furniture_lab_petri_dish",
    "inGameName": "-",
    "category": "structures",
    "modelType": "Config",
    "path": "dz/structures/furniture/school_equipment",
    "usableOnConsole": true,
    "searchTags": "building, education, equipment, school",
    "image": "images/structures/furniture/school_equipment/staticobj_furniture_lab_petri_dish.jpg"
  },
  {
    "objectName": "StaticObj_Furniture_lab_sink",
    "inGameName": "-",
    "category": "structures",
    "modelType": "Config",
    "path": "dz/structures/furniture/school_equipment",
    "usableOnConsole": true,
    "searchTags": "bathroom, building, education, equipment, school, wash",
    "image": "images/structures/furniture/school_equipment/staticobj_furniture_lab_sink.jpg"
  },
  {
    "objectName": "StaticObj_Furniture_lab_teacher_bench",
    "inGameName": "-",
    "category": "structures",
    "modelType": "Config",
    "path": "dz/structures/furniture/school_equipment",
    "usableOnConsole": true,
    "searchTags": "building, education, equipment, school",
    "image": "images/structures/furniture/school_equipment/staticobj_furniture_lab_teacher_bench.jpg"
  },
  {
    "objectName": "StaticObj_Furniture_lab_triplebeam",
    "inGameName": "-",
    "category": "structures",
    "modelType": "Config",
    "path": "dz/structures/furniture/school_equipment",
    "usableOnConsole": true,
    "searchTags": "building, education, equipment, school",
    "image": "images/structures/furniture/school_equipment/staticobj_furniture_lab_triplebeam.jpg"
  },
  {
    "objectName": "StaticObj_Furniture_lab_vial",
    "inGameName": "-",
    "category": "structures",
    "modelType": "Config",
    "path": "dz/structures/furniture/school_equipment",
    "usableOnConsole": true,
    "searchTags": "building, education, equipment, school",
    "image": "images/structures/furniture/school_equipment/staticobj_furniture_lab_vial.jpg"
  },
  {
    "objectName": "StaticObj_Furniture_lab_volume_beaker",
    "inGameName": "-",
    "category": "structures",
    "modelType": "Config",
    "path": "dz/structures/furniture/school_equipment",
    "usableOnConsole": true,
    "searchTags": "building, education, equipment, school",
    "image": "images/structures/furniture/school_equipment/staticobj_furniture_lab_volume_beaker.jpg"
  },
  {
    "objectName": "StaticObj_Furniture_long_bench",
    "inGameName": "-",
    "category": "structures",
    "modelType": "Config",
    "path": "dz/structures/furniture/school_equipment",
    "usableOnConsole": true,
    "searchTags": "building, education, equipment, school",
    "image": "images/structures/furniture/school_equipment/staticobj_furniture_long_bench.jpg"
  },
  {
    "objectName": "StaticObj_Furniture_periodic_table",
    "inGameName": "-",
    "category": "structures",
    "modelType": "Config",
    "path": "dz/structures/furniture/school_equipment",
    "usableOnConsole": true,
    "searchTags": "building, desk, education, equipment, school",
    "image": "images/structures/furniture/school_equipment/staticobj_furniture_periodic_table.jpg"
  },
  {
    "objectName": "StaticObj_Furniture_radiator",
    "inGameName": "-",
    "category": "structures",
    "modelType": "Config",
    "path": "dz/structures/furniture/school_equipment",
    "usableOnConsole": true,
    "searchTags": "building, education, equipment, school",
    "image": "images/structures/furniture/school_equipment/staticobj_furniture_radiator.jpg"
  },
  {
    "objectName": "StaticObj_Furniture_school_cage",
    "inGameName": "-",
    "category": "structures",
    "modelType": "Config",
    "path": "dz/structures/furniture/school_equipment",
    "usableOnConsole": true,
    "searchTags": "building, education, equipment",
    "image": "images/structures/furniture/school_equipment/staticobj_furniture_school_cage.jpg"
  },
  {
    "objectName": "StaticObj_Furniture_school_clock",
    "inGameName": "-",
    "category": "structures",
    "modelType": "Config",
    "path": "dz/structures/furniture/school_equipment",
    "usableOnConsole": true,
    "searchTags": "building, education, equipment",
    "image": "images/structures/furniture/school_equipment/staticobj_furniture_school_clock.jpg"
  },
  {
    "objectName": "StaticObj_Furniture_school_map",
    "inGameName": "-",
    "category": "structures",
    "modelType": "Config",
    "path": "dz/structures/furniture/school_equipment",
    "usableOnConsole": true,
    "searchTags": "building, education, equipment",
    "image": "images/structures/furniture/school_equipment/staticobj_furniture_school_map.jpg"
  },
  {
    "objectName": "StaticObj_Furniture_school_ringbell",
    "inGameName": "-",
    "category": "structures",
    "modelType": "Config",
    "path": "dz/structures/furniture/school_equipment",
    "usableOnConsole": true,
    "searchTags": "building, education, equipment",
    "image": "images/structures/furniture/school_equipment/staticobj_furniture_school_ringbell.jpg"
  },
  {
    "objectName": "StaticObj_Furniture_student_chair",
    "inGameName": "-",
    "category": "structures",
    "modelType": "Config",
    "path": "dz/structures/furniture/school_equipment",
    "usableOnConsole": true,
    "searchTags": "building, education, equipment, school, seat",
    "image": "images/structures/furniture/school_equipment/staticobj_furniture_student_chair.jpg"
  },
  {
    "objectName": "StaticObj_Furniture_student_desk",
    "inGameName": "-",
    "category": "structures",
    "modelType": "Config",
    "path": "dz/structures/furniture/school_equipment",
    "usableOnConsole": true,
    "searchTags": "building, education, equipment, school",
    "image": "images/structures/furniture/school_equipment/staticobj_furniture_student_desk.jpg"
  },
  {
    "objectName": "StaticObj_Furniture_tac_board",
    "inGameName": "-",
    "category": "structures",
    "modelType": "Config",
    "path": "dz/structures/furniture/school_equipment",
    "usableOnConsole": true,
    "searchTags": "building, education, equipment, school",
    "image": "images/structures/furniture/school_equipment/staticobj_furniture_tac_board.jpg"
  },
  {
    "objectName": "StaticObj_Furniture_tac_board_posters_level1",
    "inGameName": "-",
    "category": "structures",
    "modelType": "Config",
    "path": "dz/structures/furniture/school_equipment",
    "usableOnConsole": true,
    "searchTags": "building, education, equipment, school",
    "image": "images/structures/furniture/school_equipment/staticobj_furniture_tac_board_posters_level1.jpg"
  },
  {
    "objectName": "StaticObj_Furniture_tac_board_posters_level2",
    "inGameName": "-",
    "category": "structures",
    "modelType": "Config",
    "path": "dz/structures/furniture/school_equipment",
    "usableOnConsole": true,
    "searchTags": "building, education, equipment, school",
    "image": "images/structures/furniture/school_equipment/staticobj_furniture_tac_board_posters_level2.jpg"
  },
  {
    "objectName": "StaticObj_Furniture_teacher_desk",
    "inGameName": "-",
    "category": "structures",
    "modelType": "Config",
    "path": "dz/structures/furniture/school_equipment",
    "usableOnConsole": true,
    "searchTags": "building, education, equipment, school",
    "image": "images/structures/furniture/school_equipment/staticobj_furniture_teacher_desk.jpg"
  },
  {
    "objectName": "StaticObj_Furniture_vaulting_box_large",
    "inGameName": "-",
    "category": "structures",
    "modelType": "Config",
    "path": "dz/structures/furniture/school_equipment",
    "usableOnConsole": true,
    "searchTags": "building, crate, education, equipment, school, storage",
    "image": "images/structures/furniture/school_equipment/staticobj_furniture_vaulting_box_large.jpg"
  },
  {
    "objectName": "StaticObj_Furniture_vaulting_box_small",
    "inGameName": "-",
    "category": "structures",
    "modelType": "Config",
    "path": "dz/structures/furniture/school_equipment",
    "usableOnConsole": true,
    "searchTags": "building, crate, education, equipment, school, storage",
    "image": "images/structures/furniture/school_equipment/staticobj_furniture_vaulting_box_small.jpg"
  },
  {
    "objectName": "StaticObj_Furniture_vaulting_goat",
    "inGameName": "-",
    "category": "structures",
    "modelType": "Config",
    "path": "dz/structures/furniture/school_equipment",
    "usableOnConsole": true,
    "searchTags": "building, education, equipment, school",
    "image": "images/structures/furniture/school_equipment/staticobj_furniture_vaulting_goat.jpg"
  },
  {
    "objectName": "StaticObj_Furniture_wall_hanger",
    "inGameName": "-",
    "category": "structures",
    "modelType": "Config",
    "path": "dz/structures/furniture/school_equipment",
    "usableOnConsole": true,
    "searchTags": "barrier, building, education, equipment, school",
    "image": "images/structures/furniture/school_equipment/staticobj_furniture_wall_hanger.jpg"
  },
  {
    "objectName": "StaticObj_Furniture_yellow_star",
    "inGameName": "-",
    "category": "structures",
    "modelType": "Config",
    "path": "dz/structures/furniture/school_equipment",
    "usableOnConsole": true,
    "searchTags": "building, education, equipment, school",
    "image": "images/structures/furniture/school_equipment/staticobj_furniture_yellow_star.jpg"
  },
  {
    "objectName": "anatomy_poster_1.p3d",
    "inGameName": "-",
    "category": "structures",
    "modelType": "Raw P3D",
    "path": "dz/structures/furniture/school_equipment",
    "usableOnConsole": false,
    "searchTags": "building, education, equipment, furniture, school",
    "image": "images/structures/furniture/school_equipment/anatomy_poster_1.p3d.jpg"
  },
  {
    "objectName": "anatomy_poster_2.p3d",
    "inGameName": "-",
    "category": "structures",
    "modelType": "Raw P3D",
    "path": "dz/structures/furniture/school_equipment",
    "usableOnConsole": false,
    "searchTags": "building, education, equipment, furniture, school",
    "image": "images/structures/furniture/school_equipment/anatomy_poster_2.p3d.jpg"
  },
  {
    "objectName": "basketball_korb.p3d",
    "inGameName": "-",
    "category": "structures",
    "modelType": "Raw P3D",
    "path": "dz/structures/furniture/school_equipment",
    "usableOnConsole": false,
    "searchTags": "building, education, equipment, furniture, school",
    "image": "images/structures/furniture/school_equipment/basketball_korb.p3d.jpg"
  },
  {
    "objectName": "blackboard.p3d",
    "inGameName": "-",
    "category": "structures",
    "modelType": "Raw P3D",
    "path": "dz/structures/furniture/school_equipment",
    "usableOnConsole": false,
    "searchTags": "building, education, equipment, furniture, school",
    "image": "images/structures/furniture/school_equipment/blackboard.p3d.jpg"
  },
  {
    "objectName": "class_case_a_closed.p3d",
    "inGameName": "-",
    "category": "structures",
    "modelType": "Raw P3D",
    "path": "dz/structures/furniture/school_equipment",
    "usableOnConsole": false,
    "searchTags": "building, education, equipment, furniture, school",
    "image": "images/structures/furniture/school_equipment/class_case_a_closed.p3d.jpg"
  },
  {
    "objectName": "class_case_a_open.p3d",
    "inGameName": "-",
    "category": "structures",
    "modelType": "Raw P3D",
    "path": "dz/structures/furniture/school_equipment",
    "usableOnConsole": false,
    "searchTags": "building, education, equipment, furniture, school",
    "image": "images/structures/furniture/school_equipment/class_case_a_open.p3d.jpg"
  },
  {
    "objectName": "class_case_b_closed.p3d",
    "inGameName": "-",
    "category": "structures",
    "modelType": "Raw P3D",
    "path": "dz/structures/furniture/school_equipment",
    "usableOnConsole": false,
    "searchTags": "building, education, equipment, furniture, school",
    "image": "images/structures/furniture/school_equipment/class_case_b_closed.p3d.jpg"
  },
  {
    "objectName": "class_case_b_open.p3d",
    "inGameName": "-",
    "category": "structures",
    "modelType": "Raw P3D",
    "path": "dz/structures/furniture/school_equipment",
    "usableOnConsole": false,
    "searchTags": "building, education, equipment, furniture, school",
    "image": "images/structures/furniture/school_equipment/class_case_b_open.p3d.jpg"
  },
  {
    "objectName": "desk_globe.p3d",
    "inGameName": "-",
    "category": "structures",
    "modelType": "Raw P3D",
    "path": "dz/structures/furniture/school_equipment",
    "usableOnConsole": false,
    "searchTags": "building, education, equipment, furniture, school",
    "image": "images/structures/furniture/school_equipment/desk_globe.p3d.jpg"
  },
  {
    "objectName": "flag_chernarus_pole.p3d",
    "inGameName": "-",
    "category": "structures",
    "modelType": "Raw P3D",
    "path": "dz/structures/furniture/school_equipment",
    "usableOnConsole": false,
    "searchTags": "banner, building, education, equipment, furniture, school, signal",
    "image": "images/structures/furniture/school_equipment/flag_chernarus_pole.p3d.jpg"
  },
  {
    "objectName": "flag_chernarus_wall.p3d",
    "inGameName": "-",
    "category": "structures",
    "modelType": "Raw P3D",
    "path": "dz/structures/furniture/school_equipment",
    "usableOnConsole": false,
    "searchTags": "banner, barrier, building, education, equipment, furniture, school, signal",
    "image": "images/structures/furniture/school_equipment/flag_chernarus_wall.p3d.jpg"
  },
  {
    "objectName": "gym_ladder.p3d",
    "inGameName": "-",
    "category": "structures",
    "modelType": "Raw P3D",
    "path": "dz/structures/furniture/school_equipment",
    "usableOnConsole": false,
    "searchTags": "building, education, equipment, furniture, school",
    "image": "images/structures/furniture/school_equipment/gym_ladder.p3d.jpg"
  },
  {
    "objectName": "intercom_speaker.p3d",
    "inGameName": "-",
    "category": "structures",
    "modelType": "Raw P3D",
    "path": "dz/structures/furniture/school_equipment",
    "usableOnConsole": false,
    "searchTags": "building, education, equipment, furniture, school",
    "image": "images/structures/furniture/school_equipment/intercom_speaker.p3d.jpg"
  },
  {
    "objectName": "lab_beaker.p3d",
    "inGameName": "-",
    "category": "structures",
    "modelType": "Raw P3D",
    "path": "dz/structures/furniture/school_equipment",
    "usableOnConsole": false,
    "searchTags": "building, education, equipment, furniture, school",
    "image": "images/structures/furniture/school_equipment/lab_beaker.p3d.jpg"
  },
  {
    "objectName": "lab_bench.p3d",
    "inGameName": "-",
    "category": "structures",
    "modelType": "Raw P3D",
    "path": "dz/structures/furniture/school_equipment",
    "usableOnConsole": false,
    "searchTags": "building, education, equipment, furniture, school",
    "image": "images/structures/furniture/school_equipment/lab_bench.p3d.jpg"
  },
  {
    "objectName": "lab_bunsen.p3d",
    "inGameName": "-",
    "category": "structures",
    "modelType": "Raw P3D",
    "path": "dz/structures/furniture/school_equipment",
    "usableOnConsole": false,
    "searchTags": "building, education, equipment, furniture, school",
    "image": "images/structures/furniture/school_equipment/lab_bunsen.p3d.jpg"
  },
  {
    "objectName": "lab_cylinder_beaker.p3d",
    "inGameName": "-",
    "category": "structures",
    "modelType": "Raw P3D",
    "path": "dz/structures/furniture/school_equipment",
    "usableOnConsole": false,
    "searchTags": "building, education, equipment, furniture, school",
    "image": "images/structures/furniture/school_equipment/lab_cylinder_beaker.p3d.jpg"
  },
  {
    "objectName": "lab_dropper.p3d",
    "inGameName": "-",
    "category": "structures",
    "modelType": "Raw P3D",
    "path": "dz/structures/furniture/school_equipment",
    "usableOnConsole": false,
    "searchTags": "building, education, equipment, furniture, school",
    "image": "images/structures/furniture/school_equipment/lab_dropper.p3d.jpg"
  },
  {
    "objectName": "lab_erlenmeyer_flask.p3d",
    "inGameName": "-",
    "category": "structures",
    "modelType": "Raw P3D",
    "path": "dz/structures/furniture/school_equipment",
    "usableOnConsole": false,
    "searchTags": "building, education, equipment, furniture, school",
    "image": "images/structures/furniture/school_equipment/lab_erlenmeyer_flask.p3d.jpg"
  },
  {
    "objectName": "lab_microscope.p3d",
    "inGameName": "-",
    "category": "structures",
    "modelType": "Raw P3D",
    "path": "dz/structures/furniture/school_equipment",
    "usableOnConsole": false,
    "searchTags": "building, education, equipment, furniture, school",
    "image": "images/structures/furniture/school_equipment/lab_microscope.p3d.jpg"
  },
  {
    "objectName": "lab_petri_dish.p3d",
    "inGameName": "-",
    "category": "structures",
    "modelType": "Raw P3D",
    "path": "dz/structures/furniture/school_equipment",
    "usableOnConsole": false,
    "searchTags": "building, education, equipment, furniture, school",
    "image": "images/structures/furniture/school_equipment/lab_petri_dish.p3d.jpg"
  },
  {
    "objectName": "lab_sink.p3d",
    "inGameName": "-",
    "category": "structures",
    "modelType": "Raw P3D",
    "path": "dz/structures/furniture/school_equipment",
    "usableOnConsole": false,
    "searchTags": "bathroom, building, education, equipment, furniture, school, wash",
    "image": "images/structures/furniture/school_equipment/lab_sink.p3d.jpg"
  },
  {
    "objectName": "lab_teacher_bench.p3d",
    "inGameName": "-",
    "category": "structures",
    "modelType": "Raw P3D",
    "path": "dz/structures/furniture/school_equipment",
    "usableOnConsole": false,
    "searchTags": "building, education, equipment, furniture, school",
    "image": "images/structures/furniture/school_equipment/lab_teacher_bench.p3d.jpg"
  },
  {
    "objectName": "lab_triplebeam.p3d",
    "inGameName": "-",
    "category": "structures",
    "modelType": "Raw P3D",
    "path": "dz/structures/furniture/school_equipment",
    "usableOnConsole": false,
    "searchTags": "building, education, equipment, furniture, school",
    "image": "images/structures/furniture/school_equipment/lab_triplebeam.p3d.jpg"
  },
  {
    "objectName": "lab_vial.p3d",
    "inGameName": "-",
    "category": "structures",
    "modelType": "Raw P3D",
    "path": "dz/structures/furniture/school_equipment",
    "usableOnConsole": false,
    "searchTags": "building, education, equipment, furniture, school",
    "image": "images/structures/furniture/school_equipment/lab_vial.p3d.jpg"
  },
  {
    "objectName": "lab_volume_beaker.p3d",
    "inGameName": "-",
    "category": "structures",
    "modelType": "Raw P3D",
    "path": "dz/structures/furniture/school_equipment",
    "usableOnConsole": false,
    "searchTags": "building, education, equipment, furniture, school",
    "image": "images/structures/furniture/school_equipment/lab_volume_beaker.p3d.jpg"
  },
  {
    "objectName": "long_bench.p3d",
    "inGameName": "-",
    "category": "structures",
    "modelType": "Raw P3D",
    "path": "dz/structures/furniture/school_equipment",
    "usableOnConsole": false,
    "searchTags": "building, education, equipment, furniture, school",
    "image": "images/structures/furniture/school_equipment/long_bench.p3d.jpg"
  },
  {
    "objectName": "periodic_table.p3d",
    "inGameName": "-",
    "category": "structures",
    "modelType": "Raw P3D",
    "path": "dz/structures/furniture/school_equipment",
    "usableOnConsole": false,
    "searchTags": "building, desk, education, equipment, furniture, school",
    "image": "images/structures/furniture/school_equipment/periodic_table.p3d.jpg"
  },
  {
    "objectName": "radiator.p3d",
    "inGameName": "-",
    "category": "structures",
    "modelType": "Raw P3D",
    "path": "dz/structures/furniture/school_equipment",
    "usableOnConsole": false,
    "searchTags": "building, education, equipment, furniture, school",
    "image": "images/structures/furniture/school_equipment/radiator.p3d.jpg"
  },
  {
    "objectName": "school_cage.p3d",
    "inGameName": "-",
    "category": "structures",
    "modelType": "Raw P3D",
    "path": "dz/structures/furniture/school_equipment",
    "usableOnConsole": false,
    "searchTags": "building, education, equipment, furniture",
    "image": "images/structures/furniture/school_equipment/school_cage.p3d.jpg"
  },
  {
    "objectName": "school_clock.p3d",
    "inGameName": "-",
    "category": "structures",
    "modelType": "Raw P3D",
    "path": "dz/structures/furniture/school_equipment",
    "usableOnConsole": false,
    "searchTags": "building, education, equipment, furniture",
    "image": "images/structures/furniture/school_equipment/school_clock.p3d.jpg"
  },
  {
    "objectName": "school_map.p3d",
    "inGameName": "-",
    "category": "structures",
    "modelType": "Raw P3D",
    "path": "dz/structures/furniture/school_equipment",
    "usableOnConsole": false,
    "searchTags": "building, education, equipment, furniture",
    "image": "images/structures/furniture/school_equipment/school_map.p3d.jpg"
  },
  {
    "objectName": "school_ringbell.p3d",
    "inGameName": "-",
    "category": "structures",
    "modelType": "Raw P3D",
    "path": "dz/structures/furniture/school_equipment",
    "usableOnConsole": false,
    "searchTags": "building, education, equipment, furniture",
    "image": "images/structures/furniture/school_equipment/school_ringbell.p3d.jpg"
  },
  {
    "objectName": "student_chair.p3d",
    "inGameName": "-",
    "category": "structures",
    "modelType": "Raw P3D",
    "path": "dz/structures/furniture/school_equipment",
    "usableOnConsole": false,
    "searchTags": "building, education, equipment, furniture, school, seat",
    "image": "images/structures/furniture/school_equipment/student_chair.p3d.jpg"
  },
  {
    "objectName": "student_desk.p3d",
    "inGameName": "-",
    "category": "structures",
    "modelType": "Raw P3D",
    "path": "dz/structures/furniture/school_equipment",
    "usableOnConsole": false,
    "searchTags": "building, education, equipment, furniture, school",
    "image": "images/structures/furniture/school_equipment/student_desk.p3d.jpg"
  },
  {
    "objectName": "tac_board.p3d",
    "inGameName": "-",
    "category": "structures",
    "modelType": "Raw P3D",
    "path": "dz/structures/furniture/school_equipment",
    "usableOnConsole": false,
    "searchTags": "building, education, equipment, furniture, school",
    "image": "images/structures/furniture/school_equipment/tac_board.p3d.jpg"
  },
  {
    "objectName": "tac_board_posters_level1.p3d",
    "inGameName": "-",
    "category": "structures",
    "modelType": "Raw P3D",
    "path": "dz/structures/furniture/school_equipment",
    "usableOnConsole": false,
    "searchTags": "building, education, equipment, furniture, school",
    "image": "images/structures/furniture/school_equipment/tac_board_posters_level1.p3d.jpg"
  },
  {
    "objectName": "tac_board_posters_level2.p3d",
    "inGameName": "-",
    "category": "structures",
    "modelType": "Raw P3D",
    "path": "dz/structures/furniture/school_equipment",
    "usableOnConsole": false,
    "searchTags": "building, education, equipment, furniture, school",
    "image": "images/structures/furniture/school_equipment/tac_board_posters_level2.p3d.jpg"
  },
  {
    "objectName": "teacher_desk.p3d",
    "inGameName": "-",
    "category": "structures",
    "modelType": "Raw P3D",
    "path": "dz/structures/furniture/school_equipment",
    "usableOnConsole": false,
    "searchTags": "building, education, equipment, furniture, school",
    "image": "images/structures/furniture/school_equipment/teacher_desk.p3d.jpg"
  },
  {
    "objectName": "vaulting_box_large.p3d",
    "inGameName": "-",
    "category": "structures",
    "modelType": "Raw P3D",
    "path": "dz/structures/furniture/school_equipment",
    "usableOnConsole": false,
    "searchTags": "building, crate, education, equipment, furniture, school, storage",
    "image": "images/structures/furniture/school_equipment/vaulting_box_large.p3d.jpg"
  },
  {
    "objectName": "vaulting_box_small.p3d",
    "inGameName": "-",
    "category": "structures",
    "modelType": "Raw P3D",
    "path": "dz/structures/furniture/school_equipment",
    "usableOnConsole": false,
    "searchTags": "building, crate, education, equipment, furniture, school, storage",
    "image": "images/structures/furniture/school_equipment/vaulting_box_small.p3d.jpg"
  },
  {
    "objectName": "vaulting_goat.p3d",
    "inGameName": "-",
    "category": "structures",
    "modelType": "Raw P3D",
    "path": "dz/structures/furniture/school_equipment",
    "usableOnConsole": false,
    "searchTags": "building, education, equipment, furniture, school",
    "image": "images/structures/furniture/school_equipment/vaulting_goat.p3d.jpg"
  },
  {
    "objectName": "wall_hanger.p3d",
    "inGameName": "-",
    "category": "structures",
    "modelType": "Raw P3D",
    "path": "dz/structures/furniture/school_equipment",
    "usableOnConsole": false,
    "searchTags": "barrier, building, education, equipment, furniture, school",
    "image": "images/structures/furniture/school_equipment/wall_hanger.p3d.jpg"
  },
  {
    "objectName": "wall_hanger_short.p3d",
    "inGameName": "-",
    "category": "structures",
    "modelType": "Raw P3D",
    "path": "dz/structures/furniture/school_equipment",
    "usableOnConsole": false,
    "searchTags": "barrier, building, education, equipment, furniture, school",
    "image": "images/structures/furniture/school_equipment/wall_hanger_short.p3d.jpg"
  },
  {
    "objectName": "yellow_star.p3d",
    "inGameName": "-",
    "category": "structures",
    "modelType": "Raw P3D",
    "path": "dz/structures/furniture/school_equipment",
    "usableOnConsole": false,
    "searchTags": "building, education, equipment, furniture, school",
    "image": "images/structures/furniture/school_equipment/yellow_star.p3d.jpg"
  }
]
