[
  {
    "objectName": "Land_Bilboard_alkohol",
    "inGameName": "-",
    "category": "structures",
    "modelType": "Config",
    "path": "dz/structures/signs/billboards",
    "usableOnConsole": true,
    "searchTags": "billboard, advert, alcohol, drink, liquor, bottle",
    "image": "images/structures/signs/billboards/land_bilboard_alkohol.jpg"
  },
  {
    "objectName": "Land_Bilboard_Beach",
    "inGameName": "-",
    "category": "structures",
    "modelType": "Config",
    "path": "dz/structures/signs/billboards",
    "usableOnConsole": true,
    "searchTags": "billboard, advert, beach, holiday, travel, ruined, ripped",
    "image": "images/structures/signs/billboards/land_bilboard_beach.jpg"
  },
  {
    "objectName": "Land_Bilboard_Bienvenudo",
    "inGameName": "-",
    "category": "structures",
    "modelType": "Config",
    "path": "dz/structures/signs/billboards",
    "usableOnConsole": true,
    "searchTags": "billboard, welcome, advert, welcome, ruined, ripped",
    "image": "images/structures/signs/billboards/land_bilboard_bienvenudo.jpg"
  },
  {
    "objectName": "Land_Bilboard_cibulka",
    "inGameName": "-",
    "category": "structures",
    "modelType": "Config",
    "path": "dz/structures/signs/billboards",
    "usableOnConsole": true,
    "searchTags": "billboard, advert, food, field, sunflower, ruined, farmer, farm",
    "image": "images/structures/signs/billboards/land_bilboard_cibulka.jpg"
  },
  {
    "objectName": "Land_Bilboard_cigara_chernomorky",
    "inGameName": "-",
    "category": "structures",
    "modelType": "Config",
    "path": "dz/structures/signs/billboards",
    "usableOnConsole": true,
    "searchTags": "billboard, advert, cigarette, cigars, tobacco, smoking, brand, ruined, ripped",
    "image": "images/structures/signs/billboards/land_bilboard_cigara_chernomorky.jpg"
  },
  {
    "objectName": "Land_Bilboard_Escape",
    "inGameName": "-",
    "category": "structures",
    "modelType": "Config",
    "path": "dz/structures/signs/billboards",
    "usableOnConsole": true,
    "searchTags": "billboard, advert, poster, movie, film, escape, action, ruined, ripped",
    "image": "images/structures/signs/billboards/land_bilboard_escape.jpg"
  },
  {
    "objectName": "Land_Bilboard_Everon",
    "inGameName": "-",
    "category": "structures",
    "modelType": "Config",
    "path": "dz/structures/signs/billboards",
    "usableOnConsole": true,
    "searchTags": "billboard, advert, Everon, island, map, tourist, travel, mountain, ruined, ripped",
    "image": "images/structures/signs/billboards/land_bilboard_everon.jpg"
  },
  {
    "objectName": "Land_Bilboard_hey_buddy",
    "inGameName": "-",
    "category": "structures",
    "modelType": "Config",
    "path": "dz/structures/signs/billboards",
    "usableOnConsole": true,
    "searchTags": "billboard, advert, dog food, dog, woof, can, tin, your best friend, buddy",
    "image": "images/structures/signs/billboards/land_bilboard_hey_buddy.jpg"
  },
  {
    "objectName": "Land_Bilboard_hlinik",
    "inGameName": "-",
    "category": "structures",
    "modelType": "Config",
    "path": "dz/structures/signs/billboards",
    "usableOnConsole": true,
    "searchTags": "billboard, advert, aluminium, metal, industry, factory, ruined, ripped",
    "image": "images/structures/signs/billboards/land_bilboard_hlinik.jpg"
  },
  {
    "objectName": "Land_Bilboard_likery_bardak",
    "inGameName": "-",
    "category": "structures",
    "modelType": "Config",
    "path": "dz/structures/signs/billboards",
    "usableOnConsole": true,
    "searchTags": "billboard, advert, liqueur, alcohol, drink, bar, bottles, ruined, ripped",
    "image": "images/structures/signs/billboards/land_bilboard_likery_bardak.jpg"
  },
  {
    "objectName": "Land_Bilboard_Livonia_1",
    "inGameName": "-",
    "category": "structures",
    "modelType": "Config",
    "path": "dz/structures/signs/billboards",
    "usableOnConsole": true,
    "searchTags": "billboard, advert, Livonia, map, region, tourist, travel, hell, spray_paint, graffiti, fields",
    "image": "images/structures/signs/billboards/land_bilboard_livoniaa_1.jpg"
  },
  {
    "objectName": "Land_Bilboard_Livonia_2",
    "inGameName": "-",
    "category": "structures",
    "modelType": "Config",
    "path": "dz/structures/signs/billboards",
    "usableOnConsole": true,
    "searchTags": "billboard, advert, Livonia, landscape, region, tourist, travel, prison, stay_away",
    "image": "images/structures/signs/billboards/land_bilboard_livoniaa_2.jpg"
  },
  {
    "objectName": "Land_Bilboard_Nogova",
    "inGameName": "-",
    "category": "structures",
    "modelType": "Config",
    "path": "dz/structures/signs/billboards",
    "usableOnConsole": true,
    "searchTags": "billboard, advert, Nogova, ruined, ripped",
    "image": "images/structures/signs/billboards/land_bilboard_nogova.jpg"
  },
  {
    "objectName": "Land_Bilboard_notacola",
    "inGameName": "-",
    "category": "structures",
    "modelType": "Config",
    "path": "dz/structures/signs/billboards",
    "usableOnConsole": true,
    "searchTags": "billboard, advert, cola, soda, soft drink, beverage, parody, coke, coca_cola, nota_cola",
    "image": "images/structures/signs/billboards/land_bilboard_notacola.jpg"
  },
  {
    "objectName": "Land_Bilboard_pizza_presto",
    "inGameName": "-",
    "category": "structures",
    "modelType": "Config",
    "path": "dz/structures/signs/billboards",
    "usableOnConsole": true,
    "searchTags": "billboard, advert, pizza, food, restaurant, fast food",
    "image": "images/structures/signs/billboards/land_bilboard_pizza_presto.jpg"
  },
  {
    "objectName": "Land_Bilboard_Riviera",
    "inGameName": "-",
    "category": "structures",
    "modelType": "Config",
    "path": "dz/structures/signs/billboards",
    "usableOnConsole": true,
    "searchTags": "billboard, advert, riviera, resort, sea, beach, hotel, woman, sun_bathing",
    "image": "images/structures/signs/billboards/land_bilboard_riviera.jpg"
  },
  {
    "objectName": "Land_Bilboard_seci_stroje",
    "inGameName": "-",
    "category": "structures",
    "modelType": "Config",
    "path": "dz/structures/signs/billboards",
    "usableOnConsole": true,
    "searchTags": "billboard, advert, farming, machinery, tractor, agriculture, tozer",
    "image": "images/structures/signs/billboards/land_bilboard_seci_stroje.jpg"
  },
  {
    "objectName": "Land_Bilboard_Skiresort",
    "inGameName": "-",
    "category": "structures",
    "modelType": "Config",
    "path": "dz/structures/signs/billboards",
    "usableOnConsole": true,
    "searchTags": "billboard, advert, ski, resort, snow, mountains, holiday, map, skiing, ski_run",
    "image": "images/structures/signs/billboards/land_bilboard_skiresort.jpg"
  },
  {
    "objectName": "Land_Bilboard_smadny_maskrnik",
    "inGameName": "-",
    "category": "structures",
    "modelType": "Config",
    "path": "dz/structures/signs/billboards",
    "usableOnConsole": true,
    "searchTags": "billboard, advert, drink, alcohol, beverage, man",
    "image": "images/structures/signs/billboards/land_bilboard_smadny_maskrnik.jpg"
  },
  {
    "objectName": "Land_Bilboard_strana_noveho_radu",
    "inGameName": "-",
    "category": "structures",
    "modelType": "Config",
    "path": "dz/structures/signs/billboards",
    "usableOnConsole": true,
    "searchTags": "billboard, political, propaganda, party, new order, election, man, politics",
    "image": "images/structures/signs/billboards/land_bilboard_strana_noveho_radu.jpg"
  },
  {
    "objectName": "Land_Bilboard_toaletak_armasan",
    "inGameName": "-",
    "category": "structures",
    "modelType": "Config",
    "path": "dz/structures/signs/billboards",
    "usableOnConsole": true,
    "searchTags": "billboard, advert, toilet paper, hygiene, roll, toilet_roll",
    "image": "images/structures/signs/billboards/land_bilboard_toaletak_armasan.jpg"
  },
  {
    "objectName": "Land_Bilboard_vodka",
    "inGameName": "-",
    "category": "structures",
    "modelType": "Config",
    "path": "dz/structures/signs/billboards",
    "usableOnConsole": true,
    "searchTags": "billboard, advert, vodka, alcohol, bottle, bar, drink, ruined, ripped",
    "image": "images/structures/signs/billboards/land_bilboard_vodka.jpg"
  },
  {
    "objectName": "Land_Bilboard_volte_cernaruske_hnuti",
    "inGameName": "-",
    "category": "structures",
    "modelType": "Config",
    "path": "dz/structures/signs/billboards",
    "usableOnConsole": true,
    "searchTags": "billboard, political, propaganda, vote, Chernarus, movement, election, ruined",
    "image": "images/structures/signs/billboards/land_bilboard_volte_cernaruske_hnuti.jpg"
  },
  {
    "objectName": "Land_Bilboard_vstup_do_CDF",
    "inGameName": "-",
    "category": "structures",
    "modelType": "Config",
    "path": "dz/structures/signs/billboards",
    "usableOnConsole": true,
    "searchTags": "billboard, military, recruitment, CDF, army, enlist, poster, ruined, ripped",
    "image": "images/structures/signs/billboards/land_bilboard_vstup_do_cdf.jpg"
  },
  {
    "objectName": "Land_Bilboard_zlute_zgrynda",
    "inGameName": "-",
    "category": "structures",
    "modelType": "Config",
    "path": "dz/structures/signs/billboards",
    "usableOnConsole": true,
    "searchTags": "billboard, advert, drink, soft_drink, bottles, cartoon",
    "image": "images/structures/signs/billboards/land_bilboard_zlute_zgrynda.jpg"
  },
  {
    "objectName": "StaticObj_10thAnniversaryBanner_Big",
    "inGameName": "-",
    "category": "structures",
    "modelType": "Config",
    "path": "dz/structures/signs/billboards",
    "usableOnConsole": true,
    "searchTags": "billboard, banner, 10th, anniversary, celebration, event, decorative, large",
    "image": "images/structures/signs/billboards/staticobj_10thanniversarybanner_big.jpg"
  },
  {
    "objectName": "StaticObj_10thAnniversaryBanner_Small",
    "inGameName": "-",
    "category": "structures",
    "modelType": "Config",
    "path": "dz/structures/signs/billboards",
    "usableOnConsole": true,
    "searchTags": "billboard, banner, 10th, anniversary, celebration, event, decorative, small",
    "image": "images/structures/signs/billboards/staticobj_10thanniversarybanner_small.jpg"
  },
  {
    "objectName": "10thanniversarybanner_big.p3d",
    "inGameName": "-",
    "category": "structures",
    "modelType": "Raw P3D",
    "path": "dz/structures/signs/billboards",
    "usableOnConsole": false,
    "searchTags": "billboards, signs",
    "image": "images/structures/signs/billboards/staticobj_10thanniversarybanner_big.jpg"
  },
  {
    "objectName": "10thanniversarybanner_small.p3d",
    "inGameName": "-",
    "category": "structures",
    "modelType": "Raw P3D",
    "path": "dz/structures/signs/billboards",
    "usableOnConsole": false,
    "searchTags": "billboards, signs",
    "image": "images/structures/signs/billboards/staticobj_10thanniversarybanner_small.jpg"
  },
  {
    "objectName": "bilboard_alkohol.p3d",
    "inGameName": "-",
    "category": "structures",
    "modelType": "Raw P3D",
    "path": "dz/structures/signs/billboards",
    "usableOnConsole": false,
    "searchTags": "billboards, signs",
    "image": "images/structures/signs/billboards/land_bilboard_alkohol.jpg"
  },
  {
    "objectName": "bilboard_beach.p3d",
    "inGameName": "-",
    "category": "structures",
    "modelType": "Raw P3D",
    "path": "dz/structures/signs/billboards",
    "usableOnConsole": false,
    "searchTags": "billboards, signs",
    "image": "images/structures/signs/billboards/land_bilboard_beach.jpg"
  },
  {
    "objectName": "bilboard_bienvenudo.p3d",
    "inGameName": "-",
    "category": "structures",
    "modelType": "Raw P3D",
    "path": "dz/structures/signs/billboards",
    "usableOnConsole": false,
    "searchTags": "billboards, signs",
    "image": "images/structures/signs/billboards/land_bilboard_bienvenudo.jpg"
  },
  {
    "objectName": "bilboard_cibulka.p3d",
    "inGameName": "-",
    "category": "structures",
    "modelType": "Raw P3D",
    "path": "dz/structures/signs/billboards",
    "usableOnConsole": false,
    "searchTags": "billboards, signs",
    "image": "images/structures/signs/billboards/land_bilboard_cibulka.jpg"
  },
  {
    "objectName": "bilboard_cigara_chernomorky.p3d",
    "inGameName": "-",
    "category": "structures",
    "modelType": "Raw P3D",
    "path": "dz/structures/signs/billboards",
    "usableOnConsole": false,
    "searchTags": "billboards, signs",
    "image": "images/structures/signs/billboards/land_bilboard_cigara_chernomorky.jpg"
  },
  {
    "objectName": "bilboard_escape.p3d",
    "inGameName": "-",
    "category": "structures",
    "modelType": "Raw P3D",
    "path": "dz/structures/signs/billboards",
    "usableOnConsole": false,
    "searchTags": "billboards, signs",
    "image": "images/structures/signs/billboards/land_bilboard_escape.jpg"
  },
  {
    "objectName": "bilboard_everon.p3d",
    "inGameName": "-",
    "category": "structures",
    "modelType": "Raw P3D",
    "path": "dz/structures/signs/billboards",
    "usableOnConsole": false,
    "searchTags": "billboards, signs",
    "image": "images/structures/signs/billboards/land_bilboard_everon.jpg"
  },
  {
    "objectName": "bilboard_hey_buddy.p3d",
    "inGameName": "-",
    "category": "structures",
    "modelType": "Raw P3D",
    "path": "dz/structures/signs/billboards",
    "usableOnConsole": false,
    "searchTags": "billboards, signs",
    "image": "images/structures/signs/billboards/land_bilboard_hey_buddy.jpg"
  },
  {
    "objectName": "bilboard_hlinik.p3d",
    "inGameName": "-",
    "category": "structures",
    "modelType": "Raw P3D",
    "path": "dz/structures/signs/billboards",
    "usableOnConsole": false,
    "searchTags": "billboards, signs",
    "image": "images/structures/signs/billboards/land_bilboard_hlinik.jpg"
  },
  {
    "objectName": "bilboard_likery_bardak.p3d",
    "inGameName": "-",
    "category": "structures",
    "modelType": "Raw P3D",
    "path": "dz/structures/signs/billboards",
    "usableOnConsole": false,
    "searchTags": "billboards, signs",
    "image": "images/structures/signs/billboards/land_bilboard_likery_bardak.jpg"
  },
  {
    "objectName": "bilboard_livoniaa_1.p3d",
    "inGameName": "-",
    "category": "structures",
    "modelType": "Raw P3D",
    "path": "dz/structures/signs/billboards",
    "usableOnConsole": false,
    "searchTags": "billboards, signs",
    "image": "images/structures/signs/billboards/land_bilboard_livoniaa_1.jpg"
  },
  {
    "objectName": "bilboard_livoniaa_2.p3d",
    "inGameName": "-",
    "category": "structures",
    "modelType": "Raw P3D",
    "path": "dz/structures/signs/billboards",
    "usableOnConsole": false,
    "searchTags": "billboards, signs",
    "image": "images/structures/signs/billboards/land_bilboard_livoniaa_2.jpg"
  },
  {
    "objectName": "bilboard_nogova.p3d",
    "inGameName": "-",
    "category": "structures",
    "modelType": "Raw P3D",
    "path": "dz/structures/signs/billboards",
    "usableOnConsole": false,
    "searchTags": "billboards, signs",
    "image": "images/structures/signs/billboards/land_bilboard_nogova.jpg"
  },
  {
    "objectName": "bilboard_notacola.p3d",
    "inGameName": "-",
    "category": "structures",
    "modelType": "Raw P3D",
    "path": "dz/structures/signs/billboards",
    "usableOnConsole": false,
    "searchTags": "billboards, signs",
    "image": "images/structures/signs/billboards/land_bilboard_notacola.jpg"
  },
  {
    "objectName": "bilboard_pizza_presto.p3d",
    "inGameName": "-",
    "category": "structures",
    "modelType": "Raw P3D",
    "path": "dz/structures/signs/billboards",
    "usableOnConsole": false,
    "searchTags": "billboards, signs",
    "image": "images/structures/signs/billboards/land_bilboard_pizza_presto.jpg"
  },
  {
    "objectName": "bilboard_riviera.p3d",
    "inGameName": "-",
    "category": "structures",
    "modelType": "Raw P3D",
    "path": "dz/structures/signs/billboards",
    "usableOnConsole": false,
    "searchTags": "billboards, signs",
    "image": "images/structures/signs/billboards/land_bilboard_riviera.jpg"
  },
  {
    "objectName": "bilboard_seci_stroje.p3d",
    "inGameName": "-",
    "category": "structures",
    "modelType": "Raw P3D",
    "path": "dz/structures/signs/billboards",
    "usableOnConsole": false,
    "searchTags": "billboards, signs",
    "image": "images/structures/signs/billboards/land_bilboard_seci_stroje.jpg"
  },
  {
    "objectName": "bilboard_skiresort.p3d",
    "inGameName": "-",
    "category": "structures",
    "modelType": "Raw P3D",
    "path": "dz/structures/signs/billboards",
    "usableOnConsole": false,
    "searchTags": "billboards, signs",
    "image": "images/structures/signs/billboards/land_bilboard_skiresort.jpg"
  },
  {
    "objectName": "bilboard_smadny_maskrnik.p3d",
    "inGameName": "-",
    "category": "structures",
    "modelType": "Raw P3D",
    "path": "dz/structures/signs/billboards",
    "usableOnConsole": false,
    "searchTags": "billboards, signs",
    "image": "images/structures/signs/billboards/land_bilboard_smadny_maskrnik.jpg"
  },
  {
    "objectName": "bilboard_strana_noveho_radu.p3d",
    "inGameName": "-",
    "category": "structures",
    "modelType": "Raw P3D",
    "path": "dz/structures/signs/billboards",
    "usableOnConsole": false,
    "searchTags": "billboards, signs",
    "image": "images/structures/signs/billboards/land_bilboard_strana_noveho_radu.jpg"
  },
  {
    "objectName": "bilboard_toaletak_armasan.p3d",
    "inGameName": "-",
    "category": "structures",
    "modelType": "Raw P3D",
    "path": "dz/structures/signs/billboards",
    "usableOnConsole": false,
    "searchTags": "billboards, signs",
    "image": "images/structures/signs/billboards/land_bilboard_toaletak_armasan.jpg"
  },
  {
    "objectName": "bilboard_vodka.p3d",
    "inGameName": "-",
    "category": "structures",
    "modelType": "Raw P3D",
    "path": "dz/structures/signs/billboards",
    "usableOnConsole": false,
    "searchTags": "billboards, signs",
    "image": "images/structures/signs/billboards/land_bilboard_vodka.jpg"
  },
  {
    "objectName": "bilboard_volte_cernaruske_hnuti.p3d",
    "inGameName": "-",
    "category": "structures",
    "modelType": "Raw P3D",
    "path": "dz/structures/signs/billboards",
    "usableOnConsole": false,
    "searchTags": "billboards, signs",
    "image": "images/structures/signs/billboards/land_bilboard_volte_cernaruske_hnuti.jpg"
  },
  {
    "objectName": "bilboard_vstup_do_cdf.p3d",
    "inGameName": "-",
    "category": "structures",
    "modelType": "Raw P3D",
    "path": "dz/structures/signs/billboards",
    "usableOnConsole": false,
    "searchTags": "billboards, signs",
    "image": "images/structures/signs/billboards/land_bilboard_vstup_do_cdf.jpg"
  },
  {
    "objectName": "bilboard_zlute_zgrynda.p3d",
    "inGameName": "-",
    "category": "structures",
    "modelType": "Raw P3D",
    "path": "dz/structures/signs/billboards",
    "usableOnConsole": false,
    "searchTags": "billboards, signs",
    "image": "images/structures/signs/billboards/land_bilboard_zlute_zgrynda.jpg"
  }
]
