[
  {
    "objectName": "StaticObj_Furniture_picture_c",
    "inGameName": "-",
    "category": "structures",
    "modelType": "Config",
    "path": "dz/structures/furniture/decoration/wallboards/picture_c",
    "usableOnConsole": true,
    "searchTags": "decoration, wallboards",
    "image": "images/structures/furniture/decoration/wallboards/picture_c/staticobj_furniture_picture_c.jpg",
    "id": "dzobj_0afblcnnty"
  },
  {
    "objectName": "picture_c.p3d",
    "inGameName": "-",
    "category": "structures",
    "modelType": "Raw P3D",
    "path": "dz/structures/furniture/decoration/wallboards/picture_c",
    "usableOnConsole": false,
    "searchTags": "decoration, furniture, wallboards",
    "image": "images/structures/furniture/decoration/wallboards/picture_c/picture_c.p3d.jpg",
    "id": "dzobj_d5fivar6uq"
  }
]
