[
  {
    "objectName": "church1_yellow.p3d",
    "category": "structures",
    "modelType": "Raw P3D",
    "path": "dz/structures/specific/churches",
    "usableOnConsole": false,
    "searchTags": "churches, religious, specific",
    "image": "images/structures/specific/churches/church1_yellow.p3d.jpg",
    "id": "dzobj_psgrzpazui"
  },
  {
    "objectName": "church2_2.p3d",
    "category": "structures",
    "modelType": "Raw P3D",
    "path": "dz/structures/specific/churches",
    "usableOnConsole": false,
    "searchTags": "churches, religious, specific",
    "image": "images/structures/specific/churches/church2_2.p3d.jpg",
    "id": "dzobj_y0i7i1358a"
  },
  {
    "objectName": "church3.p3d",
    "category": "structures",
    "modelType": "Raw P3D",
    "path": "dz/structures/specific/churches",
    "usableOnConsole": false,
    "searchTags": "churches, religious, specific",
    "image": "images/structures/specific/churches/church3.p3d.jpg",
    "id": "dzobj_h9njbt5ntj"
  },
  {
    "objectName": "Land_Church1_Yellow",
    "category": "structures",
    "modelType": "Config",
    "path": "dz/structures/specific/churches",
    "usableOnConsole": true,
    "searchTags": "church, yellow, plaster, village, religious, worship, tower, steeple, medium",
    "image": "images/structures/specific/churches/land_church1_yellow.jpg",
    "id": "dzobj_i70xdg5kos"
  },
  {
    "objectName": "Land_Church2_2",
    "category": "structures",
    "modelType": "Config",
    "path": "dz/structures/specific/churches",
    "usableOnConsole": true,
    "searchTags": "church, large, stone, orthodox spire, dome, religious, worship, variant, town",
    "image": "images/structures/specific/churches/land_church2_2.jpg",
    "id": "dzobj_b29entosnj"
  },
  {
    "objectName": "Land_Church3",
    "category": "structures",
    "modelType": "Config",
    "path": "dz/structures/specific/churches",
    "usableOnConsole": true,
    "searchTags": "church, stone, plaster, tall, tower, religious, worship, city, grey, large",
    "image": "images/structures/specific/churches/land_church3.jpg",
    "id": "dzobj_njjl3nns4e"
  },
  {
    "objectName": "chapel.p3d",
    "category": "structures",
    "modelType": "Raw P3D",
    "path": "dz/structures/specific/churches",
    "usableOnConsole": false,
    "searchTags": "churches, specific",
    "image": "images/structures/specific/churches/chapel.p3d.jpg",
    "id": "dzobj_gf952qpi0k"
  },
  {
    "objectName": "church2_1.p3d",
    "category": "structures",
    "modelType": "Raw P3D",
    "path": "dz/structures/specific/churches",
    "usableOnConsole": false,
    "searchTags": "churches, religious, specific",
    "image": "images/structures/specific/churches/church2_1.p3d.jpg",
    "id": "dzobj_pjxsw20ogj"
  },
  {
    "objectName": "Land_Chapel",
    "category": "structures",
    "modelType": "Config",
    "path": "dz/structures/specific/churches",
    "usableOnConsole": true,
    "searchTags": "church, chapel, small, rural, stone, religious, worship, village, cemetery",
    "image": "images/structures/specific/churches/land_chapel.jpg",
    "id": "dzobj_iho8z6mnly"
  },
  {
    "objectName": "Land_Church2_1",
    "category": "structures",
    "modelType": "Config",
    "path": "dz/structures/specific/churches",
    "usableOnConsole": true,
    "searchTags": "church, large, stone, spire, religious, worship, town, grey, plaster",
    "image": "images/structures/specific/churches/land_church2_1.jpg",
    "id": "dzobj_zi5yebvmy8"
  }
]
