[
  {
    "objectName": "GorkaHelmetVisor",
    "inGameName": "Assault Helmet Visor",
    "category": "characters",
    "modelType": "Config",
    "path": "dz/characters/headgear",
    "usableOnConsole": true,
    "searchTags": "armored, assault, headgear, glass, helmet, military, protective, spetsnaz",
    "image": "images/characters/headgear/gorkahelmetvisor/gorkahelmetvisor.jpg"
  },
  {
    "objectName": "Bandana_Blue",
    "inGameName": "Bandana",
    "category": "characters",
    "modelType": "Config",
    "path": "dz/characters/headgear",
    "usableOnConsole": true,
    "searchTags": "bandana, blue, cloth, headgear, wrap",
    "image": "images/characters/headgear/bandana_blue/bandana_blue.jpg"
  },
  {
    "objectName": "Bandana_Blackpattern",
    "inGameName": "Bandana",
    "category": "characters",
    "modelType": "Config",
    "path": "dz/characters/headgear",
    "usableOnConsole": true,
    "searchTags": "bandana, black, cloth, headgear, pattern, wrap",
    "image": "images/characters/headgear/bandana_blackpattern/bandana_blackpattern.jpg"
  },
  {
    "objectName": "Bandana_camopattern",
    "inGameName": "Bandana",
    "category": "characters",
    "modelType": "Config",
    "path": "dz/characters/headgear",
    "usableOnConsole": true,
    "searchTags": "bandana, camouflage, cloth, headgear, wrap",
    "image": "images/characters/headgear/bandana_camopattern/bandana_camopattern.jpg"
  },
  {
    "objectName": "Bandana_Greenpattern",
    "inGameName": "Bandana",
    "category": "characters",
    "modelType": "Config",
    "path": "dz/characters/headgear",
    "usableOnConsole": true,
    "searchTags": "bandana, cloth, green, headgear, pattern, wrap",
    "image": "images/characters/headgear/bandana_greenpattern/bandana_greenpattern.jpg"
  },
  {
    "objectName": "Bandana_Pink",
    "inGameName": "Bandana",
    "category": "characters",
    "modelType": "Config",
    "path": "dz/characters/headgear",
    "usableOnConsole": true,
    "searchTags": "bandana, cloth, headgear, pink, wrap",
    "image": "images/characters/headgear/bandana_pink/bandana_pink.jpg"
  },
  {
    "objectName": "Bandana_PolkaPattern",
    "inGameName": "Bandana",
    "category": "characters",
    "modelType": "Config",
    "path": "dz/characters/headgear",
    "usableOnConsole": true,
    "searchTags": "bandana, cloth, headgear, pattern, polka, wrap",
    "image": "images/characters/headgear/bandana_polkapattern/bandana_polkapattern.jpg"
  },
  {
    "objectName": "Bandana_RedPattern",
    "inGameName": "Bandana",
    "category": "characters",
    "modelType": "Config",
    "path": "dz/characters/headgear",
    "usableOnConsole": true,
    "searchTags": "bandana, cloth, headgear, pattern, red, wrap",
    "image": "images/characters/headgear/bandana_redpattern/bandana_redpattern.jpg"
  },
  {
    "objectName": "Bandana_Yellow",
    "inGameName": "Bandana",
    "category": "characters",
    "modelType": "Config",
    "path": "dz/characters/headgear",
    "usableOnConsole": true,
    "searchTags": "bandana, cloth, headgear, wrap, yellow",
    "image": "images/characters/headgear/bandana_yellow/bandana_yellow.jpg"
  },
  {
    "objectName": "BallisticHelmet_Black",
    "inGameName": "Ballistic Helmet",
    "category": "characters",
    "modelType": "Config",
    "path": "dz/characters/headgear",
    "usableOnConsole": true,
    "searchTags": "armored, black, headgear, helmet, military, protective",
    "image": "images/characters/headgear/ballistichelmet_black/ballistichelmet_black.jpg"
  },
  {
    "objectName": "BallisticHelmet_Desert",
    "inGameName": "Camouflage Helmet",
    "category": "characters",
    "modelType": "Config",
    "path": "dz/characters/headgear",
    "usableOnConsole": true,
    "searchTags": "armored, camouflage, desert, headgear, helmet, military, protective",
    "image": "images/characters/headgear/ballistichelmet_desert/ballistichelmet_desert.jpg"
  },
  {
    "objectName": "BallisticHelmet_Green",
    "inGameName": "Ballistic Helmet",
    "category": "characters",
    "modelType": "Config",
    "path": "dz/characters/headgear",
    "usableOnConsole": true,
    "searchTags": "armored, green, headgear, helmet, military, protective",
    "image": "images/characters/headgear/ballistichelmet_green/ballistichelmet_green.jpg"
  },
  {
    "objectName": "BallisticHelmet_Navy",
    "inGameName": "Camouflage Helmet",
    "category": "characters",
    "modelType": "Config",
    "path": "dz/characters/headgear",
    "usableOnConsole": true,
    "searchTags": "armored, camouflage, headgear, helmet, military, navy, protective",
    "image": "images/characters/headgear/ballistichelmet_navy/ballistichelmet_navy.jpg"
  },
  {
    "objectName": "BallisticHelmet_UN",
    "inGameName": "Ballistic Helmet",
    "category": "characters",
    "modelType": "Config",
    "path": "dz/characters/headgear",
    "usableOnConsole": true,
    "searchTags": "armored, headgear, helmet, military, protective",
    "image": "images/characters/headgear/ballistichelmet_un/ballistichelmet_un.jpg"
  },
  {
    "objectName": "BallisticHelmet_Winter",
    "inGameName": "Camouflage Helmet",
    "category": "characters",
    "modelType": "Config",
    "path": "dz/characters/headgear",
    "usableOnConsole": true,
    "searchTags": "armored, camouflage, headgear, helmet, insulated, military, protective, winter",
    "image": "images/characters/headgear/ballistichelmet_winter/ballistichelmet_winter.jpg"
  },
  {
    "objectName": "BallisticHelmet_Woodland",
    "inGameName": "Camouflage Helmet",
    "category": "characters",
    "modelType": "Config",
    "path": "dz/characters/headgear",
    "usableOnConsole": true,
    "searchTags": "armored, camouflage, headgear, helmet, military, protective, woodland",
    "image": "images/characters/headgear/ballistichelmet_woodland/ballistichelmet_woodland.jpg"
  },
  {
    "objectName": "BallisticHelmet_BDU",
    "inGameName": "Camouflage Helmet",
    "category": "characters",
    "modelType": "Config",
    "path": "dz/characters/headgear",
    "usableOnConsole": true,
    "searchTags": "armored, camouflage, headgear, helmet, military, protective",
    "image": "images/characters/headgear/ballistichelmet_bdu/ballistichelmet_bdu.jpg"
  },
  {
    "objectName": "HeadCover_Improvised",
    "inGameName": "Improvised Head Wrapping",
    "category": "characters",
    "modelType": "Config",
    "path": "dz/characters/headgear",
    "usableOnConsole": true,
    "searchTags": "cloth, headgear, wrap",
    "image": "images/characters/headgear/headcover_improvised/headcover_improvised.jpg"
  },
  {
    "objectName": "BaseballCap_Beige",
    "inGameName": "Baseball Cap",
    "category": "characters",
    "modelType": "Config",
    "path": "dz/characters/headgear",
    "usableOnConsole": true,
    "searchTags": "beige, cap, civilian, headgear, sports",
    "image": "images/characters/headgear/baseballcap_beige/baseballcap_beige.jpg"
  },
  {
    "objectName": "BaseballCap_Black",
    "inGameName": "Baseball Cap",
    "category": "characters",
    "modelType": "Config",
    "path": "dz/characters/headgear",
    "usableOnConsole": true,
    "searchTags": "black, cap, civilian, headgear, sports",
    "image": "images/characters/headgear/baseballcap_black/baseballcap_black.jpg"
  },
  {
    "objectName": "BaseballCap_Blue",
    "inGameName": "Baseball Cap",
    "category": "characters",
    "modelType": "Config",
    "path": "dz/characters/headgear",
    "usableOnConsole": true,
    "searchTags": "blue, cap, civilian, headgear, sports",
    "image": "images/characters/headgear/baseballcap_blue/baseballcap_blue.jpg"
  },
  {
    "objectName": "BaseballCap_Camo",
    "inGameName": "Baseball Cap",
    "category": "characters",
    "modelType": "Config",
    "path": "dz/characters/headgear",
    "usableOnConsole": true,
    "searchTags": "camo, cap, civilian, headgear, sports",
    "image": "images/characters/headgear/baseballcap_camo/baseballcap_camo.jpg"
  },
  {
    "objectName": "BaseballCap_CMMG_Black",
    "inGameName": "Baseball Cap",
    "category": "characters",
    "modelType": "Config",
    "path": "dz/characters/headgear",
    "usableOnConsole": true,
    "searchTags": "black, cap, civilian, headgear, sports",
    "image": "images/characters/headgear/baseballcap_cmmg_black/baseballcap_cmmg_black.jpg"
  },
  {
    "objectName": "BaseballCap_CMMG_Pink",
    "inGameName": "Baseball Cap",
    "category": "characters",
    "modelType": "Config",
    "path": "dz/characters/headgear",
    "usableOnConsole": true,
    "searchTags": "cap, civilian, headgear, pink, sports",
    "image": "images/characters/headgear/baseballcap_cmmg_pink/baseballcap_cmmg_pink.jpg"
  },
  {
    "objectName": "BaseballCap_Olive",
    "inGameName": "Baseball Cap",
    "category": "characters",
    "modelType": "Config",
    "path": "dz/characters/headgear",
    "usableOnConsole": true,
    "searchTags": "cap, civilian, headgear, olive, sports",
    "image": "images/characters/headgear/baseballcap_olive/baseballcap_olive.jpg"
  },
  {
    "objectName": "BaseballCap_Pink",
    "inGameName": "Baseball Cap",
    "category": "characters",
    "modelType": "Config",
    "path": "dz/characters/headgear",
    "usableOnConsole": true,
    "searchTags": "cap, civilian, headgear, pink, sports",
    "image": "images/characters/headgear/baseballcap_pink/baseballcap_pink.jpg"
  },
  {
    "objectName": "BaseballCap_Red",
    "inGameName": "Baseball Cap",
    "category": "characters",
    "modelType": "Config",
    "path": "dz/characters/headgear",
    "usableOnConsole": true,
    "searchTags": "cap, civilian, headgear, red, sports",
    "image": "images/characters/headgear/baseballcap_red/baseballcap_red.jpg"
  },
  {
    "objectName": "ZSh3PilotHelmet",
    "inGameName": "Flight Helmet",
    "category": "characters",
    "modelType": "Config",
    "path": "dz/characters/headgear",
    "usableOnConsole": true,
    "searchTags": "armored, aviation, headgear, helmet, military, protective",
    "image": "images/characters/headgear/zsh3pilothelmet/zsh3pilothelmet.jpg"
  },
  {
    "objectName": "ZSh3PilotHelmet_Green",
    "inGameName": "Flight Helmet",
    "category": "characters",
    "modelType": "Config",
    "path": "dz/characters/headgear",
    "usableOnConsole": true,
    "searchTags": "armored, aviation, green, headgear, helmet, military, protective",
    "image": "images/characters/headgear/zsh3pilothelmet_green/zsh3pilothelmet_green.jpg"
  },
  {
    "objectName": "ZSh3PilotHelmet_Black",
    "inGameName": "Flight Helmet",
    "category": "characters",
    "modelType": "Config",
    "path": "dz/characters/headgear",
    "usableOnConsole": true,
    "searchTags": "armored, aviation, black, headgear, helmet, military, protective",
    "image": "images/characters/headgear/zsh3pilothelmet_black/zsh3pilothelmet_black.jpg"
  },
  {
    "objectName": "ConstructionHelmet_Blue",
    "inGameName": "Hard Hat",
    "category": "characters",
    "modelType": "Config",
    "path": "dz/characters/headgear",
    "usableOnConsole": true,
    "searchTags": "blue, headgear, helmet, protective",
    "image": "images/characters/headgear/constructionhelmet_blue/constructionhelmet_blue.jpg"
  },
  {
    "objectName": "ConstructionHelmet_Lime",
    "inGameName": "Hard Hat",
    "category": "characters",
    "modelType": "Config",
    "path": "dz/characters/headgear",
    "usableOnConsole": true,
    "searchTags": "headgear, helmet, lime, protective",
    "image": "images/characters/headgear/constructionhelmet_lime/constructionhelmet_lime.jpg"
  },
  {
    "objectName": "ConstructionHelmet_Orange",
    "inGameName": "Hard Hat",
    "category": "characters",
    "modelType": "Config",
    "path": "dz/characters/headgear",
    "usableOnConsole": true,
    "searchTags": "headgear, helmet, orange, protective",
    "image": "images/characters/headgear/constructionhelmet_orange/constructionhelmet_orange.jpg"
  },
  {
    "objectName": "ConstructionHelmet_Red",
    "inGameName": "Hard Hat",
    "category": "characters",
    "modelType": "Config",
    "path": "dz/characters/headgear",
    "usableOnConsole": true,
    "searchTags": "headgear, helmet, protective, red",
    "image": "images/characters/headgear/constructionhelmet_red/constructionhelmet_red.jpg"
  },
  {
    "objectName": "ConstructionHelmet_White",
    "inGameName": "Hard Hat",
    "category": "characters",
    "modelType": "Config",
    "path": "dz/characters/headgear",
    "usableOnConsole": true,
    "searchTags": "headgear, helmet, protective, white",
    "image": "images/characters/headgear/constructionhelmet_white/constructionhelmet_white.jpg"
  },
  {
    "objectName": "ConstructionHelmet_Yellow",
    "inGameName": "Hard Hat",
    "category": "characters",
    "modelType": "Config",
    "path": "dz/characters/headgear",
    "usableOnConsole": true,
    "searchTags": "headgear, helmet, protective, yellow",
    "image": "images/characters/headgear/constructionhelmet_yellow/constructionhelmet_yellow.jpg"
  },
  {
    "objectName": "BurlapSackCover",
    "inGameName": "Burlap Sack",
    "category": "characters",
    "modelType": "Config",
    "path": "dz/characters/headgear",
    "usableOnConsole": true,
    "searchTags": "burlap, headgear",
    "image": "images/characters/headgear/burlapsackcover/burlapsackcover.jpg"
  },
  {
    "objectName": "BeanieHat_Beige",
    "inGameName": "Beanie",
    "category": "characters",
    "modelType": "Config",
    "path": "dz/characters/headgear",
    "usableOnConsole": true,
    "searchTags": "beanie, beige, headgear, insulated, knit, winter",
    "image": "images/characters/headgear/beaniehat_beige/beaniehat_beige.jpg"
  },
  {
    "objectName": "BeanieHat_Black",
    "inGameName": "Beanie",
    "category": "characters",
    "modelType": "Config",
    "path": "dz/characters/headgear",
    "usableOnConsole": true,
    "searchTags": "beanie, black, headgear, insulated, knit, winter",
    "image": "images/characters/headgear/beaniehat_black/beaniehat_black.jpg"
  },
  {
    "objectName": "BeanieHat_Blue",
    "inGameName": "Beanie",
    "category": "characters",
    "modelType": "Config",
    "path": "dz/characters/headgear",
    "usableOnConsole": true,
    "searchTags": "beanie, blue, headgear, insulated, knit, winter",
    "image": "images/characters/headgear/beaniehat_blue/beaniehat_blue.jpg"
  },
  {
    "objectName": "BeanieHat_Brown",
    "inGameName": "Beanie",
    "category": "characters",
    "modelType": "Config",
    "path": "dz/characters/headgear",
    "usableOnConsole": true,
    "searchTags": "beanie, brown, headgear, insulated, knit, winter",
    "image": "images/characters/headgear/beaniehat_brown/beaniehat_brown.jpg"
  },
  {
    "objectName": "BeanieHat_Green",
    "inGameName": "Beanie",
    "category": "characters",
    "modelType": "Config",
    "path": "dz/characters/headgear",
    "usableOnConsole": true,
    "searchTags": "beanie, green, headgear, insulated, knit, winter",
    "image": "images/characters/headgear/beaniehat_green/beaniehat_green.jpg"
  },
  {
    "objectName": "Petushokhat_Black",
    "inGameName": "Petushok",
    "category": "characters",
    "modelType": "Config",
    "path": "dz/characters/headgear",
    "usableOnConsole": true,
    "searchTags": "black, headgear, insulated, knit, winter",
    "image": "images/characters/headgear/petushokhat_black/petushokhat_black.jpg"
  },
  {
    "objectName": "Petushokhat_Green",
    "inGameName": "Petushok",
    "category": "characters",
    "modelType": "Config",
    "path": "dz/characters/headgear",
    "usableOnConsole": true,
    "searchTags": "green, headgear, insulated, knit, winter",
    "image": "images/characters/headgear/petushokhat_green/petushokhat_green.jpg"
  },
  {
    "objectName": "Petushokhat_Yellow",
    "inGameName": "Petushok",
    "category": "characters",
    "modelType": "Config",
    "path": "dz/characters/headgear",
    "usableOnConsole": true,
    "searchTags": "yellow, headgear, insulated, knit, winter",
    "image": "images/characters/headgear/petushokhat_yellow/petushokhat_yellow.jpg"
  },
  {
    "objectName": "BeanieHat_Grey",
    "inGameName": "Beanie",
    "category": "characters",
    "modelType": "Config",
    "path": "dz/characters/headgear",
    "usableOnConsole": true,
    "searchTags": "beanie, grey, headgear, insulated, knit, winter",
    "image": "images/characters/headgear/beaniehat_grey/beaniehat_grey.jpg"
  },
  {
    "objectName": "BeanieHat_Pink",
    "inGameName": "Beanie",
    "category": "characters",
    "modelType": "Config",
    "path": "dz/characters/headgear",
    "usableOnConsole": true,
    "searchTags": "beanie, headgear, insulated, knit, pink, winter",
    "image": "images/characters/headgear/beaniehat_pink/beaniehat_pink.jpg"
  },
  {
    "objectName": "BeanieHat_Red",
    "inGameName": "Beanie",
    "category": "characters",
    "modelType": "Config",
    "path": "dz/characters/headgear",
    "usableOnConsole": true,
    "searchTags": "beanie, headgear, insulated, knit, red, winter",
    "image": "images/characters/headgear/beaniehat_red/beaniehat_red.jpg"
  },
  {
    "objectName": "Ushanka_Black",
    "inGameName": "Ushanka",
    "category": "characters",
    "modelType": "Config",
    "path": "dz/characters/headgear",
    "usableOnConsole": true,
    "searchTags": "black, fur, headgear, insulated, ushanka, winter",
    "image": "images/characters/headgear/ushanka_black/ushanka_black.jpg"
  },
  {
    "objectName": "Ushanka_Blue",
    "inGameName": "Ushanka",
    "category": "characters",
    "modelType": "Config",
    "path": "dz/characters/headgear",
    "usableOnConsole": true,
    "searchTags": "blue, fur, headgear, insulated, ushanka, winter",
    "image": "images/characters/headgear/ushanka_blue/ushanka_blue.jpg"
  },
  {
    "objectName": "Ushanka_Green",
    "inGameName": "Ushanka",
    "category": "characters",
    "modelType": "Config",
    "path": "dz/characters/headgear",
    "usableOnConsole": true,
    "searchTags": "fur, green, headgear, insulated, ushanka, winter",
    "image": "images/characters/headgear/ushanka_green/ushanka_green.jpg"
  },
  {
    "objectName": "PumpkinHelmet",
    "inGameName": "Jack-o'-lantern",
    "category": "characters",
    "modelType": "Config",
    "path": "dz/characters/headgear",
    "usableOnConsole": true,
    "searchTags": "festive, headgear, helmet, protective",
    "image": "images/characters/headgear/pumpkinhelmet/pumpkinhelmet.jpg"
  },
  {
    "objectName": "MotoHelmet_Black",
    "inGameName": "Motorbike Helmet",
    "category": "characters",
    "modelType": "Config",
    "path": "dz/characters/headgear",
    "usableOnConsole": true,
    "searchTags": "black, headgear, helmet, protective",
    "image": "images/characters/headgear/motohelmet_black/motohelmet_black.jpg"
  },
  {
    "objectName": "MotoHelmet_Blue",
    "inGameName": "Motorbike Helmet",
    "category": "characters",
    "modelType": "Config",
    "path": "dz/characters/headgear",
    "usableOnConsole": true,
    "searchTags": "blue, headgear, helmet, protective",
    "image": "images/characters/headgear/motohelmet_blue/motohelmet_blue.jpg"
  },
  {
    "objectName": "MotoHelmet_Green",
    "inGameName": "Motorbike Helmet",
    "category": "characters",
    "modelType": "Config",
    "path": "dz/characters/headgear",
    "usableOnConsole": true,
    "searchTags": "green, headgear, helmet, protective",
    "image": "images/characters/headgear/motohelmet_green/motohelmet_green.jpg"
  },
  {
    "objectName": "MotoHelmet_Grey",
    "inGameName": "Motorbike Helmet",
    "category": "characters",
    "modelType": "Config",
    "path": "dz/characters/headgear",
    "usableOnConsole": true,
    "searchTags": "grey, headgear, helmet, protective",
    "image": "images/characters/headgear/motohelmet_grey/motohelmet_grey.jpg"
  },
  {
    "objectName": "MotoHelmet_Lime",
    "inGameName": "Motorbike Helmet",
    "category": "characters",
    "modelType": "Config",
    "path": "dz/characters/headgear",
    "usableOnConsole": true,
    "searchTags": "headgear, helmet, lime, protective",
    "image": "images/characters/headgear/motohelmet_lime/motohelmet_lime.jpg"
  },
  {
    "objectName": "MotoHelmet_Red",
    "inGameName": "Motorbike Helmet",
    "category": "characters",
    "modelType": "Config",
    "path": "dz/characters/headgear",
    "usableOnConsole": true,
    "searchTags": "headgear, helmet, protective, red",
    "image": "images/characters/headgear/motohelmet_red/motohelmet_red.jpg"
  },
  {
    "objectName": "DarkMotoHelmet_White",
    "inGameName": "Motorbike Helmet",
    "category": "characters",
    "modelType": "Config",
    "path": "dz/characters/headgear",
    "usableOnConsole": true,
    "searchTags": "headgear, helmet, protective, white",
    "image": "images/characters/headgear/darkmotohelmet_white/darkmotohelmet_white.jpg"
  },
  {
    "objectName": "DarkMotoHelmet_Yellow",
    "inGameName": "Motorbike Helmet",
    "category": "characters",
    "modelType": "Config",
    "path": "dz/characters/headgear",
    "usableOnConsole": true,
    "searchTags": "headgear, helmet, protective, yellow",
    "image": "images/characters/headgear/darkmotohelmet_yellow/darkmotohelmet_yellow.jpg"
  },
  {
    "objectName": "DarkMotoHelmet_YellowScarred",
    "inGameName": "Motorbike Helmet",
    "category": "characters",
    "modelType": "Config",
    "path": "dz/characters/headgear",
    "usableOnConsole": true,
    "searchTags": "headgear, helmet, protective, yellow, yellow_king",
    "image": "images/characters/headgear/darkmotohelmet_yellowscarred/darkmotohelmet_yellowscarred.jpg"
  },
  {
    "objectName": "Headtorch_Black",
    "inGameName": "Head Torch",
    "category": "characters",
    "modelType": "Config",
    "path": "dz/characters/headgear",
    "usableOnConsole": true,
    "searchTags": "black, headgear",
    "image": "images/characters/headgear/headtorch_black/headtorch_black.jpg"
  },
  {
    "objectName": "Headtorch_Grey",
    "inGameName": "Head Torch",
    "category": "characters",
    "modelType": "Config",
    "path": "dz/characters/headgear",
    "usableOnConsole": true,
    "searchTags": "grey, headgear",
    "image": "images/characters/headgear/headtorch_grey/headtorch_grey.jpg"
  },
  {
    "objectName": "RadarCap_Black",
    "inGameName": "Radar Cap",
    "category": "characters",
    "modelType": "Config",
    "path": "dz/characters/headgear",
    "usableOnConsole": true,
    "searchTags": "black, cap, civilian, headgear",
    "image": "images/characters/headgear/radarcap_black/radarcap_black.jpg"
  },
  {
    "objectName": "RadarCap_Blue",
    "inGameName": "Radar Cap",
    "category": "characters",
    "modelType": "Config",
    "path": "dz/characters/headgear",
    "usableOnConsole": true,
    "searchTags": "blue, cap, civilian, headgear",
    "image": "images/characters/headgear/radarcap_blue/radarcap_blue.jpg"
  },
  {
    "objectName": "RadarCap_Brown",
    "inGameName": "Radar Cap",
    "category": "characters",
    "modelType": "Config",
    "path": "dz/characters/headgear",
    "usableOnConsole": true,
    "searchTags": "brown, cap, civilian, headgear",
    "image": "images/characters/headgear/radarcap_brown/radarcap_brown.jpg"
  },
  {
    "objectName": "RadarCap_Green",
    "inGameName": "Radar Cap",
    "category": "characters",
    "modelType": "Config",
    "path": "dz/characters/headgear",
    "usableOnConsole": true,
    "searchTags": "cap, civilian, green, headgear",
    "image": "images/characters/headgear/radarcap_green/radarcap_green.jpg"
  },
  {
    "objectName": "RadarCap_Red",
    "inGameName": "Radar Cap",
    "category": "characters",
    "modelType": "Config",
    "path": "dz/characters/headgear",
    "usableOnConsole": true,
    "searchTags": "cap, civilian, headgear, red",
    "image": "images/characters/headgear/radarcap_red/radarcap_red.jpg"
  },
  {
    "objectName": "MilitaryBeret_CDF",
    "inGameName": "Beret",
    "category": "characters",
    "modelType": "Config",
    "path": "dz/characters/headgear",
    "usableOnConsole": true,
    "searchTags": "armored, beret, headgear, military, uniform",
    "image": "images/characters/headgear/militaryberet_cdf/militaryberet_cdf.jpg"
  },
  {
    "objectName": "MilitaryBeret_ChDKZ",
    "inGameName": "Beret",
    "category": "characters",
    "modelType": "Config",
    "path": "dz/characters/headgear",
    "usableOnConsole": true,
    "searchTags": "armored, beret, headgear, military, uniform",
    "image": "images/characters/headgear/militaryberet_chdkz/militaryberet_chdkz.jpg"
  },
  {
    "objectName": "MilitaryBeret_NZ",
    "inGameName": "Beret",
    "category": "characters",
    "modelType": "Config",
    "path": "dz/characters/headgear",
    "usableOnConsole": true,
    "searchTags": "armored, beret, headgear, military, uniform",
    "image": "images/characters/headgear/militaryberet_nz/militaryberet_nz.jpg"
  },
  {
    "objectName": "MilitaryBeret_Red",
    "inGameName": "Beret",
    "category": "characters",
    "modelType": "Config",
    "path": "dz/characters/headgear",
    "usableOnConsole": true,
    "searchTags": "armored, beret, headgear, military, red, uniform",
    "image": "images/characters/headgear/militaryberet_red/militaryberet_red.jpg"
  },
  {
    "objectName": "MilitaryBeret_UN",
    "inGameName": "Beret",
    "category": "characters",
    "modelType": "Config",
    "path": "dz/characters/headgear",
    "usableOnConsole": true,
    "searchTags": "armored, beret, headgear, military, uniform",
    "image": "images/characters/headgear/militaryberet_un/militaryberet_un.jpg"
  },
  {
    "objectName": "FlatCap_Black",
    "inGameName": "Flat Cap",
    "category": "characters",
    "modelType": "Config",
    "path": "dz/characters/headgear",
    "usableOnConsole": true,
    "searchTags": "black, cap, civilian, headgear",
    "image": "images/characters/headgear/flatcap_black/flatcap_black.jpg"
  },
  {
    "objectName": "FlatCap_BlackCheck",
    "inGameName": "Flat Cap",
    "category": "characters",
    "modelType": "Config",
    "path": "dz/characters/headgear",
    "usableOnConsole": true,
    "searchTags": "black, cap, civilian, headgear",
    "image": "images/characters/headgear/flatcap_blackcheck/flatcap_blackcheck.jpg"
  },
  {
    "objectName": "FlatCap_Blue",
    "inGameName": "Flat Cap",
    "category": "characters",
    "modelType": "Config",
    "path": "dz/characters/headgear",
    "usableOnConsole": true,
    "searchTags": "blue, cap, civilian, headgear",
    "image": "images/characters/headgear/flatcap_blue/flatcap_blue.jpg"
  },
  {
    "objectName": "FlatCap_Brown",
    "inGameName": "Flat Cap",
    "category": "characters",
    "modelType": "Config",
    "path": "dz/characters/headgear",
    "usableOnConsole": true,
    "searchTags": "brown, cap, civilian, headgear",
    "image": "images/characters/headgear/flatcap_brown/flatcap_brown.jpg"
  },
  {
    "objectName": "FlatCap_BrownCheck",
    "inGameName": "Flat Cap",
    "category": "characters",
    "modelType": "Config",
    "path": "dz/characters/headgear",
    "usableOnConsole": true,
    "searchTags": "brown, cap, civilian, headgear",
    "image": "images/characters/headgear/flatcap_browncheck/flatcap_browncheck.jpg"
  },
  {
    "objectName": "FlatCap_Grey",
    "inGameName": "Flat Cap",
    "category": "characters",
    "modelType": "Config",
    "path": "dz/characters/headgear",
    "usableOnConsole": true,
    "searchTags": "cap, civilian, grey, headgear",
    "image": "images/characters/headgear/flatcap_grey/flatcap_grey.jpg"
  },
  {
    "objectName": "FlatCap_GreyCheck",
    "inGameName": "Flat Cap",
    "category": "characters",
    "modelType": "Config",
    "path": "dz/characters/headgear",
    "usableOnConsole": true,
    "searchTags": "cap, civilian, grey, headgear",
    "image": "images/characters/headgear/flatcap_greycheck/flatcap_greycheck.jpg"
  },
  {
    "objectName": "FlatCap_Red",
    "inGameName": "Flat Cap",
    "category": "characters",
    "modelType": "Config",
    "path": "dz/characters/headgear",
    "usableOnConsole": true,
    "searchTags": "cap, civilian, headgear, red",
    "image": "images/characters/headgear/flatcap_red/flatcap_red.jpg"
  },
  {
    "objectName": "ZmijovkaCap_Black",
    "inGameName": "Zmiovka",
    "category": "characters",
    "modelType": "Config",
    "path": "dz/characters/headgear",
    "usableOnConsole": true,
    "searchTags": "black, cap, civilian, headgear",
    "image": "images/characters/headgear/zmijovkacap_black/zmijovkacap_black.jpg"
  },
  {
    "objectName": "ZmijovkaCap_Blue",
    "inGameName": "Zmiovka",
    "category": "characters",
    "modelType": "Config",
    "path": "dz/characters/headgear",
    "usableOnConsole": true,
    "searchTags": "blue, cap, civilian, headgear",
    "image": "images/characters/headgear/zmijovkacap_blue/zmijovkacap_blue.jpg"
  },
  {
    "objectName": "ZmijovkaCap_Brown",
    "inGameName": "Zmiovka",
    "category": "characters",
    "modelType": "Config",
    "path": "dz/characters/headgear",
    "usableOnConsole": true,
    "searchTags": "brown, cap, civilian, headgear",
    "image": "images/characters/headgear/zmijovkacap_brown/zmijovkacap_brown.jpg"
  },
  {
    "objectName": "ZmijovkaCap_Green",
    "inGameName": "Zmiovka",
    "category": "characters",
    "modelType": "Config",
    "path": "dz/characters/headgear",
    "usableOnConsole": true,
    "searchTags": "cap, civilian, green, headgear",
    "image": "images/characters/headgear/zmijovkacap_green/zmijovkacap_green.jpg"
  },
  {
    "objectName": "ZmijovkaCap_Red",
    "inGameName": "Zmiovka",
    "category": "characters",
    "modelType": "Config",
    "path": "dz/characters/headgear",
    "usableOnConsole": true,
    "searchTags": "cap, civilian, headgear, red",
    "image": "images/characters/headgear/zmijovkacap_red/zmijovkacap_red.jpg"
  },
  {
    "objectName": "CowboyHat_black",
    "inGameName": "Cowboy Hat",
    "category": "characters",
    "modelType": "Config",
    "path": "dz/characters/headgear",
    "usableOnConsole": true,
    "searchTags": "black, headgear, outdoors, western",
    "image": "images/characters/headgear/cowboyhat_black/cowboyhat_black.jpg"
  },
  {
    "objectName": "CowboyHat_Brown",
    "inGameName": "Cowboy Hat",
    "category": "characters",
    "modelType": "Config",
    "path": "dz/characters/headgear",
    "usableOnConsole": true,
    "searchTags": "brown, headgear, outdoors, western",
    "image": "images/characters/headgear/cowboyhat_brown/cowboyhat_brown.jpg"
  },
  {
    "objectName": "CowboyHat_darkBrown",
    "inGameName": "Cowboy Hat",
    "category": "characters",
    "modelType": "Config",
    "path": "dz/characters/headgear",
    "usableOnConsole": true,
    "searchTags": "brown, headgear, outdoors, western",
    "image": "images/characters/headgear/cowboyhat_darkbrown/cowboyhat_darkbrown.jpg"
  },
  {
    "objectName": "CowboyHat_green",
    "inGameName": "Cowboy Hat",
    "category": "characters",
    "modelType": "Config",
    "path": "dz/characters/headgear",
    "usableOnConsole": true,
    "searchTags": "green, headgear, outdoors, western",
    "image": "images/characters/headgear/cowboyhat_green/cowboyhat_green.jpg"
  },
  {
    "objectName": "BoonieHat_Black",
    "inGameName": "Boonie Hat",
    "category": "characters",
    "modelType": "Config",
    "path": "dz/characters/headgear",
    "usableOnConsole": true,
    "searchTags": "black, boonie, headgear, outdoors",
    "image": "images/characters/headgear/booniehat_black/booniehat_black.jpg"
  },
  {
    "objectName": "BoonieHat_Blue",
    "inGameName": "Boonie Hat",
    "category": "characters",
    "modelType": "Config",
    "path": "dz/characters/headgear",
    "usableOnConsole": true,
    "searchTags": "blue, boonie, headgear, outdoors",
    "image": "images/characters/headgear/booniehat_blue/booniehat_blue.jpg"
  },
  {
    "objectName": "BoonieHat_DPM",
    "inGameName": "Boonie Hat",
    "category": "characters",
    "modelType": "Config",
    "path": "dz/characters/headgear",
    "usableOnConsole": true,
    "searchTags": "boonie, headgear, outdoors",
    "image": "images/characters/headgear/booniehat_dpm/booniehat_dpm.jpg"
  },
  {
    "objectName": "BoonieHat_Dubok",
    "inGameName": "Boonie Hat",
    "category": "characters",
    "modelType": "Config",
    "path": "dz/characters/headgear",
    "usableOnConsole": true,
    "searchTags": "boonie, headgear, outdoors",
    "image": "images/characters/headgear/booniehat_dubok/booniehat_dubok.jpg"
  },
  {
    "objectName": "BoonieHat_Flecktran",
    "inGameName": "Boonie Hat",
    "category": "characters",
    "modelType": "Config",
    "path": "dz/characters/headgear",
    "usableOnConsole": true,
    "searchTags": "boonie, headgear, outdoors",
    "image": "images/characters/headgear/booniehat_flecktran/booniehat_flecktran.jpg"
  },
  {
    "objectName": "BoonieHat_NavyBlue",
    "inGameName": "Boonie Hat",
    "category": "characters",
    "modelType": "Config",
    "path": "dz/characters/headgear",
    "usableOnConsole": true,
    "searchTags": "blue, boonie, headgear, navy, outdoors",
    "image": "images/characters/headgear/booniehat_navyblue/booniehat_navyblue.jpg"
  },
  {
    "objectName": "BoonieHat_Olive",
    "inGameName": "Boonie Hat",
    "category": "characters",
    "modelType": "Config",
    "path": "dz/characters/headgear",
    "usableOnConsole": true,
    "searchTags": "boonie, headgear, olive, outdoors",
    "image": "images/characters/headgear/booniehat_olive/booniehat_olive.jpg"
  },
  {
    "objectName": "BoonieHat_Orange",
    "inGameName": "Boonie Hat",
    "category": "characters",
    "modelType": "Config",
    "path": "dz/characters/headgear",
    "usableOnConsole": true,
    "searchTags": "boonie, headgear, orange, outdoors",
    "image": "images/characters/headgear/booniehat_orange/booniehat_orange.jpg"
  },
  {
    "objectName": "BoonieHat_Red",
    "inGameName": "Boonie Hat",
    "category": "characters",
    "modelType": "Config",
    "path": "dz/characters/headgear",
    "usableOnConsole": true,
    "searchTags": "boonie, headgear, outdoors, red",
    "image": "images/characters/headgear/booniehat_red/booniehat_red.jpg"
  },
  {
    "objectName": "BoonieHat_Tan",
    "inGameName": "Boonie Hat",
    "category": "characters",
    "modelType": "Config",
    "path": "dz/characters/headgear",
    "usableOnConsole": true,
    "searchTags": "boonie, headgear, outdoors, tan",
    "image": "images/characters/headgear/booniehat_tan/booniehat_tan.jpg"
  },
  {
    "objectName": "BoonieHat_Winter",
    "inGameName": "Boonie Hat",
    "category": "characters",
    "modelType": "Config",
    "path": "dz/characters/headgear",
    "usableOnConsole": true,
    "searchTags": "boonie, headgear, insulated, outdoors, winter",
    "image": "images/characters/headgear/booniehat_winter/booniehat_winter.jpg"
  },
  {
    "objectName": "OfficerHat",
    "inGameName": "Officer Cap",
    "category": "characters",
    "modelType": "Config",
    "path": "dz/characters/headgear",
    "usableOnConsole": true,
    "searchTags": "cap, civilian, headgear, uniform",
    "image": "images/characters/headgear/officerhat/officerhat.jpg"
  },
  {
    "objectName": "PoliceCap",
    "inGameName": "Police Cap",
    "category": "characters",
    "modelType": "Config",
    "path": "dz/characters/headgear",
    "usableOnConsole": true,
    "searchTags": "cap, civilian, headgear, uniform",
    "image": "images/characters/headgear/policecap/policecap.jpg"
  },
  {
    "objectName": "PilotkaCap",
    "inGameName": "Pilotka",
    "category": "characters",
    "modelType": "Config",
    "path": "dz/characters/headgear",
    "usableOnConsole": true,
    "searchTags": "cap, civilian, headgear",
    "image": "images/characters/headgear/pilotkacap/pilotkacap.jpg"
  },
  {
    "objectName": "TankerHelmet",
    "inGameName": "Tanker Helmet",
    "category": "characters",
    "modelType": "Config",
    "path": "dz/characters/headgear",
    "usableOnConsole": true,
    "searchTags": "armored, headgear, helmet, military, protective",
    "image": "images/characters/headgear/tankerhelmet/tankerhelmet.jpg"
  },
  {
    "objectName": "GorkaHelmet",
    "inGameName": "Assault Helmet",
    "category": "characters",
    "modelType": "Config",
    "path": "dz/characters/headgear",
    "usableOnConsole": true,
    "searchTags": "armored, assault, headgear, helmet, military, protective, spetsnaz",
    "image": "images/characters/headgear/gorkahelmet/gorkahelmet.jpg"
  },
  {
    "objectName": "FirefightersHelmet_Red",
    "inGameName": "Firefighter Helmet",
    "category": "characters",
    "modelType": "Config",
    "path": "dz/characters/headgear",
    "usableOnConsole": true,
    "searchTags": "headgear, helmet, protective, red",
    "image": "images/characters/headgear/firefightershelmet_red/firefightershelmet_red.jpg"
  },
  {
    "objectName": "FirefightersHelmet_White",
    "inGameName": "Firefighter Helmet",
    "category": "characters",
    "modelType": "Config",
    "path": "dz/characters/headgear",
    "usableOnConsole": true,
    "searchTags": "headgear, helmet, protective, white",
    "image": "images/characters/headgear/firefightershelmet_white/firefightershelmet_white.jpg"
  },
  {
    "objectName": "FirefightersHelmet_Yellow",
    "inGameName": "Firefighter Helmet",
    "category": "characters",
    "modelType": "Config",
    "path": "dz/characters/headgear",
    "usableOnConsole": true,
    "searchTags": "headgear, helmet, protective, yellow",
    "image": "images/characters/headgear/firefightershelmet_yellow/firefightershelmet_yellow.jpg"
  },
  {
    "objectName": "SkateHelmet_Black",
    "inGameName": "Skate Helmet",
    "category": "characters",
    "modelType": "Config",
    "path": "dz/characters/headgear",
    "usableOnConsole": true,
    "searchTags": "black, headgear, helmet, protective",
    "image": "images/characters/headgear/skatehelmet_black/skatehelmet_black.jpg"
  },
  {
    "objectName": "SkateHelmet_Blue",
    "inGameName": "Skate Helmet",
    "category": "characters",
    "modelType": "Config",
    "path": "dz/characters/headgear",
    "usableOnConsole": true,
    "searchTags": "blue, headgear, helmet, protective",
    "image": "images/characters/headgear/skatehelmet_blue/skatehelmet_blue.jpg"
  },
  {
    "objectName": "SkateHelmet_Gray",
    "inGameName": "Skate Helmet",
    "category": "characters",
    "modelType": "Config",
    "path": "dz/characters/headgear",
    "usableOnConsole": true,
    "searchTags": "gray, headgear, helmet, protective",
    "image": "images/characters/headgear/skatehelmet_gray/skatehelmet_gray.jpg"
  },
  {
    "objectName": "SkateHelmet_Green",
    "inGameName": "Skate Helmet",
    "category": "characters",
    "modelType": "Config",
    "path": "dz/characters/headgear",
    "usableOnConsole": true,
    "searchTags": "green, headgear, helmet, protective",
    "image": "images/characters/headgear/skatehelmet_green/skatehelmet_green.jpg"
  },
  {
    "objectName": "SkateHelmet_Red",
    "inGameName": "Skate Helmet",
    "category": "characters",
    "modelType": "Config",
    "path": "dz/characters/headgear",
    "usableOnConsole": true,
    "searchTags": "headgear, helmet, protective, red",
    "image": "images/characters/headgear/skatehelmet_red/skatehelmet_red.jpg"
  },
  {
    "objectName": "PrisonerCap",
    "inGameName": "Prisoner Cap",
    "category": "characters",
    "modelType": "Config",
    "path": "dz/characters/headgear",
    "usableOnConsole": true,
    "searchTags": "cap, civilian, headgear",
    "image": "images/characters/headgear/prisonercap/prisonercap.jpg"
  },
  {
    "objectName": "GhillieHood_Mossy",
    "inGameName": "Ghillie Hood",
    "category": "characters",
    "modelType": "Config",
    "path": "dz/characters/headgear",
    "usableOnConsole": true,
    "searchTags": "camouflage, headgear, hood",
    "image": "images/characters/headgear/ghilliehood_mossy/ghilliehood_mossy.jpg"
  },
  {
    "objectName": "GhillieHood_Tan",
    "inGameName": "Ghillie Hood",
    "category": "characters",
    "modelType": "Config",
    "path": "dz/characters/headgear",
    "usableOnConsole": true,
    "searchTags": "camouflage, headgear, hood, tan",
    "image": "images/characters/headgear/ghilliehood_tan/ghilliehood_tan.jpg"
  },
  {
    "objectName": "GhillieHood_Winter",
    "inGameName": "Ghillie Hood",
    "category": "characters",
    "modelType": "Config",
    "path": "dz/characters/headgear",
    "usableOnConsole": true,
    "searchTags": "camouflage, headgear, hood, insulated, winter",
    "image": "images/characters/headgear/ghilliehood_winter/ghilliehood_winter.jpg"
  },
  {
    "objectName": "GhillieHood_Woodland",
    "inGameName": "Ghillie Hood",
    "category": "characters",
    "modelType": "Config",
    "path": "dz/characters/headgear",
    "usableOnConsole": true,
    "searchTags": "camouflage, headgear, hood, woodland",
    "image": "images/characters/headgear/ghilliehood_woodland/ghilliehood_woodland.jpg"
  },
  {
    "objectName": "LeatherHat_Beige",
    "inGameName": "Leather Hat",
    "category": "characters",
    "modelType": "Config",
    "path": "dz/characters/headgear",
    "usableOnConsole": true,
    "searchTags": "beige, headgear, leather, outdoors",
    "image": "images/characters/headgear/leatherhat_beige/leatherhat_beige.jpg"
  },
  {
    "objectName": "LeatherHat_Black",
    "inGameName": "Leather Hat",
    "category": "characters",
    "modelType": "Config",
    "path": "dz/characters/headgear",
    "usableOnConsole": true,
    "searchTags": "black, headgear, leather, outdoors",
    "image": "images/characters/headgear/leatherhat_black/leatherhat_black.jpg"
  },
  {
    "objectName": "LeatherHat_Brown",
    "inGameName": "Leather Hat",
    "category": "characters",
    "modelType": "Config",
    "path": "dz/characters/headgear",
    "usableOnConsole": true,
    "searchTags": "brown, headgear, leather, outdoors",
    "image": "images/characters/headgear/leatherhat_brown/leatherhat_brown.jpg"
  },
  {
    "objectName": "LeatherHat_Natural",
    "inGameName": "Leather Hat",
    "category": "characters",
    "modelType": "Config",
    "path": "dz/characters/headgear",
    "usableOnConsole": true,
    "searchTags": "headgear, leather, outdoors",
    "image": "images/characters/headgear/leatherhat_natural/leatherhat_natural.jpg"
  },
  {
    "objectName": "MedicalScrubsHat_Blue",
    "inGameName": "Scrub Hat",
    "category": "characters",
    "modelType": "Config",
    "path": "dz/characters/headgear",
    "usableOnConsole": true,
    "searchTags": "blue, headgear",
    "image": "images/characters/headgear/medicalscrubshat_blue/medicalscrubshat_blue.jpg"
  },
  {
    "objectName": "MedicalScrubsHat_Green",
    "inGameName": "Scrub Hat",
    "category": "characters",
    "modelType": "Config",
    "path": "dz/characters/headgear",
    "usableOnConsole": true,
    "searchTags": "green, headgear",
    "image": "images/characters/headgear/medicalscrubshat_green/medicalscrubshat_green.jpg"
  },
  {
    "objectName": "MedicalScrubsHat_White",
    "inGameName": "Scrub Hat",
    "category": "characters",
    "modelType": "Config",
    "path": "dz/characters/headgear",
    "usableOnConsole": true,
    "searchTags": "headgear, white",
    "image": "images/characters/headgear/medicalscrubshat_white/medicalscrubshat_white.jpg"
  },
  {
    "objectName": "GreatHelm",
    "inGameName": "Great Helm",
    "category": "characters",
    "modelType": "Config",
    "path": "dz/characters/headgear",
    "usableOnConsole": true,
    "searchTags": "headgear",
    "image": "images/characters/headgear/greathelm/greathelm.jpg"
  },
  {
    "objectName": "Ssh68Helmet",
    "inGameName": "Combat Helmet",
    "category": "characters",
    "modelType": "Config",
    "path": "dz/characters/headgear",
    "usableOnConsole": true,
    "searchTags": "armored, headgear, helmet, military, protective",
    "image": "images/characters/headgear/ssh68helmet/ssh68helmet.jpg"
  },
  {
    "objectName": "DirtBikeHelmet_Black",
    "inGameName": "Enduro Helmet",
    "category": "characters",
    "modelType": "Config",
    "path": "dz/characters/headgear",
    "usableOnConsole": true,
    "searchTags": "black, headgear, helmet, protective",
    "image": "images/characters/headgear/dirtbikehelmet_black/dirtbikehelmet_black.jpg"
  },
  {
    "objectName": "DirtBikeHelmet_Blue",
    "inGameName": "Enduro Helmet",
    "category": "characters",
    "modelType": "Config",
    "path": "dz/characters/headgear",
    "usableOnConsole": true,
    "searchTags": "blue, headgear, helmet, protective",
    "image": "images/characters/headgear/dirtbikehelmet_blue/dirtbikehelmet_blue.jpg"
  },
  {
    "objectName": "DirtBikeHelmet_Chernarus",
    "inGameName": "Enduro Helmet",
    "category": "characters",
    "modelType": "Config",
    "path": "dz/characters/headgear",
    "usableOnConsole": true,
    "searchTags": "headgear, helmet, protective",
    "image": "images/characters/headgear/dirtbikehelmet_chernarus/dirtbikehelmet_chernarus.jpg"
  },
  {
    "objectName": "DirtBikeHelmet_Green",
    "inGameName": "Enduro Helmet",
    "category": "characters",
    "modelType": "Config",
    "path": "dz/characters/headgear",
    "usableOnConsole": true,
    "searchTags": "green, headgear, helmet, protective",
    "image": "images/characters/headgear/dirtbikehelmet_green/dirtbikehelmet_green.jpg"
  },
  {
    "objectName": "DirtBikeHelmet_Khaki",
    "inGameName": "Enduro Helmet",
    "category": "characters",
    "modelType": "Config",
    "path": "dz/characters/headgear",
    "usableOnConsole": true,
    "searchTags": "headgear, helmet, protective",
    "image": "images/characters/headgear/dirtbikehelmet_khaki/dirtbikehelmet_khaki.jpg"
  },
  {
    "objectName": "DirtBikeHelmet_Police",
    "inGameName": "Enduro Helmet",
    "category": "characters",
    "modelType": "Config",
    "path": "dz/characters/headgear",
    "usableOnConsole": true,
    "searchTags": "headgear, helmet, protective, uniform",
    "image": "images/characters/headgear/dirtbikehelmet_police/dirtbikehelmet_police.jpg"
  },
  {
    "objectName": "DirtBikeHelmet_Red",
    "inGameName": "Enduro Helmet",
    "category": "characters",
    "modelType": "Config",
    "path": "dz/characters/headgear",
    "usableOnConsole": true,
    "searchTags": "headgear, helmet, protective, red",
    "image": "images/characters/headgear/dirtbikehelmet_red/dirtbikehelmet_red.jpg"
  },
  {
    "objectName": "DirtBikeHelmet_Visor",
    "inGameName": "Enduro Helmet Visor",
    "category": "characters",
    "modelType": "Config",
    "path": "dz/characters/headgear",
    "usableOnConsole": true,
    "searchTags": "headgear, helmet, protective",
    "image": "images/characters/headgear/dirtbikehelmet_visor/dirtbikehelmet_visor.jpg"
  },
  {
    "objectName": "DirtBikeHelmet_Mouthguard",
    "inGameName": "Enduro Helmet Mouthguard",
    "category": "characters",
    "modelType": "Config",
    "path": "dz/characters/headgear",
    "usableOnConsole": true,
    "searchTags": "headgear, helmet, protective",
    "image": "images/characters/headgear/dirtbikehelmet_mouthguard/dirtbikehelmet_mouthguard.jpg"
  },
  {
    "objectName": "HockeyHelmet_Black",
    "inGameName": "Hockey Helmet",
    "category": "characters",
    "modelType": "Config",
    "path": "dz/characters/headgear",
    "usableOnConsole": true,
    "searchTags": "black, headgear, helmet, protective, sports",
    "image": "images/characters/headgear/hockeyhelmet_black/hockeyhelmet_black.jpg"
  },
  {
    "objectName": "HockeyHelmet_Blue",
    "inGameName": "Hockey Helmet",
    "category": "characters",
    "modelType": "Config",
    "path": "dz/characters/headgear",
    "usableOnConsole": true,
    "searchTags": "blue, headgear, helmet, protective, sports",
    "image": "images/characters/headgear/hockeyhelmet_blue/hockeyhelmet_blue.jpg"
  },
  {
    "objectName": "HockeyHelmet_Red",
    "inGameName": "Hockey Helmet",
    "category": "characters",
    "modelType": "Config",
    "path": "dz/characters/headgear",
    "usableOnConsole": true,
    "searchTags": "headgear, helmet, protective, red, sports",
    "image": "images/characters/headgear/hockeyhelmet_red/hockeyhelmet_red.jpg"
  },
  {
    "objectName": "HockeyHelmet_White",
    "inGameName": "Hockey Helmet",
    "category": "characters",
    "modelType": "Config",
    "path": "dz/characters/headgear",
    "usableOnConsole": true,
    "searchTags": "headgear, helmet, protective, sports, white",
    "image": "images/characters/headgear/hockeyhelmet_white/hockeyhelmet_white.jpg"
  },
  {
    "objectName": "SantasHat",
    "inGameName": "Santa Hat",
    "category": "characters",
    "modelType": "Config",
    "path": "dz/characters/headgear",
    "usableOnConsole": true,
    "searchTags": "festive, headgear",
    "image": "images/characters/headgear/santashat/santashat.jpg"
  },
  {
    "objectName": "BudenovkaHat_Gray",
    "inGameName": "Budenovka Hat",
    "category": "characters",
    "modelType": "Config",
    "path": "dz/characters/headgear",
    "usableOnConsole": true,
    "searchTags": "soviet, military, insulated, headgear, gray, winter",
    "image": "images/characters/headgear/budenovkahat_gray/budenovkahat_gray.jpg"
  },
  {
    "objectName": "WitchHood_Black",
    "inGameName": "Witch Hood",
    "category": "characters",
    "modelType": "Config",
    "path": "dz/characters/headgear",
    "usableOnConsole": true,
    "searchTags": "seasonal, headgear, witch, halloween, spooky",
    "image": "images/characters/headgear/witchhood_black/witchhood_black.jpg"
  },
  {
    "objectName": "WitchHood_Brown",
    "inGameName": "Witch Hood",
    "category": "characters",
    "modelType": "Config",
    "path": "dz/characters/headgear",
    "usableOnConsole": true,
    "searchTags": "seasonal, headgear, witch, halloween, spooky",
    "image": "images/characters/headgear/witchhood_brown/witchhood_brown.jpg"
  },
  {
    "objectName": "WitchHood_Red",
    "inGameName": "Witch Hood",
    "category": "characters",
    "modelType": "Config",
    "path": "dz/characters/headgear",
    "usableOnConsole": true,
    "searchTags": "seasonal, headgear, witch, halloween, spooky",
    "image": "images/characters/headgear/witchhood_red/witchhood_red.jpg"
  },
  {
    "objectName": "WitchHat",
    "inGameName": "Witch Hat",
    "category": "characters",
    "modelType": "Config",
    "path": "dz/characters/headgear",
    "usableOnConsole": true,
    "searchTags": "seasonal, headgear, witch, halloween, spooky",
    "image": "images/characters/headgear/witchhat/witchhat.jpg"
  },
  {
    "objectName": "WinterCoif_Black",
    "inGameName": "Winter Coif",
    "category": "characters",
    "modelType": "Config",
    "path": "dz/characters/headgear",
    "usableOnConsole": true,
    "searchTags": "winter, insulated, headgear",
    "image": "images/characters/headgear/wintercoif_black/wintercoif_black.jpg"
  },
  {
    "objectName": "WinterCoif_Blue",
    "inGameName": "Winter Coif",
    "category": "characters",
    "modelType": "Config",
    "path": "dz/characters/headgear",
    "usableOnConsole": true,
    "searchTags": "winter, cold, insulated, headgear",
    "image": "images/characters/headgear/wintercoif_blue/wintercoif_blue.jpg"
  },
  {
    "objectName": "WinterCoif_Green",
    "inGameName": "Winter Coif",
    "category": "characters",
    "modelType": "Config",
    "path": "dz/characters/headgear",
    "usableOnConsole": true,
    "searchTags": "winter, cold, insulated, headgear",
    "image": "images/characters/headgear/wintercoif_green/wintercoif_green.jpg"
  },
  {
    "objectName": "WinterCoif_Skull",
    "inGameName": "Winter Coif",
    "category": "characters",
    "modelType": "Config",
    "path": "dz/characters/headgear",
    "usableOnConsole": true,
    "searchTags": "winter, cold, insulated, headgear",
    "image": "images/characters/headgear/wintercoif_skull/wintercoif_skull.jpg"
  },
  {
    "objectName": "Mich2001Helmet",
    "inGameName": "Tactical Helmet",
    "category": "characters",
    "modelType": "Config",
    "path": "dz/characters/headgear",
    "usableOnConsole": true,
    "searchTags": "armored, headgear, helmet, military, protective",
    "image": "images/characters/headgear/mich2001helmet/mich2001helmet.jpg"
  },
  {
    "objectName": "NorseHelm",
    "inGameName": "Norse Helm",
    "category": "characters",
    "modelType": "Config",
    "path": "dz/characters/headgear",
    "usableOnConsole": true,
    "searchTags": "headgear",
    "image": "images/characters/headgear/norsehelm/norsehelm.jpg"
  },
  {
    "objectName": "Chainmail_Coif",
    "inGameName": "Chainmail Coif",
    "category": "characters",
    "modelType": "Config",
    "path": "dz/characters/headgear",
    "usableOnConsole": true,
    "searchTags": "headgear",
    "image": "images/characters/headgear/chainmail_coif/chainmail_coif.jpg"
  },
  {
    "objectName": "MorozkoHat",
    "inGameName": "Morozko Hat",
    "category": "characters",
    "modelType": "Config",
    "path": "dz/characters/headgear",
    "usableOnConsole": true,
    "searchTags": "festive, headgear, insulated, winter",
    "image": "images/characters/headgear/morozkohat/morozkohat.jpg"
  },
  {
    "objectName": "ChristmasHeadband_Antlers",
    "inGameName": "Festive Headband",
    "category": "characters",
    "modelType": "Config",
    "path": "dz/characters/headgear",
    "usableOnConsole": true,
    "searchTags": "festive, headgear",
    "image": "images/characters/headgear/christmasheadband_antlers/christmasheadband_antlers.jpg"
  },
  {
    "objectName": "ChristmasHeadband_Gingerbread",
    "inGameName": "Festive Headband",
    "category": "characters",
    "modelType": "Config",
    "path": "dz/characters/headgear",
    "usableOnConsole": true,
    "searchTags": "festive, headgear",
    "image": "images/characters/headgear/christmasheadband_gingerbread/christmasheadband_gingerbread.jpg"
  },
  {
    "objectName": "ChristmasHeadband_Trees",
    "inGameName": "Festive Headband",
    "category": "characters",
    "modelType": "Config",
    "path": "dz/characters/headgear",
    "usableOnConsole": true,
    "searchTags": "festive, headgear",
    "image": "images/characters/headgear/christmasheadband_trees/christmasheadband_trees.jpg"
  },
  {
    "objectName": "ChristmasHeadband_Lights_Antlers",
    "inGameName": "Festive Headband",
    "category": "characters",
    "modelType": "Config",
    "path": "dz/characters/headgear",
    "usableOnConsole": true,
    "searchTags": "festive, headgear",
    "image": "images/characters/headgear/christmasheadband_lights_antlers/christmasheadband_lights_antlers.jpg"
  },
  {
    "objectName": "ChristmasHeadband_Lights_Gingerbread",
    "inGameName": "Festive Headband",
    "category": "characters",
    "modelType": "Config",
    "path": "dz/characters/headgear",
    "usableOnConsole": true,
    "searchTags": "festive, headgear",
    "image": "images/characters/headgear/christmasheadband_lights_gingerbread/christmasheadband_lights_gingerbread.jpg"
  },
  {
    "objectName": "ChristmasHeadband_Lights_Trees",
    "inGameName": "Festive Headband",
    "category": "characters",
    "modelType": "Config",
    "path": "dz/characters/headgear",
    "usableOnConsole": true,
    "searchTags": "festive, headgear",
    "image": "images/characters/headgear/christmasheadband_lights_trees/christmasheadband_lights_trees.jpg"
  },
  {
    "objectName": "Headdress_Wolf",
    "inGameName": "Headdress",
    "category": "characters",
    "modelType": "Config",
    "path": "dz/characters/headgear",
    "usableOnConsole": true,
    "searchTags": "headgear, insulated, winter",
    "image": "images/characters/headgear/headdress_wolf/headdress_wolf.jpg"
  },
  {
    "objectName": "SnowstormUshanka_Brown",
    "inGameName": "Snowstorm Ushanka",
    "category": "characters",
    "modelType": "Config",
    "path": "dz/characters/headgear",
    "usableOnConsole": true,
    "searchTags": "brown, fur, headgear, insulated, ushanka, winter",
    "image": "images/characters/headgear/snowstormushanka_brown/snowstormushanka_brown.jpg"
  },
  {
    "objectName": "SnowstormUshanka_Navy",
    "inGameName": "Snowstorm Ushanka",
    "category": "characters",
    "modelType": "Config",
    "path": "dz/characters/headgear",
    "usableOnConsole": true,
    "searchTags": "fur, headgear, insulated, navy, ushanka, winter",
    "image": "images/characters/headgear/snowstormushanka_navy/snowstormushanka_navy.jpg"
  },
  {
    "objectName": "SnowstormUshanka_Olive",
    "inGameName": "Snowstorm Ushanka",
    "category": "characters",
    "modelType": "Config",
    "path": "dz/characters/headgear",
    "usableOnConsole": true,
    "searchTags": "fur, headgear, insulated, olive, ushanka, winter",
    "image": "images/characters/headgear/snowstormushanka_olive/snowstormushanka_olive.jpg"
  },
  {
    "objectName": "SnowstormUshanka_White",
    "inGameName": "Snowstorm Ushanka",
    "category": "characters",
    "modelType": "Config",
    "path": "dz/characters/headgear",
    "usableOnConsole": true,
    "searchTags": "fur, headgear, insulated, ushanka, white, winter",
    "image": "images/characters/headgear/snowstormushanka_white/snowstormushanka_white.jpg"
  },
  {
    "objectName": "Shemag_Brown",
    "inGameName": "Shemagh",
    "category": "characters",
    "modelType": "Config",
    "path": "dz/characters/headgear",
    "usableOnConsole": true,
    "searchTags": "woolen, scarf, facewrap headgear, insulated, ushanka, white, winter",
    "image": "images/characters/headgear/shemag_brown/shemag_brown.jpg"
  },
  {
    "objectName": "Shemag_Green",
    "inGameName": "Shemagh",
    "category": "characters",
    "modelType": "Config",
    "path": "dz/characters/headgear",
    "usableOnConsole": true,
    "searchTags": "woolen, scarf, facewrap headgear, insulated, green, winter",
    "image": "images/characters/headgear/shemag_green/shemag_green.jpg"
  },
  {
    "objectName": "Shemag_Red",
    "inGameName": "Shemagh",
    "category": "characters",
    "modelType": "Config",
    "path": "dz/characters/headgear",
    "usableOnConsole": true,
    "searchTags": "woolen, scarf, facewrap headgear, insulated, red, winter",
    "image": "images/characters/headgear/shemag_red/shemag_red.jpg"
  },
  {
    "objectName": "Shemag_White",
    "inGameName": "Shemagh",
    "category": "characters",
    "modelType": "Config",
    "path": "dz/characters/headgear",
    "usableOnConsole": true,
    "searchTags": "woolen, scarf, facewrap headgear, insulated, ushanka, white, winter",
    "image": "images/characters/headgear/shemag_white/shemag_white.jpg"
  },
  {
    "objectName": "SherpaHat_Blue",
    "inGameName": "Sherpa Hat",
    "category": "characters",
    "modelType": "Config",
    "path": "dz/characters/headgear",
    "usableOnConsole": true,
    "searchTags": "woolen, headgear, insulated, sherpa, blue, winter",
    "image": "images/characters/headgear/sherpahat_blue/sherpahat_blue.jpg"
  },
  {
    "objectName": "SherpaHat_Red",
    "inGameName": "Sherpa Hat",
    "category": "characters",
    "modelType": "Config",
    "path": "dz/characters/headgear",
    "usableOnConsole": true,
    "searchTags": "woolen, headgear, insulated, sherpa, red, winter",
    "image": "images/characters/headgear/sherpahat_red/sherpahat_red.jpg"
  },
  {
    "objectName": "SherpaHat_Black",
    "inGameName": "Sherpa Hat",
    "category": "characters",
    "modelType": "Config",
    "path": "dz/characters/headgear",
    "usableOnConsole": true,
    "searchTags": "woolen, headgear, insulated, sherpa, black, winter",
    "image": "images/characters/headgear/sherpahat_black/sherpahat_black.jpg"
  },
  {
    "objectName": "LeafCrown_Spring",
    "inGameName": "Leaf Crown",
    "category": "characters",
    "modelType": "Config",
    "path": "dz/characters/headgear",
    "usableOnConsole": true,
    "searchTags": "camouflage, headgear, spring",
    "image": "images/characters/headgear/leafcrown_spring/leafcrown_spring.jpg"
  },
  {
    "objectName": "LeafCrown_Summer",
    "inGameName": "Leaf Crown",
    "category": "characters",
    "modelType": "Config",
    "path": "dz/characters/headgear",
    "usableOnConsole": true,
    "searchTags": "camouflage, headgear, summer",
    "image": "images/characters/headgear/leafcrown_summer/leafcrown_summer.jpg"
  },
  {
    "objectName": "LeafCrown_Autumn",
    "inGameName": "Leaf Crown",
    "category": "characters",
    "modelType": "Config",
    "path": "dz/characters/headgear",
    "usableOnConsole": true,
    "searchTags": "autumn, camouflage, headgear",
    "image": "images/characters/headgear/leafcrown_autumn/leafcrown_autumn.jpg"
  },
  {
    "objectName": "LeafCrown_Winter",
    "inGameName": "Leaf Crown",
    "category": "characters",
    "modelType": "Config",
    "path": "dz/characters/headgear",
    "usableOnConsole": true,
    "searchTags": "camouflage, headgear, insulated, winter",
    "image": "images/characters/headgear/leafcrown_winter/leafcrown_winter.jpg"
  },
  {
    "objectName": "bandanahybrid_g.p3d",
    "inGameName": "Bandana",
    "category": "characters",
    "modelType": "Raw P3D",
    "path": "dz/characters/headgear",
    "usableOnConsole": false,
    "searchTags": "bandana, casual, cloth, headgear, p3d, wrap",
    "image": "images/characters/headgear/bandana_blackpattern/bandana_blackpattern.jpg"
  },
  {
    "objectName": "baseballcap_ground.p3d",
    "inGameName": "Baseball Cap",
    "category": "characters",
    "modelType": "Raw P3D",
    "path": "dz/characters/headgear",
    "usableOnConsole": false,
    "searchTags": "cap, civilian, headgear, p3d, sports",
    "image": "images/characters/headgear/baseballcap_beige/baseballcap_beige.jpg"
  },
  {
    "objectName": "beaniehat_ground.p3d",
    "inGameName": "Beanie",
    "category": "characters",
    "modelType": "Raw P3D",
    "path": "dz/characters/headgear",
    "usableOnConsole": false,
    "searchTags": "beanie, headgear, insulated, knit, p3d, winter",
    "image": "images/characters/headgear/beaniehat_beige/beaniehat_beige.jpg"
  },
  {
    "objectName": "booniehat_g.p3d",
    "inGameName": "Boonie Hat",
    "category": "characters",
    "modelType": "Raw P3D",
    "path": "dz/characters/headgear",
    "usableOnConsole": false,
    "searchTags": "boonie, headgear, outdoors, p3d",
    "image": "images/characters/headgear/booniehat_black/booniehat_black.jpg"
  },
  {
    "objectName": "budenovka_g.p3d",
    "inGameName": "Budenovka Hat",
    "category": "characters",
    "modelType": "Raw P3D",
    "path": "dz/characters/headgear",
    "usableOnConsole": false,
    "searchTags": "soviet, military, insulated, headgear, gray, winter",
    "image": "images/characters/headgear/budenovkahat_gray/budenovkahat_gray.jpg"
  },
  {
    "objectName": "chainmail_coif_g.p3d",
    "inGameName": "Chainmail Coif",
    "category": "characters",
    "modelType": "Raw P3D",
    "path": "dz/characters/headgear",
    "usableOnConsole": false,
    "searchTags": "headgear, p3d",
    "image": "images/characters/headgear/chainmail_coif/chainmail_coif.jpg"
  },
  {
    "objectName": "christmasheadband_antlers_g.p3d",
    "inGameName": "Festive Headband",
    "category": "characters",
    "modelType": "Raw P3D",
    "path": "dz/characters/headgear",
    "usableOnConsole": false,
    "searchTags": "festive, headgear, p3d",
    "image": "images/characters/headgear/christmasheadband_antlers/christmasheadband_antlers.jpg"
  },
  {
    "objectName": "christmasheadband_antlers_lights_g.p3d",
    "inGameName": "Festive Headband",
    "category": "characters",
    "modelType": "Raw P3D",
    "path": "dz/characters/headgear",
    "usableOnConsole": false,
    "searchTags": "festive, headgear, p3d",
    "image": "images/characters/headgear/christmasheadband_antlers/christmasheadband_antlers.jpg"
  },
  {
    "objectName": "christmasheadband_gingerbread_g.p3d",
    "inGameName": "Festive Headband",
    "category": "characters",
    "modelType": "Raw P3D",
    "path": "dz/characters/headgear",
    "usableOnConsole": false,
    "searchTags": "festive, headgear, p3d",
    "image": "images/characters/headgear/christmasheadband_gingerbread/christmasheadband_gingerbread.jpg"
  },
  {
    "objectName": "christmasheadband_gingerbread_lights_g.p3d",
    "inGameName": "Festive Headband",
    "category": "characters",
    "modelType": "Raw P3D",
    "path": "dz/characters/headgear",
    "usableOnConsole": false,
    "searchTags": "festive, headgear, p3d",
    "image": "images/characters/headgear/christmasheadband_antlers/christmasheadband_antlers.jpg"
  },
  {
    "objectName": "christmasheadband_trees_g.p3d",
    "inGameName": "Festive Headband",
    "category": "characters",
    "modelType": "Raw P3D",
    "path": "dz/characters/headgear",
    "usableOnConsole": false,
    "searchTags": "festive, headgear, p3d",
    "image": "images/characters/headgear/christmasheadband_trees/christmasheadband_trees.jpg"
  },
  {
    "objectName": "christmasheadband_trees_lights_g.p3d",
    "inGameName": "Festive Headband",
    "category": "characters",
    "modelType": "Raw P3D",
    "path": "dz/characters/headgear",
    "usableOnConsole": false,
    "searchTags": "festive, headgear, p3d",
    "image": "images/characters/headgear/christmasheadband_antlers/christmasheadband_antlers.jpg"
  },
  {
    "objectName": "constructionhelmet_g.p3d",
    "inGameName": "Hard Hat",
    "category": "characters",
    "modelType": "Raw P3D",
    "path": "dz/characters/headgear",
    "usableOnConsole": false,
    "searchTags": "headgear, helmet, p3d, protective",
    "image": "images/characters/headgear/constructionhelmet_blue/constructionhelmet_blue.jpg"
  },
  {
    "objectName": "cowboyhat_g.p3d",
    "inGameName": "Cowboy Hat",
    "category": "characters",
    "modelType": "Raw P3D",
    "path": "dz/characters/headgear",
    "usableOnConsole": false,
    "searchTags": "headgear, outdoors, p3d, western",
    "image": "images/characters/headgear/cowboyhat_black/cowboyhat_black.jpg"
  },
  {
    "objectName": "firehelmet_g.p3d",
    "inGameName": "Firefighter Helmet",
    "category": "characters",
    "modelType": "Raw P3D",
    "path": "dz/characters/headgear",
    "usableOnConsole": false,
    "searchTags": "headgear, helmet, p3d, protective",
    "image": "images/characters/headgear/firefightershelmet_red/firefightershelmet_red.jpg"
  },
  {
    "objectName": "flatcap.p3d",
    "inGameName": "Flat Cap",
    "category": "characters",
    "modelType": "Raw P3D",
    "path": "dz/characters/headgear",
    "usableOnConsole": false,
    "searchTags": "cap, civilian, headgear, p3d",
    "image": "images/characters/headgear/flatcap_black/flatcap_black.jpg"
  },
  {
    "objectName": "ghilliehood_g.p3d",
    "inGameName": "Ghillie Hood",
    "category": "characters",
    "modelType": "Raw P3D",
    "path": "dz/characters/headgear",
    "usableOnConsole": false,
    "searchTags": "camouflage, headgear, hood, p3d",
    "image": "images/characters/headgear/ghilliehood_mossy/ghilliehood_mossy.jpg"
  },
  {
    "objectName": "greathelm_g.p3d",
    "inGameName": "Great Helm",
    "category": "characters",
    "modelType": "Raw P3D",
    "path": "dz/characters/headgear",
    "usableOnConsole": false,
    "searchTags": "headgear, p3d",
    "image": "images/characters/headgear/greathelm/greathelm.jpg"
  },
  {
    "objectName": "hat_leather_g.p3d",
    "inGameName": "Leather Hat",
    "category": "characters",
    "modelType": "Raw P3D",
    "path": "dz/characters/headgear",
    "usableOnConsole": false,
    "searchTags": "headgear, leather, outdoors, p3d",
    "image": "images/characters/headgear/leatherhat_beige/leatherhat_beige.jpg"
  },
  {
    "objectName": "headcover_improvised_g.p3d",
    "inGameName": "Improvised Head Wrapping",
    "category": "characters",
    "modelType": "Raw P3D",
    "path": "dz/characters/headgear",
    "usableOnConsole": false,
    "searchTags": "cloth, headgear, p3d, wrap",
    "image": "images/characters/headgear/headcover_improvised/headcover_improvised.jpg"
  },
  {
    "objectName": "headtorch_ground.p3d",
    "inGameName": "Head Torch",
    "category": "characters",
    "modelType": "Raw P3D",
    "path": "dz/characters/headgear",
    "usableOnConsole": false,
    "searchTags": "headgear, p3d",
    "image": "images/characters/headgear/headtorch_black/headtorch_black.jpg"
  },
  {
    "objectName": "head_sack_g.p3d",
    "inGameName": "Burlap Sack",
    "category": "characters",
    "modelType": "Raw P3D",
    "path": "dz/characters/headgear",
    "usableOnConsole": false,
    "searchTags": "burlap, cloth, headgear, p3d, wrap",
    "image": "images/characters/headgear/burlapsackcover/burlapsackcover.jpg"
  },
  {
    "objectName": "helmetmich_g.p3d",
    "inGameName": "Ballistic Helmet",
    "category": "characters",
    "modelType": "Raw P3D",
    "path": "dz/characters/headgear",
    "usableOnConsole": false,
    "searchTags": "armored, headgear, helmet, military, p3d, protective",
    "image": "images/characters/headgear/ballistichelmet_bdu/ballistichelmet_bdu.jpg"
  },
  {
    "objectName": "helohelmet_ground.p3d",
    "inGameName": "Flight Helmet",
    "category": "characters",
    "modelType": "Raw P3D",
    "path": "dz/characters/headgear",
    "usableOnConsole": false,
    "searchTags": "aviation, headgear, helmet, p3d, protective",
    "image": "images/characters/headgear/zsh3pilothelmet/zsh3pilothelmet.jpg"
  },
  {
    "objectName": "hockey_helmet.p3d",
    "inGameName": "Hockey Helmet",
    "category": "characters",
    "modelType": "Raw P3D",
    "path": "dz/characters/headgear",
    "usableOnConsole": false,
    "searchTags": "headgear, helmet, p3d, protective, sports",
    "image": "images/characters/headgear/hockeyhelmet_black/hockeyhelmet_black.jpg"
  },
  {
    "objectName": "leafcrown_autumn_g.p3d",
    "inGameName": "Leaf Crown",
    "category": "characters",
    "modelType": "Raw P3D",
    "path": "dz/characters/headgear",
    "usableOnConsole": false,
    "searchTags": "autumn, camouflage, headgear, p3d",
    "image": "images/characters/headgear/leafcrown_autumn/leafcrown_autumn.jpg"
  },
  {
    "objectName": "leafcrown_spring_g.p3d",
    "inGameName": "Leaf Crown",
    "category": "characters",
    "modelType": "Raw P3D",
    "path": "dz/characters/headgear",
    "usableOnConsole": false,
    "searchTags": "camouflage, headgear, p3d, spring",
    "image": "images/characters/headgear/leafcrown_spring/leafcrown_spring.jpg"
  },
  {
    "objectName": "leafcrown_summer_g.p3d",
    "inGameName": "Leaf Crown",
    "category": "characters",
    "modelType": "Raw P3D",
    "path": "dz/characters/headgear",
    "usableOnConsole": false,
    "searchTags": "camouflage, headgear, p3d, summer",
    "image": "images/characters/headgear/leafcrown_summer/leafcrown_summer.jpg"
  },
  {
    "objectName": "leafcrown_winter_g.p3d",
    "inGameName": "Leaf Crown",
    "category": "characters",
    "modelType": "Raw P3D",
    "path": "dz/characters/headgear",
    "usableOnConsole": false,
    "searchTags": "camouflage, headgear, insulated, p3d, winter",
    "image": "images/characters/headgear/leafcrown_winter/leafcrown_winter.jpg"
  },
  {
    "objectName": "maska_g.p3d",
    "inGameName": "Assault Helmet",
    "category": "characters",
    "modelType": "Raw P3D",
    "path": "dz/characters/headgear",
    "usableOnConsole": false,
    "searchTags": "armored, headgear, helmet, mask, military, p3d, protective",
    "image": "images/characters/headgear/gorkahelmet/gorkahelmet.jpg"
  },
  {
    "objectName": "maska_glass_g.p3d",
    "inGameName": "Assault Helmet Visor",
    "category": "characters",
    "modelType": "Raw P3D",
    "path": "dz/characters/headgear",
    "usableOnConsole": false,
    "searchTags": "armored, headgear, helmet, mask, glass, military, p3d, protective",
    "image": "images/characters/headgear/gorkahelmetvisor/gorkahelmetvisor.jpg"
  },
  {
    "objectName": "medicalscrubs_hat_g.p3d",
    "inGameName": "Scrub Hat",
    "category": "characters",
    "modelType": "Raw P3D",
    "path": "dz/characters/headgear",
    "usableOnConsole": false,
    "searchTags": "headgear, p3d",
    "image": "images/characters/headgear/medicalscrubshat_blue/medicalscrubshat_blue.jpg"
  },
  {
    "objectName": "mich2001_g.p3d",
    "inGameName": "Tactical Helmet",
    "category": "characters",
    "modelType": "Raw P3D",
    "path": "dz/characters/headgear",
    "usableOnConsole": false,
    "searchTags": "armored, headgear, helmet, military, p3d, protective",
    "image": "images/characters/headgear/mich2001helmet/mich2001helmet.jpg"
  },
  {
    "objectName": "militaryberet_cdf_g.p3d",
    "inGameName": "Beret",
    "category": "characters",
    "modelType": "Raw P3D",
    "path": "dz/characters/headgear",
    "usableOnConsole": false,
    "searchTags": "armored, beret, headgear, military, p3d, uniform",
    "image": "images/characters/headgear/militaryberet_cdf/militaryberet_cdf.jpg"
  },
  {
    "objectName": "militaryberet_chdkz_g.p3d",
    "inGameName": "Beret",
    "category": "characters",
    "modelType": "Raw P3D",
    "path": "dz/characters/headgear",
    "usableOnConsole": false,
    "searchTags": "armored, beret, headgear, military, p3d, uniform",
    "image": "images/characters/headgear/militaryberet_chdkz/militaryberet_chdkz.jpg"
  },
  {
    "objectName": "militaryberet_g.p3d",
    "inGameName": "Beret",
    "category": "characters",
    "modelType": "Raw P3D",
    "path": "dz/characters/headgear",
    "usableOnConsole": false,
    "searchTags": "armored, beret, headgear, military, p3d, uniform",
    "image": "images/characters/headgear/militaryberet_cdf/militaryberet_cdf.jpg"
  },
  {
    "objectName": "militaryberet_nz_g.p3d",
    "inGameName": "Beret",
    "category": "characters",
    "modelType": "Raw P3D",
    "path": "dz/characters/headgear",
    "usableOnConsole": false,
    "searchTags": "armored, beret, headgear, military, p3d, uniform",
    "image": "images/characters/headgear/militaryberet_nz/militaryberet_nz.jpg"
  },
  {
    "objectName": "militaryberet_ranger_g.p3d",
    "inGameName": "Beret",
    "category": "characters",
    "modelType": "Raw P3D",
    "path": "dz/characters/headgear",
    "usableOnConsole": false,
    "searchTags": "armored, beret, headgear, military, p3d, uniform",
    "image": "images/characters/headgear/militaryberet_cdf/militaryberet_cdf.jpg"
  },
  {
    "objectName": "militaryberet_un_g.p3d",
    "inGameName": "Beret",
    "category": "characters",
    "modelType": "Raw P3D",
    "path": "dz/characters/headgear",
    "usableOnConsole": false,
    "searchTags": "armored, beret, headgear, military, p3d, uniform",
    "image": "images/characters/headgear/militaryberet_un/militaryberet_un.jpg"
  },
  {
    "objectName": "morozkohat_g.p3d",
    "inGameName": "Morozko Hat",
    "category": "characters",
    "modelType": "Raw P3D",
    "path": "dz/characters/headgear",
    "usableOnConsole": false,
    "searchTags": "festive, headgear, insulated, p3d, winter",
    "image": "images/characters/headgear/morozkohat/morozkohat.jpg"
  },
  {
    "objectName": "motohelmet_ground.p3d",
    "inGameName": "Motorbike Helmet",
    "category": "characters",
    "modelType": "Raw P3D",
    "path": "dz/characters/headgear",
    "usableOnConsole": false,
    "searchTags": "headgear, helmet, p3d, protective",
    "image": "images/characters/headgear/motohelmet_black/motohelmet_black.jpg"
  },
  {
    "objectName": "motohelmet_scarred_ground.p3d",
    "inGameName": "Motorbike Helmet Scarred",
    "category": "characters",
    "modelType": "Raw P3D",
    "path": "dz/characters/headgear",
    "usableOnConsole": false,
    "searchTags": "headgear, helmet, p3d, protective, yellow_king",
    "image": "images/characters/headgear/darkmotohelmet_yellowscarred/darkmotohelmet_yellowscarred.jpg"
  },
  {
    "objectName": "mxhelmet_g.p3d",
    "inGameName": "Enduro Helmet",
    "category": "characters",
    "modelType": "Raw P3D",
    "path": "dz/characters/headgear",
    "usableOnConsole": false,
    "searchTags": "headgear, helmet, p3d, protective",
    "image": "images/characters/headgear/dirtbikehelmet_black/dirtbikehelmet_black.jpg"
  },
  {
    "objectName": "mxhelmet_mouthguard.p3d",
    "inGameName": "Enduro Helmet Mouthguard",
    "category": "characters",
    "modelType": "Raw P3D",
    "path": "dz/characters/headgear",
    "usableOnConsole": false,
    "searchTags": "headgear, helmet, p3d, protective",
    "image": "images/characters/headgear/dirtbikehelmet_mouthguard/dirtbikehelmet_mouthguard.jpg"
  },
  {
    "objectName": "mxhelmet_visor.p3d",
    "inGameName": "Enduro Helmet Visor",
    "category": "characters",
    "modelType": "Raw P3D",
    "path": "dz/characters/headgear",
    "usableOnConsole": false,
    "searchTags": "headgear, helmet, p3d, protective",
    "image": "images/characters/headgear/dirtbikehelmet_visor/dirtbikehelmet_visor.jpg"
  },
  {
    "objectName": "nbc_hood_g.p3d",
    "inGameName": "NBC Hood",
    "category": "characters",
    "modelType": "Raw P3D",
    "path": "dz/characters/headgear",
    "usableOnConsole": false,
    "searchTags": "hazmat, headgear, hood, p3d",
    "image": "images/characters/headgear/nbchoodyellow/nbchoodyellow.jpg"
  },
  {
    "objectName": "norsehelm_g.p3d",
    "inGameName": "Norse Helm",
    "category": "characters",
    "modelType": "Raw P3D",
    "path": "dz/characters/headgear",
    "usableOnConsole": false,
    "searchTags": "headgear, p3d",
    "image": "images/characters/headgear/norsehelm/norsehelm.jpg"
  },
  {
    "objectName": "officerhat_g.p3d",
    "inGameName": "Officer Cap",
    "category": "characters",
    "modelType": "Raw P3D",
    "path": "dz/characters/headgear",
    "usableOnConsole": false,
    "searchTags": "cap, civilian, headgear, p3d, uniform",
    "image": "images/characters/headgear/officerhat/officerhat.jpg"
  },
  {
    "objectName": "okzkcap_g.p3d",
    "inGameName": "OKZK Cap",
    "category": "characters",
    "modelType": "Raw P3D",
    "path": "dz/characters/headgear",
    "usableOnConsole": false,
    "searchTags": "cap, civilian, headgear, p3d",
    "image": "images/characters/headgear/okzkcap_green/okzkcap_green.jpg"
  },
  {
    "objectName": "pasgt_g.p3d",
    "inGameName": "Camouflage Helmet",
    "category": "characters",
    "modelType": "Raw P3D",
    "path": "dz/characters/headgear",
    "usableOnConsole": false,
    "searchTags": "armored, camouflage, headgear, helmet, military, p3d, protective",
    "image": "images/characters/headgear/ballistichelmet_bdu/ballistichelmet_bdu.jpg"
  },
  {
    "objectName": "petushokhat_g.p3d",
    "inGameName": "Petushok Hat",
    "category": "characters",
    "modelType": "Raw P3D",
    "path": "dz/characters/headgear",
    "usableOnConsole": false,
    "searchTags": "headgear, insulated, knit, winter",
    "image": "images/characters/headgear/petushokhat_black/petushokhat_black.jpg"
  },
  {
    "objectName": "pilotka_g.p3d",
    "inGameName": "Pilotka",
    "category": "characters",
    "modelType": "Raw P3D",
    "path": "dz/characters/headgear",
    "usableOnConsole": false,
    "searchTags": "cap, civilian, headgear, p3d",
    "image": "images/characters/headgear/pilotkacap/pilotkacap.jpg"
  },
  {
    "objectName": "policecap_g.p3d",
    "inGameName": "Police Cap",
    "category": "characters",
    "modelType": "Raw P3D",
    "path": "dz/characters/headgear",
    "usableOnConsole": false,
    "searchTags": "cap, civilian, headgear, p3d, uniform",
    "image": "images/characters/headgear/policecap/policecap.jpg"
  },
  {
    "objectName": "prison_cap_g.p3d",
    "inGameName": "Prisoner Cap",
    "category": "characters",
    "modelType": "Raw P3D",
    "path": "dz/characters/headgear",
    "usableOnConsole": false,
    "searchTags": "cap, civilian, headgear, p3d",
    "image": "images/characters/headgear/prisonercap/prisonercap.jpg"
  },
  {
    "objectName": "protecskatehelmet2_g.p3d",
    "inGameName": "Skate Helmet",
    "category": "characters",
    "modelType": "Raw P3D",
    "path": "dz/characters/headgear",
    "usableOnConsole": false,
    "searchTags": "headgear, helmet, p3d, protective",
    "image": "images/characters/headgear/skatehelmet_black/skatehelmet_black.jpg"
  },
  {
    "objectName": "pumpkinhelmet_g.p3d",
    "inGameName": "Jack-o'-lantern",
    "category": "characters",
    "modelType": "Raw P3D",
    "path": "dz/characters/headgear",
    "usableOnConsole": false,
    "searchTags": "festive, headgear, helmet, p3d, protective",
    "image": "images/characters/headgear/pumpkinhelmet/pumpkinhelmet.jpg"
  },
  {
    "objectName": "radarcap_g.p3d",
    "inGameName": "Radar Cap",
    "category": "characters",
    "modelType": "Raw P3D",
    "path": "dz/characters/headgear",
    "usableOnConsole": false,
    "searchTags": "cap, civilian, headgear, p3d",
    "image": "images/characters/headgear/radarcap_black/radarcap_black.jpg"
  },
  {
    "objectName": "santashat_g.p3d",
    "inGameName": "Santa Hat",
    "category": "characters",
    "modelType": "Raw P3D",
    "path": "dz/characters/headgear",
    "usableOnConsole": false,
    "searchTags": "festive, headgear, p3d",
    "image": "images/characters/headgear/santashat/santashat.jpg"
  },
  {
    "objectName": "shemaghybrid_g.p3d",
    "inGameName": "Shemagh",
    "category": "characters",
    "modelType": "Raw P3D",
    "path": "dz/characters/headgear",
    "usableOnConsole": false,
    "searchTags": "cloth, desert, headgear, p3d, scarf, wrap",
    "image": "images/characters/headgear/shemag_brown/shemag_brown.jpg"
  },
  {
    "objectName": "sherpahat_g.p3d",
    "inGameName": "Sherpa Hat",
    "category": "characters",
    "modelType": "Raw P3D",
    "path": "dz/characters/headgear",
    "usableOnConsole": false,
    "searchTags": "headgear, insulated, p3d, winter",
    "image": "images/characters/headgear/sherpahat_black/sherpahat_black.jpg"
  },
  {
    "objectName": "snowstormushanka_g.p3d",
    "inGameName": "Snowstorm Ushanka",
    "category": "characters",
    "modelType": "Raw P3D",
    "path": "dz/characters/headgear",
    "usableOnConsole": false,
    "searchTags": "fur, headgear, insulated, p3d, ushanka, winter",
    "image": "images/characters/headgear/snowstormushanka_brown/snowstormushanka_brown.jpg"
  },
  {
    "objectName": "ssh68helmet_g.p3d",
    "inGameName": "Combat Helmet",
    "category": "characters",
    "modelType": "Raw P3D",
    "path": "dz/characters/headgear",
    "usableOnConsole": false,
    "searchTags": "armored, headgear, helmet, military, p3d, protective",
    "image": "images/characters/headgear/ssh68helmet/ssh68helmet.jpg"
  },
  {
    "objectName": "tankerhelmet.p3d",
    "inGameName": "Tanker Helmet",
    "category": "characters",
    "modelType": "Raw P3D",
    "path": "dz/characters/headgear",
    "usableOnConsole": false,
    "searchTags": "armored, headgear, helmet, military, p3d, protective",
    "image": "images/characters/headgear/tankerhelmet/tankerhelmet.jpg"
  },
  {
    "objectName": "ushanka_ground.p3d",
    "inGameName": "Ushanka",
    "category": "characters",
    "modelType": "Raw P3D",
    "path": "dz/characters/headgear",
    "usableOnConsole": false,
    "searchTags": "fur, headgear, insulated, p3d, ushanka, winter",
    "image": "images/characters/headgear/ushanka_black/ushanka_black.jpg"
  },
  {
    "objectName": "wintercoif_g.p3d",
    "inGameName": "Winter Coif",
    "category": "characters",
    "modelType": "Raw P3D",
    "path": "dz/characters/headgear",
    "usableOnConsole": false,
    "searchTags": "headgear, insulated, p3d, winter",
    "image": "images/characters/headgear/wintercoif_black/wintercoif_black.jpg"
  },
  {
    "objectName": "witchhat_g.p3d",
    "inGameName": "Witch Hat",
    "category": "characters",
    "modelType": "Raw P3D",
    "path": "dz/characters/headgear",
    "usableOnConsole": false,
    "searchTags": "festive, headgear, p3d",
    "image": "images/characters/headgear/witchhat/witchhat.jpg"
  },
  {
    "objectName": "witchhoodcoif_g.p3d",
    "inGameName": "Witch Hood Coif",
    "category": "characters",
    "modelType": "Raw P3D",
    "path": "dz/characters/headgear",
    "usableOnConsole": false,
    "searchTags": "seasonal, headgear, witch, halloween, spooky",
    "image": "images/characters/headgear/witchhood_red/witchhood_red.jpg"
  },
  {
    "objectName": "witchhood_g.p3d",
    "inGameName": "Witch Hood",
    "category": "characters",
    "modelType": "Raw P3D",
    "path": "dz/characters/headgear",
    "usableOnConsole": false,
    "searchTags": "festive, headgear, hood, p3d",
    "image": "images/characters/headgear/witchhood_black/witchhood_black.jpg"
  },
  {
    "objectName": "wolfheaddress_g.p3d",
    "inGameName": "Headdress",
    "category": "characters",
    "modelType": "Raw P3D",
    "path": "dz/characters/headgear",
    "usableOnConsole": false,
    "searchTags": "headgear, insulated, p3d, winter",
    "image": "images/characters/headgear/headdress_wolf/headdress_wolf.jpg"
  },
  {
    "objectName": "zmijovkacap_g.p3d",
    "inGameName": "Zmiovka",
    "category": "characters",
    "modelType": "Raw P3D",
    "path": "dz/characters/headgear",
    "usableOnConsole": false,
    "searchTags": "cap, civilian, headgear, p3d",
    "image": "images/characters/headgear/zmijovkacap_black/zmijovkacap_black.jpg"
  },
  {
    "objectName": "Bandana_Camopattern",
    "inGameName": "Bandana",
    "category": "characters",
    "modelType": "Config",
    "path": "dz/characters/headgear",
    "usableOnConsole": true,
    "searchTags": "armored, black, headgear, helmet, military, protective",
    "image": "images/characters/headgear/bandana_blue/bandana_blue.jpg"
  },
  {
    "objectName": "Bandana_Polkapattern",
    "inGameName": "Bandana",
    "category": "characters",
    "modelType": "Config",
    "path": "dz/characters/headgear",
    "usableOnConsole": true,
    "searchTags": "armored, black, headgear, helmet, military, protective",
    "image": "images/characters/headgear/bandana_polkapattern/bandana_polkapattern.jpg"
  },
  {
    "objectName": "Bandana_Redpattern",
    "inGameName": "Bandana",
    "category": "characters",
    "modelType": "Config",
    "path": "dz/characters/headgear",
    "usableOnConsole": true,
    "searchTags": "armored, black, headgear, helmet, military, protective",
    "image": "images/characters/headgear/bandana_redpattern/bandana_redpattern.jpg"
  },
  {
    "objectName": "DarkMotoHelmet_Black",
    "inGameName": "Motorbike Helmet",
    "category": "characters",
    "modelType": "Config",
    "path": "dz/characters/headgear",
    "usableOnConsole": true,
    "searchTags": "headgear, helmet, protective, black",
    "image": "images/characters/headgear/darkmotohelmet_black/darkmotohelmet_black.jpg"
  },
  {
    "objectName": "DarkMotoHelmet_Blue",
    "inGameName": "Motorbike Helmet",
    "category": "characters",
    "modelType": "Config",
    "path": "dz/characters/headgear",
    "usableOnConsole": true,
    "searchTags": "headgear, helmet, protective, blue",
    "image": "images/characters/headgear/darkmotohelmet_blue/darkmotohelmet_blue.jpg"
  },
  {
    "objectName": "DarkMotoHelmet_Green",
    "inGameName": "Motorbike Helmet",
    "category": "characters",
    "modelType": "Config",
    "path": "dz/characters/headgear",
    "usableOnConsole": true,
    "searchTags": "headgear, helmet, protective, green",
    "image": "images/characters/headgear/darkmotohelmet_green/darkmotohelmet_green.jpg"
  },
  {
    "objectName": "DarkMotoHelmet_Grey",
    "inGameName": "Motorbike Helmet",
    "category": "characters",
    "modelType": "Config",
    "path": "dz/characters/headgear",
    "usableOnConsole": true,
    "searchTags": "headgear, helmet, protective, grey",
    "image": "images/characters/headgear/darkmotohelmet_grey/darkmotohelmet_grey.jpg"
  },
  {
    "objectName": "DarkMotoHelmet_Lime",
    "inGameName": "Motorbike Helmet",
    "category": "characters",
    "modelType": "Config",
    "path": "dz/characters/headgear",
    "usableOnConsole": true,
    "searchTags": "headgear, helmet, protective, lime",
    "image": "images/characters/headgear/darkmotohelmet_lime/darkmotohelmet_lime.jpg"
  },
  {
    "objectName": "DarkMotoHelmet_Red",
    "inGameName": "Motorbike Helmet",
    "category": "characters",
    "modelType": "Config",
    "path": "dz/characters/headgear",
    "usableOnConsole": true,
    "searchTags": "headgear, helmet, protective, red",
    "image": "images/characters/headgear/darkmotohelmet_red/darkmotohelmet_red.jpg"
  },
  {
    "objectName": "MotoHelmet_White",
    "inGameName": "Motorbike Helmet",
    "category": "characters",
    "modelType": "Config",
    "path": "dz/characters/headgear",
    "usableOnConsole": true,
    "searchTags": "white, headgear, helmet, protective",
    "image": "images/characters/headgear/motohelmet_white/motohelmet_white.jpg"
  },
  {
    "objectName": "MotoHelmet_Yellow",
    "inGameName": "Motorbike Helmet",
    "category": "characters",
    "modelType": "Config",
    "path": "dz/characters/headgear",
    "usableOnConsole": true,
    "searchTags": "yellow, headgear, helmet, protective",
    "image": "images/characters/headgear/motohelmet_yellow/motohelmet_yellow.jpg"
  },
  {
    "objectName": "NBCHoodGray",
    "inGameName": "Norse Helm",
    "category": "characters",
    "modelType": "Config",
    "path": "dz/characters/headgear",
    "usableOnConsole": true,
    "searchTags": "headgear",
    "image": "images/characters/headgear/norsehelm/norsehelm.jpg"
  },
  {
    "objectName": "NBCHoodWhite",
    "inGameName": "Norse Helm",
    "category": "characters",
    "modelType": "Config",
    "path": "dz/characters/headgear",
    "usableOnConsole": true,
    "searchTags": "headgear",
    "image": "images/characters/headgear/norsehelm/norsehelm.jpg"
  },
  {
    "objectName": "NBCHoodYellow",
    "inGameName": "Norse Helm",
    "category": "characters",
    "modelType": "Config",
    "path": "dz/characters/headgear",
    "usableOnConsole": true,
    "searchTags": "headgear",
    "image": "images/characters/headgear/norsehelm/norsehelm.jpg"
  },
  {
    "objectName": "OKZKCap_Beige",
    "inGameName": "Officer Cap",
    "category": "characters",
    "modelType": "Config",
    "path": "dz/characters/headgear",
    "usableOnConsole": true,
    "searchTags": "cap, civilian, headgear, uniform",
    "image": "images/characters/headgear/officerhat/officerhat.jpg"
  },
  {
    "objectName": "OKZKCap_Green",
    "inGameName": "Officer Cap",
    "category": "characters",
    "modelType": "Config",
    "path": "dz/characters/headgear",
    "usableOnConsole": true,
    "searchTags": "cap, civilian, headgear, uniform",
    "image": "images/characters/headgear/officerhat/officerhat.jpg"
  },
  {
    "objectName": "PetushokHat_Black",
    "inGameName": "Petushok",
    "category": "characters",
    "modelType": "Config",
    "path": "dz/characters/headgear",
    "usableOnConsole": true,
    "searchTags": "black, headgear, insulated, knit, winter",
    "image": "images/characters/headgear/petushokhat_black/petushokhat_black.jpg"
  },
  {
    "objectName": "PetushokHat_Green",
    "inGameName": "Petushok",
    "category": "characters",
    "modelType": "Config",
    "path": "dz/characters/headgear",
    "usableOnConsole": true,
    "searchTags": "black, headgear, insulated, knit, winter",
    "image": "images/characters/headgear/petushokhat_black/petushokhat_black.jpg"
  },
  {
    "objectName": "PetushokHat_Yellow",
    "inGameName": "Petushok",
    "category": "characters",
    "modelType": "Config",
    "path": "dz/characters/headgear",
    "usableOnConsole": true,
    "searchTags": "black, headgear, insulated, knit, winter",
    "image": "images/characters/headgear/petushokhat_black/petushokhat_black.jpg"
  },
  {
    "objectName": "WitchHoodCoif_Black",
    "inGameName": "Witch Hood",
    "category": "characters",
    "modelType": "Config",
    "path": "dz/characters/headgear",
    "usableOnConsole": true,
    "searchTags": "black, festive, headgear, hood",
    "image": "images/characters/headgear/witchhood_black/witchhood_black.jpg"
  },
  {
    "objectName": "WitchHoodCoif_Brown",
    "inGameName": "Witch Hood",
    "category": "characters",
    "modelType": "Config",
    "path": "dz/characters/headgear",
    "usableOnConsole": true,
    "searchTags": "black, festive, headgear, hood",
    "image": "images/characters/headgear/witchhood_black/witchhood_black.jpg"
  },
  {
    "objectName": "WitchHoodCoif_Red",
    "inGameName": "Witch Hood",
    "category": "characters",
    "modelType": "Config",
    "path": "dz/characters/headgear",
    "usableOnConsole": true,
    "searchTags": "black, festive, headgear, hood",
    "image": "images/characters/headgear/witchhood_black/witchhood_black.jpg"
  },
  {
    "objectName": "WitchHood_Chainmail_Black",
    "inGameName": "Witch Hood",
    "category": "characters",
    "modelType": "Config",
    "path": "dz/characters/headgear",
    "usableOnConsole": true,
    "searchTags": "black, festive, headgear, hood",
    "image": "images/characters/headgear/witchhood_black/witchhood_black.jpg"
  },
  {
    "objectName": "WitchHood_Chainmail_Brown",
    "inGameName": "Witch Hood",
    "category": "characters",
    "modelType": "Config",
    "path": "dz/characters/headgear",
    "usableOnConsole": true,
    "searchTags": "black, festive, headgear, hood",
    "image": "images/characters/headgear/witchhood_black/witchhood_black.jpg"
  },
  {
    "objectName": "WitchHood_Chainmail_Red",
    "inGameName": "Witch Hood",
    "category": "characters",
    "modelType": "Config",
    "path": "dz/characters/headgear",
    "usableOnConsole": true,
    "searchTags": "black, festive, headgear, hood",
    "image": "images/characters/headgear/witchhood_black/witchhood_black.jpg"
  }
]
