[
  {
    "objectName": "GorkaHelmetVisor",
    "inGameName": "Assault Helmet Visor",
    "category": "characters",
    "modelType": "Config",
    "path": "dz/characters/headgear",
    "usableOnConsole": true,
    "searchTags": "armored, assault, headgear, glass, helmet, military, protective, spetsnaz",
    "image": "images/characters/headgear/gorkahelmetvisor/gorkahelmetvisor.jpg",
    "id": "dzobj_j9fwf07b01"
  },
  {
    "objectName": "Bandana_Blue",
    "inGameName": "Bandana",
    "category": "characters",
    "modelType": "Config",
    "path": "dz/characters/headgear",
    "usableOnConsole": true,
    "searchTags": "bandana, blue, cloth, headgear, wrap",
    "image": "images/characters/headgear/bandana_blue/bandana_blue.jpg",
    "id": "dzobj_2mjqjd3kz3"
  },
  {
    "objectName": "Bandana_Blackpattern",
    "inGameName": "Bandana",
    "category": "characters",
    "modelType": "Config",
    "path": "dz/characters/headgear",
    "usableOnConsole": true,
    "searchTags": "bandana, black, cloth, headgear, pattern, wrap",
    "image": "images/characters/headgear/bandana_blackpattern/bandana_blackpattern.jpg",
    "id": "dzobj_j3y46uv28i"
  },
  {
    "objectName": "Bandana_camopattern",
    "inGameName": "Bandana",
    "category": "characters",
    "modelType": "Config",
    "path": "dz/characters/headgear",
    "usableOnConsole": true,
    "searchTags": "bandana, camouflage, cloth, headgear, wrap",
    "image": "images/characters/headgear/bandana_camopattern/bandana_camopattern.jpg",
    "id": "dzobj_qu8ylxwvgy"
  },
  {
    "objectName": "Bandana_Greenpattern",
    "inGameName": "Bandana",
    "category": "characters",
    "modelType": "Config",
    "path": "dz/characters/headgear",
    "usableOnConsole": true,
    "searchTags": "bandana, cloth, green, headgear, pattern, wrap",
    "image": "images/characters/headgear/bandana_greenpattern/bandana_greenpattern.jpg",
    "id": "dzobj_lxi8jehrkr"
  },
  {
    "objectName": "Bandana_Pink",
    "inGameName": "Bandana",
    "category": "characters",
    "modelType": "Config",
    "path": "dz/characters/headgear",
    "usableOnConsole": true,
    "searchTags": "bandana, cloth, headgear, pink, wrap",
    "image": "images/characters/headgear/bandana_pink/bandana_pink.jpg",
    "id": "dzobj_8iv4d9fcyc"
  },
  {
    "objectName": "Bandana_PolkaPattern",
    "inGameName": "Bandana",
    "category": "characters",
    "modelType": "Config",
    "path": "dz/characters/headgear",
    "usableOnConsole": true,
    "searchTags": "bandana, cloth, headgear, pattern, polka, wrap",
    "image": "images/characters/headgear/bandana_polkapattern/bandana_polkapattern.jpg",
    "id": "dzobj_i0l7ebg9ez"
  },
  {
    "objectName": "Bandana_RedPattern",
    "inGameName": "Bandana",
    "category": "characters",
    "modelType": "Config",
    "path": "dz/characters/headgear",
    "usableOnConsole": true,
    "searchTags": "bandana, cloth, headgear, pattern, red, wrap",
    "image": "images/characters/headgear/bandana_redpattern/bandana_redpattern.jpg",
    "id": "dzobj_028r735qqp"
  },
  {
    "objectName": "Bandana_Yellow",
    "inGameName": "Bandana",
    "category": "characters",
    "modelType": "Config",
    "path": "dz/characters/headgear",
    "usableOnConsole": true,
    "searchTags": "bandana, cloth, headgear, wrap, yellow",
    "image": "images/characters/headgear/bandana_yellow/bandana_yellow.jpg",
    "id": "dzobj_4bmoljg8vo"
  },
  {
    "objectName": "BallisticHelmet_Black",
    "inGameName": "Ballistic Helmet",
    "category": "characters",
    "modelType": "Config",
    "path": "dz/characters/headgear",
    "usableOnConsole": true,
    "searchTags": "armored, black, headgear, helmet, military, protective",
    "image": "images/characters/headgear/ballistichelmet_black/ballistichelmet_black.jpg",
    "id": "dzobj_iaftbedhzs"
  },
  {
    "objectName": "BallisticHelmet_Desert",
    "inGameName": "Camouflage Helmet",
    "category": "characters",
    "modelType": "Config",
    "path": "dz/characters/headgear",
    "usableOnConsole": true,
    "searchTags": "armored, camouflage, desert, headgear, helmet, military, protective",
    "image": "images/characters/headgear/ballistichelmet_desert/ballistichelmet_desert.jpg",
    "id": "dzobj_sj64tw9w0p"
  },
  {
    "objectName": "BallisticHelmet_Green",
    "inGameName": "Ballistic Helmet",
    "category": "characters",
    "modelType": "Config",
    "path": "dz/characters/headgear",
    "usableOnConsole": true,
    "searchTags": "armored, green, headgear, helmet, military, protective",
    "image": "images/characters/headgear/ballistichelmet_green/ballistichelmet_green.jpg",
    "id": "dzobj_ke5ysx5c4u"
  },
  {
    "objectName": "BallisticHelmet_Navy",
    "inGameName": "Camouflage Helmet",
    "category": "characters",
    "modelType": "Config",
    "path": "dz/characters/headgear",
    "usableOnConsole": true,
    "searchTags": "armored, camouflage, headgear, helmet, military, navy, protective",
    "image": "images/characters/headgear/ballistichelmet_navy/ballistichelmet_navy.jpg",
    "id": "dzobj_i8arr5g29p"
  },
  {
    "objectName": "BallisticHelmet_UN",
    "inGameName": "Ballistic Helmet",
    "category": "characters",
    "modelType": "Config",
    "path": "dz/characters/headgear",
    "usableOnConsole": true,
    "searchTags": "armored, headgear, helmet, military, protective",
    "image": "images/characters/headgear/ballistichelmet_un/ballistichelmet_un.jpg",
    "id": "dzobj_c50vijr1cp"
  },
  {
    "objectName": "BallisticHelmet_Winter",
    "inGameName": "Camouflage Helmet",
    "category": "characters",
    "modelType": "Config",
    "path": "dz/characters/headgear",
    "usableOnConsole": true,
    "searchTags": "armored, camouflage, headgear, helmet, insulated, military, protective, winter",
    "image": "images/characters/headgear/ballistichelmet_winter/ballistichelmet_winter.jpg",
    "id": "dzobj_2zm6oxxyra"
  },
  {
    "objectName": "BallisticHelmet_Woodland",
    "inGameName": "Camouflage Helmet",
    "category": "characters",
    "modelType": "Config",
    "path": "dz/characters/headgear",
    "usableOnConsole": true,
    "searchTags": "armored, camouflage, headgear, helmet, military, protective, woodland",
    "image": "images/characters/headgear/ballistichelmet_woodland/ballistichelmet_woodland.jpg",
    "id": "dzobj_0qa22jft6k"
  },
  {
    "objectName": "BallisticHelmet_BDU",
    "inGameName": "Camouflage Helmet",
    "category": "characters",
    "modelType": "Config",
    "path": "dz/characters/headgear",
    "usableOnConsole": true,
    "searchTags": "armored, camouflage, headgear, helmet, military, protective",
    "image": "images/characters/headgear/ballistichelmet_bdu/ballistichelmet_bdu.jpg",
    "id": "dzobj_a667vrcvy3"
  },
  {
    "objectName": "HeadCover_Improvised",
    "inGameName": "Improvised Head Wrapping",
    "category": "characters",
    "modelType": "Config",
    "path": "dz/characters/headgear",
    "usableOnConsole": true,
    "searchTags": "cloth, headgear, wrap",
    "image": "images/characters/headgear/headcover_improvised/headcover_improvised.jpg",
    "id": "dzobj_al7263h0aw"
  },
  {
    "objectName": "BaseballCap_Beige",
    "inGameName": "Baseball Cap",
    "category": "characters",
    "modelType": "Config",
    "path": "dz/characters/headgear",
    "usableOnConsole": true,
    "searchTags": "beige, cap, civilian, headgear, sports",
    "image": "images/characters/headgear/baseballcap_beige/baseballcap_beige.jpg",
    "id": "dzobj_vq77eqxait"
  },
  {
    "objectName": "BaseballCap_Black",
    "inGameName": "Baseball Cap",
    "category": "characters",
    "modelType": "Config",
    "path": "dz/characters/headgear",
    "usableOnConsole": true,
    "searchTags": "black, cap, civilian, headgear, sports",
    "image": "images/characters/headgear/baseballcap_black/baseballcap_black.jpg",
    "id": "dzobj_68f7jok5ki"
  },
  {
    "objectName": "BaseballCap_Blue",
    "inGameName": "Baseball Cap",
    "category": "characters",
    "modelType": "Config",
    "path": "dz/characters/headgear",
    "usableOnConsole": true,
    "searchTags": "blue, cap, civilian, headgear, sports",
    "image": "images/characters/headgear/baseballcap_blue/baseballcap_blue.jpg",
    "id": "dzobj_xrffutbksa"
  },
  {
    "objectName": "BaseballCap_Camo",
    "inGameName": "Baseball Cap",
    "category": "characters",
    "modelType": "Config",
    "path": "dz/characters/headgear",
    "usableOnConsole": true,
    "searchTags": "camo, cap, civilian, headgear, sports",
    "image": "images/characters/headgear/baseballcap_camo/baseballcap_camo.jpg",
    "id": "dzobj_kaqzoe3s0m"
  },
  {
    "objectName": "BaseballCap_CMMG_Black",
    "inGameName": "Baseball Cap",
    "category": "characters",
    "modelType": "Config",
    "path": "dz/characters/headgear",
    "usableOnConsole": true,
    "searchTags": "black, cap, civilian, headgear, sports",
    "image": "images/characters/headgear/baseballcap_cmmg_black/baseballcap_cmmg_black.jpg",
    "id": "dzobj_zha640zkh6"
  },
  {
    "objectName": "BaseballCap_CMMG_Pink",
    "inGameName": "Baseball Cap",
    "category": "characters",
    "modelType": "Config",
    "path": "dz/characters/headgear",
    "usableOnConsole": true,
    "searchTags": "cap, civilian, headgear, pink, sports",
    "image": "images/characters/headgear/baseballcap_cmmg_pink/baseballcap_cmmg_pink.jpg",
    "id": "dzobj_lc6yha5z9w"
  },
  {
    "objectName": "BaseballCap_Olive",
    "inGameName": "Baseball Cap",
    "category": "characters",
    "modelType": "Config",
    "path": "dz/characters/headgear",
    "usableOnConsole": true,
    "searchTags": "cap, civilian, headgear, olive, sports",
    "image": "images/characters/headgear/baseballcap_olive/baseballcap_olive.jpg",
    "id": "dzobj_y2widdtqsy"
  },
  {
    "objectName": "BaseballCap_Pink",
    "inGameName": "Baseball Cap",
    "category": "characters",
    "modelType": "Config",
    "path": "dz/characters/headgear",
    "usableOnConsole": true,
    "searchTags": "cap, civilian, headgear, pink, sports",
    "image": "images/characters/headgear/baseballcap_pink/baseballcap_pink.jpg",
    "id": "dzobj_51pz5utyzt"
  },
  {
    "objectName": "BaseballCap_Red",
    "inGameName": "Baseball Cap",
    "category": "characters",
    "modelType": "Config",
    "path": "dz/characters/headgear",
    "usableOnConsole": true,
    "searchTags": "cap, civilian, headgear, red, sports",
    "image": "images/characters/headgear/baseballcap_red/baseballcap_red.jpg",
    "id": "dzobj_cs8idnlhka"
  },
  {
    "objectName": "ZSh3PilotHelmet",
    "inGameName": "Flight Helmet",
    "category": "characters",
    "modelType": "Config",
    "path": "dz/characters/headgear",
    "usableOnConsole": true,
    "searchTags": "armored, aviation, headgear, helmet, military, protective",
    "image": "images/characters/headgear/zsh3pilothelmet/zsh3pilothelmet.jpg",
    "id": "dzobj_bbhho2564u"
  },
  {
    "objectName": "ZSh3PilotHelmet_Green",
    "inGameName": "Flight Helmet",
    "category": "characters",
    "modelType": "Config",
    "path": "dz/characters/headgear",
    "usableOnConsole": true,
    "searchTags": "armored, aviation, green, headgear, helmet, military, protective",
    "image": "images/characters/headgear/zsh3pilothelmet_green/zsh3pilothelmet_green.jpg",
    "id": "dzobj_lrs5jvyyw6"
  },
  {
    "objectName": "ZSh3PilotHelmet_Black",
    "inGameName": "Flight Helmet",
    "category": "characters",
    "modelType": "Config",
    "path": "dz/characters/headgear",
    "usableOnConsole": true,
    "searchTags": "armored, aviation, black, headgear, helmet, military, protective",
    "image": "images/characters/headgear/zsh3pilothelmet_black/zsh3pilothelmet_black.jpg",
    "id": "dzobj_dpaioryv7u"
  },
  {
    "objectName": "ConstructionHelmet_Blue",
    "inGameName": "Hard Hat",
    "category": "characters",
    "modelType": "Config",
    "path": "dz/characters/headgear",
    "usableOnConsole": true,
    "searchTags": "blue, headgear, helmet, protective",
    "image": "images/characters/headgear/constructionhelmet_blue/constructionhelmet_blue.jpg",
    "id": "dzobj_ee03rm7zxe"
  },
  {
    "objectName": "ConstructionHelmet_Lime",
    "inGameName": "Hard Hat",
    "category": "characters",
    "modelType": "Config",
    "path": "dz/characters/headgear",
    "usableOnConsole": true,
    "searchTags": "headgear, helmet, lime, protective",
    "image": "images/characters/headgear/constructionhelmet_lime/constructionhelmet_lime.jpg",
    "id": "dzobj_8706kr9rdg"
  },
  {
    "objectName": "ConstructionHelmet_Orange",
    "inGameName": "Hard Hat",
    "category": "characters",
    "modelType": "Config",
    "path": "dz/characters/headgear",
    "usableOnConsole": true,
    "searchTags": "headgear, helmet, orange, protective",
    "image": "images/characters/headgear/constructionhelmet_orange/constructionhelmet_orange.jpg",
    "id": "dzobj_hmeu9rq4pv"
  },
  {
    "objectName": "ConstructionHelmet_Red",
    "inGameName": "Hard Hat",
    "category": "characters",
    "modelType": "Config",
    "path": "dz/characters/headgear",
    "usableOnConsole": true,
    "searchTags": "headgear, helmet, protective, red",
    "image": "images/characters/headgear/constructionhelmet_red/constructionhelmet_red.jpg",
    "id": "dzobj_d5m3nhm4r1"
  },
  {
    "objectName": "ConstructionHelmet_White",
    "inGameName": "Hard Hat",
    "category": "characters",
    "modelType": "Config",
    "path": "dz/characters/headgear",
    "usableOnConsole": true,
    "searchTags": "headgear, helmet, protective, white",
    "image": "images/characters/headgear/constructionhelmet_white/constructionhelmet_white.jpg",
    "id": "dzobj_ywfnj9zlr3"
  },
  {
    "objectName": "ConstructionHelmet_Yellow",
    "inGameName": "Hard Hat",
    "category": "characters",
    "modelType": "Config",
    "path": "dz/characters/headgear",
    "usableOnConsole": true,
    "searchTags": "headgear, helmet, protective, yellow",
    "image": "images/characters/headgear/constructionhelmet_yellow/constructionhelmet_yellow.jpg",
    "id": "dzobj_0bk97pi3dp"
  },
  {
    "objectName": "BurlapSackCover",
    "inGameName": "Burlap Sack",
    "category": "characters",
    "modelType": "Config",
    "path": "dz/characters/headgear",
    "usableOnConsole": true,
    "searchTags": "burlap, headgear",
    "image": "images/characters/headgear/burlapsackcover/burlapsackcover.jpg",
    "id": "dzobj_m3pgjnm5jo"
  },
  {
    "objectName": "BeanieHat_Beige",
    "inGameName": "Beanie",
    "category": "characters",
    "modelType": "Config",
    "path": "dz/characters/headgear",
    "usableOnConsole": true,
    "searchTags": "beanie, beige, headgear, insulated, knit, winter",
    "image": "images/characters/headgear/beaniehat_beige/beaniehat_beige.jpg",
    "id": "dzobj_9798dpb1kr"
  },
  {
    "objectName": "BeanieHat_Black",
    "inGameName": "Beanie",
    "category": "characters",
    "modelType": "Config",
    "path": "dz/characters/headgear",
    "usableOnConsole": true,
    "searchTags": "beanie, black, headgear, insulated, knit, winter",
    "image": "images/characters/headgear/beaniehat_black/beaniehat_black.jpg",
    "id": "dzobj_c7edq7cqs8"
  },
  {
    "objectName": "BeanieHat_Blue",
    "inGameName": "Beanie",
    "category": "characters",
    "modelType": "Config",
    "path": "dz/characters/headgear",
    "usableOnConsole": true,
    "searchTags": "beanie, blue, headgear, insulated, knit, winter",
    "image": "images/characters/headgear/beaniehat_blue/beaniehat_blue.jpg",
    "id": "dzobj_0b6fd949pj"
  },
  {
    "objectName": "BeanieHat_Brown",
    "inGameName": "Beanie",
    "category": "characters",
    "modelType": "Config",
    "path": "dz/characters/headgear",
    "usableOnConsole": true,
    "searchTags": "beanie, brown, headgear, insulated, knit, winter",
    "image": "images/characters/headgear/beaniehat_brown/beaniehat_brown.jpg",
    "id": "dzobj_wbmsxfyecg"
  },
  {
    "objectName": "BeanieHat_Green",
    "inGameName": "Beanie",
    "category": "characters",
    "modelType": "Config",
    "path": "dz/characters/headgear",
    "usableOnConsole": true,
    "searchTags": "beanie, green, headgear, insulated, knit, winter",
    "image": "images/characters/headgear/beaniehat_green/beaniehat_green.jpg",
    "id": "dzobj_20hhji3txw"
  },
  {
    "objectName": "Petushokhat_Black",
    "inGameName": "Petushok",
    "category": "characters",
    "modelType": "Config",
    "path": "dz/characters/headgear",
    "usableOnConsole": true,
    "searchTags": "black, headgear, insulated, knit, winter",
    "image": "images/characters/headgear/petushokhat_black/petushokhat_black.jpg",
    "id": "dzobj_gxqu8queog"
  },
  {
    "objectName": "Petushokhat_Green",
    "inGameName": "Petushok",
    "category": "characters",
    "modelType": "Config",
    "path": "dz/characters/headgear",
    "usableOnConsole": true,
    "searchTags": "green, headgear, insulated, knit, winter",
    "image": "images/characters/headgear/petushokhat_green/petushokhat_green.jpg",
    "id": "dzobj_h42wprxw2z"
  },
  {
    "objectName": "Petushokhat_Yellow",
    "inGameName": "Petushok",
    "category": "characters",
    "modelType": "Config",
    "path": "dz/characters/headgear",
    "usableOnConsole": true,
    "searchTags": "yellow, headgear, insulated, knit, winter",
    "image": "images/characters/headgear/petushokhat_yellow/petushokhat_yellow.jpg",
    "id": "dzobj_c7b7hc4l35"
  },
  {
    "objectName": "BeanieHat_Grey",
    "inGameName": "Beanie",
    "category": "characters",
    "modelType": "Config",
    "path": "dz/characters/headgear",
    "usableOnConsole": true,
    "searchTags": "beanie, grey, headgear, insulated, knit, winter",
    "image": "images/characters/headgear/beaniehat_grey/beaniehat_grey.jpg",
    "id": "dzobj_lv7bp8lrgf"
  },
  {
    "objectName": "BeanieHat_Pink",
    "inGameName": "Beanie",
    "category": "characters",
    "modelType": "Config",
    "path": "dz/characters/headgear",
    "usableOnConsole": true,
    "searchTags": "beanie, headgear, insulated, knit, pink, winter",
    "image": "images/characters/headgear/beaniehat_pink/beaniehat_pink.jpg",
    "id": "dzobj_mb6d35rryz"
  },
  {
    "objectName": "BeanieHat_Red",
    "inGameName": "Beanie",
    "category": "characters",
    "modelType": "Config",
    "path": "dz/characters/headgear",
    "usableOnConsole": true,
    "searchTags": "beanie, headgear, insulated, knit, red, winter",
    "image": "images/characters/headgear/beaniehat_red/beaniehat_red.jpg",
    "id": "dzobj_h895oq1ocp"
  },
  {
    "objectName": "Ushanka_Black",
    "inGameName": "Ushanka",
    "category": "characters",
    "modelType": "Config",
    "path": "dz/characters/headgear",
    "usableOnConsole": true,
    "searchTags": "black, fur, headgear, insulated, ushanka, winter",
    "image": "images/characters/headgear/ushanka_black/ushanka_black.jpg",
    "id": "dzobj_kouhosci1j"
  },
  {
    "objectName": "Ushanka_Blue",
    "inGameName": "Ushanka",
    "category": "characters",
    "modelType": "Config",
    "path": "dz/characters/headgear",
    "usableOnConsole": true,
    "searchTags": "blue, fur, headgear, insulated, ushanka, winter",
    "image": "images/characters/headgear/ushanka_blue/ushanka_blue.jpg",
    "id": "dzobj_l24ov6dbaq"
  },
  {
    "objectName": "Ushanka_Green",
    "inGameName": "Ushanka",
    "category": "characters",
    "modelType": "Config",
    "path": "dz/characters/headgear",
    "usableOnConsole": true,
    "searchTags": "fur, green, headgear, insulated, ushanka, winter",
    "image": "images/characters/headgear/ushanka_green/ushanka_green.jpg",
    "id": "dzobj_ugz9aen330"
  },
  {
    "objectName": "PumpkinHelmet",
    "inGameName": "Jack-o'-lantern",
    "category": "characters",
    "modelType": "Config",
    "path": "dz/characters/headgear",
    "usableOnConsole": true,
    "searchTags": "festive, headgear, helmet, protective",
    "image": "images/characters/headgear/pumpkinhelmet/pumpkinhelmet.jpg",
    "id": "dzobj_e38g6mn01k"
  },
  {
    "objectName": "MotoHelmet_Black",
    "inGameName": "Motorbike Helmet",
    "category": "characters",
    "modelType": "Config",
    "path": "dz/characters/headgear",
    "usableOnConsole": true,
    "searchTags": "black, headgear, helmet, protective",
    "image": "images/characters/headgear/motohelmet_black/motohelmet_black.jpg",
    "id": "dzobj_6lcw8u233w"
  },
  {
    "objectName": "MotoHelmet_Blue",
    "inGameName": "Motorbike Helmet",
    "category": "characters",
    "modelType": "Config",
    "path": "dz/characters/headgear",
    "usableOnConsole": true,
    "searchTags": "blue, headgear, helmet, protective",
    "image": "images/characters/headgear/motohelmet_blue/motohelmet_blue.jpg",
    "id": "dzobj_s0577ikoal"
  },
  {
    "objectName": "MotoHelmet_Green",
    "inGameName": "Motorbike Helmet",
    "category": "characters",
    "modelType": "Config",
    "path": "dz/characters/headgear",
    "usableOnConsole": true,
    "searchTags": "green, headgear, helmet, protective",
    "image": "images/characters/headgear/motohelmet_green/motohelmet_green.jpg",
    "id": "dzobj_3z4er65rb1"
  },
  {
    "objectName": "MotoHelmet_Grey",
    "inGameName": "Motorbike Helmet",
    "category": "characters",
    "modelType": "Config",
    "path": "dz/characters/headgear",
    "usableOnConsole": true,
    "searchTags": "grey, headgear, helmet, protective",
    "image": "images/characters/headgear/motohelmet_grey/motohelmet_grey.jpg",
    "id": "dzobj_xnxqaaoqws"
  },
  {
    "objectName": "MotoHelmet_Lime",
    "inGameName": "Motorbike Helmet",
    "category": "characters",
    "modelType": "Config",
    "path": "dz/characters/headgear",
    "usableOnConsole": true,
    "searchTags": "headgear, helmet, lime, protective",
    "image": "images/characters/headgear/motohelmet_lime/motohelmet_lime.jpg",
    "id": "dzobj_uo91mq1rvs"
  },
  {
    "objectName": "MotoHelmet_Red",
    "inGameName": "Motorbike Helmet",
    "category": "characters",
    "modelType": "Config",
    "path": "dz/characters/headgear",
    "usableOnConsole": true,
    "searchTags": "headgear, helmet, protective, red",
    "image": "images/characters/headgear/motohelmet_red/motohelmet_red.jpg",
    "id": "dzobj_smxsm70kts"
  },
  {
    "objectName": "DarkMotoHelmet_White",
    "inGameName": "Motorbike Helmet",
    "category": "characters",
    "modelType": "Config",
    "path": "dz/characters/headgear",
    "usableOnConsole": true,
    "searchTags": "headgear, helmet, protective, white",
    "image": "images/characters/headgear/darkmotohelmet_white/darkmotohelmet_white.jpg",
    "id": "dzobj_5ukltvbw2b"
  },
  {
    "objectName": "DarkMotoHelmet_Yellow",
    "inGameName": "Motorbike Helmet",
    "category": "characters",
    "modelType": "Config",
    "path": "dz/characters/headgear",
    "usableOnConsole": true,
    "searchTags": "headgear, helmet, protective, yellow",
    "image": "images/characters/headgear/darkmotohelmet_yellow/darkmotohelmet_yellow.jpg",
    "id": "dzobj_su8x5nwxya"
  },
  {
    "objectName": "DarkMotoHelmet_YellowScarred",
    "inGameName": "Motorbike Helmet",
    "category": "characters",
    "modelType": "Config",
    "path": "dz/characters/headgear",
    "usableOnConsole": true,
    "searchTags": "headgear, helmet, protective, yellow, yellow_king",
    "image": "images/characters/headgear/darkmotohelmet_yellowscarred/darkmotohelmet_yellowscarred.jpg",
    "id": "dzobj_yfcfuy1o0a"
  },
  {
    "objectName": "Headtorch_Black",
    "inGameName": "Head Torch",
    "category": "characters",
    "modelType": "Config",
    "path": "dz/characters/headgear",
    "usableOnConsole": true,
    "searchTags": "black, headgear",
    "image": "images/characters/headgear/headtorch_black/headtorch_black.jpg",
    "id": "dzobj_4enjozu6q7"
  },
  {
    "objectName": "Headtorch_Grey",
    "inGameName": "Head Torch",
    "category": "characters",
    "modelType": "Config",
    "path": "dz/characters/headgear",
    "usableOnConsole": true,
    "searchTags": "grey, headgear",
    "image": "images/characters/headgear/headtorch_grey/headtorch_grey.jpg",
    "id": "dzobj_q40a1kfenl"
  },
  {
    "objectName": "RadarCap_Black",
    "inGameName": "Radar Cap",
    "category": "characters",
    "modelType": "Config",
    "path": "dz/characters/headgear",
    "usableOnConsole": true,
    "searchTags": "black, cap, civilian, headgear",
    "image": "images/characters/headgear/radarcap_black/radarcap_black.jpg",
    "id": "dzobj_nwl62eivik"
  },
  {
    "objectName": "RadarCap_Blue",
    "inGameName": "Radar Cap",
    "category": "characters",
    "modelType": "Config",
    "path": "dz/characters/headgear",
    "usableOnConsole": true,
    "searchTags": "blue, cap, civilian, headgear",
    "image": "images/characters/headgear/radarcap_blue/radarcap_blue.jpg",
    "id": "dzobj_jtgop6d1w8"
  },
  {
    "objectName": "RadarCap_Brown",
    "inGameName": "Radar Cap",
    "category": "characters",
    "modelType": "Config",
    "path": "dz/characters/headgear",
    "usableOnConsole": true,
    "searchTags": "brown, cap, civilian, headgear",
    "image": "images/characters/headgear/radarcap_brown/radarcap_brown.jpg",
    "id": "dzobj_f2dgdog4z0"
  },
  {
    "objectName": "RadarCap_Green",
    "inGameName": "Radar Cap",
    "category": "characters",
    "modelType": "Config",
    "path": "dz/characters/headgear",
    "usableOnConsole": true,
    "searchTags": "cap, civilian, green, headgear",
    "image": "images/characters/headgear/radarcap_green/radarcap_green.jpg",
    "id": "dzobj_m7q13hmqep"
  },
  {
    "objectName": "RadarCap_Red",
    "inGameName": "Radar Cap",
    "category": "characters",
    "modelType": "Config",
    "path": "dz/characters/headgear",
    "usableOnConsole": true,
    "searchTags": "cap, civilian, headgear, red",
    "image": "images/characters/headgear/radarcap_red/radarcap_red.jpg",
    "id": "dzobj_yi4mq92bnz"
  },
  {
    "objectName": "MilitaryBeret_CDF",
    "inGameName": "Beret",
    "category": "characters",
    "modelType": "Config",
    "path": "dz/characters/headgear",
    "usableOnConsole": true,
    "searchTags": "armored, beret, headgear, military, uniform",
    "image": "images/characters/headgear/militaryberet_cdf/militaryberet_cdf.jpg",
    "id": "dzobj_a45a1mfa9s"
  },
  {
    "objectName": "MilitaryBeret_ChDKZ",
    "inGameName": "Beret",
    "category": "characters",
    "modelType": "Config",
    "path": "dz/characters/headgear",
    "usableOnConsole": true,
    "searchTags": "armored, beret, headgear, military, uniform",
    "image": "images/characters/headgear/militaryberet_chdkz/militaryberet_chdkz.jpg",
    "id": "dzobj_wc1fp6xqyb"
  },
  {
    "objectName": "MilitaryBeret_NZ",
    "inGameName": "Beret",
    "category": "characters",
    "modelType": "Config",
    "path": "dz/characters/headgear",
    "usableOnConsole": true,
    "searchTags": "armored, beret, headgear, military, uniform",
    "image": "images/characters/headgear/militaryberet_nz/militaryberet_nz.jpg",
    "id": "dzobj_u5cztdhew8"
  },
  {
    "objectName": "MilitaryBeret_Red",
    "inGameName": "Beret",
    "category": "characters",
    "modelType": "Config",
    "path": "dz/characters/headgear",
    "usableOnConsole": true,
    "searchTags": "armored, beret, headgear, military, red, uniform",
    "image": "images/characters/headgear/militaryberet_red/militaryberet_red.jpg",
    "id": "dzobj_0q3q3ui9iy"
  },
  {
    "objectName": "MilitaryBeret_UN",
    "inGameName": "Beret",
    "category": "characters",
    "modelType": "Config",
    "path": "dz/characters/headgear",
    "usableOnConsole": true,
    "searchTags": "armored, beret, headgear, military, uniform",
    "image": "images/characters/headgear/militaryberet_un/militaryberet_un.jpg",
    "id": "dzobj_3x4vnrw7bb"
  },
  {
    "objectName": "FlatCap_Black",
    "inGameName": "Flat Cap",
    "category": "characters",
    "modelType": "Config",
    "path": "dz/characters/headgear",
    "usableOnConsole": true,
    "searchTags": "black, cap, civilian, headgear",
    "image": "images/characters/headgear/flatcap_black/flatcap_black.jpg",
    "id": "dzobj_05uvvams28"
  },
  {
    "objectName": "FlatCap_BlackCheck",
    "inGameName": "Flat Cap",
    "category": "characters",
    "modelType": "Config",
    "path": "dz/characters/headgear",
    "usableOnConsole": true,
    "searchTags": "black, cap, civilian, headgear",
    "image": "images/characters/headgear/flatcap_blackcheck/flatcap_blackcheck.jpg",
    "id": "dzobj_61w3evqcnq"
  },
  {
    "objectName": "FlatCap_Blue",
    "inGameName": "Flat Cap",
    "category": "characters",
    "modelType": "Config",
    "path": "dz/characters/headgear",
    "usableOnConsole": true,
    "searchTags": "blue, cap, civilian, headgear",
    "image": "images/characters/headgear/flatcap_blue/flatcap_blue.jpg",
    "id": "dzobj_4wxtpfnbho"
  },
  {
    "objectName": "FlatCap_Brown",
    "inGameName": "Flat Cap",
    "category": "characters",
    "modelType": "Config",
    "path": "dz/characters/headgear",
    "usableOnConsole": true,
    "searchTags": "brown, cap, civilian, headgear",
    "image": "images/characters/headgear/flatcap_brown/flatcap_brown.jpg",
    "id": "dzobj_8y8mi1twlf"
  },
  {
    "objectName": "FlatCap_BrownCheck",
    "inGameName": "Flat Cap",
    "category": "characters",
    "modelType": "Config",
    "path": "dz/characters/headgear",
    "usableOnConsole": true,
    "searchTags": "brown, cap, civilian, headgear",
    "image": "images/characters/headgear/flatcap_browncheck/flatcap_browncheck.jpg",
    "id": "dzobj_11pu0ptul7"
  },
  {
    "objectName": "FlatCap_Grey",
    "inGameName": "Flat Cap",
    "category": "characters",
    "modelType": "Config",
    "path": "dz/characters/headgear",
    "usableOnConsole": true,
    "searchTags": "cap, civilian, grey, headgear",
    "image": "images/characters/headgear/flatcap_grey/flatcap_grey.jpg",
    "id": "dzobj_us42u32pi1"
  },
  {
    "objectName": "FlatCap_GreyCheck",
    "inGameName": "Flat Cap",
    "category": "characters",
    "modelType": "Config",
    "path": "dz/characters/headgear",
    "usableOnConsole": true,
    "searchTags": "cap, civilian, grey, headgear",
    "image": "images/characters/headgear/flatcap_greycheck/flatcap_greycheck.jpg",
    "id": "dzobj_7ri8hbbqxa"
  },
  {
    "objectName": "FlatCap_Red",
    "inGameName": "Flat Cap",
    "category": "characters",
    "modelType": "Config",
    "path": "dz/characters/headgear",
    "usableOnConsole": true,
    "searchTags": "cap, civilian, headgear, red",
    "image": "images/characters/headgear/flatcap_red/flatcap_red.jpg",
    "id": "dzobj_anq9nuztr9"
  },
  {
    "objectName": "ZmijovkaCap_Black",
    "inGameName": "Zmiovka",
    "category": "characters",
    "modelType": "Config",
    "path": "dz/characters/headgear",
    "usableOnConsole": true,
    "searchTags": "black, cap, civilian, headgear",
    "image": "images/characters/headgear/zmijovkacap_black/zmijovkacap_black.jpg",
    "id": "dzobj_y9hh14mcvx"
  },
  {
    "objectName": "ZmijovkaCap_Blue",
    "inGameName": "Zmiovka",
    "category": "characters",
    "modelType": "Config",
    "path": "dz/characters/headgear",
    "usableOnConsole": true,
    "searchTags": "blue, cap, civilian, headgear",
    "image": "images/characters/headgear/zmijovkacap_blue/zmijovkacap_blue.jpg",
    "id": "dzobj_owgp61d3wr"
  },
  {
    "objectName": "ZmijovkaCap_Brown",
    "inGameName": "Zmiovka",
    "category": "characters",
    "modelType": "Config",
    "path": "dz/characters/headgear",
    "usableOnConsole": true,
    "searchTags": "brown, cap, civilian, headgear",
    "image": "images/characters/headgear/zmijovkacap_brown/zmijovkacap_brown.jpg",
    "id": "dzobj_qebhb2qk85"
  },
  {
    "objectName": "ZmijovkaCap_Green",
    "inGameName": "Zmiovka",
    "category": "characters",
    "modelType": "Config",
    "path": "dz/characters/headgear",
    "usableOnConsole": true,
    "searchTags": "cap, civilian, green, headgear",
    "image": "images/characters/headgear/zmijovkacap_green/zmijovkacap_green.jpg",
    "id": "dzobj_oe5dy7og4u"
  },
  {
    "objectName": "ZmijovkaCap_Red",
    "inGameName": "Zmiovka",
    "category": "characters",
    "modelType": "Config",
    "path": "dz/characters/headgear",
    "usableOnConsole": true,
    "searchTags": "cap, civilian, headgear, red",
    "image": "images/characters/headgear/zmijovkacap_red/zmijovkacap_red.jpg",
    "id": "dzobj_emkvuonfsr"
  },
  {
    "objectName": "CowboyHat_black",
    "inGameName": "Cowboy Hat",
    "category": "characters",
    "modelType": "Config",
    "path": "dz/characters/headgear",
    "usableOnConsole": true,
    "searchTags": "black, headgear, outdoors, western",
    "image": "images/characters/headgear/cowboyhat_black/cowboyhat_black.jpg",
    "id": "dzobj_ri9c0jfhsf"
  },
  {
    "objectName": "CowboyHat_Brown",
    "inGameName": "Cowboy Hat",
    "category": "characters",
    "modelType": "Config",
    "path": "dz/characters/headgear",
    "usableOnConsole": true,
    "searchTags": "brown, headgear, outdoors, western",
    "image": "images/characters/headgear/cowboyhat_brown/cowboyhat_brown.jpg",
    "id": "dzobj_nd2ekhqyn6"
  },
  {
    "objectName": "CowboyHat_darkBrown",
    "inGameName": "Cowboy Hat",
    "category": "characters",
    "modelType": "Config",
    "path": "dz/characters/headgear",
    "usableOnConsole": true,
    "searchTags": "brown, headgear, outdoors, western",
    "image": "images/characters/headgear/cowboyhat_darkbrown/cowboyhat_darkbrown.jpg",
    "id": "dzobj_ct3l14pmsu"
  },
  {
    "objectName": "CowboyHat_green",
    "inGameName": "Cowboy Hat",
    "category": "characters",
    "modelType": "Config",
    "path": "dz/characters/headgear",
    "usableOnConsole": true,
    "searchTags": "green, headgear, outdoors, western",
    "image": "images/characters/headgear/cowboyhat_green/cowboyhat_green.jpg",
    "id": "dzobj_s69ltuyyr7"
  },
  {
    "objectName": "BoonieHat_Black",
    "inGameName": "Boonie Hat",
    "category": "characters",
    "modelType": "Config",
    "path": "dz/characters/headgear",
    "usableOnConsole": true,
    "searchTags": "black, boonie, headgear, outdoors",
    "image": "images/characters/headgear/booniehat_black/booniehat_black.jpg",
    "id": "dzobj_tghpi10o2d"
  },
  {
    "objectName": "BoonieHat_Blue",
    "inGameName": "Boonie Hat",
    "category": "characters",
    "modelType": "Config",
    "path": "dz/characters/headgear",
    "usableOnConsole": true,
    "searchTags": "blue, boonie, headgear, outdoors",
    "image": "images/characters/headgear/booniehat_blue/booniehat_blue.jpg",
    "id": "dzobj_d66js7fu0g"
  },
  {
    "objectName": "BoonieHat_DPM",
    "inGameName": "Boonie Hat",
    "category": "characters",
    "modelType": "Config",
    "path": "dz/characters/headgear",
    "usableOnConsole": true,
    "searchTags": "boonie, headgear, outdoors",
    "image": "images/characters/headgear/booniehat_dpm/booniehat_dpm.jpg",
    "id": "dzobj_3pw1xujq1g"
  },
  {
    "objectName": "BoonieHat_Dubok",
    "inGameName": "Boonie Hat",
    "category": "characters",
    "modelType": "Config",
    "path": "dz/characters/headgear",
    "usableOnConsole": true,
    "searchTags": "boonie, headgear, outdoors",
    "image": "images/characters/headgear/booniehat_dubok/booniehat_dubok.jpg",
    "id": "dzobj_lb1rznpe0e"
  },
  {
    "objectName": "BoonieHat_Flecktran",
    "inGameName": "Boonie Hat",
    "category": "characters",
    "modelType": "Config",
    "path": "dz/characters/headgear",
    "usableOnConsole": true,
    "searchTags": "boonie, headgear, outdoors",
    "image": "images/characters/headgear/booniehat_flecktran/booniehat_flecktran.jpg",
    "id": "dzobj_p1j8cmrpz5"
  },
  {
    "objectName": "BoonieHat_NavyBlue",
    "inGameName": "Boonie Hat",
    "category": "characters",
    "modelType": "Config",
    "path": "dz/characters/headgear",
    "usableOnConsole": true,
    "searchTags": "blue, boonie, headgear, navy, outdoors",
    "image": "images/characters/headgear/booniehat_navyblue/booniehat_navyblue.jpg",
    "id": "dzobj_jx6a0l6fb0"
  },
  {
    "objectName": "BoonieHat_Olive",
    "inGameName": "Boonie Hat",
    "category": "characters",
    "modelType": "Config",
    "path": "dz/characters/headgear",
    "usableOnConsole": true,
    "searchTags": "boonie, headgear, olive, outdoors",
    "image": "images/characters/headgear/booniehat_olive/booniehat_olive.jpg",
    "id": "dzobj_8kwszhkd3l"
  },
  {
    "objectName": "BoonieHat_Orange",
    "inGameName": "Boonie Hat",
    "category": "characters",
    "modelType": "Config",
    "path": "dz/characters/headgear",
    "usableOnConsole": true,
    "searchTags": "boonie, headgear, orange, outdoors",
    "image": "images/characters/headgear/booniehat_orange/booniehat_orange.jpg",
    "id": "dzobj_vwtehk3syr"
  },
  {
    "objectName": "BoonieHat_Red",
    "inGameName": "Boonie Hat",
    "category": "characters",
    "modelType": "Config",
    "path": "dz/characters/headgear",
    "usableOnConsole": true,
    "searchTags": "boonie, headgear, outdoors, red",
    "image": "images/characters/headgear/booniehat_red/booniehat_red.jpg",
    "id": "dzobj_dqawrgspa9"
  },
  {
    "objectName": "BoonieHat_Tan",
    "inGameName": "Boonie Hat",
    "category": "characters",
    "modelType": "Config",
    "path": "dz/characters/headgear",
    "usableOnConsole": true,
    "searchTags": "boonie, headgear, outdoors, tan",
    "image": "images/characters/headgear/booniehat_tan/booniehat_tan.jpg",
    "id": "dzobj_mowf5l64b1"
  },
  {
    "objectName": "BoonieHat_Winter",
    "inGameName": "Boonie Hat",
    "category": "characters",
    "modelType": "Config",
    "path": "dz/characters/headgear",
    "usableOnConsole": true,
    "searchTags": "boonie, headgear, insulated, outdoors, winter",
    "image": "images/characters/headgear/booniehat_winter/booniehat_winter.jpg",
    "id": "dzobj_sjtvief8ku"
  },
  {
    "objectName": "OfficerHat",
    "inGameName": "Officer Cap",
    "category": "characters",
    "modelType": "Config",
    "path": "dz/characters/headgear",
    "usableOnConsole": true,
    "searchTags": "cap, civilian, headgear, uniform",
    "image": "images/characters/headgear/officerhat/officerhat.jpg",
    "id": "dzobj_2csdyq8mwz"
  },
  {
    "objectName": "PoliceCap",
    "inGameName": "Police Cap",
    "category": "characters",
    "modelType": "Config",
    "path": "dz/characters/headgear",
    "usableOnConsole": true,
    "searchTags": "cap, civilian, headgear, uniform",
    "image": "images/characters/headgear/policecap/policecap.jpg",
    "id": "dzobj_960jrv0m19"
  },
  {
    "objectName": "PilotkaCap",
    "inGameName": "Pilotka",
    "category": "characters",
    "modelType": "Config",
    "path": "dz/characters/headgear",
    "usableOnConsole": true,
    "searchTags": "cap, civilian, headgear",
    "image": "images/characters/headgear/pilotkacap/pilotkacap.jpg",
    "id": "dzobj_u7iwhl4h15"
  },
  {
    "objectName": "TankerHelmet",
    "inGameName": "Tanker Helmet",
    "category": "characters",
    "modelType": "Config",
    "path": "dz/characters/headgear",
    "usableOnConsole": true,
    "searchTags": "armored, headgear, helmet, military, protective",
    "image": "images/characters/headgear/tankerhelmet/tankerhelmet.jpg",
    "id": "dzobj_dgyhi8zurh"
  },
  {
    "objectName": "GorkaHelmet",
    "inGameName": "Assault Helmet",
    "category": "characters",
    "modelType": "Config",
    "path": "dz/characters/headgear",
    "usableOnConsole": true,
    "searchTags": "armored, assault, headgear, helmet, military, protective, spetsnaz",
    "image": "images/characters/headgear/gorkahelmet/gorkahelmet.jpg",
    "id": "dzobj_6nymd7t80m"
  },
  {
    "objectName": "FirefightersHelmet_Red",
    "inGameName": "Firefighter Helmet",
    "category": "characters",
    "modelType": "Config",
    "path": "dz/characters/headgear",
    "usableOnConsole": true,
    "searchTags": "headgear, helmet, protective, red",
    "image": "images/characters/headgear/firefightershelmet_red/firefightershelmet_red.jpg",
    "id": "dzobj_ivzcbgvrhj"
  },
  {
    "objectName": "FirefightersHelmet_White",
    "inGameName": "Firefighter Helmet",
    "category": "characters",
    "modelType": "Config",
    "path": "dz/characters/headgear",
    "usableOnConsole": true,
    "searchTags": "headgear, helmet, protective, white",
    "image": "images/characters/headgear/firefightershelmet_white/firefightershelmet_white.jpg",
    "id": "dzobj_2naub3o4q5"
  },
  {
    "objectName": "FirefightersHelmet_Yellow",
    "inGameName": "Firefighter Helmet",
    "category": "characters",
    "modelType": "Config",
    "path": "dz/characters/headgear",
    "usableOnConsole": true,
    "searchTags": "headgear, helmet, protective, yellow",
    "image": "images/characters/headgear/firefightershelmet_yellow/firefightershelmet_yellow.jpg",
    "id": "dzobj_1b2trbtdls"
  },
  {
    "objectName": "SkateHelmet_Black",
    "inGameName": "Skate Helmet",
    "category": "characters",
    "modelType": "Config",
    "path": "dz/characters/headgear",
    "usableOnConsole": true,
    "searchTags": "black, headgear, helmet, protective",
    "image": "images/characters/headgear/skatehelmet_black/skatehelmet_black.jpg",
    "id": "dzobj_1mcnjx345s"
  },
  {
    "objectName": "SkateHelmet_Blue",
    "inGameName": "Skate Helmet",
    "category": "characters",
    "modelType": "Config",
    "path": "dz/characters/headgear",
    "usableOnConsole": true,
    "searchTags": "blue, headgear, helmet, protective",
    "image": "images/characters/headgear/skatehelmet_blue/skatehelmet_blue.jpg",
    "id": "dzobj_1neyo5oarp"
  },
  {
    "objectName": "SkateHelmet_Gray",
    "inGameName": "Skate Helmet",
    "category": "characters",
    "modelType": "Config",
    "path": "dz/characters/headgear",
    "usableOnConsole": true,
    "searchTags": "gray, headgear, helmet, protective",
    "image": "images/characters/headgear/skatehelmet_gray/skatehelmet_gray.jpg",
    "id": "dzobj_ts5w44yl8u"
  },
  {
    "objectName": "SkateHelmet_Green",
    "inGameName": "Skate Helmet",
    "category": "characters",
    "modelType": "Config",
    "path": "dz/characters/headgear",
    "usableOnConsole": true,
    "searchTags": "green, headgear, helmet, protective",
    "image": "images/characters/headgear/skatehelmet_green/skatehelmet_green.jpg",
    "id": "dzobj_vhruwkr7om"
  },
  {
    "objectName": "SkateHelmet_Red",
    "inGameName": "Skate Helmet",
    "category": "characters",
    "modelType": "Config",
    "path": "dz/characters/headgear",
    "usableOnConsole": true,
    "searchTags": "headgear, helmet, protective, red",
    "image": "images/characters/headgear/skatehelmet_red/skatehelmet_red.jpg",
    "id": "dzobj_q3d9sbtszc"
  },
  {
    "objectName": "PrisonerCap",
    "inGameName": "Prisoner Cap",
    "category": "characters",
    "modelType": "Config",
    "path": "dz/characters/headgear",
    "usableOnConsole": true,
    "searchTags": "cap, civilian, headgear",
    "image": "images/characters/headgear/prisonercap/prisonercap.jpg",
    "id": "dzobj_jiv4bu94vw"
  },
  {
    "objectName": "GhillieHood_Mossy",
    "inGameName": "Ghillie Hood",
    "category": "characters",
    "modelType": "Config",
    "path": "dz/characters/headgear",
    "usableOnConsole": true,
    "searchTags": "camouflage, headgear, hood",
    "image": "images/characters/headgear/ghilliehood_mossy/ghilliehood_mossy.jpg",
    "id": "dzobj_e9ydemecf8"
  },
  {
    "objectName": "GhillieHood_Tan",
    "inGameName": "Ghillie Hood",
    "category": "characters",
    "modelType": "Config",
    "path": "dz/characters/headgear",
    "usableOnConsole": true,
    "searchTags": "camouflage, headgear, hood, tan",
    "image": "images/characters/headgear/ghilliehood_tan/ghilliehood_tan.jpg",
    "id": "dzobj_z89lr6jqbn"
  },
  {
    "objectName": "GhillieHood_Winter",
    "inGameName": "Ghillie Hood",
    "category": "characters",
    "modelType": "Config",
    "path": "dz/characters/headgear",
    "usableOnConsole": true,
    "searchTags": "camouflage, headgear, hood, insulated, winter",
    "image": "images/characters/headgear/ghilliehood_winter/ghilliehood_winter.jpg",
    "id": "dzobj_18ha8p490q"
  },
  {
    "objectName": "GhillieHood_Woodland",
    "inGameName": "Ghillie Hood",
    "category": "characters",
    "modelType": "Config",
    "path": "dz/characters/headgear",
    "usableOnConsole": true,
    "searchTags": "camouflage, headgear, hood, woodland",
    "image": "images/characters/headgear/ghilliehood_woodland/ghilliehood_woodland.jpg",
    "id": "dzobj_qobtosb540"
  },
  {
    "objectName": "LeatherHat_Beige",
    "inGameName": "Leather Hat",
    "category": "characters",
    "modelType": "Config",
    "path": "dz/characters/headgear",
    "usableOnConsole": true,
    "searchTags": "beige, headgear, leather, outdoors",
    "image": "images/characters/headgear/leatherhat_beige/leatherhat_beige.jpg",
    "id": "dzobj_caffruiitu"
  },
  {
    "objectName": "LeatherHat_Black",
    "inGameName": "Leather Hat",
    "category": "characters",
    "modelType": "Config",
    "path": "dz/characters/headgear",
    "usableOnConsole": true,
    "searchTags": "black, headgear, leather, outdoors",
    "image": "images/characters/headgear/leatherhat_black/leatherhat_black.jpg",
    "id": "dzobj_17njlc1hr4"
  },
  {
    "objectName": "LeatherHat_Brown",
    "inGameName": "Leather Hat",
    "category": "characters",
    "modelType": "Config",
    "path": "dz/characters/headgear",
    "usableOnConsole": true,
    "searchTags": "brown, headgear, leather, outdoors",
    "image": "images/characters/headgear/leatherhat_brown/leatherhat_brown.jpg",
    "id": "dzobj_3ighy11182"
  },
  {
    "objectName": "LeatherHat_Natural",
    "inGameName": "Leather Hat",
    "category": "characters",
    "modelType": "Config",
    "path": "dz/characters/headgear",
    "usableOnConsole": true,
    "searchTags": "headgear, leather, outdoors",
    "image": "images/characters/headgear/leatherhat_natural/leatherhat_natural.jpg",
    "id": "dzobj_ulzkult3fx"
  },
  {
    "objectName": "MedicalScrubsHat_Blue",
    "inGameName": "Scrub Hat",
    "category": "characters",
    "modelType": "Config",
    "path": "dz/characters/headgear",
    "usableOnConsole": true,
    "searchTags": "blue, headgear",
    "image": "images/characters/headgear/medicalscrubshat_blue/medicalscrubshat_blue.jpg",
    "id": "dzobj_uufh0vfjw9"
  },
  {
    "objectName": "MedicalScrubsHat_Green",
    "inGameName": "Scrub Hat",
    "category": "characters",
    "modelType": "Config",
    "path": "dz/characters/headgear",
    "usableOnConsole": true,
    "searchTags": "green, headgear",
    "image": "images/characters/headgear/medicalscrubshat_green/medicalscrubshat_green.jpg",
    "id": "dzobj_h2bagz5g12"
  },
  {
    "objectName": "MedicalScrubsHat_White",
    "inGameName": "Scrub Hat",
    "category": "characters",
    "modelType": "Config",
    "path": "dz/characters/headgear",
    "usableOnConsole": true,
    "searchTags": "headgear, white",
    "image": "images/characters/headgear/medicalscrubshat_white/medicalscrubshat_white.jpg",
    "id": "dzobj_hevvbaeqr6"
  },
  {
    "objectName": "GreatHelm",
    "inGameName": "Great Helm",
    "category": "characters",
    "modelType": "Config",
    "path": "dz/characters/headgear",
    "usableOnConsole": true,
    "searchTags": "headgear",
    "image": "images/characters/headgear/greathelm/greathelm.jpg",
    "id": "dzobj_gojg9pv072"
  },
  {
    "objectName": "Ssh68Helmet",
    "inGameName": "Combat Helmet",
    "category": "characters",
    "modelType": "Config",
    "path": "dz/characters/headgear",
    "usableOnConsole": true,
    "searchTags": "armored, headgear, helmet, military, protective",
    "image": "images/characters/headgear/ssh68helmet/ssh68helmet.jpg",
    "id": "dzobj_nyr23kik2p"
  },
  {
    "objectName": "DirtBikeHelmet_Black",
    "inGameName": "Enduro Helmet",
    "category": "characters",
    "modelType": "Config",
    "path": "dz/characters/headgear",
    "usableOnConsole": true,
    "searchTags": "black, headgear, helmet, protective",
    "image": "images/characters/headgear/dirtbikehelmet_black/dirtbikehelmet_black.jpg",
    "id": "dzobj_ef4ruuevls"
  },
  {
    "objectName": "DirtBikeHelmet_Blue",
    "inGameName": "Enduro Helmet",
    "category": "characters",
    "modelType": "Config",
    "path": "dz/characters/headgear",
    "usableOnConsole": true,
    "searchTags": "blue, headgear, helmet, protective",
    "image": "images/characters/headgear/dirtbikehelmet_blue/dirtbikehelmet_blue.jpg",
    "id": "dzobj_z1dtrr7qjm"
  },
  {
    "objectName": "DirtBikeHelmet_Chernarus",
    "inGameName": "Enduro Helmet",
    "category": "characters",
    "modelType": "Config",
    "path": "dz/characters/headgear",
    "usableOnConsole": true,
    "searchTags": "headgear, helmet, protective",
    "image": "images/characters/headgear/dirtbikehelmet_chernarus/dirtbikehelmet_chernarus.jpg",
    "id": "dzobj_tk19ak7lhy"
  },
  {
    "objectName": "DirtBikeHelmet_Green",
    "inGameName": "Enduro Helmet",
    "category": "characters",
    "modelType": "Config",
    "path": "dz/characters/headgear",
    "usableOnConsole": true,
    "searchTags": "green, headgear, helmet, protective",
    "image": "images/characters/headgear/dirtbikehelmet_green/dirtbikehelmet_green.jpg",
    "id": "dzobj_k36y5az8cq"
  },
  {
    "objectName": "DirtBikeHelmet_Khaki",
    "inGameName": "Enduro Helmet",
    "category": "characters",
    "modelType": "Config",
    "path": "dz/characters/headgear",
    "usableOnConsole": true,
    "searchTags": "headgear, helmet, protective",
    "image": "images/characters/headgear/dirtbikehelmet_khaki/dirtbikehelmet_khaki.jpg",
    "id": "dzobj_ok0bv7o32d"
  },
  {
    "objectName": "DirtBikeHelmet_Police",
    "inGameName": "Enduro Helmet",
    "category": "characters",
    "modelType": "Config",
    "path": "dz/characters/headgear",
    "usableOnConsole": true,
    "searchTags": "headgear, helmet, protective, uniform",
    "image": "images/characters/headgear/dirtbikehelmet_police/dirtbikehelmet_police.jpg",
    "id": "dzobj_6ayg7wittt"
  },
  {
    "objectName": "DirtBikeHelmet_Red",
    "inGameName": "Enduro Helmet",
    "category": "characters",
    "modelType": "Config",
    "path": "dz/characters/headgear",
    "usableOnConsole": true,
    "searchTags": "headgear, helmet, protective, red",
    "image": "images/characters/headgear/dirtbikehelmet_red/dirtbikehelmet_red.jpg",
    "id": "dzobj_08j10m9v4b"
  },
  {
    "objectName": "DirtBikeHelmet_Visor",
    "inGameName": "Enduro Helmet Visor",
    "category": "characters",
    "modelType": "Config",
    "path": "dz/characters/headgear",
    "usableOnConsole": true,
    "searchTags": "headgear, helmet, protective",
    "image": "images/characters/headgear/dirtbikehelmet_visor/dirtbikehelmet_visor.jpg",
    "id": "dzobj_bdjmjxogyi"
  },
  {
    "objectName": "DirtBikeHelmet_Mouthguard",
    "inGameName": "Enduro Helmet Mouthguard",
    "category": "characters",
    "modelType": "Config",
    "path": "dz/characters/headgear",
    "usableOnConsole": true,
    "searchTags": "headgear, helmet, protective",
    "image": "images/characters/headgear/dirtbikehelmet_mouthguard/dirtbikehelmet_mouthguard.jpg",
    "id": "dzobj_jrx8jlegva"
  },
  {
    "objectName": "HockeyHelmet_Black",
    "inGameName": "Hockey Helmet",
    "category": "characters",
    "modelType": "Config",
    "path": "dz/characters/headgear",
    "usableOnConsole": true,
    "searchTags": "black, headgear, helmet, protective, sports",
    "image": "images/characters/headgear/hockeyhelmet_black/hockeyhelmet_black.jpg",
    "id": "dzobj_4eclhdwigw"
  },
  {
    "objectName": "HockeyHelmet_Blue",
    "inGameName": "Hockey Helmet",
    "category": "characters",
    "modelType": "Config",
    "path": "dz/characters/headgear",
    "usableOnConsole": true,
    "searchTags": "blue, headgear, helmet, protective, sports",
    "image": "images/characters/headgear/hockeyhelmet_blue/hockeyhelmet_blue.jpg",
    "id": "dzobj_uiwfno67of"
  },
  {
    "objectName": "HockeyHelmet_Red",
    "inGameName": "Hockey Helmet",
    "category": "characters",
    "modelType": "Config",
    "path": "dz/characters/headgear",
    "usableOnConsole": true,
    "searchTags": "headgear, helmet, protective, red, sports",
    "image": "images/characters/headgear/hockeyhelmet_red/hockeyhelmet_red.jpg",
    "id": "dzobj_do95wmxlc2"
  },
  {
    "objectName": "HockeyHelmet_White",
    "inGameName": "Hockey Helmet",
    "category": "characters",
    "modelType": "Config",
    "path": "dz/characters/headgear",
    "usableOnConsole": true,
    "searchTags": "headgear, helmet, protective, sports, white",
    "image": "images/characters/headgear/hockeyhelmet_white/hockeyhelmet_white.jpg",
    "id": "dzobj_0oxup5fxxr"
  },
  {
    "objectName": "SantasHat",
    "inGameName": "Santa Hat",
    "category": "characters",
    "modelType": "Config",
    "path": "dz/characters/headgear",
    "usableOnConsole": true,
    "searchTags": "festive, headgear",
    "image": "images/characters/headgear/santashat/santashat.jpg",
    "id": "dzobj_d1yq5t9jsa"
  },
  {
    "objectName": "BudenovkaHat_Gray",
    "inGameName": "Budenovka Hat",
    "category": "characters",
    "modelType": "Config",
    "path": "dz/characters/headgear",
    "usableOnConsole": true,
    "searchTags": "soviet, military, insulated, headgear, gray, winter",
    "image": "images/characters/headgear/budenovkahat_gray/budenovkahat_gray.jpg",
    "id": "dzobj_a8znilvusz"
  },
  {
    "objectName": "WitchHood_Black",
    "inGameName": "Witch Hood",
    "category": "characters",
    "modelType": "Config",
    "path": "dz/characters/headgear",
    "usableOnConsole": true,
    "searchTags": "seasonal, headgear, witch, halloween, spooky",
    "image": "images/characters/headgear/witchhood_black/witchhood_black.jpg",
    "id": "dzobj_23bkrl6ab0"
  },
  {
    "objectName": "WitchHood_Brown",
    "inGameName": "Witch Hood",
    "category": "characters",
    "modelType": "Config",
    "path": "dz/characters/headgear",
    "usableOnConsole": true,
    "searchTags": "seasonal, headgear, witch, halloween, spooky",
    "image": "images/characters/headgear/witchhood_brown/witchhood_brown.jpg",
    "id": "dzobj_03jdvjcod1"
  },
  {
    "objectName": "WitchHood_Red",
    "inGameName": "Witch Hood",
    "category": "characters",
    "modelType": "Config",
    "path": "dz/characters/headgear",
    "usableOnConsole": true,
    "searchTags": "seasonal, headgear, witch, halloween, spooky",
    "image": "images/characters/headgear/witchhood_red/witchhood_red.jpg",
    "id": "dzobj_rsaxz37ifj"
  },
  {
    "objectName": "WitchHat",
    "inGameName": "Witch Hat",
    "category": "characters",
    "modelType": "Config",
    "path": "dz/characters/headgear",
    "usableOnConsole": true,
    "searchTags": "seasonal, headgear, witch, halloween, spooky",
    "image": "images/characters/headgear/witchhat/witchhat.jpg",
    "id": "dzobj_8sq70m96fa"
  },
  {
    "objectName": "WinterCoif_Black",
    "inGameName": "Winter Coif",
    "category": "characters",
    "modelType": "Config",
    "path": "dz/characters/headgear",
    "usableOnConsole": true,
    "searchTags": "winter, insulated, headgear",
    "image": "images/characters/headgear/wintercoif_black/wintercoif_black.jpg",
    "id": "dzobj_hdqnhjygam"
  },
  {
    "objectName": "WinterCoif_Blue",
    "inGameName": "Winter Coif",
    "category": "characters",
    "modelType": "Config",
    "path": "dz/characters/headgear",
    "usableOnConsole": true,
    "searchTags": "winter, cold, insulated, headgear",
    "image": "images/characters/headgear/wintercoif_blue/wintercoif_blue.jpg",
    "id": "dzobj_wvz4owpjha"
  },
  {
    "objectName": "WinterCoif_Green",
    "inGameName": "Winter Coif",
    "category": "characters",
    "modelType": "Config",
    "path": "dz/characters/headgear",
    "usableOnConsole": true,
    "searchTags": "winter, cold, insulated, headgear",
    "image": "images/characters/headgear/wintercoif_green/wintercoif_green.jpg",
    "id": "dzobj_skylqr8wci"
  },
  {
    "objectName": "WinterCoif_Skull",
    "inGameName": "Winter Coif",
    "category": "characters",
    "modelType": "Config",
    "path": "dz/characters/headgear",
    "usableOnConsole": true,
    "searchTags": "winter, cold, insulated, headgear",
    "image": "images/characters/headgear/wintercoif_skull/wintercoif_skull.jpg",
    "id": "dzobj_tz31zuo3o4"
  },
  {
    "objectName": "Mich2001Helmet",
    "inGameName": "Tactical Helmet",
    "category": "characters",
    "modelType": "Config",
    "path": "dz/characters/headgear",
    "usableOnConsole": true,
    "searchTags": "armored, headgear, helmet, military, protective",
    "image": "images/characters/headgear/mich2001helmet/mich2001helmet.jpg",
    "id": "dzobj_f95zl3unf7"
  },
  {
    "objectName": "NorseHelm",
    "inGameName": "Norse Helm",
    "category": "characters",
    "modelType": "Config",
    "path": "dz/characters/headgear",
    "usableOnConsole": true,
    "searchTags": "headgear",
    "image": "images/characters/headgear/norsehelm/norsehelm.jpg",
    "id": "dzobj_eubbp2v5u2"
  },
  {
    "objectName": "Chainmail_Coif",
    "inGameName": "Chainmail Coif",
    "category": "characters",
    "modelType": "Config",
    "path": "dz/characters/headgear",
    "usableOnConsole": true,
    "searchTags": "headgear",
    "image": "images/characters/headgear/chainmail_coif/chainmail_coif.jpg",
    "id": "dzobj_udihyxcfhx"
  },
  {
    "objectName": "MorozkoHat",
    "inGameName": "Morozko Hat",
    "category": "characters",
    "modelType": "Config",
    "path": "dz/characters/headgear",
    "usableOnConsole": true,
    "searchTags": "festive, headgear, insulated, winter",
    "image": "images/characters/headgear/morozkohat/morozkohat.jpg",
    "id": "dzobj_lnxh351lgu"
  },
  {
    "objectName": "ChristmasHeadband_Antlers",
    "inGameName": "Festive Headband",
    "category": "characters",
    "modelType": "Config",
    "path": "dz/characters/headgear",
    "usableOnConsole": true,
    "searchTags": "festive, headgear",
    "image": "images/characters/headgear/christmasheadband_antlers/christmasheadband_antlers.jpg",
    "id": "dzobj_p6nh75f46t"
  },
  {
    "objectName": "ChristmasHeadband_Gingerbread",
    "inGameName": "Festive Headband",
    "category": "characters",
    "modelType": "Config",
    "path": "dz/characters/headgear",
    "usableOnConsole": true,
    "searchTags": "festive, headgear",
    "image": "images/characters/headgear/christmasheadband_gingerbread/christmasheadband_gingerbread.jpg",
    "id": "dzobj_i85qfrrrd6"
  },
  {
    "objectName": "ChristmasHeadband_Trees",
    "inGameName": "Festive Headband",
    "category": "characters",
    "modelType": "Config",
    "path": "dz/characters/headgear",
    "usableOnConsole": true,
    "searchTags": "festive, headgear",
    "image": "images/characters/headgear/christmasheadband_trees/christmasheadband_trees.jpg",
    "id": "dzobj_tbpt4cpif8"
  },
  {
    "objectName": "ChristmasHeadband_Lights_Antlers",
    "inGameName": "Festive Headband",
    "category": "characters",
    "modelType": "Config",
    "path": "dz/characters/headgear",
    "usableOnConsole": true,
    "searchTags": "festive, headgear",
    "image": "images/characters/headgear/christmasheadband_lights_antlers/christmasheadband_lights_antlers.jpg",
    "id": "dzobj_k1m3fvuc36"
  },
  {
    "objectName": "ChristmasHeadband_Lights_Gingerbread",
    "inGameName": "Festive Headband",
    "category": "characters",
    "modelType": "Config",
    "path": "dz/characters/headgear",
    "usableOnConsole": true,
    "searchTags": "festive, headgear",
    "image": "images/characters/headgear/christmasheadband_lights_gingerbread/christmasheadband_lights_gingerbread.jpg",
    "id": "dzobj_yh9el2odrm"
  },
  {
    "objectName": "ChristmasHeadband_Lights_Trees",
    "inGameName": "Festive Headband",
    "category": "characters",
    "modelType": "Config",
    "path": "dz/characters/headgear",
    "usableOnConsole": true,
    "searchTags": "festive, headgear",
    "image": "images/characters/headgear/christmasheadband_lights_trees/christmasheadband_lights_trees.jpg",
    "id": "dzobj_u3wbky2bbb"
  },
  {
    "objectName": "Headdress_Wolf",
    "inGameName": "Headdress",
    "category": "characters",
    "modelType": "Config",
    "path": "dz/characters/headgear",
    "usableOnConsole": true,
    "searchTags": "headgear, insulated, winter",
    "image": "images/characters/headgear/headdress_wolf/headdress_wolf.jpg",
    "id": "dzobj_iljn1anwxi"
  },
  {
    "objectName": "SnowstormUshanka_Brown",
    "inGameName": "Snowstorm Ushanka",
    "category": "characters",
    "modelType": "Config",
    "path": "dz/characters/headgear",
    "usableOnConsole": true,
    "searchTags": "brown, fur, headgear, insulated, ushanka, winter",
    "image": "images/characters/headgear/snowstormushanka_brown/snowstormushanka_brown.jpg",
    "id": "dzobj_u1635gxzdc"
  },
  {
    "objectName": "SnowstormUshanka_Navy",
    "inGameName": "Snowstorm Ushanka",
    "category": "characters",
    "modelType": "Config",
    "path": "dz/characters/headgear",
    "usableOnConsole": true,
    "searchTags": "fur, headgear, insulated, navy, ushanka, winter",
    "image": "images/characters/headgear/snowstormushanka_navy/snowstormushanka_navy.jpg",
    "id": "dzobj_vdsoml3wh7"
  },
  {
    "objectName": "SnowstormUshanka_Olive",
    "inGameName": "Snowstorm Ushanka",
    "category": "characters",
    "modelType": "Config",
    "path": "dz/characters/headgear",
    "usableOnConsole": true,
    "searchTags": "fur, headgear, insulated, olive, ushanka, winter",
    "image": "images/characters/headgear/snowstormushanka_olive/snowstormushanka_olive.jpg",
    "id": "dzobj_n0o0mj5lbh"
  },
  {
    "objectName": "SnowstormUshanka_White",
    "inGameName": "Snowstorm Ushanka",
    "category": "characters",
    "modelType": "Config",
    "path": "dz/characters/headgear",
    "usableOnConsole": true,
    "searchTags": "fur, headgear, insulated, ushanka, white, winter",
    "image": "images/characters/headgear/snowstormushanka_white/snowstormushanka_white.jpg",
    "id": "dzobj_3eekqc75bb"
  },
  {
    "objectName": "Shemag_Brown",
    "inGameName": "Shemagh",
    "category": "characters",
    "modelType": "Config",
    "path": "dz/characters/headgear",
    "usableOnConsole": true,
    "searchTags": "woolen, scarf, facewrap, headgear, insulated, winter",
    "image": "images/characters/headgear/shemag_brown/shemag_brown.jpg",
    "id": "dzobj_08c8c7tl3b"
  },
  {
    "objectName": "Shemag_Green",
    "inGameName": "Shemagh",
    "category": "characters",
    "modelType": "Config",
    "path": "dz/characters/headgear",
    "usableOnConsole": true,
    "searchTags": "woolen, scarf, facewrap, headgear, insulated, green, winter",
    "image": "images/characters/headgear/shemag_green/shemag_green.jpg",
    "id": "dzobj_vmvbu90nqb"
  },
  {
    "objectName": "Shemag_Red",
    "inGameName": "Shemagh",
    "category": "characters",
    "modelType": "Config",
    "path": "dz/characters/headgear",
    "usableOnConsole": true,
    "searchTags": "woolen, scarf, facewrap, headgear, insulated, red, winter",
    "image": "images/characters/headgear/shemag_red/shemag_red.jpg",
    "id": "dzobj_zfeb2e6pg8"
  },
  {
    "objectName": "Shemag_White",
    "inGameName": "Shemagh",
    "category": "characters",
    "modelType": "Config",
    "path": "dz/characters/headgear",
    "usableOnConsole": true,
    "searchTags": "woolen, scarf, facewrap, headgear, insulated, white, winter",
    "image": "images/characters/headgear/shemag_white/shemag_white.jpg",
    "id": "dzobj_xflgvq1hi4"
  },
  {
    "objectName": "SherpaHat_Blue",
    "inGameName": "Sherpa Hat",
    "category": "characters",
    "modelType": "Config",
    "path": "dz/characters/headgear",
    "usableOnConsole": true,
    "searchTags": "woolen, headgear, insulated, sherpa, blue, winter",
    "image": "images/characters/headgear/sherpahat_blue/sherpahat_blue.jpg",
    "id": "dzobj_rjt5r43nx8"
  },
  {
    "objectName": "SherpaHat_Red",
    "inGameName": "Sherpa Hat",
    "category": "characters",
    "modelType": "Config",
    "path": "dz/characters/headgear",
    "usableOnConsole": true,
    "searchTags": "woolen, headgear, insulated, sherpa, red, winter",
    "image": "images/characters/headgear/sherpahat_red/sherpahat_red.jpg",
    "id": "dzobj_vgemg98vi4"
  },
  {
    "objectName": "SherpaHat_Black",
    "inGameName": "Sherpa Hat",
    "category": "characters",
    "modelType": "Config",
    "path": "dz/characters/headgear",
    "usableOnConsole": true,
    "searchTags": "woolen, headgear, insulated, sherpa, black, winter",
    "image": "images/characters/headgear/sherpahat_black/sherpahat_black.jpg",
    "id": "dzobj_3pjots4zis"
  },
  {
    "objectName": "LeafCrown_Spring",
    "inGameName": "Leaf Crown",
    "category": "characters",
    "modelType": "Config",
    "path": "dz/characters/headgear",
    "usableOnConsole": true,
    "searchTags": "camouflage, headgear, spring",
    "image": "images/characters/headgear/leafcrown_spring/leafcrown_spring.jpg",
    "id": "dzobj_l0lqvdq3sj"
  },
  {
    "objectName": "LeafCrown_Summer",
    "inGameName": "Leaf Crown",
    "category": "characters",
    "modelType": "Config",
    "path": "dz/characters/headgear",
    "usableOnConsole": true,
    "searchTags": "camouflage, headgear, summer",
    "image": "images/characters/headgear/leafcrown_summer/leafcrown_summer.jpg",
    "id": "dzobj_zvxbwwwsia"
  },
  {
    "objectName": "LeafCrown_Autumn",
    "inGameName": "Leaf Crown",
    "category": "characters",
    "modelType": "Config",
    "path": "dz/characters/headgear",
    "usableOnConsole": true,
    "searchTags": "autumn, camouflage, headgear",
    "image": "images/characters/headgear/leafcrown_autumn/leafcrown_autumn.jpg",
    "id": "dzobj_81smrpnhcy"
  },
  {
    "objectName": "LeafCrown_Winter",
    "inGameName": "Leaf Crown",
    "category": "characters",
    "modelType": "Config",
    "path": "dz/characters/headgear",
    "usableOnConsole": true,
    "searchTags": "camouflage, headgear, insulated, winter",
    "image": "images/characters/headgear/leafcrown_winter/leafcrown_winter.jpg",
    "id": "dzobj_x3yig5w01j"
  },
  {
    "objectName": "bandanahybrid_g.p3d",
    "inGameName": "Bandana",
    "category": "characters",
    "modelType": "Raw P3D",
    "path": "dz/characters/headgear",
    "usableOnConsole": false,
    "searchTags": "bandana, casual, cloth, headgear, wrap",
    "image": "images/characters/headgear/bandana_blackpattern/bandana_blackpattern.jpg",
    "id": "dzobj_1h2pbdq6ad"
  },
  {
    "objectName": "baseballcap_ground.p3d",
    "inGameName": "Baseball Cap",
    "category": "characters",
    "modelType": "Raw P3D",
    "path": "dz/characters/headgear",
    "usableOnConsole": false,
    "searchTags": "cap, civilian, headgear, sports",
    "image": "images/characters/headgear/baseballcap_beige/baseballcap_beige.jpg",
    "id": "dzobj_z7l88qgg5v"
  },
  {
    "objectName": "beaniehat_ground.p3d",
    "inGameName": "Beanie",
    "category": "characters",
    "modelType": "Raw P3D",
    "path": "dz/characters/headgear",
    "usableOnConsole": false,
    "searchTags": "beanie, headgear, insulated, knit, winter",
    "image": "images/characters/headgear/beaniehat_beige/beaniehat_beige.jpg",
    "id": "dzobj_gd59kfvmx4"
  },
  {
    "objectName": "booniehat_g.p3d",
    "inGameName": "Boonie Hat",
    "category": "characters",
    "modelType": "Raw P3D",
    "path": "dz/characters/headgear",
    "usableOnConsole": false,
    "searchTags": "boonie, headgear, outdoors, p3d",
    "image": "images/characters/headgear/booniehat_black/booniehat_black.jpg",
    "id": "dzobj_0l20e689gg"
  },
  {
    "objectName": "budenovka_g.p3d",
    "inGameName": "Budenovka Hat",
    "category": "characters",
    "modelType": "Raw P3D",
    "path": "dz/characters/headgear",
    "usableOnConsole": false,
    "searchTags": "soviet, military, insulated, headgear, gray, winter",
    "image": "images/characters/headgear/budenovkahat_gray/budenovkahat_gray.jpg",
    "id": "dzobj_3pifpdox0d"
  },
  {
    "objectName": "chainmail_coif_g.p3d",
    "inGameName": "Chainmail Coif",
    "category": "characters",
    "modelType": "Raw P3D",
    "path": "dz/characters/headgear",
    "usableOnConsole": false,
    "searchTags": "headgear, p3d",
    "image": "images/characters/headgear/chainmail_coif/chainmail_coif.jpg",
    "id": "dzobj_qleqo7isri"
  },
  {
    "objectName": "christmasheadband_antlers_g.p3d",
    "inGameName": "Festive Headband",
    "category": "characters",
    "modelType": "Raw P3D",
    "path": "dz/characters/headgear",
    "usableOnConsole": false,
    "searchTags": "festive, headgear, p3d",
    "image": "images/characters/headgear/christmasheadband_antlers/christmasheadband_antlers.jpg",
    "id": "dzobj_hyjm13tmn3"
  },
  {
    "objectName": "christmasheadband_antlers_lights_g.p3d",
    "inGameName": "Festive Headband",
    "category": "characters",
    "modelType": "Raw P3D",
    "path": "dz/characters/headgear",
    "usableOnConsole": false,
    "searchTags": "festive, headgear, p3d",
    "image": "images/characters/headgear/christmasheadband_antlers/christmasheadband_antlers.jpg",
    "id": "dzobj_p1ud9nkpue"
  },
  {
    "objectName": "christmasheadband_gingerbread_g.p3d",
    "inGameName": "Festive Headband",
    "category": "characters",
    "modelType": "Raw P3D",
    "path": "dz/characters/headgear",
    "usableOnConsole": false,
    "searchTags": "festive, headgear, p3d",
    "image": "images/characters/headgear/christmasheadband_gingerbread/christmasheadband_gingerbread.jpg",
    "id": "dzobj_sbx0b40wwd"
  },
  {
    "objectName": "christmasheadband_gingerbread_lights_g.p3d",
    "inGameName": "Festive Headband",
    "category": "characters",
    "modelType": "Raw P3D",
    "path": "dz/characters/headgear",
    "usableOnConsole": false,
    "searchTags": "festive, headgear, p3d",
    "image": "images/characters/headgear/christmasheadband_antlers/christmasheadband_antlers.jpg",
    "id": "dzobj_3t0j88wp1t"
  },
  {
    "objectName": "christmasheadband_trees_g.p3d",
    "inGameName": "Festive Headband",
    "category": "characters",
    "modelType": "Raw P3D",
    "path": "dz/characters/headgear",
    "usableOnConsole": false,
    "searchTags": "festive, headgear, p3d",
    "image": "images/characters/headgear/christmasheadband_trees/christmasheadband_trees.jpg",
    "id": "dzobj_k2jgob1x7x"
  },
  {
    "objectName": "christmasheadband_trees_lights_g.p3d",
    "inGameName": "Festive Headband",
    "category": "characters",
    "modelType": "Raw P3D",
    "path": "dz/characters/headgear",
    "usableOnConsole": false,
    "searchTags": "festive, headgear, p3d",
    "image": "images/characters/headgear/christmasheadband_antlers/christmasheadband_antlers.jpg",
    "id": "dzobj_mvyw8cas8l"
  },
  {
    "objectName": "constructionhelmet_g.p3d",
    "inGameName": "Hard Hat",
    "category": "characters",
    "modelType": "Raw P3D",
    "path": "dz/characters/headgear",
    "usableOnConsole": false,
    "searchTags": "headgear, helmet, protective",
    "image": "images/characters/headgear/constructionhelmet_blue/constructionhelmet_blue.jpg",
    "id": "dzobj_im4gi1nw5k"
  },
  {
    "objectName": "cowboyhat_g.p3d",
    "inGameName": "Cowboy Hat",
    "category": "characters",
    "modelType": "Raw P3D",
    "path": "dz/characters/headgear",
    "usableOnConsole": false,
    "searchTags": "headgear, outdoors, western",
    "image": "images/characters/headgear/cowboyhat_black/cowboyhat_black.jpg",
    "id": "dzobj_mf1vcbmtnu"
  },
  {
    "objectName": "firehelmet_g.p3d",
    "inGameName": "Firefighter Helmet",
    "category": "characters",
    "modelType": "Raw P3D",
    "path": "dz/characters/headgear",
    "usableOnConsole": false,
    "searchTags": "headgear, helmet, protective",
    "image": "images/characters/headgear/firefightershelmet_red/firefightershelmet_red.jpg",
    "id": "dzobj_oknd0uw3ba"
  },
  {
    "objectName": "flatcap.p3d",
    "inGameName": "Flat Cap",
    "category": "characters",
    "modelType": "Raw P3D",
    "path": "dz/characters/headgear",
    "usableOnConsole": false,
    "searchTags": "cap, civilian, headgear, p3d",
    "image": "images/characters/headgear/flatcap_black/flatcap_black.jpg",
    "id": "dzobj_9gxvl12gpr"
  },
  {
    "objectName": "ghilliehood_g.p3d",
    "inGameName": "Ghillie Hood",
    "category": "characters",
    "modelType": "Raw P3D",
    "path": "dz/characters/headgear",
    "usableOnConsole": false,
    "searchTags": "camouflage, headgear, hood, p3d",
    "image": "images/characters/headgear/ghilliehood_mossy/ghilliehood_mossy.jpg",
    "id": "dzobj_38nmcwvlcf"
  },
  {
    "objectName": "greathelm_g.p3d",
    "inGameName": "Great Helm",
    "category": "characters",
    "modelType": "Raw P3D",
    "path": "dz/characters/headgear",
    "usableOnConsole": false,
    "searchTags": "headgear, p3d",
    "image": "images/characters/headgear/greathelm/greathelm.jpg",
    "id": "dzobj_c2kd5zgzkm"
  },
  {
    "objectName": "hat_leather_g.p3d",
    "inGameName": "Leather Hat",
    "category": "characters",
    "modelType": "Raw P3D",
    "path": "dz/characters/headgear",
    "usableOnConsole": false,
    "searchTags": "headgear, leather, outdoors, p3d",
    "image": "images/characters/headgear/leatherhat_beige/leatherhat_beige.jpg",
    "id": "dzobj_j9pq3z2rjj"
  },
  {
    "objectName": "headcover_improvised_g.p3d",
    "inGameName": "Improvised Head Wrapping",
    "category": "characters",
    "modelType": "Raw P3D",
    "path": "dz/characters/headgear",
    "usableOnConsole": false,
    "searchTags": "cloth, headgear, wrap",
    "image": "images/characters/headgear/headcover_improvised/headcover_improvised.jpg",
    "id": "dzobj_v09h7h2c0d"
  },
  {
    "objectName": "headtorch_ground.p3d",
    "inGameName": "Head Torch",
    "category": "characters",
    "modelType": "Raw P3D",
    "path": "dz/characters/headgear",
    "usableOnConsole": false,
    "searchTags": "headgear, p3d",
    "image": "images/characters/headgear/headtorch_black/headtorch_black.jpg",
    "id": "dzobj_838fqwmsoq"
  },
  {
    "objectName": "head_sack_g.p3d",
    "inGameName": "Burlap Sack",
    "category": "characters",
    "modelType": "Raw P3D",
    "path": "dz/characters/headgear",
    "usableOnConsole": false,
    "searchTags": "burlap, cloth, headgear, wrap",
    "image": "images/characters/headgear/burlapsackcover/burlapsackcover.jpg",
    "id": "dzobj_z90piqm3x6"
  },
  {
    "objectName": "helmetmich_g.p3d",
    "inGameName": "Ballistic Helmet",
    "category": "characters",
    "modelType": "Raw P3D",
    "path": "dz/characters/headgear",
    "usableOnConsole": false,
    "searchTags": "armored, headgear, helmet, military, protective",
    "image": "images/characters/headgear/ballistichelmet_bdu/ballistichelmet_bdu.jpg",
    "id": "dzobj_6rlh1936ke"
  },
  {
    "objectName": "helohelmet_ground.p3d",
    "inGameName": "Flight Helmet",
    "category": "characters",
    "modelType": "Raw P3D",
    "path": "dz/characters/headgear",
    "usableOnConsole": false,
    "searchTags": "aviation, headgear, helmet, protective",
    "image": "images/characters/headgear/zsh3pilothelmet/zsh3pilothelmet.jpg",
    "id": "dzobj_xm1z4586ry"
  },
  {
    "objectName": "hockey_helmet.p3d",
    "inGameName": "Hockey Helmet",
    "category": "characters",
    "modelType": "Raw P3D",
    "path": "dz/characters/headgear",
    "usableOnConsole": false,
    "searchTags": "headgear, helmet, protective, sports",
    "image": "images/characters/headgear/hockeyhelmet_black/hockeyhelmet_black.jpg",
    "id": "dzobj_x4ew1s42i2"
  },
  {
    "objectName": "leafcrown_autumn_g.p3d",
    "inGameName": "Leaf Crown",
    "category": "characters",
    "modelType": "Raw P3D",
    "path": "dz/characters/headgear",
    "usableOnConsole": false,
    "searchTags": "autumn, camouflage, headgear, p3d",
    "image": "images/characters/headgear/leafcrown_autumn/leafcrown_autumn.jpg",
    "id": "dzobj_inm89wfhci"
  },
  {
    "objectName": "leafcrown_spring_g.p3d",
    "inGameName": "Leaf Crown",
    "category": "characters",
    "modelType": "Raw P3D",
    "path": "dz/characters/headgear",
    "usableOnConsole": false,
    "searchTags": "camouflage, headgear, spring",
    "image": "images/characters/headgear/leafcrown_spring/leafcrown_spring.jpg",
    "id": "dzobj_nt4x3x3moo"
  },
  {
    "objectName": "leafcrown_summer_g.p3d",
    "inGameName": "Leaf Crown",
    "category": "characters",
    "modelType": "Raw P3D",
    "path": "dz/characters/headgear",
    "usableOnConsole": false,
    "searchTags": "camouflage, headgear, summer",
    "image": "images/characters/headgear/leafcrown_summer/leafcrown_summer.jpg",
    "id": "dzobj_vqvcdezybi"
  },
  {
    "objectName": "leafcrown_winter_g.p3d",
    "inGameName": "Leaf Crown",
    "category": "characters",
    "modelType": "Raw P3D",
    "path": "dz/characters/headgear",
    "usableOnConsole": false,
    "searchTags": "camouflage, headgear, insulated, winter",
    "image": "images/characters/headgear/leafcrown_winter/leafcrown_winter.jpg",
    "id": "dzobj_8pm0sf027e"
  },
  {
    "objectName": "maska_g.p3d",
    "inGameName": "Assault Helmet",
    "category": "characters",
    "modelType": "Raw P3D",
    "path": "dz/characters/headgear",
    "usableOnConsole": false,
    "searchTags": "armored, headgear, helmet, mask, military, protective",
    "image": "images/characters/headgear/gorkahelmet/gorkahelmet.jpg",
    "id": "dzobj_vmz42ta8o0"
  },
  {
    "objectName": "maska_glass_g.p3d",
    "inGameName": "Assault Helmet Visor",
    "category": "characters",
    "modelType": "Raw P3D",
    "path": "dz/characters/headgear",
    "usableOnConsole": false,
    "searchTags": "armored, headgear, helmet, mask, glass, military, protective",
    "image": "images/characters/headgear/gorkahelmetvisor/gorkahelmetvisor.jpg",
    "id": "dzobj_an1puaxosy"
  },
  {
    "objectName": "medicalscrubs_hat_g.p3d",
    "inGameName": "Scrub Hat",
    "category": "characters",
    "modelType": "Raw P3D",
    "path": "dz/characters/headgear",
    "usableOnConsole": false,
    "searchTags": "headgear, p3d",
    "image": "images/characters/headgear/medicalscrubshat_blue/medicalscrubshat_blue.jpg",
    "id": "dzobj_oxv8sako45"
  },
  {
    "objectName": "mich2001_g.p3d",
    "inGameName": "Tactical Helmet",
    "category": "characters",
    "modelType": "Raw P3D",
    "path": "dz/characters/headgear",
    "usableOnConsole": false,
    "searchTags": "armored, headgear, helmet, military, protective",
    "image": "images/characters/headgear/mich2001helmet/mich2001helmet.jpg",
    "id": "dzobj_r4pwkmaoe8"
  },
  {
    "objectName": "militaryberet_cdf_g.p3d",
    "inGameName": "Beret",
    "category": "characters",
    "modelType": "Raw P3D",
    "path": "dz/characters/headgear",
    "usableOnConsole": false,
    "searchTags": "armored, beret, headgear, military, uniform",
    "image": "images/characters/headgear/militaryberet_cdf/militaryberet_cdf.jpg",
    "id": "dzobj_e7jw0eng8h"
  },
  {
    "objectName": "militaryberet_chdkz_g.p3d",
    "inGameName": "Beret",
    "category": "characters",
    "modelType": "Raw P3D",
    "path": "dz/characters/headgear",
    "usableOnConsole": false,
    "searchTags": "armored, beret, headgear, military, uniform",
    "image": "images/characters/headgear/militaryberet_chdkz/militaryberet_chdkz.jpg",
    "id": "dzobj_k15ctredha"
  },
  {
    "objectName": "militaryberet_g.p3d",
    "inGameName": "Beret",
    "category": "characters",
    "modelType": "Raw P3D",
    "path": "dz/characters/headgear",
    "usableOnConsole": false,
    "searchTags": "armored, beret, headgear, military, uniform",
    "image": "images/characters/headgear/militaryberet_cdf/militaryberet_cdf.jpg",
    "id": "dzobj_sa2w4yn8ut"
  },
  {
    "objectName": "militaryberet_nz_g.p3d",
    "inGameName": "Beret",
    "category": "characters",
    "modelType": "Raw P3D",
    "path": "dz/characters/headgear",
    "usableOnConsole": false,
    "searchTags": "armored, beret, headgear, military, uniform",
    "image": "images/characters/headgear/militaryberet_nz/militaryberet_nz.jpg",
    "id": "dzobj_ro3s8b976u"
  },
  {
    "objectName": "militaryberet_ranger_g.p3d",
    "inGameName": "Beret",
    "category": "characters",
    "modelType": "Raw P3D",
    "path": "dz/characters/headgear",
    "usableOnConsole": false,
    "searchTags": "armored, beret, headgear, military, uniform",
    "image": "images/characters/headgear/militaryberet_cdf/militaryberet_cdf.jpg",
    "id": "dzobj_xjudjaotlt"
  },
  {
    "objectName": "militaryberet_un_g.p3d",
    "inGameName": "Beret",
    "category": "characters",
    "modelType": "Raw P3D",
    "path": "dz/characters/headgear",
    "usableOnConsole": false,
    "searchTags": "armored, beret, headgear, military, uniform",
    "image": "images/characters/headgear/militaryberet_un/militaryberet_un.jpg",
    "id": "dzobj_tibau1arr8"
  },
  {
    "objectName": "morozkohat_g.p3d",
    "inGameName": "Morozko Hat",
    "category": "characters",
    "modelType": "Raw P3D",
    "path": "dz/characters/headgear",
    "usableOnConsole": false,
    "searchTags": "festive, headgear, insulated, winter",
    "image": "images/characters/headgear/morozkohat/morozkohat.jpg",
    "id": "dzobj_vu2egu6aix"
  },
  {
    "objectName": "motohelmet_ground.p3d",
    "inGameName": "Motorbike Helmet",
    "category": "characters",
    "modelType": "Raw P3D",
    "path": "dz/characters/headgear",
    "usableOnConsole": false,
    "searchTags": "headgear, helmet, protective",
    "image": "images/characters/headgear/motohelmet_black/motohelmet_black.jpg",
    "id": "dzobj_v7uc44krci"
  },
  {
    "objectName": "motohelmet_scarred_ground.p3d",
    "inGameName": "Motorbike Helmet Scarred",
    "category": "characters",
    "modelType": "Raw P3D",
    "path": "dz/characters/headgear",
    "usableOnConsole": false,
    "searchTags": "headgear, helmet, protective, yellow_king",
    "image": "images/characters/headgear/darkmotohelmet_yellowscarred/darkmotohelmet_yellowscarred.jpg",
    "id": "dzobj_5yamsus7at"
  },
  {
    "objectName": "mxhelmet_g.p3d",
    "inGameName": "Enduro Helmet",
    "category": "characters",
    "modelType": "Raw P3D",
    "path": "dz/characters/headgear",
    "usableOnConsole": false,
    "searchTags": "headgear, helmet, protective",
    "image": "images/characters/headgear/dirtbikehelmet_black/dirtbikehelmet_black.jpg",
    "id": "dzobj_15ar6lsg6j"
  },
  {
    "objectName": "mxhelmet_mouthguard.p3d",
    "inGameName": "Enduro Helmet Mouthguard",
    "category": "characters",
    "modelType": "Raw P3D",
    "path": "dz/characters/headgear",
    "usableOnConsole": false,
    "searchTags": "headgear, helmet, protective",
    "image": "images/characters/headgear/dirtbikehelmet_mouthguard/dirtbikehelmet_mouthguard.jpg",
    "id": "dzobj_im7dzob5uw"
  },
  {
    "objectName": "mxhelmet_visor.p3d",
    "inGameName": "Enduro Helmet Visor",
    "category": "characters",
    "modelType": "Raw P3D",
    "path": "dz/characters/headgear",
    "usableOnConsole": false,
    "searchTags": "headgear, helmet, protective",
    "image": "images/characters/headgear/dirtbikehelmet_visor/dirtbikehelmet_visor.jpg",
    "id": "dzobj_6opmljam3j"
  },
  {
    "objectName": "nbc_hood_g.p3d",
    "inGameName": "NBC Hood",
    "category": "characters",
    "modelType": "Raw P3D",
    "path": "dz/characters/headgear",
    "usableOnConsole": false,
    "searchTags": "hazmat, headgear, hood, p3d",
    "image": "images/characters/headgear/nbchoodyellow/nbchoodyellow.jpg",
    "id": "dzobj_ny78xqwyy5"
  },
  {
    "objectName": "norsehelm_g.p3d",
    "inGameName": "Norse Helm",
    "category": "characters",
    "modelType": "Raw P3D",
    "path": "dz/characters/headgear",
    "usableOnConsole": false,
    "searchTags": "headgear, p3d",
    "image": "images/characters/headgear/norsehelm/norsehelm.jpg",
    "id": "dzobj_wmsmcfrshd"
  },
  {
    "objectName": "officerhat_g.p3d",
    "inGameName": "Officer Cap",
    "category": "characters",
    "modelType": "Raw P3D",
    "path": "dz/characters/headgear",
    "usableOnConsole": false,
    "searchTags": "cap, civilian, headgear, uniform",
    "image": "images/characters/headgear/officerhat/officerhat.jpg",
    "id": "dzobj_q6gjhntb9r"
  },
  {
    "objectName": "okzkcap_g.p3d",
    "inGameName": "OKZK Cap",
    "category": "characters",
    "modelType": "Raw P3D",
    "path": "dz/characters/headgear",
    "usableOnConsole": false,
    "searchTags": "cap, civilian, headgear, p3d",
    "image": "images/characters/headgear/okzkcap_green/okzkcap_green.jpg",
    "id": "dzobj_w9n0ptjtmj"
  },
  {
    "objectName": "pasgt_g.p3d",
    "inGameName": "Camouflage Helmet",
    "category": "characters",
    "modelType": "Raw P3D",
    "path": "dz/characters/headgear",
    "usableOnConsole": false,
    "searchTags": "armored, camouflage, headgear, helmet, military, protective",
    "image": "images/characters/headgear/ballistichelmet_bdu/ballistichelmet_bdu.jpg",
    "id": "dzobj_ipk26qvxtv"
  },
  {
    "objectName": "petushokhat_g.p3d",
    "inGameName": "Petushok Hat",
    "category": "characters",
    "modelType": "Raw P3D",
    "path": "dz/characters/headgear",
    "usableOnConsole": false,
    "searchTags": "headgear, insulated, knit, winter",
    "image": "images/characters/headgear/petushokhat_black/petushokhat_black.jpg",
    "id": "dzobj_e25b0w2l8e"
  },
  {
    "objectName": "pilotka_g.p3d",
    "inGameName": "Pilotka",
    "category": "characters",
    "modelType": "Raw P3D",
    "path": "dz/characters/headgear",
    "usableOnConsole": false,
    "searchTags": "cap, civilian, headgear, p3d",
    "image": "images/characters/headgear/pilotkacap/pilotkacap.jpg",
    "id": "dzobj_pc3qqukp9k"
  },
  {
    "objectName": "policecap_g.p3d",
    "inGameName": "Police Cap",
    "category": "characters",
    "modelType": "Raw P3D",
    "path": "dz/characters/headgear",
    "usableOnConsole": false,
    "searchTags": "cap, civilian, headgear, uniform",
    "image": "images/characters/headgear/policecap/policecap.jpg",
    "id": "dzobj_m8ygcabmxu"
  },
  {
    "objectName": "prison_cap_g.p3d",
    "inGameName": "Prisoner Cap",
    "category": "characters",
    "modelType": "Raw P3D",
    "path": "dz/characters/headgear",
    "usableOnConsole": false,
    "searchTags": "cap, civilian, headgear, p3d",
    "image": "images/characters/headgear/prisonercap/prisonercap.jpg",
    "id": "dzobj_tvglt2x8ll"
  },
  {
    "objectName": "protecskatehelmet2_g.p3d",
    "inGameName": "Skate Helmet",
    "category": "characters",
    "modelType": "Raw P3D",
    "path": "dz/characters/headgear",
    "usableOnConsole": false,
    "searchTags": "headgear, helmet, protective",
    "image": "images/characters/headgear/skatehelmet_black/skatehelmet_black.jpg",
    "id": "dzobj_hlvy1e3xqo"
  },
  {
    "objectName": "pumpkinhelmet_g.p3d",
    "inGameName": "Jack-o'-lantern",
    "category": "characters",
    "modelType": "Raw P3D",
    "path": "dz/characters/headgear",
    "usableOnConsole": false,
    "searchTags": "festive, headgear, helmet, protective",
    "image": "images/characters/headgear/pumpkinhelmet/pumpkinhelmet.jpg",
    "id": "dzobj_9vso34m7mi"
  },
  {
    "objectName": "radarcap_g.p3d",
    "inGameName": "Radar Cap",
    "category": "characters",
    "modelType": "Raw P3D",
    "path": "dz/characters/headgear",
    "usableOnConsole": false,
    "searchTags": "cap, civilian, headgear, p3d",
    "image": "images/characters/headgear/radarcap_black/radarcap_black.jpg",
    "id": "dzobj_x22ugge04q"
  },
  {
    "objectName": "santashat_g.p3d",
    "inGameName": "Santa Hat",
    "category": "characters",
    "modelType": "Raw P3D",
    "path": "dz/characters/headgear",
    "usableOnConsole": false,
    "searchTags": "festive, headgear, p3d",
    "image": "images/characters/headgear/santashat/santashat.jpg",
    "id": "dzobj_a5hxconhij"
  },
  {
    "objectName": "shemaghybrid_g.p3d",
    "inGameName": "Shemagh",
    "category": "characters",
    "modelType": "Raw P3D",
    "path": "dz/characters/headgear",
    "usableOnConsole": false,
    "searchTags": "cloth, desert, headgear, scarf, wrap",
    "image": "images/characters/headgear/shemag_brown/shemag_brown.jpg",
    "id": "dzobj_cmh75h6tm5"
  },
  {
    "objectName": "sherpahat_g.p3d",
    "inGameName": "Sherpa Hat",
    "category": "characters",
    "modelType": "Raw P3D",
    "path": "dz/characters/headgear",
    "usableOnConsole": false,
    "searchTags": "headgear, insulated, winter",
    "image": "images/characters/headgear/sherpahat_black/sherpahat_black.jpg",
    "id": "dzobj_4sfwf77d22"
  },
  {
    "objectName": "snowstormushanka_g.p3d",
    "inGameName": "Snowstorm Ushanka",
    "category": "characters",
    "modelType": "Raw P3D",
    "path": "dz/characters/headgear",
    "usableOnConsole": false,
    "searchTags": "fur, headgear, insulated, ushanka, winter",
    "image": "images/characters/headgear/snowstormushanka_brown/snowstormushanka_brown.jpg",
    "id": "dzobj_dinae67fw5"
  },
  {
    "objectName": "ssh68helmet_g.p3d",
    "inGameName": "Combat Helmet",
    "category": "characters",
    "modelType": "Raw P3D",
    "path": "dz/characters/headgear",
    "usableOnConsole": false,
    "searchTags": "armored, headgear, helmet, military, protective",
    "image": "images/characters/headgear/ssh68helmet/ssh68helmet.jpg",
    "id": "dzobj_rx2w0cc3pf"
  },
  {
    "objectName": "tankerhelmet.p3d",
    "inGameName": "Tanker Helmet",
    "category": "characters",
    "modelType": "Raw P3D",
    "path": "dz/characters/headgear",
    "usableOnConsole": false,
    "searchTags": "armored, headgear, helmet, military, protective",
    "image": "images/characters/headgear/tankerhelmet/tankerhelmet.jpg",
    "id": "dzobj_d80hj1c3kx"
  },
  {
    "objectName": "ushanka_ground.p3d",
    "inGameName": "Ushanka",
    "category": "characters",
    "modelType": "Raw P3D",
    "path": "dz/characters/headgear",
    "usableOnConsole": false,
    "searchTags": "fur, headgear, insulated, ushanka, winter",
    "image": "images/characters/headgear/ushanka_black/ushanka_black.jpg",
    "id": "dzobj_dugk3m8ryp"
  },
  {
    "objectName": "wintercoif_g.p3d",
    "inGameName": "Winter Coif",
    "category": "characters",
    "modelType": "Raw P3D",
    "path": "dz/characters/headgear",
    "usableOnConsole": false,
    "searchTags": "headgear, insulated, winter",
    "image": "images/characters/headgear/wintercoif_black/wintercoif_black.jpg",
    "id": "dzobj_yw89ydgg35"
  },
  {
    "objectName": "witchhat_g.p3d",
    "inGameName": "Witch Hat",
    "category": "characters",
    "modelType": "Raw P3D",
    "path": "dz/characters/headgear",
    "usableOnConsole": false,
    "searchTags": "festive, headgear, p3d",
    "image": "images/characters/headgear/witchhat/witchhat.jpg",
    "id": "dzobj_xcmfupaqz4"
  },
  {
    "objectName": "witchhoodcoif_g.p3d",
    "inGameName": "Witch Hood Coif",
    "category": "characters",
    "modelType": "Raw P3D",
    "path": "dz/characters/headgear",
    "usableOnConsole": false,
    "searchTags": "seasonal, headgear, witch, halloween, spooky",
    "image": "images/characters/headgear/witchhood_red/witchhood_red.jpg",
    "id": "dzobj_7qtckb3dts"
  },
  {
    "objectName": "witchhood_g.p3d",
    "inGameName": "Witch Hood",
    "category": "characters",
    "modelType": "Raw P3D",
    "path": "dz/characters/headgear",
    "usableOnConsole": false,
    "searchTags": "festive, headgear, hood, p3d",
    "image": "images/characters/headgear/witchhood_black/witchhood_black.jpg",
    "id": "dzobj_rg07c3fzpy"
  },
  {
    "objectName": "wolfheaddress_g.p3d",
    "inGameName": "Headdress",
    "category": "characters",
    "modelType": "Raw P3D",
    "path": "dz/characters/headgear",
    "usableOnConsole": false,
    "searchTags": "headgear, insulated, winter",
    "image": "images/characters/headgear/headdress_wolf/headdress_wolf.jpg",
    "id": "dzobj_xpiefldwe1"
  },
  {
    "objectName": "zmijovkacap_g.p3d",
    "inGameName": "Zmiovka",
    "category": "characters",
    "modelType": "Raw P3D",
    "path": "dz/characters/headgear",
    "usableOnConsole": false,
    "searchTags": "cap, civilian, headgear, p3d",
    "image": "images/characters/headgear/zmijovkacap_black/zmijovkacap_black.jpg",
    "id": "dzobj_0ci11s4qy6"
  },
  {
    "objectName": "DarkMotoHelmet_Black",
    "inGameName": "Motorbike Helmet",
    "category": "characters",
    "modelType": "Config",
    "path": "dz/characters/headgear",
    "usableOnConsole": true,
    "searchTags": "headgear, helmet, protective, black",
    "image": "images/characters/headgear/darkmotohelmet_black/darkmotohelmet_black.jpg",
    "id": "dzobj_vrqd130lty"
  },
  {
    "objectName": "DarkMotoHelmet_Blue",
    "inGameName": "Motorbike Helmet",
    "category": "characters",
    "modelType": "Config",
    "path": "dz/characters/headgear",
    "usableOnConsole": true,
    "searchTags": "headgear, helmet, protective, blue",
    "image": "images/characters/headgear/darkmotohelmet_blue/darkmotohelmet_blue.jpg",
    "id": "dzobj_uad5w5ejed"
  },
  {
    "objectName": "DarkMotoHelmet_Green",
    "inGameName": "Motorbike Helmet",
    "category": "characters",
    "modelType": "Config",
    "path": "dz/characters/headgear",
    "usableOnConsole": true,
    "searchTags": "headgear, helmet, protective, green",
    "image": "images/characters/headgear/darkmotohelmet_green/darkmotohelmet_green.jpg",
    "id": "dzobj_itk3ay618i"
  },
  {
    "objectName": "DarkMotoHelmet_Grey",
    "inGameName": "Motorbike Helmet",
    "category": "characters",
    "modelType": "Config",
    "path": "dz/characters/headgear",
    "usableOnConsole": true,
    "searchTags": "headgear, helmet, protective, grey",
    "image": "images/characters/headgear/darkmotohelmet_grey/darkmotohelmet_grey.jpg",
    "id": "dzobj_8wv322ad1t"
  },
  {
    "objectName": "DarkMotoHelmet_Lime",
    "inGameName": "Motorbike Helmet",
    "category": "characters",
    "modelType": "Config",
    "path": "dz/characters/headgear",
    "usableOnConsole": true,
    "searchTags": "headgear, helmet, protective, lime",
    "image": "images/characters/headgear/darkmotohelmet_lime/darkmotohelmet_lime.jpg",
    "id": "dzobj_6wps56qqt1"
  },
  {
    "objectName": "DarkMotoHelmet_Red",
    "inGameName": "Motorbike Helmet",
    "category": "characters",
    "modelType": "Config",
    "path": "dz/characters/headgear",
    "usableOnConsole": true,
    "searchTags": "headgear, helmet, protective, red",
    "image": "images/characters/headgear/darkmotohelmet_red/darkmotohelmet_red.jpg",
    "id": "dzobj_pu18hg2ifu"
  },
  {
    "objectName": "MotoHelmet_White",
    "inGameName": "Motorbike Helmet",
    "category": "characters",
    "modelType": "Config",
    "path": "dz/characters/headgear",
    "usableOnConsole": true,
    "searchTags": "white, headgear, helmet, protective",
    "image": "images/characters/headgear/motohelmet_white/motohelmet_white.jpg",
    "id": "dzobj_umjwk0ebqp"
  },
  {
    "objectName": "MotoHelmet_Yellow",
    "inGameName": "Motorbike Helmet",
    "category": "characters",
    "modelType": "Config",
    "path": "dz/characters/headgear",
    "usableOnConsole": true,
    "searchTags": "yellow, headgear, helmet, protective",
    "image": "images/characters/headgear/motohelmet_yellow/motohelmet_yellow.jpg",
    "id": "dzobj_2j279zl15r"
  },
  {
    "objectName": "NBCHoodGray",
    "inGameName": "Norse Helm",
    "category": "characters",
    "modelType": "Config",
    "path": "dz/characters/headgear",
    "usableOnConsole": true,
    "searchTags": "nbc, nuclear, bioligical, chemical, headgear, gray",
    "image": "images/characters/headgear/nbchoodgray/nbchoodgray.jpg",
    "id": "dzobj_r8vhxn99vu"
  },
  {
    "objectName": "NBCHoodWhite",
    "inGameName": "Norse Helm",
    "category": "characters",
    "modelType": "Config",
    "path": "dz/characters/headgear",
    "usableOnConsole": true,
    "searchTags": "nbc, nuclear, bioligical, chemical, headgear, white",
    "image": "images/characters/headgear/nbchoodwhite/nbchoodwhite.jpg",
    "id": "dzobj_rgyrnubcn9"
  },
  {
    "objectName": "NBCHoodYellow",
    "inGameName": "Norse Helm",
    "category": "characters",
    "modelType": "Config",
    "path": "dz/characters/headgear",
    "usableOnConsole": true,
    "searchTags": "nbc, nuclear, bioligical, chemical, headgear, yellow",
    "image": "images/characters/headgear/nbchoodyellow/nbchoodyellow.jpg",
    "id": "dzobj_amc1lk636c"
  },
  {
    "objectName": "OKZKCap_Beige",
    "inGameName": "Officer Cap",
    "category": "characters",
    "modelType": "Config",
    "path": "dz/characters/headgear",
    "usableOnConsole": true,
    "searchTags": "cap, civilian, headgear, uniform",
    "image": "images/characters/headgear/okzkcap_beige/okzkcap_beige.jpg",
    "id": "dzobj_ws45k952vl"
  },
  {
    "objectName": "OKZKCap_Green",
    "inGameName": "Officer Cap",
    "category": "characters",
    "modelType": "Config",
    "path": "dz/characters/headgear",
    "usableOnConsole": true,
    "searchTags": "cap, civilian, headgear, uniform",
    "image": "images/characters/headgear/okzkcap_green/okzkcap_green.jpg",
    "id": "dzobj_u9gqlz4qor"
  },
  {
    "objectName": "WitchHoodCoif_Black",
    "inGameName": "Witch Hood",
    "category": "characters",
    "modelType": "Config",
    "path": "dz/characters/headgear",
    "usableOnConsole": true,
    "searchTags": "black, festive, headgear, hood",
    "image": "images/characters/headgear/witchhoodcoif_black/witchhoodcoif_black.jpg",
    "id": "dzobj_mp54zp951r"
  },
  {
    "objectName": "WitchHoodCoif_Brown",
    "inGameName": "Witch Hood",
    "category": "characters",
    "modelType": "Config",
    "path": "dz/characters/headgear",
    "usableOnConsole": true,
    "searchTags": "black, festive, headgear, hood",
    "image": "images/characters/headgear/witchhoodcoif_brown/witchhoodcoif_brown.jpg",
    "id": "dzobj_mgyajhqq4v"
  },
  {
    "objectName": "WitchHoodCoif_Red",
    "inGameName": "Witch Hood",
    "category": "characters",
    "modelType": "Config",
    "path": "dz/characters/headgear",
    "usableOnConsole": true,
    "searchTags": "black, festive, headgear, hood",
    "image": "images/characters/headgear/witchhoodcoif_red/witchhoodcoif_red.jpg",
    "id": "dzobj_6y79rpwz52"
  }
]
