[
  {
    "objectName": "StaticObj_Sign_Petropavlovsk",
    "inGameName": "-",
    "category": "structures_sakhal",
    "modelType": "Config",
    "path": "dz/structures_sakhal/signs/settlements",
    "usableOnConsole": true,
    "searchTags": "marker, notice, sakhal, settlements, signs",
    "image": "images/structures_sakhal/signs/settlements/staticobj_sign_petropavlovsk.jpg"
  },
  {
    "objectName": "sign_aniva_end.p3d",
    "inGameName": "-",
    "category": "structures_sakhal",
    "modelType": "Raw P3D",
    "path": "dz/structures_sakhal/signs/settlements",
    "usableOnConsole": false,
    "searchTags": "marker, notice, sakhal, settlements, signs",
    "image": "images/structures_sakhal/signs/settlements/sign_aniva_end.p3d.jpg"
  },
  {
    "objectName": "sign_aniva_start.p3d",
    "inGameName": "-",
    "category": "structures_sakhal",
    "modelType": "Raw P3D",
    "path": "dz/structures_sakhal/signs/settlements",
    "usableOnConsole": false,
    "searchTags": "marker, notice, sakhal, settlements, signs",
    "image": "images/structures_sakhal/signs/settlements/sign_aniva_start.p3d.jpg"
  },
  {
    "objectName": "sign_bolotnoye_end.p3d",
    "inGameName": "-",
    "category": "structures_sakhal",
    "modelType": "Raw P3D",
    "path": "dz/structures_sakhal/signs/settlements",
    "usableOnConsole": false,
    "searchTags": "marker, notice, sakhal, settlements, signs",
    "image": "images/structures_sakhal/signs/settlements/sign_bolotnoye_end.p3d.jpg"
  },
  {
    "objectName": "sign_bolotnoye_start.p3d",
    "inGameName": "-",
    "category": "structures_sakhal",
    "modelType": "Raw P3D",
    "path": "dz/structures_sakhal/signs/settlements",
    "usableOnConsole": false,
    "searchTags": "marker, notice, sakhal, settlements, signs",
    "image": "images/structures_sakhal/signs/settlements/sign_bolotnoye_start.p3d.jpg"
  },
  {
    "objectName": "sign_dudino_end.p3d",
    "inGameName": "-",
    "category": "structures_sakhal",
    "modelType": "Raw P3D",
    "path": "dz/structures_sakhal/signs/settlements",
    "usableOnConsole": false,
    "searchTags": "marker, notice, sakhal, settlements, signs",
    "image": "images/structures_sakhal/signs/settlements/sign_dudino_end.p3d.jpg"
  },
  {
    "objectName": "sign_dudino_start.p3d",
    "inGameName": "-",
    "category": "structures_sakhal",
    "modelType": "Raw P3D",
    "path": "dz/structures_sakhal/signs/settlements",
    "usableOnConsole": false,
    "searchTags": "marker, notice, sakhal, settlements, signs",
    "image": "images/structures_sakhal/signs/settlements/sign_dudino_start.p3d.jpg"
  },
  {
    "objectName": "sign_evai_end.p3d",
    "inGameName": "-",
    "category": "structures_sakhal",
    "modelType": "Raw P3D",
    "path": "dz/structures_sakhal/signs/settlements",
    "usableOnConsole": false,
    "searchTags": "marker, notice, sakhal, settlements, signs",
    "image": "images/structures_sakhal/signs/settlements/sign_evai_end.p3d.jpg"
  },
  {
    "objectName": "sign_evai_start.p3d",
    "inGameName": "-",
    "category": "structures_sakhal",
    "modelType": "Raw P3D",
    "path": "dz/structures_sakhal/signs/settlements",
    "usableOnConsole": false,
    "searchTags": "marker, notice, sakhal, settlements, signs",
    "image": "images/structures_sakhal/signs/settlements/sign_evai_start.p3d.jpg"
  },
  {
    "objectName": "sign_lesogorovka_end.p3d",
    "inGameName": "-",
    "category": "structures_sakhal",
    "modelType": "Raw P3D",
    "path": "dz/structures_sakhal/signs/settlements",
    "usableOnConsole": false,
    "searchTags": "marker, notice, sakhal, settlements, signs",
    "image": "images/structures_sakhal/signs/settlements/sign_lesogorovka_end.p3d.jpg"
  },
  {
    "objectName": "sign_lesogorovka_start.p3d",
    "inGameName": "-",
    "category": "structures_sakhal",
    "modelType": "Raw P3D",
    "path": "dz/structures_sakhal/signs/settlements",
    "usableOnConsole": false,
    "searchTags": "marker, notice, sakhal, settlements, signs",
    "image": "images/structures_sakhal/signs/settlements/sign_lesogorovka_start.p3d.jpg"
  },
  {
    "objectName": "sign_matrosovo_end.p3d",
    "inGameName": "-",
    "category": "structures_sakhal",
    "modelType": "Raw P3D",
    "path": "dz/structures_sakhal/signs/settlements",
    "usableOnConsole": false,
    "searchTags": "marker, notice, sakhal, settlements, signs",
    "image": "images/structures_sakhal/signs/settlements/sign_matrosovo_end.p3d.jpg"
  },
  {
    "objectName": "sign_matrosovo_start.p3d",
    "inGameName": "-",
    "category": "structures_sakhal",
    "modelType": "Raw P3D",
    "path": "dz/structures_sakhal/signs/settlements",
    "usableOnConsole": false,
    "searchTags": "marker, notice, sakhal, settlements, signs",
    "image": "images/structures_sakhal/signs/settlements/sign_matrosovo_start.p3d.jpg"
  },
  {
    "objectName": "sign_nogovo_end.p3d",
    "inGameName": "-",
    "category": "structures_sakhal",
    "modelType": "Raw P3D",
    "path": "dz/structures_sakhal/signs/settlements",
    "usableOnConsole": false,
    "searchTags": "marker, notice, sakhal, settlements, signs",
    "image": "images/structures_sakhal/signs/settlements/sign_nogovo_end.p3d.jpg"
  },
  {
    "objectName": "sign_nogovo_start.p3d",
    "inGameName": "-",
    "category": "structures_sakhal",
    "modelType": "Raw P3D",
    "path": "dz/structures_sakhal/signs/settlements",
    "usableOnConsole": false,
    "searchTags": "marker, notice, sakhal, settlements, signs",
    "image": "images/structures_sakhal/signs/settlements/sign_nogovo_start.p3d.jpg"
  },
  {
    "objectName": "sign_orlovo_end.p3d",
    "inGameName": "-",
    "category": "structures_sakhal",
    "modelType": "Raw P3D",
    "path": "dz/structures_sakhal/signs/settlements",
    "usableOnConsole": false,
    "searchTags": "marker, notice, sakhal, settlements, signs",
    "image": "images/structures_sakhal/signs/settlements/sign_orlovo_end.p3d.jpg"
  },
  {
    "objectName": "sign_orlovo_start.p3d",
    "inGameName": "-",
    "category": "structures_sakhal",
    "modelType": "Raw P3D",
    "path": "dz/structures_sakhal/signs/settlements",
    "usableOnConsole": false,
    "searchTags": "marker, notice, sakhal, settlements, signs",
    "image": "images/structures_sakhal/signs/settlements/sign_orlovo_start.p3d.jpg"
  },
  {
    "objectName": "sign_petropavlovsk.p3d",
    "inGameName": "-",
    "category": "structures_sakhal",
    "modelType": "Raw P3D",
    "path": "dz/structures_sakhal/signs/settlements",
    "usableOnConsole": false,
    "searchTags": "marker, notice, sakhal, settlements, signs",
    "image": "images/structures_sakhal/signs/settlements/sign_petropavlovsk.p3d.jpg"
  },
  {
    "objectName": "sign_podgornoye_end.p3d",
    "inGameName": "-",
    "category": "structures_sakhal",
    "modelType": "Raw P3D",
    "path": "dz/structures_sakhal/signs/settlements",
    "usableOnConsole": false,
    "searchTags": "marker, notice, sakhal, settlements, signs",
    "image": "images/structures_sakhal/signs/settlements/sign_podgornoye_end.p3d.jpg"
  },
  {
    "objectName": "sign_podgornoye_start.p3d",
    "inGameName": "-",
    "category": "structures_sakhal",
    "modelType": "Raw P3D",
    "path": "dz/structures_sakhal/signs/settlements",
    "usableOnConsole": false,
    "searchTags": "marker, notice, sakhal, settlements, signs",
    "image": "images/structures_sakhal/signs/settlements/sign_podgornoye_start.p3d.jpg"
  },
  {
    "objectName": "sign_rudnogorsk_end.p3d",
    "inGameName": "-",
    "category": "structures_sakhal",
    "modelType": "Raw P3D",
    "path": "dz/structures_sakhal/signs/settlements",
    "usableOnConsole": false,
    "searchTags": "marker, notice, sakhal, settlements, signs",
    "image": "images/structures_sakhal/signs/settlements/sign_rudnogorsk_end.p3d.jpg"
  },
  {
    "objectName": "sign_rudnogorsk_start.p3d",
    "inGameName": "-",
    "category": "structures_sakhal",
    "modelType": "Raw P3D",
    "path": "dz/structures_sakhal/signs/settlements",
    "usableOnConsole": false,
    "searchTags": "marker, notice, sakhal, settlements, signs",
    "image": "images/structures_sakhal/signs/settlements/sign_rudnogorsk_start.p3d.jpg"
  },
  {
    "objectName": "sign_rybnoye_end.p3d",
    "inGameName": "-",
    "category": "structures_sakhal",
    "modelType": "Raw P3D",
    "path": "dz/structures_sakhal/signs/settlements",
    "usableOnConsole": false,
    "searchTags": "marker, notice, sakhal, settlements, signs",
    "image": "images/structures_sakhal/signs/settlements/sign_rybnoye_end.p3d.jpg"
  },
  {
    "objectName": "sign_rybnoye_start.p3d",
    "inGameName": "-",
    "category": "structures_sakhal",
    "modelType": "Raw P3D",
    "path": "dz/structures_sakhal/signs/settlements",
    "usableOnConsole": false,
    "searchTags": "marker, notice, sakhal, settlements, signs",
    "image": "images/structures_sakhal/signs/settlements/sign_rybnoye_start.p3d.jpg"
  },
  {
    "objectName": "sign_severomorsk_end.p3d",
    "inGameName": "-",
    "category": "structures_sakhal",
    "modelType": "Raw P3D",
    "path": "dz/structures_sakhal/signs/settlements",
    "usableOnConsole": false,
    "searchTags": "marker, notice, sakhal, settlements, signs",
    "image": "images/structures_sakhal/signs/settlements/sign_severomorsk_end.p3d.jpg"
  },
  {
    "objectName": "sign_severomorsk_start.p3d",
    "inGameName": "-",
    "category": "structures_sakhal",
    "modelType": "Raw P3D",
    "path": "dz/structures_sakhal/signs/settlements",
    "usableOnConsole": false,
    "searchTags": "marker, notice, sakhal, settlements, signs",
    "image": "images/structures_sakhal/signs/settlements/sign_severomorsk_start.p3d.jpg"
  },
  {
    "objectName": "sign_shumnoye_end.p3d",
    "inGameName": "-",
    "category": "structures_sakhal",
    "modelType": "Raw P3D",
    "path": "dz/structures_sakhal/signs/settlements",
    "usableOnConsole": false,
    "searchTags": "marker, notice, sakhal, settlements, signs",
    "image": "images/structures_sakhal/signs/settlements/sign_shumnoye_end.p3d.jpg"
  },
  {
    "objectName": "sign_shumnoye_start.p3d",
    "inGameName": "-",
    "category": "structures_sakhal",
    "modelType": "Raw P3D",
    "path": "dz/structures_sakhal/signs/settlements",
    "usableOnConsole": false,
    "searchTags": "marker, notice, sakhal, settlements, signs",
    "image": "images/structures_sakhal/signs/settlements/sign_shumnoye_start.p3d.jpg"
  },
  {
    "objectName": "sign_sovetskoye_end.p3d",
    "inGameName": "-",
    "category": "structures_sakhal",
    "modelType": "Raw P3D",
    "path": "dz/structures_sakhal/signs/settlements",
    "usableOnConsole": false,
    "searchTags": "marker, notice, sakhal, settlements, signs",
    "image": "images/structures_sakhal/signs/settlements/sign_sovetskoye_end.p3d.jpg"
  },
  {
    "objectName": "sign_sovetskoye_start.p3d",
    "inGameName": "-",
    "category": "structures_sakhal",
    "modelType": "Raw P3D",
    "path": "dz/structures_sakhal/signs/settlements",
    "usableOnConsole": false,
    "searchTags": "marker, notice, sakhal, settlements, signs",
    "image": "images/structures_sakhal/signs/settlements/sign_sovetskoye_start.p3d.jpg"
  },
  {
    "objectName": "sign_tumanovo_end.p3d",
    "inGameName": "-",
    "category": "structures_sakhal",
    "modelType": "Raw P3D",
    "path": "dz/structures_sakhal/signs/settlements",
    "usableOnConsole": false,
    "searchTags": "marker, notice, sakhal, settlements, signs",
    "image": "images/structures_sakhal/signs/settlements/sign_tumanovo_end.p3d.jpg"
  },
  {
    "objectName": "sign_tumanovo_start.p3d",
    "inGameName": "-",
    "category": "structures_sakhal",
    "modelType": "Raw P3D",
    "path": "dz/structures_sakhal/signs/settlements",
    "usableOnConsole": false,
    "searchTags": "marker, notice, sakhal, settlements, signs",
    "image": "images/structures_sakhal/signs/settlements/sign_tumanovo_start.p3d.jpg"
  },
  {
    "objectName": "sign_vostok_end.p3d",
    "inGameName": "-",
    "category": "structures_sakhal",
    "modelType": "Raw P3D",
    "path": "dz/structures_sakhal/signs/settlements",
    "usableOnConsole": false,
    "searchTags": "marker, notice, sakhal, settlements, signs",
    "image": "images/structures_sakhal/signs/settlements/sign_vostok_end.p3d.jpg"
  },
  {
    "objectName": "sign_vostok_start.p3d",
    "inGameName": "-",
    "category": "structures_sakhal",
    "modelType": "Raw P3D",
    "path": "dz/structures_sakhal/signs/settlements",
    "usableOnConsole": false,
    "searchTags": "marker, notice, sakhal, settlements, signs",
    "image": "images/structures_sakhal/signs/settlements/sign_vostok_start.p3d.jpg"
  },
  {
    "objectName": "sign_vysokoe_end.p3d",
    "inGameName": "-",
    "category": "structures_sakhal",
    "modelType": "Raw P3D",
    "path": "dz/structures_sakhal/signs/settlements",
    "usableOnConsole": false,
    "searchTags": "marker, notice, sakhal, settlements, signs",
    "image": "images/structures_sakhal/signs/settlements/sign_vysokoe_end.p3d.jpg"
  },
  {
    "objectName": "sign_vysokoe_start.p3d",
    "inGameName": "-",
    "category": "structures_sakhal",
    "modelType": "Raw P3D",
    "path": "dz/structures_sakhal/signs/settlements",
    "usableOnConsole": false,
    "searchTags": "marker, notice, sakhal, settlements, signs",
    "image": "images/structures_sakhal/signs/settlements/sign_vysokoe_start.p3d.jpg"
  },
  {
    "objectName": "sign_yasnomorsk_end.p3d",
    "inGameName": "-",
    "category": "structures_sakhal",
    "modelType": "Raw P3D",
    "path": "dz/structures_sakhal/signs/settlements",
    "usableOnConsole": false,
    "searchTags": "marker, notice, sakhal, settlements, signs",
    "image": "images/structures_sakhal/signs/settlements/sign_yasnomorsk_end.p3d.jpg"
  },
  {
    "objectName": "sign_yasnomorsk_start.p3d",
    "inGameName": "-",
    "category": "structures_sakhal",
    "modelType": "Raw P3D",
    "path": "dz/structures_sakhal/signs/settlements",
    "usableOnConsole": false,
    "searchTags": "marker, notice, sakhal, settlements, signs",
    "image": "images/structures_sakhal/signs/settlements/sign_yasnomorsk_start.p3d.jpg"
  },
  {
    "objectName": "sign_yuzhnoye_end.p3d",
    "inGameName": "-",
    "category": "structures_sakhal",
    "modelType": "Raw P3D",
    "path": "dz/structures_sakhal/signs/settlements",
    "usableOnConsole": false,
    "searchTags": "marker, notice, sakhal, settlements, signs",
    "image": "images/structures_sakhal/signs/settlements/sign_yuzhnoye_end.p3d.jpg"
  },
  {
    "objectName": "sign_yuzhnoye_start.p3d",
    "inGameName": "-",
    "category": "structures_sakhal",
    "modelType": "Raw P3D",
    "path": "dz/structures_sakhal/signs/settlements",
    "usableOnConsole": false,
    "searchTags": "marker, notice, sakhal, settlements, signs",
    "image": "images/structures_sakhal/signs/settlements/sign_yuzhnoye_start.p3d.jpg"
  },
  {
    "objectName": "sign_zhupanovo_end.p3d",
    "inGameName": "-",
    "category": "structures_sakhal",
    "modelType": "Raw P3D",
    "path": "dz/structures_sakhal/signs/settlements",
    "usableOnConsole": false,
    "searchTags": "marker, notice, sakhal, settlements, signs",
    "image": "images/structures_sakhal/signs/settlements/sign_zhupanovo_end.p3d.jpg"
  },
  {
    "objectName": "sign_zhupanovo_start.p3d",
    "inGameName": "-",
    "category": "structures_sakhal",
    "modelType": "Raw P3D",
    "path": "dz/structures_sakhal/signs/settlements",
    "usableOnConsole": false,
    "searchTags": "marker, notice, sakhal, settlements, signs",
    "image": "images/structures_sakhal/signs/settlements/sign_zhupanovo_start.p3d.jpg"
  }
]
