[
  {
    "objectName": "StaticObj_Sign_Petropavlovsk",
    "inGameName": "-",
    "category": "structures_sakhal",
    "modelType": "Config",
    "path": "dz/structures_sakhal/signs/settlements",
    "usableOnConsole": true,
    "searchTags": "marker, notice, sakhal, settlements, signs",
    "image": "images/structures_sakhal/signs/settlements/staticobj_sign_petropavlovsk.jpg",
    "id": "dzobj_qbpp9fo48n"
  },
  {
    "objectName": "sign_aniva_end.p3d",
    "inGameName": "-",
    "category": "structures_sakhal",
    "modelType": "Raw P3D",
    "path": "dz/structures_sakhal/signs/settlements",
    "usableOnConsole": false,
    "searchTags": "marker, notice, sakhal, settlements, signs",
    "image": "images/structures_sakhal/signs/settlements/sign_aniva_end.p3d.jpg",
    "id": "dzobj_c9yeoywaur"
  },
  {
    "objectName": "sign_aniva_start.p3d",
    "inGameName": "-",
    "category": "structures_sakhal",
    "modelType": "Raw P3D",
    "path": "dz/structures_sakhal/signs/settlements",
    "usableOnConsole": false,
    "searchTags": "marker, notice, sakhal, settlements, signs",
    "image": "images/structures_sakhal/signs/settlements/sign_aniva_start.p3d.jpg",
    "id": "dzobj_k4rxqrpjp9"
  },
  {
    "objectName": "sign_bolotnoye_end.p3d",
    "inGameName": "-",
    "category": "structures_sakhal",
    "modelType": "Raw P3D",
    "path": "dz/structures_sakhal/signs/settlements",
    "usableOnConsole": false,
    "searchTags": "marker, notice, sakhal, settlements, signs",
    "image": "images/structures_sakhal/signs/settlements/sign_bolotnoye_end.p3d.jpg",
    "id": "dzobj_uvufwleigj"
  },
  {
    "objectName": "sign_bolotnoye_start.p3d",
    "inGameName": "-",
    "category": "structures_sakhal",
    "modelType": "Raw P3D",
    "path": "dz/structures_sakhal/signs/settlements",
    "usableOnConsole": false,
    "searchTags": "marker, notice, sakhal, settlements, signs",
    "image": "images/structures_sakhal/signs/settlements/sign_bolotnoye_start.p3d.jpg",
    "id": "dzobj_yh5dkt4py2"
  },
  {
    "objectName": "sign_dudino_end.p3d",
    "inGameName": "-",
    "category": "structures_sakhal",
    "modelType": "Raw P3D",
    "path": "dz/structures_sakhal/signs/settlements",
    "usableOnConsole": false,
    "searchTags": "marker, notice, sakhal, settlements, signs",
    "image": "images/structures_sakhal/signs/settlements/sign_dudino_end.p3d.jpg",
    "id": "dzobj_59zy4cmu5b"
  },
  {
    "objectName": "sign_dudino_start.p3d",
    "inGameName": "-",
    "category": "structures_sakhal",
    "modelType": "Raw P3D",
    "path": "dz/structures_sakhal/signs/settlements",
    "usableOnConsole": false,
    "searchTags": "marker, notice, sakhal, settlements, signs",
    "image": "images/structures_sakhal/signs/settlements/sign_dudino_start.p3d.jpg",
    "id": "dzobj_ks8pibc5a0"
  },
  {
    "objectName": "sign_evai_end.p3d",
    "inGameName": "-",
    "category": "structures_sakhal",
    "modelType": "Raw P3D",
    "path": "dz/structures_sakhal/signs/settlements",
    "usableOnConsole": false,
    "searchTags": "marker, notice, sakhal, settlements, signs",
    "image": "images/structures_sakhal/signs/settlements/sign_evai_end.p3d.jpg",
    "id": "dzobj_5bzbdgi7py"
  },
  {
    "objectName": "sign_evai_start.p3d",
    "inGameName": "-",
    "category": "structures_sakhal",
    "modelType": "Raw P3D",
    "path": "dz/structures_sakhal/signs/settlements",
    "usableOnConsole": false,
    "searchTags": "marker, notice, sakhal, settlements, signs",
    "image": "images/structures_sakhal/signs/settlements/sign_evai_start.p3d.jpg",
    "id": "dzobj_q0i8bq4qy7"
  },
  {
    "objectName": "sign_lesogorovka_end.p3d",
    "inGameName": "-",
    "category": "structures_sakhal",
    "modelType": "Raw P3D",
    "path": "dz/structures_sakhal/signs/settlements",
    "usableOnConsole": false,
    "searchTags": "marker, notice, sakhal, settlements, signs",
    "image": "images/structures_sakhal/signs/settlements/sign_lesogorovka_end.p3d.jpg",
    "id": "dzobj_bj4v55iryb"
  },
  {
    "objectName": "sign_lesogorovka_start.p3d",
    "inGameName": "-",
    "category": "structures_sakhal",
    "modelType": "Raw P3D",
    "path": "dz/structures_sakhal/signs/settlements",
    "usableOnConsole": false,
    "searchTags": "marker, notice, sakhal, settlements, signs",
    "image": "images/structures_sakhal/signs/settlements/sign_lesogorovka_start.p3d.jpg",
    "id": "dzobj_bkyw5heynw"
  },
  {
    "objectName": "sign_matrosovo_end.p3d",
    "inGameName": "-",
    "category": "structures_sakhal",
    "modelType": "Raw P3D",
    "path": "dz/structures_sakhal/signs/settlements",
    "usableOnConsole": false,
    "searchTags": "marker, notice, sakhal, settlements, signs",
    "image": "images/structures_sakhal/signs/settlements/sign_matrosovo_end.p3d.jpg",
    "id": "dzobj_2rl8wv4e4i"
  },
  {
    "objectName": "sign_matrosovo_start.p3d",
    "inGameName": "-",
    "category": "structures_sakhal",
    "modelType": "Raw P3D",
    "path": "dz/structures_sakhal/signs/settlements",
    "usableOnConsole": false,
    "searchTags": "marker, notice, sakhal, settlements, signs",
    "image": "images/structures_sakhal/signs/settlements/sign_matrosovo_start.p3d.jpg",
    "id": "dzobj_4myxq567q5"
  },
  {
    "objectName": "sign_nogovo_end.p3d",
    "inGameName": "-",
    "category": "structures_sakhal",
    "modelType": "Raw P3D",
    "path": "dz/structures_sakhal/signs/settlements",
    "usableOnConsole": false,
    "searchTags": "marker, notice, sakhal, settlements, signs",
    "image": "images/structures_sakhal/signs/settlements/sign_nogovo_end.p3d.jpg",
    "id": "dzobj_ffxi5eepjt"
  },
  {
    "objectName": "sign_nogovo_start.p3d",
    "inGameName": "-",
    "category": "structures_sakhal",
    "modelType": "Raw P3D",
    "path": "dz/structures_sakhal/signs/settlements",
    "usableOnConsole": false,
    "searchTags": "marker, notice, sakhal, settlements, signs",
    "image": "images/structures_sakhal/signs/settlements/sign_nogovo_start.p3d.jpg",
    "id": "dzobj_hhosdyxoh8"
  },
  {
    "objectName": "sign_orlovo_end.p3d",
    "inGameName": "-",
    "category": "structures_sakhal",
    "modelType": "Raw P3D",
    "path": "dz/structures_sakhal/signs/settlements",
    "usableOnConsole": false,
    "searchTags": "marker, notice, sakhal, settlements, signs",
    "image": "images/structures_sakhal/signs/settlements/sign_orlovo_end.p3d.jpg",
    "id": "dzobj_p1stei29f3"
  },
  {
    "objectName": "sign_orlovo_start.p3d",
    "inGameName": "-",
    "category": "structures_sakhal",
    "modelType": "Raw P3D",
    "path": "dz/structures_sakhal/signs/settlements",
    "usableOnConsole": false,
    "searchTags": "marker, notice, sakhal, settlements, signs",
    "image": "images/structures_sakhal/signs/settlements/sign_orlovo_start.p3d.jpg",
    "id": "dzobj_nqjyxqyv5d"
  },
  {
    "objectName": "sign_petropavlovsk.p3d",
    "inGameName": "-",
    "category": "structures_sakhal",
    "modelType": "Raw P3D",
    "path": "dz/structures_sakhal/signs/settlements",
    "usableOnConsole": false,
    "searchTags": "marker, notice, sakhal, settlements, signs",
    "image": "images/structures_sakhal/signs/settlements/sign_petropavlovsk.p3d.jpg",
    "id": "dzobj_f18myy548n"
  },
  {
    "objectName": "sign_podgornoye_end.p3d",
    "inGameName": "-",
    "category": "structures_sakhal",
    "modelType": "Raw P3D",
    "path": "dz/structures_sakhal/signs/settlements",
    "usableOnConsole": false,
    "searchTags": "marker, notice, sakhal, settlements, signs",
    "image": "images/structures_sakhal/signs/settlements/sign_podgornoye_end.p3d.jpg",
    "id": "dzobj_k80etny8wl"
  },
  {
    "objectName": "sign_podgornoye_start.p3d",
    "inGameName": "-",
    "category": "structures_sakhal",
    "modelType": "Raw P3D",
    "path": "dz/structures_sakhal/signs/settlements",
    "usableOnConsole": false,
    "searchTags": "marker, notice, sakhal, settlements, signs",
    "image": "images/structures_sakhal/signs/settlements/sign_podgornoye_start.p3d.jpg",
    "id": "dzobj_0y9ipj75fc"
  },
  {
    "objectName": "sign_rudnogorsk_end.p3d",
    "inGameName": "-",
    "category": "structures_sakhal",
    "modelType": "Raw P3D",
    "path": "dz/structures_sakhal/signs/settlements",
    "usableOnConsole": false,
    "searchTags": "marker, notice, sakhal, settlements, signs",
    "image": "images/structures_sakhal/signs/settlements/sign_rudnogorsk_end.p3d.jpg",
    "id": "dzobj_m7uji3lzgg"
  },
  {
    "objectName": "sign_rudnogorsk_start.p3d",
    "inGameName": "-",
    "category": "structures_sakhal",
    "modelType": "Raw P3D",
    "path": "dz/structures_sakhal/signs/settlements",
    "usableOnConsole": false,
    "searchTags": "marker, notice, sakhal, settlements, signs",
    "image": "images/structures_sakhal/signs/settlements/sign_rudnogorsk_start.p3d.jpg",
    "id": "dzobj_sx6h4sz8yd"
  },
  {
    "objectName": "sign_rybnoye_end.p3d",
    "inGameName": "-",
    "category": "structures_sakhal",
    "modelType": "Raw P3D",
    "path": "dz/structures_sakhal/signs/settlements",
    "usableOnConsole": false,
    "searchTags": "marker, notice, sakhal, settlements, signs",
    "image": "images/structures_sakhal/signs/settlements/sign_rybnoye_end.p3d.jpg",
    "id": "dzobj_vc3sgbhguh"
  },
  {
    "objectName": "sign_rybnoye_start.p3d",
    "inGameName": "-",
    "category": "structures_sakhal",
    "modelType": "Raw P3D",
    "path": "dz/structures_sakhal/signs/settlements",
    "usableOnConsole": false,
    "searchTags": "marker, notice, sakhal, settlements, signs",
    "image": "images/structures_sakhal/signs/settlements/sign_rybnoye_start.p3d.jpg",
    "id": "dzobj_o0s4k1zrlk"
  },
  {
    "objectName": "sign_severomorsk_end.p3d",
    "inGameName": "-",
    "category": "structures_sakhal",
    "modelType": "Raw P3D",
    "path": "dz/structures_sakhal/signs/settlements",
    "usableOnConsole": false,
    "searchTags": "marker, notice, sakhal, settlements, signs",
    "image": "images/structures_sakhal/signs/settlements/sign_severomorsk_end.p3d.jpg",
    "id": "dzobj_kk7p6ohnbf"
  },
  {
    "objectName": "sign_severomorsk_start.p3d",
    "inGameName": "-",
    "category": "structures_sakhal",
    "modelType": "Raw P3D",
    "path": "dz/structures_sakhal/signs/settlements",
    "usableOnConsole": false,
    "searchTags": "marker, notice, sakhal, settlements, signs",
    "image": "images/structures_sakhal/signs/settlements/sign_severomorsk_start.p3d.jpg",
    "id": "dzobj_vmoqxfjcl2"
  },
  {
    "objectName": "sign_shumnoye_end.p3d",
    "inGameName": "-",
    "category": "structures_sakhal",
    "modelType": "Raw P3D",
    "path": "dz/structures_sakhal/signs/settlements",
    "usableOnConsole": false,
    "searchTags": "marker, notice, sakhal, settlements, signs",
    "image": "images/structures_sakhal/signs/settlements/sign_shumnoye_end.p3d.jpg",
    "id": "dzobj_a35ygcmnah"
  },
  {
    "objectName": "sign_shumnoye_start.p3d",
    "inGameName": "-",
    "category": "structures_sakhal",
    "modelType": "Raw P3D",
    "path": "dz/structures_sakhal/signs/settlements",
    "usableOnConsole": false,
    "searchTags": "marker, notice, sakhal, settlements, signs",
    "image": "images/structures_sakhal/signs/settlements/sign_shumnoye_start.p3d.jpg",
    "id": "dzobj_arl92bwida"
  },
  {
    "objectName": "sign_sovetskoye_end.p3d",
    "inGameName": "-",
    "category": "structures_sakhal",
    "modelType": "Raw P3D",
    "path": "dz/structures_sakhal/signs/settlements",
    "usableOnConsole": false,
    "searchTags": "marker, notice, sakhal, settlements, signs",
    "image": "images/structures_sakhal/signs/settlements/sign_sovetskoye_end.p3d.jpg",
    "id": "dzobj_3tsng2ko3l"
  },
  {
    "objectName": "sign_sovetskoye_start.p3d",
    "inGameName": "-",
    "category": "structures_sakhal",
    "modelType": "Raw P3D",
    "path": "dz/structures_sakhal/signs/settlements",
    "usableOnConsole": false,
    "searchTags": "marker, notice, sakhal, settlements, signs",
    "image": "images/structures_sakhal/signs/settlements/sign_sovetskoye_start.p3d.jpg",
    "id": "dzobj_sfkc25yt52"
  },
  {
    "objectName": "sign_tumanovo_end.p3d",
    "inGameName": "-",
    "category": "structures_sakhal",
    "modelType": "Raw P3D",
    "path": "dz/structures_sakhal/signs/settlements",
    "usableOnConsole": false,
    "searchTags": "marker, notice, sakhal, settlements, signs",
    "image": "images/structures_sakhal/signs/settlements/sign_tumanovo_end.p3d.jpg",
    "id": "dzobj_xv9n72ocpg"
  },
  {
    "objectName": "sign_tumanovo_start.p3d",
    "inGameName": "-",
    "category": "structures_sakhal",
    "modelType": "Raw P3D",
    "path": "dz/structures_sakhal/signs/settlements",
    "usableOnConsole": false,
    "searchTags": "marker, notice, sakhal, settlements, signs",
    "image": "images/structures_sakhal/signs/settlements/sign_tumanovo_start.p3d.jpg",
    "id": "dzobj_vviflbshyp"
  },
  {
    "objectName": "sign_vostok_end.p3d",
    "inGameName": "-",
    "category": "structures_sakhal",
    "modelType": "Raw P3D",
    "path": "dz/structures_sakhal/signs/settlements",
    "usableOnConsole": false,
    "searchTags": "marker, notice, sakhal, settlements, signs",
    "image": "images/structures_sakhal/signs/settlements/sign_vostok_end.p3d.jpg",
    "id": "dzobj_fdnalb83wr"
  },
  {
    "objectName": "sign_vostok_start.p3d",
    "inGameName": "-",
    "category": "structures_sakhal",
    "modelType": "Raw P3D",
    "path": "dz/structures_sakhal/signs/settlements",
    "usableOnConsole": false,
    "searchTags": "marker, notice, sakhal, settlements, signs",
    "image": "images/structures_sakhal/signs/settlements/sign_vostok_start.p3d.jpg",
    "id": "dzobj_atq5inx3zo"
  },
  {
    "objectName": "sign_vysokoe_end.p3d",
    "inGameName": "-",
    "category": "structures_sakhal",
    "modelType": "Raw P3D",
    "path": "dz/structures_sakhal/signs/settlements",
    "usableOnConsole": false,
    "searchTags": "marker, notice, sakhal, settlements, signs",
    "image": "images/structures_sakhal/signs/settlements/sign_vysokoe_end.p3d.jpg",
    "id": "dzobj_onhoau40lc"
  },
  {
    "objectName": "sign_vysokoe_start.p3d",
    "inGameName": "-",
    "category": "structures_sakhal",
    "modelType": "Raw P3D",
    "path": "dz/structures_sakhal/signs/settlements",
    "usableOnConsole": false,
    "searchTags": "marker, notice, sakhal, settlements, signs",
    "image": "images/structures_sakhal/signs/settlements/sign_vysokoe_start.p3d.jpg",
    "id": "dzobj_qcdsk50c1f"
  },
  {
    "objectName": "sign_yasnomorsk_end.p3d",
    "inGameName": "-",
    "category": "structures_sakhal",
    "modelType": "Raw P3D",
    "path": "dz/structures_sakhal/signs/settlements",
    "usableOnConsole": false,
    "searchTags": "marker, notice, sakhal, settlements, signs",
    "image": "images/structures_sakhal/signs/settlements/sign_yasnomorsk_end.p3d.jpg",
    "id": "dzobj_f3jg8ch88i"
  },
  {
    "objectName": "sign_yasnomorsk_start.p3d",
    "inGameName": "-",
    "category": "structures_sakhal",
    "modelType": "Raw P3D",
    "path": "dz/structures_sakhal/signs/settlements",
    "usableOnConsole": false,
    "searchTags": "marker, notice, sakhal, settlements, signs",
    "image": "images/structures_sakhal/signs/settlements/sign_yasnomorsk_start.p3d.jpg",
    "id": "dzobj_28ordywzm0"
  },
  {
    "objectName": "sign_yuzhnoye_end.p3d",
    "inGameName": "-",
    "category": "structures_sakhal",
    "modelType": "Raw P3D",
    "path": "dz/structures_sakhal/signs/settlements",
    "usableOnConsole": false,
    "searchTags": "marker, notice, sakhal, settlements, signs",
    "image": "images/structures_sakhal/signs/settlements/sign_yuzhnoye_end.p3d.jpg",
    "id": "dzobj_g8wacvy8d5"
  },
  {
    "objectName": "sign_yuzhnoye_start.p3d",
    "inGameName": "-",
    "category": "structures_sakhal",
    "modelType": "Raw P3D",
    "path": "dz/structures_sakhal/signs/settlements",
    "usableOnConsole": false,
    "searchTags": "marker, notice, sakhal, settlements, signs",
    "image": "images/structures_sakhal/signs/settlements/sign_yuzhnoye_start.p3d.jpg",
    "id": "dzobj_vpg9r5s5mk"
  },
  {
    "objectName": "sign_zhupanovo_end.p3d",
    "inGameName": "-",
    "category": "structures_sakhal",
    "modelType": "Raw P3D",
    "path": "dz/structures_sakhal/signs/settlements",
    "usableOnConsole": false,
    "searchTags": "marker, notice, sakhal, settlements, signs",
    "image": "images/structures_sakhal/signs/settlements/sign_zhupanovo_end.p3d.jpg",
    "id": "dzobj_uzbv6u2hm8"
  },
  {
    "objectName": "sign_zhupanovo_start.p3d",
    "inGameName": "-",
    "category": "structures_sakhal",
    "modelType": "Raw P3D",
    "path": "dz/structures_sakhal/signs/settlements",
    "usableOnConsole": false,
    "searchTags": "marker, notice, sakhal, settlements, signs",
    "image": "images/structures_sakhal/signs/settlements/sign_zhupanovo_start.p3d.jpg",
    "id": "dzobj_gdnlt0qiw8"
  }
]
