[
  {
    "objectName": "ChernarusMap",
    "inGameName": "Tourist Map",
    "category": "gear",
    "modelType": "Config",
    "path": "dz/gear/navigation",
    "usableOnConsole": true,
    "searchTags": "gear, navigation, tourist",
    "image": "images/gear/navigation/chernarusmap.jpg",
    "id": "dzobj_zdg7yogl95"
  },
  {
    "objectName": "map_opened",
    "inGameName": "Compass",
    "category": "gear",
    "modelType": "Config",
    "path": "dz/gear/navigation",
    "usableOnConsole": true,
    "searchTags": "gear, navigation, tourist",
    "image": "images/gear/navigation/map_opened.jpg",
    "id": "dzobj_y1jqfkb3z6"
  },
  {
    "objectName": "Compass",
    "inGameName": "Compass",
    "category": "gear",
    "modelType": "Config",
    "path": "dz/gear/navigation",
    "usableOnConsole": true,
    "searchTags": "gear, navigation",
    "image": "images/gear/navigation/compass.jpg",
    "id": "dzobj_96ybyyfm5b"
  },
  {
    "objectName": "OrienteeringCompass",
    "inGameName": "Orienteering Compass",
    "category": "gear",
    "modelType": "Config",
    "path": "dz/gear/navigation",
    "usableOnConsole": true,
    "searchTags": "gear, navigation",
    "image": "images/gear/navigation/orienteeringcompass.jpg",
    "id": "dzobj_pabgrcvstt"
  },
  {
    "objectName": "GPSReceiver",
    "inGameName": "GPS Receiver",
    "category": "gear",
    "modelType": "Config",
    "path": "dz/gear/navigation",
    "usableOnConsole": true,
    "searchTags": "gear, navigation",
    "image": "images/gear/navigation/gpsreceiver.jpg",
    "id": "dzobj_qqhke7l30u"
  },
  {
    "objectName": "compass.p3d",
    "inGameName": "Compass",
    "category": "gear",
    "modelType": "Raw P3D",
    "path": "dz/gear/navigation",
    "usableOnConsole": false,
    "searchTags": "gear, navigation",
    "image": "images/gear/navigation/compass.p3d.jpg",
    "id": "dzobj_2uhqvh689b"
  },
  {
    "objectName": "compass_modern.p3d",
    "inGameName": "Orienteering Compass",
    "category": "gear",
    "modelType": "Raw P3D",
    "path": "dz/gear/navigation",
    "usableOnConsole": false,
    "searchTags": "gear, navigation",
    "image": "images/gear/navigation/compass_modern.p3d.jpg",
    "id": "dzobj_vwzbezbp4d"
  },
  {
    "objectName": "gpsreceiver.p3d",
    "inGameName": "-",
    "category": "gear",
    "modelType": "Raw P3D",
    "path": "dz/gear/navigation",
    "usableOnConsole": false,
    "searchTags": "gear, navigation",
    "image": "images/gear/navigation/gpsreceiver.p3d.jpg",
    "id": "dzobj_08it4saknq"
  },
  {
    "objectName": "map_1stperson.p3d",
    "inGameName": "-",
    "category": "gear",
    "modelType": "Raw P3D",
    "path": "dz/gear/navigation",
    "usableOnConsole": false,
    "searchTags": "",
    "image": "images/gear/navigation/map_1stperson.p3d.jpg",
    "id": "dzobj_dokmmxlah9"
  },
  {
    "objectName": "map_chernarus.p3d",
    "inGameName": "-",
    "category": "gear",
    "modelType": "Raw P3D",
    "path": "dz/gear/navigation",
    "usableOnConsole": false,
    "searchTags": "",
    "image": "images/gear/navigation/map_chernarus.p3d.jpg",
    "id": "dzobj_zmrjur3mxk"
  },
  {
    "objectName": "map_chernarus_animated.p3d",
    "inGameName": "Tourist Map",
    "category": "gear",
    "modelType": "Raw P3D",
    "path": "dz/gear/navigation",
    "usableOnConsole": false,
    "searchTags": "",
    "image": "images/gear/navigation/map_chernarus_animated.p3d.jpg",
    "id": "dzobj_ga14no1zkg"
  },
  {
    "objectName": "map_chernarus_open.p3d",
    "inGameName": "-",
    "category": "gear",
    "modelType": "Raw P3D",
    "path": "dz/gear/navigation",
    "usableOnConsole": false,
    "searchTags": "",
    "image": "images/gear/navigation/map_chernarus_open.p3d.jpg",
    "id": "dzobj_hhpym6zhgh"
  },
  {
    "objectName": "ChernarusMap_Open",
    "inGameName": "Tourist Map",
    "category": "gear",
    "modelType": "Config",
    "path": "dz/gear/navigation",
    "usableOnConsole": true,
    "searchTags": "gear, navigation, tourist",
    "image": "images/gear/navigation/chernarusmap.jpg",
    "id": "dzobj_73v39thbd1"
  }
]
