[
  {
    "objectName": "Land_Airport_Small_Hangar",
    "inGameName": "-",
    "category": "structures_sakhal",
    "modelType": "Config",
    "path": "dz/structures_sakhal/specific/airport",
    "usableOnConsole": true,
    "searchTags": "sakhal, specific",
    "image": "images/structures_sakhal/specific/airport/land_airport_small_hangar.jpg"
  },
  {
    "objectName": "airport_small_hangar.p3d",
    "inGameName": "-",
    "category": "structures_sakhal",
    "modelType": "Raw P3D",
    "path": "dz/structures_sakhal/specific/airport",
    "usableOnConsole": false,
    "searchTags": "sakhal, specific",
    "image": "images/structures_sakhal/specific/airport/land_airport_small_hangar.jpg"
  },
  {
    "objectName": "airport_small_hangar2.p3d",
    "category": "structures_sakhal",
    "modelType": "Raw P3D",
    "path": "dz/structures_sakhal/specific/airport",
    "usableOnConsole": false,
    "searchTags": "sakhal, specific",
    "image": "images/structures_sakhal/specific/airport/land_airport_small_hangar2.jpg"
  },
  {
    "objectName": "airport_small_main.p3d",
    "category": "structures_sakhal",
    "modelType": "Raw P3D",
    "path": "dz/structures_sakhal/specific/airport",
    "usableOnConsole": false,
    "searchTags": "sakhal, specific",
    "image": "images/structures_sakhal/specific/airport/land_airport_small_main.jpg"
  },
  {
    "objectName": "Land_Airport_Small_Hangar2",
    "category": "structures_sakhal",
    "modelType": "Config",
    "path": "dz/structures_sakhal/specific/airport",
    "usableOnConsole": true,
    "searchTags": "sakhal, specific",
    "image": "images/structures_sakhal/specific/airport/land_airport_small_hangar2.jpg"
  },
  {
    "objectName": "Land_Airport_Small_Main",
    "category": "structures_sakhal",
    "modelType": "Config",
    "path": "dz/structures_sakhal/specific/airport",
    "usableOnConsole": true,
    "searchTags": "sakhal, specific",
    "image": "images/structures_sakhal/specific/airport/land_airport_small_main.jpg"
  }
]
