[
  {
    "objectName": "Land_Underground_Floor_Comms",
    "category": "structures_bliss",
    "modelType": "Config",
    "path": "dz/structures_bliss/underground/floor",
    "usableOnConsole": true,
    "searchTags": "livoniaa, ground, rooms, bunker",
    "image": "images/structures_bliss/underground/floor/land_underground_floor_comms.jpg",
    "id": "dzobj_9ugxnowtp6"
  },
  {
    "objectName": "Land_Underground_Floor_Crew",
    "category": "structures_bliss",
    "modelType": "Config",
    "path": "dz/structures_bliss/underground/floor",
    "usableOnConsole": true,
    "searchTags": "livoniaa, ground, rooms, bunker",
    "image": "images/structures_bliss/underground/floor/land_underground_floor_crew.jpg",
    "id": "dzobj_vpvnmlba4r"
  }
]
