[
  {
    "objectName": "Land_Wreck_C130J",
    "inGameName": "-",
    "category": "structures",
    "modelType": "Config",
    "path": "dz/structures/wrecks/aircraft",
    "usableOnConsole": true,
    "searchTags": "aircraft, plane, transport, vehicle, wrecks",
    "image": "images/structures/wrecks/aircraft/land_wreck_c130j.jpg"
  },
  {
    "objectName": "Land_Wreck_C130J_2",
    "inGameName": "-",
    "category": "structures",
    "modelType": "Config",
    "path": "dz/structures/wrecks/aircraft",
    "usableOnConsole": true,
    "searchTags": "aircraft, plane, transport, vehicle, wrecks",
    "image": "images/structures/wrecks/aircraft/land_wreck_c130j_2.jpg"
  },
  {
    "objectName": "Land_Wreck_C130J_Cargo",
    "inGameName": "-",
    "category": "structures",
    "modelType": "Config",
    "path": "dz/structures/wrecks/aircraft",
    "usableOnConsole": true,
    "searchTags": "aircraft, plane, transport, vehicle, wrecks",
    "image": "images/structures/wrecks/aircraft/land_wreck_c130j_cargo.jpg"
  },
  {
    "objectName": "Wreck_UH1Y",
    "inGameName": "-",
    "category": "structures",
    "modelType": "Config",
    "path": "dz/structures/wrecks/aircraft",
    "usableOnConsole": true,
    "searchTags": "aircraft, plane, transport, vehicle, wrecks",
    "image": "images/structures/wrecks/aircraft/wreck_uh1y.jpg"
  },
  {
    "objectName": "Wreck_Mi8",
    "inGameName": "-",
    "category": "structures",
    "modelType": "Config",
    "path": "dz/structures/wrecks/aircraft",
    "usableOnConsole": true,
    "searchTags": "aircraft, plane, transport, vehicle, wrecks",
    "image": "images/structures/wrecks/aircraft/wreck_mi8.jpg"
  },
  {
    "objectName": "Wreck_Mi8_Crashed",
    "inGameName": "-",
    "category": "structures",
    "modelType": "Config",
    "path": "dz/structures/wrecks/aircraft",
    "usableOnConsole": true,
    "searchTags": "aircraft, plane, transport, vehicle, wrecks",
    "image": "images/structures/wrecks/aircraft/wreck_mi8_crashed.jpg"
  },
  {
    "objectName": "Wreck_SantasSleigh",
    "inGameName": "-",
    "category": "structures",
    "modelType": "Config",
    "path": "dz/structures/wrecks/aircraft",
    "usableOnConsole": true,
    "searchTags": "santa, blue, glow, light, crash, festive, christmas, sesonal",
    "image": "images/structures/wrecks/aircraft/wreck_santassleigh.jpg"
  },
  {
    "objectName": "StaticObj_Wreck_Mi8",
    "inGameName": "-",
    "category": "structures",
    "modelType": "Config",
    "path": "dz/structures/wrecks/aircraft",
    "usableOnConsole": true,
    "searchTags": "aircraft, helicopter, transport, vehicle, wrecks, smoking",
    "image": "images/structures/wrecks/aircraft/staticobj_wreck_mi8.jpg"
  },
  {
    "objectName": "StaticObj_Wreck_Mi8_Crashed",
    "inGameName": "-",
    "category": "structures",
    "modelType": "Config",
    "path": "dz/structures/wrecks/aircraft",
    "usableOnConsole": true,
    "searchTags": "aircraft, helicopter, transport, vehicle, wrecks",
    "image": "images/structures/wrecks/aircraft/staticobj_wreck_mi8_crashed.jpg"
  },
  {
    "objectName": "StaticObj_Wreck_SantasSleigh",
    "inGameName": "-",
    "category": "structures",
    "modelType": "Config",
    "path": "dz/structures/wrecks/aircraft",
    "usableOnConsole": true,
    "searchTags": "aircraft, helicopter, transport, vehicle, wrecks",
    "image": "images/structures/wrecks/aircraft/staticobj_wreck_santassleigh.jpg"
  },
  {
    "objectName": "StaticObj_Wreck_UH1Y",
    "inGameName": "-",
    "category": "structures",
    "modelType": "Config",
    "path": "dz/structures/wrecks/aircraft",
    "usableOnConsole": true,
    "searchTags": "aircraft, helicopter, transport, vehicle, wrecks",
    "image": "images/structures/wrecks/aircraft/staticobj_wreck_uh1y.jpg"
  },
  {
    "objectName": "wreck_c130j.p3d",
    "inGameName": "-",
    "category": "structures",
    "modelType": "Raw P3D",
    "path": "dz/structures/wrecks/aircraft",
    "usableOnConsole": false,
    "searchTags": "aircraft, plane, transport, vehicle, wrecks",
    "image": "images/structures/wrecks/aircraft/wreck_c130j.p3d.jpg"
  },
  {
    "objectName": "wreck_c130j_2.p3d",
    "inGameName": "-",
    "category": "structures",
    "modelType": "Raw P3D",
    "path": "dz/structures/wrecks/aircraft",
    "usableOnConsole": false,
    "searchTags": "aircraft, plane, transport, vehicle, wrecks",
    "image": "images/structures/wrecks/aircraft/wreck_c130j_2.p3d.jpg"
  },
  {
    "objectName": "wreck_c130j_cargo.p3d",
    "inGameName": "-",
    "category": "structures",
    "modelType": "Raw P3D",
    "path": "dz/structures/wrecks/aircraft",
    "usableOnConsole": false,
    "searchTags": "aircraft, plane, transport, vehicle, wrecks",
    "image": "images/structures/wrecks/aircraft/wreck_c130j_cargo.p3d.jpg"
  },
  {
    "objectName": "wreck_mi8.p3d",
    "inGameName": "-",
    "category": "structures",
    "modelType": "Raw P3D",
    "path": "dz/structures/wrecks/aircraft",
    "usableOnConsole": false,
    "searchTags": "aircraft, plane, transport, vehicle, wrecks",
    "image": "images/structures/wrecks/aircraft/wreck_mi8.p3d.jpg"
  },
  {
    "objectName": "wreck_mi8_crashed.p3d",
    "inGameName": "-",
    "category": "structures",
    "modelType": "Raw P3D",
    "path": "dz/structures/wrecks/aircraft",
    "usableOnConsole": false,
    "searchTags": "aircraft, plane, transport, vehicle, wrecks",
    "image": "images/structures/wrecks/aircraft/wreck_mi8_crashed.jpg"
  },
  {
    "objectName": "wreck_santassleigh.p3d",
    "inGameName": "-",
    "category": "structures",
    "modelType": "Raw P3D",
    "path": "dz/structures/wrecks/aircraft",
    "usableOnConsole": false,
    "searchTags": "santa, blue, glow, light, crash, festive, christmas, sesonal",
    "image": "images/structures/wrecks/aircraft/wreck_santassleigh.p3d.jpg"
  },
  {
    "objectName": "wreck_uh1y.p3d",
    "inGameName": "-",
    "category": "structures",
    "modelType": "Raw P3D",
    "path": "dz/structures/wrecks/aircraft",
    "usableOnConsole": false,
    "searchTags": "aircraft, plane, transport, vehicle, wrecks",
    "image": "images/structures/wrecks/aircraft/wreck_uh1y.jpg"
  }
]
