[
  {
    "objectName": "Land_Misc_Through_Static_Frozen",
    "inGameName": "-",
    "category": "structures_sakhal",
    "modelType": "Config",
    "path": "dz/structures_sakhal/industrial/misc",
    "usableOnConsole": true,
    "searchTags": "industrial, sakhal",
    "image": "images/structures_sakhal/industrial/misc/land_misc_through_static_frozen.jpg"
  },
  {
    "objectName": "Land_Misc_Through_Trailer_Frozen",
    "inGameName": "-",
    "category": "structures_sakhal",
    "modelType": "Config",
    "path": "dz/structures_sakhal/industrial/misc",
    "usableOnConsole": true,
    "searchTags": "industrial, sakhal",
    "image": "images/structures_sakhal/industrial/misc/land_misc_through_trailer_frozen.jpg"
  },
  {
    "objectName": "Land_Misc_Pallet_Spawn",
    "inGameName": "-",
    "category": "structures_sakhal",
    "modelType": "Config",
    "path": "dz/structures_sakhal/industrial/misc",
    "usableOnConsole": true,
    "searchTags": "industrial, sakhal",
    "image": "images/structures_sakhal/industrial/misc/land_misc_pallet_spawn.jpg"
  },
  {
    "objectName": "Land_Misc_WoodenCrate_Spawn",
    "inGameName": "-",
    "category": "structures_sakhal",
    "modelType": "Config",
    "path": "dz/structures_sakhal/industrial/misc",
    "usableOnConsole": true,
    "searchTags": "box, industrial, sakhal, storage",
    "image": "images/structures_sakhal/industrial/misc/land_misc_woodencrate_spawn.jpg"
  },
  {
    "objectName": "StaticObj_Misc_CrabCages",
    "inGameName": "-",
    "category": "structures_sakhal",
    "modelType": "Config",
    "path": "dz/structures_sakhal/industrial/misc",
    "usableOnConsole": true,
    "searchTags": "industrial, sakhal",
    "image": "images/structures_sakhal/industrial/misc/staticobj_misc_crabcages.jpg"
  },
  {
    "objectName": "StaticObj_Misc_FishingGear1",
    "inGameName": "-",
    "category": "structures_sakhal",
    "modelType": "Config",
    "path": "dz/structures_sakhal/industrial/misc",
    "usableOnConsole": true,
    "searchTags": "industrial, sakhal",
    "image": "images/structures_sakhal/industrial/misc/staticobj_misc_fishinggear1.jpg"
  },
  {
    "objectName": "StaticObj_Misc_FishingGear2",
    "inGameName": "-",
    "category": "structures_sakhal",
    "modelType": "Config",
    "path": "dz/structures_sakhal/industrial/misc",
    "usableOnConsole": true,
    "searchTags": "industrial, sakhal",
    "image": "images/structures_sakhal/industrial/misc/staticobj_misc_fishinggear2.jpg"
  },
  {
    "objectName": "StaticObj_Misc_Walkover",
    "inGameName": "-",
    "category": "structures_sakhal",
    "modelType": "Config",
    "path": "dz/structures_sakhal/industrial/misc",
    "usableOnConsole": true,
    "searchTags": "crossing, industrial, sakhal, stairs, walkway, steps",
    "image": "images/structures_sakhal/industrial/misc/staticobj_misc_walkover.jpg"
  },
  {
    "objectName": "StaticObj_Misc_StairBridge",
    "inGameName": "-",
    "category": "structures_sakhal",
    "modelType": "Config",
    "path": "dz/structures_sakhal/industrial/misc",
    "usableOnConsole": true,
    "searchTags": "crossing, industrial, sakhal, stairs, walkway, steps",
    "image": "images/structures_sakhal/industrial/misc/staticobj_misc_stairbridge.jpg"
  },
  {
    "objectName": "Misc_TirePile_Burning_DE",
    "inGameName": "-",
    "category": "structures_sakhal",
    "modelType": "Config",
    "path": "dz/structures_sakhal/industrial/misc",
    "usableOnConsole": true,
    "searchTags": "industrial, sakhal",
    "image": "images/structures_sakhal/industrial/misc/misc_tirepile_burning_de.jpg"
  },
  {
    "objectName": "misc_crabcages.p3d",
    "inGameName": "-",
    "category": "structures_sakhal",
    "modelType": "Raw P3D",
    "path": "dz/structures_sakhal/industrial/misc",
    "usableOnConsole": false,
    "searchTags": "industrial, sakhal",
    "image": "images/structures_sakhal/industrial/misc/misc_crabcages.p3d.jpg"
  },
  {
    "objectName": "misc_fishinggear1.p3d",
    "inGameName": "-",
    "category": "structures_sakhal",
    "modelType": "Raw P3D",
    "path": "dz/structures_sakhal/industrial/misc",
    "usableOnConsole": false,
    "searchTags": "industrial, sakhal",
    "image": "images/structures_sakhal/industrial/misc/misc_fishinggear1.p3d.jpg"
  },
  {
    "objectName": "misc_fishinggear2.p3d",
    "inGameName": "-",
    "category": "structures_sakhal",
    "modelType": "Raw P3D",
    "path": "dz/structures_sakhal/industrial/misc",
    "usableOnConsole": false,
    "searchTags": "industrial, sakhal",
    "image": "images/structures_sakhal/industrial/misc/misc_fishinggear2.p3d.jpg"
  },
  {
    "objectName": "misc_pallet_spawn.p3d",
    "inGameName": "-",
    "category": "structures_sakhal",
    "modelType": "Raw P3D",
    "path": "dz/structures_sakhal/industrial/misc",
    "usableOnConsole": false,
    "searchTags": "industrial, sakhal",
    "image": "images/structures_sakhal/industrial/misc/land_misc_pallet_spawn.jpg"
  },
  {
    "objectName": "misc_stairbridge.p3d",
    "inGameName": "-",
    "category": "structures_sakhal",
    "modelType": "Raw P3D",
    "path": "dz/structures_sakhal/industrial/misc",
    "usableOnConsole": false,
    "searchTags": "industrial, sakhal",
    "image": "images/structures_sakhal/industrial/misc/misc_stairbridge.p3d.jpg"
  },
  {
    "objectName": "misc_through_static_frozen.p3d",
    "inGameName": "-",
    "category": "structures_sakhal",
    "modelType": "Raw P3D",
    "path": "dz/structures_sakhal/industrial/misc",
    "usableOnConsole": false,
    "searchTags": "industrial, sakhal",
    "image": "images/structures_sakhal/industrial/misc/misc_through_static_frozen.p3d.jpg"
  },
  {
    "objectName": "misc_through_trailer_frozen.p3d",
    "inGameName": "-",
    "category": "structures_sakhal",
    "modelType": "Raw P3D",
    "path": "dz/structures_sakhal/industrial/misc",
    "usableOnConsole": false,
    "searchTags": "industrial, sakhal",
    "image": "images/structures_sakhal/industrial/misc/misc_through_trailer_frozen.p3d.jpg"
  },
  {
    "objectName": "misc_tirepile_burning.p3d",
    "inGameName": "-",
    "category": "structures_sakhal",
    "modelType": "Raw P3D",
    "path": "dz/structures_sakhal/industrial/misc",
    "usableOnConsole": false,
    "searchTags": "industrial, sakhal",
    "image": "images/structures_sakhal/industrial/misc/misc_tirepile_burning.p3d.jpg"
  },
  {
    "objectName": "misc_walkover.p3d",
    "inGameName": "-",
    "category": "structures_sakhal",
    "modelType": "Raw P3D",
    "path": "dz/structures_sakhal/industrial/misc",
    "usableOnConsole": false,
    "searchTags": "crossing, industrial, sakhal, stairs, walkway, steps",
    "image": "images/structures_sakhal/industrial/misc/misc_walkover.p3d.jpg"
  },
  {
    "objectName": "misc_woodencrate_spawn.p3d",
    "inGameName": "-",
    "category": "structures_sakhal",
    "modelType": "Raw P3D",
    "path": "dz/structures_sakhal/industrial/misc",
    "usableOnConsole": false,
    "searchTags": "industrial, sakhal",
    "image": "images/structures_sakhal/industrial/misc/land_misc_woodencrate_spawn.jpg"
  }
]
