[
  {
    "objectName": "StaticObj_Furniture_ch_office_B",
    "inGameName": "-",
    "category": "structures",
    "modelType": "Config",
    "path": "dz/structures/furniture/chairs/ch_office_b",
    "usableOnConsole": true,
    "searchTags": "chairs",
    "image": "images/structures/furniture/chairs/ch_office_b/staticobj_furniture_ch_office_b.jpg"
  },
  {
    "objectName": "ch_office_b.p3d",
    "inGameName": "-",
    "category": "structures",
    "modelType": "Raw P3D",
    "path": "dz/structures/furniture/chairs/ch_office_b",
    "usableOnConsole": false,
    "searchTags": "chairs, furniture",
    "image": "images/structures/furniture/chairs/ch_office_b/ch_office_b.p3d.jpg"
  }
]
