[
  {
    "objectName": "StaticObj_Tribune",
    "inGameName": "-",
    "category": "structures_bliss",
    "modelType": "Config",
    "path": "dz/structures_bliss/specific/tribune",
    "usableOnConsole": true,
    "searchTags": "livoniaa, specific, bleachers, sports, stadium, seating, high school, college",
    "image": "images/structures_bliss/specific/tribune/staticobj_tribune.jpg"
  },
  {
    "objectName": "tribune.p3d",
    "inGameName": "-",
    "category": "structures_bliss",
    "modelType": "Raw P3D",
    "path": "dz/structures_bliss/specific/tribune",
    "usableOnConsole": false,
    "searchTags": "livoniaa, specific, bleachers, sports, stadium, seating, high school, college",
    "image": "images/structures_bliss/specific/tribune/tribune.jpg"
  }
]
