[
  {
    "objectName": "CivilianSedan",
    "inGameName": "Olga 24",
    "category": "vehicles",
    "modelType": "Config",
    "path": "dz/vehicles/wheeled/civiliansedan",
    "usableOnConsole": true,
    "searchTags": "car, olga, transport, vehicle, vehicles, wheeled",
    "image": "images/vehicles/wheeled/civiliansedan/civiliansedan.jpg",
    "id": "dzobj_sf9xajqytc"
  },
  {
    "objectName": "civiliansedan.p3d",
    "inGameName": "Olga 24",
    "category": "vehicles",
    "modelType": "Raw P3D",
    "path": "dz/vehicles/wheeled/civiliansedan",
    "usableOnConsole": false,
    "searchTags": "car, olga, transport, vehicle, vehicles, wheeled",
    "image": "images/vehicles/wheeled/civiliansedan/civiliansedan.p3d.jpg",
    "id": "dzobj_r1mwvwukjh"
  },
  {
    "objectName": "CivilianSedan_Black",
    "inGameName": "Olga 24",
    "category": "vehicles",
    "modelType": "Config",
    "path": "dz/vehicles/wheeled/civiliansedan",
    "usableOnConsole": true,
    "searchTags": "car, olga, transport, vehicle, vehicles, wheeled",
    "image": "images/vehicles/wheeled/civiliansedan/civiliansedan.jpg",
    "id": "dzobj_665pxgc3nd"
  },
  {
    "objectName": "CivilianSedan_Wine",
    "inGameName": "Olga 24",
    "category": "vehicles",
    "modelType": "Config",
    "path": "dz/vehicles/wheeled/civiliansedan",
    "usableOnConsole": true,
    "searchTags": "car, olga, transport, vehicle, vehicles, wheeled",
    "image": "images/vehicles/wheeled/civiliansedan/civiliansedan.jpg",
    "id": "dzobj_990btgz32m"
  }
]
