[
  {
    "objectName": "StaticObj_Road_sinkhole_sila",
    "inGameName": "-",
    "category": "structures_bliss",
    "modelType": "Config",
    "path": "dz/structures_bliss/roads/sinkhole",
    "usableOnConsole": true,
    "searchTags": "",
    "image": "images/structures_bliss/roads/sinkhole/staticobj_road_sinkhole_sila.jpg",
    "id": "dzobj_3r4nk823y6"
  },
  {
    "objectName": "sinkhole_sila.p3d",
    "inGameName": "-",
    "category": "structures_bliss",
    "modelType": "Raw P3D",
    "path": "dz/structures_bliss/roads/sinkhole",
    "usableOnConsole": false,
    "searchTags": "",
    "image": "images/structures_bliss/roads/sinkhole/sinkhole_sila.jpg",
    "id": "dzobj_d5oikf8fea"
  }
]
