[
  {
    "objectName": "AK_Bayonet",
    "inGameName": "KA Bayonet",
    "category": "weapons",
    "modelType": "Config",
    "path": "dz/weapons/attachments/muzzle",
    "usableOnConsole": true,
    "searchTags": "KA, knife, ak47, ak74",
    "image": "images/weapons/attachments/muzzle/ak_bayonet.jpg",
    "id": "dzobj_32yw8j61uu"
  },
  {
    "objectName": "M9A1_Bayonet",
    "inGameName": "M4-A1 Bayonet",
    "category": "weapons",
    "modelType": "Config",
    "path": "dz/weapons/attachments/muzzle",
    "usableOnConsole": true,
    "searchTags": "m4, knife",
    "image": "images/weapons/attachments/muzzle/m9a1_bayonet.jpg",
    "id": "dzobj_23zybu2nio"
  },
  {
    "objectName": "Mosin_Bayonet",
    "inGameName": "Mosin 91/30 Bayonet",
    "category": "weapons",
    "modelType": "Config",
    "path": "dz/weapons/attachments/muzzle",
    "usableOnConsole": true,
    "searchTags": "mosin, knife",
    "image": "images/weapons/attachments/muzzle/mosin_bayonet.jpg",
    "id": "dzobj_oj7dx3dinv"
  },
  {
    "objectName": "SKS_Bayonet",
    "inGameName": "SK 59/66 Bayonet",
    "category": "weapons",
    "modelType": "Config",
    "path": "dz/weapons/attachments/muzzle",
    "usableOnConsole": true,
    "searchTags": "sks, knife",
    "image": "images/weapons/attachments/muzzle/sks_bayonet.jpg",
    "id": "dzobj_3njp0s1qbb"
  },
  {
    "objectName": "Mosin_Compensator",
    "inGameName": "Mosin 91/30 Compensator",
    "category": "weapons",
    "modelType": "Config",
    "path": "dz/weapons/attachments/muzzle",
    "usableOnConsole": true,
    "searchTags": "mosin, compensator, 7.62x54mmr",
    "image": "images/weapons/attachments/muzzle/mosin_compensator.jpg",
    "id": "dzobj_tkm7viyhnz"
  },
  {
    "objectName": "MP5_Compensator",
    "inGameName": "SG5-K Compensator",
    "category": "weapons",
    "modelType": "Config",
    "path": "dz/weapons/attachments/muzzle",
    "usableOnConsole": true,
    "searchTags": "compensator, 9x19",
    "image": "images/weapons/attachments/muzzle/mp5_compensator.jpg",
    "id": "dzobj_ywvdckl338"
  },
  {
    "objectName": "ImprovisedSuppressor",
    "inGameName": "Plastic Bottle Suppressor",
    "category": "weapons",
    "modelType": "Config",
    "path": "dz/weapons/attachments/muzzle",
    "usableOnConsole": true,
    "searchTags": "silenced, water_bottle, plastic_bottle, improvised, duct tape",
    "image": "images/weapons/attachments/muzzle/improvisedsuppressor.jpg",
    "id": "dzobj_j7intu53fa"
  },
  {
    "objectName": "M4_Suppressor",
    "inGameName": "Standardized Suppressor",
    "category": "weapons",
    "modelType": "Config",
    "path": "dz/weapons/attachments/muzzle",
    "usableOnConsole": true,
    "searchTags": "silenced, m4, m16, aug, aur_ax, aur_a1, pioneer, 5.56x45",
    "image": "images/weapons/attachments/muzzle/m4_suppressor.jpg",
    "id": "dzobj_x5ols7p4n0"
  },
  {
    "objectName": "AK_Suppressor",
    "inGameName": "Normalized Suppressor",
    "category": "weapons",
    "modelType": "Config",
    "path": "dz/weapons/attachments/muzzle",
    "usableOnConsole": true,
    "searchTags": "silenced, AK, ak47, ak74, 5.45x39, 7.62x39, 7.62x54mmr",
    "image": "images/weapons/attachments/muzzle/ak_suppressor.jpg",
    "id": "dzobj_71bqfflp8p"
  },
  {
    "objectName": "PistolSuppressor",
    "inGameName": "Pistol Suppressor",
    "category": "weapons",
    "modelType": "Config",
    "path": "dz/weapons/attachments/muzzle",
    "usableOnConsole": true,
    "searchTags": "silenced, ij-70, cr-75, p1, mlock-91, fx-45, kolt 1911, deagle, cr-61 skorpion, bizon, sg5-k, usg-45",
    "image": "images/weapons/attachments/muzzle/pistolsuppressor.jpg",
    "id": "dzobj_s54cqbr9lm"
  },
  {
    "objectName": "MakarovPBSuppressor",
    "inGameName": "Makarov PB6P9 Suppressor",
    "category": "weapons",
    "modelType": "Config",
    "path": "dz/weapons/attachments/muzzle",
    "usableOnConsole": true,
    "searchTags": "not_enabled, silenced, makarov, pistols, .380acp",
    "image": "images/weapons/attachments/muzzle/makarovpbsuppressor.jpg",
    "id": "dzobj_adi5zkz6d4"
  },
  {
    "objectName": "Aug_Barrel",
    "inGameName": "Aug Steyr Barrel",
    "category": "weapons",
    "modelType": "Config",
    "path": "dz/weapons/attachments/muzzle",
    "usableOnConsole": true,
    "searchTags": "not_enabled, AUG, AUR_AX, AUR_A1",
    "image": "images/weapons/attachments/muzzle/aug_barrel.jpg",
    "id": "dzobj_9fdam0pdru"
  },
  {
    "objectName": "ProxyBayonet_AK",
    "inGameName": "-",
    "category": "weapons",
    "modelType": "Config",
    "path": "dz/weapons/attachments/muzzle",
    "usableOnConsole": true,
    "searchTags": "attachments, muzzle, weapon, weapons",
    "image": "images/weapons/attachments/muzzle/proxybayonet_ak.jpg",
    "id": "dzobj_a4qndvqo4k"
  },
  {
    "objectName": "ProxyBayonet_M9A1",
    "inGameName": "-",
    "category": "weapons",
    "modelType": "Config",
    "path": "dz/weapons/attachments/muzzle",
    "usableOnConsole": true,
    "searchTags": "attachments, muzzle, weapon, weapons",
    "image": "images/weapons/attachments/muzzle/proxybayonet_m9a1.jpg",
    "id": "dzobj_vkab91m1m9"
  },
  {
    "objectName": "ProxyBayonet_Mosin",
    "inGameName": "-",
    "category": "weapons",
    "modelType": "Config",
    "path": "dz/weapons/attachments/muzzle",
    "usableOnConsole": true,
    "searchTags": "attachments, muzzle, weapon, weapons",
    "image": "images/weapons/attachments/muzzle/proxybayonet_mosin.jpg",
    "id": "dzobj_h43rslszsc"
  },
  {
    "objectName": "ProxyBayonet_SKS",
    "inGameName": "-",
    "category": "weapons",
    "modelType": "Config",
    "path": "dz/weapons/attachments/muzzle",
    "usableOnConsole": true,
    "searchTags": "attachments, muzzle, weapon, weapons",
    "image": "images/weapons/attachments/muzzle/proxybayonet_sks.jpg",
    "id": "dzobj_aksykpn5dz"
  },
  {
    "objectName": "ProxyMosin_Compensator",
    "inGameName": "-",
    "category": "weapons",
    "modelType": "Config",
    "path": "dz/weapons/attachments/muzzle",
    "usableOnConsole": true,
    "searchTags": "attachments, muzzle, weapon, weapons",
    "image": "images/weapons/attachments/muzzle/proxymosin_compensator.jpg",
    "id": "dzobj_fn85hda8e6"
  },
  {
    "objectName": "ProxyMP5k_compensator",
    "inGameName": "-",
    "category": "weapons",
    "modelType": "Config",
    "path": "dz/weapons/attachments/muzzle",
    "usableOnConsole": true,
    "searchTags": "attachments, muzzle, weapon, weapons",
    "image": "images/weapons/attachments/muzzle/proxymp5k_compensator.jpg",
    "id": "dzobj_5zncnq8qiq"
  },
  {
    "objectName": "Proxybottle_suppressor",
    "inGameName": "-",
    "category": "weapons",
    "modelType": "Config",
    "path": "dz/weapons/attachments/muzzle",
    "usableOnConsole": true,
    "searchTags": "attachments, muzzle, weapon, weapons",
    "image": "images/weapons/attachments/muzzle/proxybottle_suppressor.jpg",
    "id": "dzobj_4te9vc4h4n"
  },
  {
    "objectName": "ProxySuppressor_556",
    "inGameName": "-",
    "category": "weapons",
    "modelType": "Config",
    "path": "dz/weapons/attachments/muzzle",
    "usableOnConsole": true,
    "searchTags": "attachments, muzzle, weapon, weapons",
    "image": "images/weapons/attachments/muzzle/proxysuppressor_556.jpg",
    "id": "dzobj_xo45unw6d5"
  },
  {
    "objectName": "ProxySuppressor_545",
    "inGameName": "-",
    "category": "weapons",
    "modelType": "Config",
    "path": "dz/weapons/attachments/muzzle",
    "usableOnConsole": true,
    "searchTags": "attachments, muzzle, weapon, weapons",
    "image": "images/weapons/attachments/muzzle/proxysuppressor_545.jpg",
    "id": "dzobj_em5hh6uswn"
  },
  {
    "objectName": "ProxySuppressor_45ACP",
    "inGameName": "-",
    "category": "weapons",
    "modelType": "Config",
    "path": "dz/weapons/attachments/muzzle",
    "usableOnConsole": true,
    "searchTags": "attachments, muzzle, weapon, weapons",
    "image": "images/weapons/attachments/muzzle/proxysuppressor_45acp.jpg",
    "id": "dzobj_4o4xnuwpkn"
  },
  {
    "objectName": "bayonet_ak.p3d",
    "inGameName": "-",
    "category": "weapons",
    "modelType": "Raw P3D",
    "path": "dz/weapons/attachments/muzzle",
    "usableOnConsole": false,
    "searchTags": "attachments, muzzle, weapon, weapons",
    "image": "images/weapons/attachments/muzzle/bayonet_ak.p3d.jpg",
    "id": "dzobj_rwvixt1bh6"
  },
  {
    "objectName": "bayonet_m9a1.p3d",
    "inGameName": "-",
    "category": "weapons",
    "modelType": "Raw P3D",
    "path": "dz/weapons/attachments/muzzle",
    "usableOnConsole": false,
    "searchTags": "attachments, muzzle, weapon, weapons",
    "image": "images/weapons/attachments/muzzle/bayonet_m9a1.p3d.jpg",
    "id": "dzobj_jngzt1vqpx"
  },
  {
    "objectName": "bayonet_mosin.p3d",
    "inGameName": "-",
    "category": "weapons",
    "modelType": "Raw P3D",
    "path": "dz/weapons/attachments/muzzle",
    "usableOnConsole": false,
    "searchTags": "attachments, muzzle, weapon, weapons",
    "image": "images/weapons/attachments/muzzle/bayonet_mosin.p3d.jpg",
    "id": "dzobj_78j0o85adq"
  },
  {
    "objectName": "bayonet_sks.p3d",
    "inGameName": "-",
    "category": "weapons",
    "modelType": "Raw P3D",
    "path": "dz/weapons/attachments/muzzle",
    "usableOnConsole": false,
    "searchTags": "attachments, muzzle, weapon, weapons",
    "image": "images/weapons/attachments/muzzle/bayonet_sks.p3d.jpg",
    "id": "dzobj_8ksww3wucd"
  },
  {
    "objectName": "bottle_suppressor.p3d",
    "inGameName": "-",
    "category": "weapons",
    "modelType": "Raw P3D",
    "path": "dz/weapons/attachments/muzzle",
    "usableOnConsole": false,
    "searchTags": "attachments, muzzle, weapon, weapons",
    "image": "images/weapons/attachments/muzzle/bottle_suppressor.p3d.jpg",
    "id": "dzobj_4cp0zr57va"
  },
  {
    "objectName": "mosin_compensator.p3d",
    "inGameName": "-",
    "category": "weapons",
    "modelType": "Raw P3D",
    "path": "dz/weapons/attachments/muzzle",
    "usableOnConsole": false,
    "searchTags": "attachments, muzzle, weapon, weapons",
    "image": "images/weapons/attachments/muzzle/mosin_compensator.p3d.jpg",
    "id": "dzobj_5mrencxmb9"
  },
  {
    "objectName": "mp5k_compensator.p3d",
    "inGameName": "-",
    "category": "weapons",
    "modelType": "Raw P3D",
    "path": "dz/weapons/attachments/muzzle",
    "usableOnConsole": false,
    "searchTags": "attachments, muzzle, weapon, weapons",
    "image": "images/weapons/attachments/muzzle/mp5k_compensator.p3d.jpg",
    "id": "dzobj_gzaryi4i1l"
  },
  {
    "objectName": "suppressor_45acp.p3d",
    "inGameName": "-",
    "category": "weapons",
    "modelType": "Raw P3D",
    "path": "dz/weapons/attachments/muzzle",
    "usableOnConsole": false,
    "searchTags": "attachments, muzzle, weapon, weapons",
    "image": "images/weapons/attachments/muzzle/suppressor_45acp.p3d.jpg",
    "id": "dzobj_e63f8uwzaf"
  },
  {
    "objectName": "suppressor_545.p3d",
    "inGameName": "-",
    "category": "weapons",
    "modelType": "Raw P3D",
    "path": "dz/weapons/attachments/muzzle",
    "usableOnConsole": false,
    "searchTags": "attachments, muzzle, weapon, weapons",
    "image": "images/weapons/attachments/muzzle/suppressor_545.p3d.jpg",
    "id": "dzobj_p986dntqid"
  },
  {
    "objectName": "suppressor_556.p3d",
    "inGameName": "-",
    "category": "weapons",
    "modelType": "Raw P3D",
    "path": "dz/weapons/attachments/muzzle",
    "usableOnConsole": false,
    "searchTags": "attachments, muzzle, weapon, weapons",
    "image": "images/weapons/attachments/muzzle/suppressor_556.p3d.jpg",
    "id": "dzobj_bw9xz2id4q"
  },
  {
    "objectName": "suppressor_pb6p9.p3d",
    "inGameName": "Makarov PB6P9 Suppressor",
    "category": "weapons",
    "modelType": "Raw P3D",
    "path": "dz/weapons/attachments/muzzle",
    "usableOnConsole": false,
    "searchTags": "attachments, makarov, muzzle, weapon, weapons",
    "image": "images/weapons/attachments/muzzle/suppressor_pb6p9.p3d.jpg",
    "id": "dzobj_7nb5xjio0t"
  }
]
