[
  {
    "objectName": "Land_House_1W05_Yellow",
    "inGameName": "-",
    "category": "structures",
    "modelType": "Config",
    "path": "dz/structures/residential/houses",
    "usableOnConsole": true,
    "searchTags": "house, residential, building, 1 floor, 1 storey, wooden, yellow, yellow_elevated_house, stilted_yellow_house, split_level_yellow_house",
    "image": "images/structures/residential/houses/land_house_1w05_yellow.jpg"
  },
  {
    "objectName": "Land_House_1W08_Brown",
    "inGameName": "-",
    "category": "structures",
    "modelType": "Config",
    "path": "dz/structures/residential/houses",
    "usableOnConsole": true,
    "searchTags": "house, residential, building, 1 floor, 1 storey, wooden, brown, rasta, rhasta, rhasta_house, jamaica_house",
    "image": "images/structures/residential/houses/land_house_1w08_brown.jpg"
  },
  {
    "objectName": "Land_House_1W09_Yellow",
    "inGameName": "-",
    "category": "structures",
    "modelType": "Config",
    "path": "dz/structures/residential/houses",
    "usableOnConsole": true,
    "searchTags": "house, residential, building, 1 floor, 1 storey, wooden, yellow, small_yellow",
    "image": "images/structures/residential/houses/land_house_1w09_yellow.jpg"
  },
  {
    "objectName": "Land_House_1W10_Brown",
    "inGameName": "-",
    "category": "structures",
    "modelType": "Config",
    "path": "dz/structures/residential/houses",
    "usableOnConsole": true,
    "searchTags": "house, residential, building, 1 floor, 1 storey, wooden, gun_house_below, gun_house, blue_trimmed",
    "image": "images/structures/residential/houses/land_house_1w10_brown.jpg"
  },
  {
    "objectName": "Land_House_1W12_Brown",
    "inGameName": "-",
    "category": "structures",
    "modelType": "Config",
    "path": "dz/structures/residential/houses",
    "usableOnConsole": true,
    "searchTags": "house, residential, building, 1 floor, 1 storey, wooden, brown, grannys_house, grandamas_house, granny, grandma, two_door, food_house",
    "image": "images/structures/residential/houses/land_house_1w12_brown.jpg"
  },
  {
    "objectName": "Land_House_2W03_Brown",
    "inGameName": "-",
    "category": "structures",
    "modelType": "Config",
    "path": "dz/structures/residential/houses",
    "usableOnConsole": true,
    "searchTags": "house, residential, building, 2 floor, 2 storey, wooden, brown, brown_mansion, double_brown_house, two_storey_brown_house",
    "image": "images/structures/residential/houses/land_house_2w03_brown.jpg"
  },
  {
    "objectName": "Land_House_2W04_Yellow",
    "inGameName": "-",
    "category": "structures",
    "modelType": "Config",
    "path": "dz/structures/residential/houses",
    "usableOnConsole": true,
    "searchTags": "house, residential, building, 2 floor, 2 storey, wooden, yellow, yellow_mansion, double_yellow_house, two_storey_yellow_house",
    "image": "images/structures/residential/houses/land_house_2w04_yellow.jpg"
  },
  {
    "objectName": "house_1w05_yellow.p3d",
    "inGameName": "-",
    "category": "structures",
    "modelType": "Raw P3D",
    "path": "dz/structures/residential/houses",
    "usableOnConsole": false,
    "searchTags": "house, residential, building, 1 floor, 1 storey, wooden, yellow, yellow_elevated_house, stilted_yellow_house, split_level_yellow_house",
    "image": "images/structures/residential/houses/land_house_1w05_yellow.jpg"
  },
  {
    "objectName": "house_1w08_brown.p3d",
    "inGameName": "-",
    "category": "structures",
    "modelType": "Raw P3D",
    "path": "dz/structures/residential/houses",
    "usableOnConsole": false,
    "searchTags": "house, residential, building, 1 floor, 1 storey, wooden, brown, rasta, rhasta, rhasta_house, jamaica_house",
    "image": "images/structures/residential/houses/land_house_1w08_brown.jpg"
  },
  {
    "objectName": "house_1w09_yellow.p3d",
    "inGameName": "-",
    "category": "structures",
    "modelType": "Raw P3D",
    "path": "dz/structures/residential/houses",
    "usableOnConsole": false,
    "searchTags": "house, residential, building, 1 floor, 1 storey, wooden, yellow, small_yellow",
    "image": "images/structures/residential/houses/land_house_1w09_yellow.jpg"
  },
  {
    "objectName": "house_1w10_brown.p3d",
    "inGameName": "-",
    "category": "structures",
    "modelType": "Raw P3D",
    "path": "dz/structures/residential/houses",
    "usableOnConsole": false,
    "searchTags": "house, residential, building, 1 floor, 1 storey, wooden, brown, gun_house_below, gun_house, blue_trimmed",
    "image": "images/structures/residential/houses/land_house_1w10_brown.jpg"
  },
  {
    "objectName": "house_1w12_brown.p3d",
    "inGameName": "-",
    "category": "structures",
    "modelType": "Raw P3D",
    "path": "dz/structures/residential/houses",
    "usableOnConsole": false,
    "searchTags": "house, residential, building, 1 floor, 1 storey, wooden, brown",
    "image": "images/structures/residential/houses/land_house_1w12_brown.jpg"
  },
  {
    "objectName": "house_2w03_brown.p3d",
    "inGameName": "-",
    "category": "structures",
    "modelType": "Raw P3D",
    "path": "dz/structures/residential/houses",
    "usableOnConsole": false,
    "searchTags": "house, residential, building, 2 floor, 2 storey, wooden, brown, brown_mansion, double_brown_house, two_storey_brown_house",
    "image": "images/structures/residential/houses/land_house_2w03_brown.jpg"
  },
  {
    "objectName": "house_2w04_yellow.p3d",
    "inGameName": "-",
    "category": "structures",
    "modelType": "Raw P3D",
    "path": "dz/structures/residential/houses",
    "usableOnConsole": false,
    "searchTags": "house, residential, building, 2 floor, 2 storey, wooden, yellow, yellow_mansion, double_yellow_house, two_storey_yellow_house",
    "image": "images/structures/residential/houses/land_house_2w04_yellow.jpg"
  },
  {
    "objectName": "house_2w02.p3d",
    "category": "structures",
    "modelType": "Raw P3D",
    "path": "dz/structures/residential/houses",
    "usableOnConsole": false,
    "searchTags": "house, residential, building, 2 floor, 2 storey, wooden, green_two_storey, moustache_house, mustache_house, green_mustache, moustache, green two_storey, one_door",
    "image": "images/structures/residential/houses/land_house_2w02.jpg"
  },
  {
    "objectName": "house_2w03.p3d",
    "category": "structures",
    "modelType": "Raw P3D",
    "path": "dz/structures/residential/houses",
    "usableOnConsole": false,
    "searchTags": "house, residential, building, 2 floor, 2 storey, wooden, detached",
    "image": "images/structures/residential/houses/land_house_2w03.jpg"
  },
  {
    "objectName": "house_2w04.p3d",
    "category": "structures",
    "modelType": "Raw P3D",
    "path": "dz/structures/residential/houses",
    "usableOnConsole": false,
    "searchTags": "house, residential, building, 2 floor, 2 storey, wooden, red_mansion, double_red_house, two_storey_red_house",
    "image": "images/structures/residential/houses/land_house_2w04.jpg"
  },
  {
    "objectName": "Land_House_2W02",
    "category": "structures",
    "modelType": "Config",
    "path": "dz/structures/residential/houses",
    "usableOnConsole": true,
    "searchTags": "house, residential, building, 2 floor, 2 storey, wooden, green_two_storey, moustache_house, mustache_house, green_mustache, moustache, green two_storey, one_door",
    "image": "images/structures/residential/houses/land_house_2w02.jpg"
  },
  {
    "objectName": "Land_House_2W03",
    "category": "structures",
    "modelType": "Config",
    "path": "dz/structures/residential/houses",
    "usableOnConsole": true,
    "searchTags": "house, residential, building, 2 floor, 2 storey, wooden, green_mansion, double_green_house, two_storey_green_house",
    "image": "images/structures/residential/houses/land_house_2w03.jpg"
  },
  {
    "objectName": "Land_House_2W04",
    "category": "structures",
    "modelType": "Config",
    "path": "dz/structures/residential/houses",
    "usableOnConsole": true,
    "searchTags": "house, residential, building, 2 floor, 2 storey, wooden, red_mansion, double_red_house, two_storey_red_house",
    "image": "images/structures/residential/houses/land_house_2w04.jpg"
  },
  {
    "objectName": "house_1b01_pub.p3d",
    "category": "structures",
    "modelType": "Raw P3D",
    "path": "dz/structures/residential/houses",
    "usableOnConsole": false,
    "searchTags": "house, residential, building, pub, tavern, bar, village, brick, diner",
    "image": "images/structures/residential/houses/land_house_1b01_pub.jpg"
  },
  {
    "objectName": "house_1w01.p3d",
    "category": "structures",
    "modelType": "Raw P3D",
    "path": "dz/structures/residential/houses",
    "usableOnConsole": false,
    "searchTags": "house, residential, building, wooden, watermelon",
    "image": "images/structures/residential/houses/land_house_1w01.jpg"
  },
  {
    "objectName": "house_1w02.p3d",
    "category": "structures",
    "modelType": "Raw P3D",
    "path": "dz/structures/residential/houses",
    "usableOnConsole": false,
    "searchTags": "house, residential, building, 1 floor, 1 storey, wooden, small_yellow, yellow",
    "image": "images/structures/residential/houses/land_house_1w02.jpg"
  },
  {
    "objectName": "house_1w03.p3d",
    "category": "structures",
    "modelType": "Raw P3D",
    "path": "dz/structures/residential/houses",
    "usableOnConsole": false,
    "searchTags": "house, residential, building, 1 floor, 1 storey, wooden, log_cabin, dark_house, cabin",
    "image": "images/structures/residential/houses/land_house_1w03.jpg"
  },
  {
    "objectName": "house_1w04.p3d",
    "category": "structures",
    "modelType": "Raw P3D",
    "path": "dz/structures/residential/houses",
    "usableOnConsole": false,
    "searchTags": "house, residential, building, 1 floor, 1 storey, wooden, detachedm log_cabin, cabin",
    "image": "images/structures/residential/houses/land_house_1w04.jpg"
  },
  {
    "objectName": "house_1w05.p3d",
    "category": "structures",
    "modelType": "Raw P3D",
    "path": "dz/structures/residential/houses",
    "usableOnConsole": false,
    "searchTags": "house, residential, building, 2 floor, 2 storey, wooden, detache, green_elevated_house, stilted_green_house, split_level_green_house",
    "image": "images/structures/residential/houses/land_house_1w05.jpg"
  },
  {
    "objectName": "house_1w06.p3d",
    "category": "structures",
    "modelType": "Raw P3D",
    "path": "dz/structures/residential/houses",
    "usableOnConsole": false,
    "searchTags": "house, residential, building, 1 floor, 1 storey, wooden, detached",
    "image": "images/structures/residential/houses/land_house_1w06.jpg"
  },
  {
    "objectName": "house_1w07.p3d",
    "category": "structures",
    "modelType": "Raw P3D",
    "path": "dz/structures/residential/houses",
    "usableOnConsole": false,
    "searchTags": "house, residential, building, 1 floor, 1 storey, wooden, peach_house, pink_roof_house, pink, peach",
    "image": "images/structures/residential/houses/land_house_1w07.jpg"
  },
  {
    "objectName": "house_1w08.p3d",
    "category": "structures",
    "modelType": "Raw P3D",
    "path": "dz/structures/residential/houses",
    "usableOnConsole": false,
    "searchTags": "house, residential, building, 1 floor, 1 storey, wooden, rasta, rhasta, rhasta_house, jamaica_house, yellow, green",
    "image": "images/structures/residential/houses/land_house_1w08.jpg"
  },
  {
    "objectName": "house_1w09.p3d",
    "category": "structures",
    "modelType": "Raw P3D",
    "path": "dz/structures/residential/houses",
    "usableOnConsole": false,
    "searchTags": "house, residential, building, 1 floor, 1 storey, wooden, christmas_house, small_green, green, christmas",
    "image": "images/structures/residential/houses/land_house_1w09.jpg"
  },
  {
    "objectName": "house_1w10.p3d",
    "category": "structures",
    "modelType": "Raw P3D",
    "path": "dz/structures/residential/houses",
    "usableOnConsole": false,
    "searchTags": "house, residential, building, 1 floor, 1 storey, wooden, gun_house_yellow, gun_house, blue_trimmed",
    "image": "images/structures/residential/houses/land_house_1w10.jpg"
  },
  {
    "objectName": "house_1w11.p3d",
    "category": "structures",
    "modelType": "Raw P3D",
    "path": "dz/structures/residential/houses",
    "usableOnConsole": false,
    "searchTags": "house, residential, building, 1 floor, 1 storey, wooden, yellow, scope_house, barn, two_door",
    "image": "images/structures/residential/houses/land_house_1w11.jpg"
  },
  {
    "objectName": "house_1w12.p3d",
    "category": "structures",
    "modelType": "Raw P3D",
    "path": "dz/structures/residential/houses",
    "usableOnConsole": false,
    "searchTags": "house, residential, building, 1 floor, 1 storey, wooden, grannys_house, grandamas_house, granny, grandma, yellow, two_door, food_house",
    "image": "images/structures/residential/houses/land_house_1w12.jpg"
  },
  {
    "objectName": "house_2b01.p3d",
    "category": "structures",
    "modelType": "Raw P3D",
    "path": "dz/structures/residential/houses",
    "usableOnConsole": false,
    "searchTags": "house, residential, building, 2 floor, 2 storey, brick, two_storey_beige, two_storey, two_door, yellow",
    "image": "images/structures/residential/houses/land_house_2b01.jpg"
  },
  {
    "objectName": "house_2b02.p3d",
    "category": "structures",
    "modelType": "Raw P3D",
    "path": "dz/structures/residential/houses",
    "usableOnConsole": false,
    "searchTags": "house, residential, building, 2 floor, 2 storey, brick, orange_brick, municipal, two_door",
    "image": "images/structures/residential/houses/land_house_2b02.jpg"
  },
  {
    "objectName": "house_2b03.p3d",
    "category": "structures",
    "modelType": "Raw P3D",
    "path": "dz/structures/residential/houses",
    "usableOnConsole": false,
    "searchTags": "house, residential, building, 1 floor, 1 storey, brick, piano_house, piano, three_door",
    "image": "images/structures/residential/houses/land_house_2b03.jpg"
  },
  {
    "objectName": "house_2b04.p3d",
    "category": "structures",
    "modelType": "Raw P3D",
    "path": "dz/structures/residential/houses",
    "usableOnConsole": false,
    "searchTags": "house, residential, building, 2 floor, 2 storey, brick, arched_brick_house, red_brick_house, municipal, two_door",
    "image": "images/structures/residential/houses/land_house_2b04.jpg"
  },
  {
    "objectName": "house_2w01.p3d",
    "category": "structures",
    "modelType": "Raw P3D",
    "path": "dz/structures/residential/houses",
    "usableOnConsole": false,
    "searchTags": "house, residential, building, 2 floor, 2 storey, wooden, attic_house, two_tone_brown",
    "image": "images/structures/residential/houses/land_house_2w01.jpg"
  },
  {
    "objectName": "Land_House_1B01_Pub",
    "category": "structures",
    "modelType": "Config",
    "path": "dz/structures/residential/houses",
    "usableOnConsole": true,
    "searchTags": "house, residential, building, pub, tavern, bar, villag, brick, diner",
    "image": "images/structures/residential/houses/land_house_1b01_pub.jpg"
  },
  {
    "objectName": "Land_House_1W01",
    "category": "structures",
    "modelType": "Config",
    "path": "dz/structures/residential/houses",
    "usableOnConsole": true,
    "searchTags": "house, residential, building, 1 floor, 1 storey, wooden, watermelon",
    "image": "images/structures/residential/houses/land_house_1w01.jpg"
  },
  {
    "objectName": "Land_House_1W02",
    "category": "structures",
    "modelType": "Config",
    "path": "dz/structures/residential/houses",
    "usableOnConsole": true,
    "searchTags": "house, residential, building, 1 floor, 1 storey, wooden, small_yellow, yellow",
    "image": "images/structures/residential/houses/land_house_1w02.jpg"
  },
  {
    "objectName": "Land_House_1W03",
    "category": "structures",
    "modelType": "Config",
    "path": "dz/structures/residential/houses",
    "usableOnConsole": true,
    "searchTags": "house, residential, building, 1 floor, 1 storey, wooden, log_cabin, dark_house, cabin",
    "image": "images/structures/residential/houses/land_house_1w03.jpg"
  },
  {
    "objectName": "Land_House_1W04",
    "category": "structures",
    "modelType": "Config",
    "path": "dz/structures/residential/houses",
    "usableOnConsole": true,
    "searchTags": "house, residential, building, 1 floor, 1 storey, wooden, log_cabin, cabin",
    "image": "images/structures/residential/houses/land_house_1w04.jpg"
  },
  {
    "objectName": "Land_House_1W05",
    "category": "structures",
    "modelType": "Config",
    "path": "dz/structures/residential/houses",
    "usableOnConsole": true,
    "searchTags": "house, residential, building, 1 floor, 1 storey, wooden, green_elevated_house, stilted_green_house, split_level_green_house",
    "image": "images/structures/residential/houses/land_house_1w05.jpg"
  },
  {
    "objectName": "Land_House_1W06",
    "category": "structures",
    "modelType": "Config",
    "path": "dz/structures/residential/houses",
    "usableOnConsole": true,
    "searchTags": "house, residential, building, 1 floor, 1 storey, wooden,  red_elevated_house, stilted_red_house, split_level_red_house",
    "image": "images/structures/residential/houses/land_house_1w06.jpg"
  },
  {
    "objectName": "Land_House_1W07",
    "category": "structures",
    "modelType": "Config",
    "path": "dz/structures/residential/houses",
    "usableOnConsole": true,
    "searchTags": "house, residential, building, 1 floor, 1 storey, wooden, peach_house, pink_roof_house, pink, peach",
    "image": "images/structures/residential/houses/land_house_1w07.jpg"
  },
  {
    "objectName": "Land_House_1W08",
    "category": "structures",
    "modelType": "Config",
    "path": "dz/structures/residential/houses",
    "usableOnConsole": true,
    "searchTags": "house, residential, building, 1 floor, 1 storey, wooden, rasta, rhasta, rhasta_house, jamaica_house, yellow, green",
    "image": "images/structures/residential/houses/land_house_1w08.jpg"
  },
  {
    "objectName": "Land_House_1W09",
    "category": "structures",
    "modelType": "Config",
    "path": "dz/structures/residential/houses",
    "usableOnConsole": true,
    "searchTags": "house, residential, building, 1 floor, 1 storey, wooden, christmas_house, small_green, green, christmas",
    "image": "images/structures/residential/houses/land_house_1w09.jpg"
  },
  {
    "objectName": "Land_House_1W10",
    "category": "structures",
    "modelType": "Config",
    "path": "dz/structures/residential/houses",
    "usableOnConsole": true,
    "searchTags": "house, residential, building, 1 floor, 1 storey, wooden, gun_house_yellow, gun_house, blue_trimmed",
    "image": "images/structures/residential/houses/land_house_1w10.jpg"
  },
  {
    "objectName": "Land_House_1W11",
    "category": "structures",
    "modelType": "Config",
    "path": "dz/structures/residential/houses",
    "usableOnConsole": true,
    "searchTags": "house, residential, building, 1 floor, 1 storey, wooden, barn_house, yellow, scope_house, barn, two_door",
    "image": "images/structures/residential/houses/land_house_1w11.jpg"
  },
  {
    "objectName": "Land_House_1W12",
    "category": "structures",
    "modelType": "Config",
    "path": "dz/structures/residential/houses",
    "usableOnConsole": true,
    "searchTags": "house, residential, building, 1 floor, 1 storey, wooden, grannys_house, grandamas_house, granny, grandma, yellow, two_door, food_house",
    "image": "images/structures/residential/houses/land_house_1w12.jpg"
  },
  {
    "objectName": "Land_House_2B01",
    "category": "structures",
    "modelType": "Config",
    "path": "dz/structures/residential/houses",
    "usableOnConsole": true,
    "searchTags": "house, residential, building, 2 floor, 2 storey, brick, two_storey_beige, two_storey, two_door yellow",
    "image": "images/structures/residential/houses/land_house_2b01.jpg"
  },
  {
    "objectName": "Land_House_2B02",
    "category": "structures",
    "modelType": "Config",
    "path": "dz/structures/residential/houses",
    "usableOnConsole": true,
    "searchTags": "house, residential, building, 1 floor, 1 storey, brick, orange_brick, municipal, two_door",
    "image": "images/structures/residential/houses/land_house_2b02.jpg"
  },
  {
    "objectName": "Land_House_2B03",
    "category": "structures",
    "modelType": "Config",
    "path": "dz/structures/residential/houses",
    "usableOnConsole": true,
    "searchTags": "house, residential, building, 2 floor, 2 storey, brick, piano_house, piano, three_door",
    "image": "images/structures/residential/houses/land_house_2b03.jpg"
  },
  {
    "objectName": "Land_House_2B04",
    "category": "structures",
    "modelType": "Config",
    "path": "dz/structures/residential/houses",
    "usableOnConsole": true,
    "searchTags": "house, residential, building, 1 floor, 1 storey, brick, arched_brick_house, red_brick_house, municipal, two_door",
    "image": "images/structures/residential/houses/land_house_2b04.jpg"
  },
  {
    "objectName": "Land_House_2W01",
    "category": "structures",
    "modelType": "Config",
    "path": "dz/structures/residential/houses",
    "usableOnConsole": true,
    "searchTags": "house, residential, building, 2 floor, 2 storey, wooden, attic_house, two_tone_brown",
    "image": "images/structures/residential/houses/land_house_2w01.jpg"
  },
  {
    "objectName": "Land_Village_Pub",
    "category": "structures",
    "modelType": "Config",
    "path": "dz/structures/residential/houses",
    "usableOnConsole": true,
    "searchTags": "house, building, pub, tavern, bar, village, wood, hunting, lodge",
    "image": "images/structures/residential/houses/land_village_pub.jpg"
  }
]
