[
  {
    "objectName": "Land_Tunnel_Biathlon_Left",
    "inGameName": "-",
    "category": "structures",
    "modelType": "Config",
    "path": "dz/structures/roads/tunnels",
    "usableOnConsole": true,
    "searchTags": "tunnel, road, biathlon, left, concrete, underground, terrain, grass, cover, ground, dirt",
    "image": "images/structures/roads/tunnels/land_tunnel_biathlon_left.jpg",
    "id": "dzobj_2gypbww6js"
  },
  {
    "objectName": "Land_Tunnel_Biathlon_Right",
    "inGameName": "-",
    "category": "structures",
    "modelType": "Config",
    "path": "dz/structures/roads/tunnels",
    "usableOnConsole": true,
    "searchTags": "tunnel, road, biathlon, right, concrete, underground, terrain, grass, cover, ground, dirt",
    "image": "images/structures/roads/tunnels/land_tunnel_biathlon_right.jpg",
    "id": "dzobj_mh13z3ytwz"
  },
  {
    "objectName": "StaticObj_Tunnel_Biathlon_Left",
    "inGameName": "-",
    "category": "structures",
    "modelType": "Config",
    "path": "dz/structures/roads/tunnels",
    "usableOnConsole": true,
    "searchTags": "tunnel, road, biathlon, left, concrete, underground, terrain, grass, cover, ground, dirt",
    "image": "images/structures/roads/tunnels/staticobj_tunnel_biathlon_left.jpg",
    "id": "dzobj_ogj9qqlqz9"
  },
  {
    "objectName": "StaticObj_Tunnel_Biathlon_Left_anthoxanthum",
    "inGameName": "-",
    "category": "structures",
    "modelType": "Config",
    "path": "dz/structures/roads/tunnels",
    "usableOnConsole": true,
    "searchTags": "tunnel, road, biathlon, left, concrete, underground, terrain, grass, cover, ground, dirt, overgrown, grass, anthoxanthum",
    "image": "images/structures/roads/tunnels/staticobj_tunnel_biathlon_left_anthoxanthum.jpg",
    "id": "dzobj_0qo88tmhdm"
  },
  {
    "objectName": "StaticObj_Tunnel_Biathlon_Left_elytrigia",
    "inGameName": "-",
    "category": "structures",
    "modelType": "Config",
    "path": "dz/structures/roads/tunnels",
    "usableOnConsole": true,
    "searchTags": "tunnel, road, biathlon, left, concrete, underground, terrain, grass, cover, ground, dirt, overgrown, grass, elytrigia",
    "image": "images/structures/roads/tunnels/staticobj_tunnel_biathlon_left_elytrigia.jpg",
    "id": "dzobj_n1qip088e2"
  },
  {
    "objectName": "StaticObj_Tunnel_Biathlon_Right",
    "inGameName": "-",
    "category": "structures",
    "modelType": "Config",
    "path": "dz/structures/roads/tunnels",
    "usableOnConsole": true,
    "searchTags": "tunnel, road, biathlon, right, concrete, underground, terrain, grass, cover, ground, dirt",
    "image": "images/structures/roads/tunnels/staticobj_tunnel_biathlon_right.jpg",
    "id": "dzobj_1e0rneh5u2"
  },
  {
    "objectName": "StaticObj_Tunnel_Biathlon_Right_anthoxanthum",
    "inGameName": "-",
    "category": "structures",
    "modelType": "Config",
    "path": "dz/structures/roads/tunnels",
    "usableOnConsole": true,
    "searchTags": "tunnel, road, biathlon, right, concrete, underground, terrain, grass, cover, ground, dirt, overgrown, grass, anthoxanthum",
    "image": "images/structures/roads/tunnels/staticobj_tunnel_biathlon_right_anthoxanthum.jpg",
    "id": "dzobj_4b4kmuwkxp"
  },
  {
    "objectName": "StaticObj_Tunnel_Biathlon_Right_elytrigia",
    "inGameName": "-",
    "category": "structures",
    "modelType": "Config",
    "path": "dz/structures/roads/tunnels",
    "usableOnConsole": true,
    "searchTags": "tunnel, road, biathlon, right, concrete, underground, terrain, grass, cover, ground, dirt, overgrown, grass, elytrigia",
    "image": "images/structures/roads/tunnels/staticobj_tunnel_biathlon_right_elytrigia.jpg",
    "id": "dzobj_xmiq7ie7aa"
  },
  {
    "objectName": "tunnel_biathlon_left.p3d",
    "inGameName": "-",
    "category": "structures",
    "modelType": "Raw P3D",
    "path": "dz/structures/roads/tunnels",
    "usableOnConsole": false,
    "searchTags": "tunnel, road, biathlon, left, concrete, underground, terrain, grass, cover, ground, dirt",
    "image": "images/structures/roads/tunnels/staticobj_tunnel_biathlon_left.jpg",
    "id": "dzobj_963bfarv67"
  },
  {
    "objectName": "tunnel_biathlon_left_anthoxanthum.p3d",
    "inGameName": "-",
    "category": "structures",
    "modelType": "Raw P3D",
    "path": "dz/structures/roads/tunnels",
    "usableOnConsole": false,
    "searchTags": "tunnel, road, biathlon, left, concrete, underground, terrain, grass, cover, ground, dirt, overgrown, grass, anthoxanthum",
    "image": "images/structures/roads/tunnels/staticobj_tunnel_biathlon_left_anthoxanthum.jpg",
    "id": "dzobj_8lo91b73lg"
  },
  {
    "objectName": "tunnel_biathlon_left_elytrigia.p3d",
    "inGameName": "-",
    "category": "structures",
    "modelType": "Raw P3D",
    "path": "dz/structures/roads/tunnels",
    "usableOnConsole": false,
    "searchTags": "tunnel, road, biathlon, left, concrete, underground, terrain, grass, cover, ground, dirt, overgrown, grass, elytrigia",
    "image": "images/structures/roads/tunnels/staticobj_tunnel_biathlon_left_elytrigia.jpg",
    "id": "dzobj_fz6o0gfd5j"
  },
  {
    "objectName": "tunnel_biathlon_right.p3d",
    "inGameName": "-",
    "category": "structures",
    "modelType": "Raw P3D",
    "path": "dz/structures/roads/tunnels",
    "usableOnConsole": false,
    "searchTags": "tunnel, road, biathlon, right, concrete, underground, terrain, grass, cover, ground, dirt",
    "image": "images/structures/roads/tunnels/staticobj_tunnel_biathlon_right.jpg",
    "id": "dzobj_jph6p19djr"
  },
  {
    "objectName": "tunnel_biathlon_right_anthoxanthum.p3d",
    "inGameName": "-",
    "category": "structures",
    "modelType": "Raw P3D",
    "path": "dz/structures/roads/tunnels",
    "usableOnConsole": false,
    "searchTags": "tunnel, road, biathlon, right, concrete, underground, terrain, grass, cover, ground, dirt, overgrown, grass, anthoxanthum",
    "image": "images/structures/roads/tunnels/staticobj_tunnel_biathlon_right_anthoxanthum.jpg",
    "id": "dzobj_5893bn05mr"
  },
  {
    "objectName": "tunnel_biathlon_right_elytrigia.p3d",
    "inGameName": "-",
    "category": "structures",
    "modelType": "Raw P3D",
    "path": "dz/structures/roads/tunnels",
    "usableOnConsole": false,
    "searchTags": "tunnel, road, biathlon, right, concrete, underground, terrain, grass, cover, ground, dirt, overgrown, grass, elytrigia",
    "image": "images/structures/roads/tunnels/staticobj_tunnel_biathlon_right_elytrigia.jpg",
    "id": "dzobj_d2kwkz1v6h"
  }
]
