[
  {
    "objectName": "Land_Shed_M4",
    "inGameName": "-",
    "category": "structures",
    "modelType": "Config",
    "path": "dz/structures/residential/sheds",
    "usableOnConsole": true,
    "searchTags": "shed, warehouse, wooden, industrial, metal, brown, garden, broken, no_door, industrial",
    "image": "images/structures/residential/sheds/land_shed_m4.jpg",
    "id": "dzobj_43or8u0dmq"
  },
  {
    "objectName": "shed_m2.p3d",
    "inGameName": "-",
    "category": "structures",
    "modelType": "Raw P3D",
    "path": "dz/structures/residential/sheds",
    "usableOnConsole": false,
    "searchTags": "",
    "image": "images/structures/residential/sheds/shed_m2.p3d.jpg",
    "id": "dzobj_kuc547hsig"
  },
  {
    "objectName": "shed_m4.p3d",
    "inGameName": "-",
    "category": "structures",
    "modelType": "Raw P3D",
    "path": "dz/structures/residential/sheds",
    "usableOnConsole": false,
    "searchTags": "shed, warehouse, wooden, industrial, metal, brown, garden, broken, no_door, industrial",
    "image": "images/structures/residential/sheds/land_shed_m4.jpg",
    "id": "dzobj_0djcsh1mpv"
  },
  {
    "objectName": "Land_Shed_M1",
    "category": "structures",
    "modelType": "Config",
    "path": "dz/structures/residential/sheds",
    "usableOnConsole": true,
    "searchTags": "shed, warehouse, industrial, metal, brown, garden, grey",
    "image": "images/structures/residential/sheds/land_shed_m1.jpg",
    "id": "dzobj_e9vqgnyask"
  },
  {
    "objectName": "Land_Shed_M3",
    "category": "structures",
    "modelType": "Config",
    "path": "dz/structures/residential/sheds",
    "usableOnConsole": true,
    "searchTags": "shed, warehouse, industrial, metal, brown, garden, rusted",
    "image": "images/structures/residential/sheds/land_shed_m3.jpg",
    "id": "dzobj_1vvu4rlqti"
  },
  {
    "objectName": "Land_Shed_W1",
    "category": "structures",
    "modelType": "Config",
    "path": "dz/structures/residential/sheds",
    "usableOnConsole": true,
    "searchTags": "shed, warehouse, wooden, residential, metal, brown, garden, shelter",
    "image": "images/structures/residential/sheds/land_shed_w1.jpg",
    "id": "dzobj_6qe7bdw3c3"
  },
  {
    "objectName": "Land_Shed_W2",
    "category": "structures",
    "modelType": "Config",
    "path": "dz/structures/residential/sheds",
    "usableOnConsole": true,
    "searchTags": "shed, warehouse, wooden, residential, brown, garden, window",
    "image": "images/structures/residential/sheds/land_shed_w2.jpg",
    "id": "dzobj_1r0jb45idr"
  },
  {
    "objectName": "Land_Shed_W3",
    "category": "structures",
    "modelType": "Config",
    "path": "dz/structures/residential/sheds",
    "usableOnConsole": true,
    "searchTags": "shed, warehouse, wooden, residential, brown, garden",
    "image": "images/structures/residential/sheds/land_shed_w3.jpg",
    "id": "dzobj_nniitvc9ht"
  },
  {
    "objectName": "Land_Shed_W4",
    "category": "structures",
    "modelType": "Config",
    "path": "dz/structures/residential/sheds",
    "usableOnConsole": true,
    "searchTags": "shed, warehouse, wooden, residential, brown, garden, broken, damaged",
    "image": "images/structures/residential/sheds/land_shed_w4.jpg",
    "id": "dzobj_oidfmj5don"
  },
  {
    "objectName": "Land_Shed_W5",
    "category": "structures",
    "modelType": "Config",
    "path": "dz/structures/residential/sheds",
    "usableOnConsole": true,
    "searchTags": "shed, warehouse, wooden, residential, brown, light_brown, garden ",
    "image": "images/structures/residential/sheds/land_shed_w5.jpg",
    "id": "dzobj_nvpcnzchs2"
  },
  {
    "objectName": "Land_Shed_W6",
    "category": "structures",
    "modelType": "Config",
    "path": "dz/structures/residential/sheds",
    "usableOnConsole": true,
    "searchTags": "shed, storage, wooden, double, garage, brown, medium, residential",
    "image": "images/structures/residential/sheds/land_shed_w6.jpg",
    "id": "dzobj_6kheciurat"
  },
  {
    "objectName": "shed_m1.p3d",
    "category": "structures",
    "modelType": "Raw P3D",
    "path": "dz/structures/residential/sheds",
    "usableOnConsole": false,
    "searchTags": "shed, warehouse, industrial, metal, brown, garden, grey",
    "image": "images/structures/residential/sheds/land_shed_m1.jpg",
    "id": "dzobj_zkbso28b1h"
  },
  {
    "objectName": "shed_m3.p3d",
    "category": "structures",
    "modelType": "Raw P3D",
    "path": "dz/structures/residential/sheds",
    "usableOnConsole": false,
    "searchTags": "shed, warehouse, industrial, metal, brown, garden, rusted",
    "image": "images/structures/residential/sheds/land_shed_m3.jpg",
    "id": "dzobj_2lbnimqrgv"
  },
  {
    "objectName": "shed_w1.p3d",
    "category": "structures",
    "modelType": "Raw P3D",
    "path": "dz/structures/residential/sheds",
    "usableOnConsole": false,
    "searchTags": "shed, warehouse, wooden, residential, metal, brown, garden, shelter",
    "image": "images/structures/residential/sheds/land_shed_w1.jpg",
    "id": "dzobj_puwunrbk1v"
  },
  {
    "objectName": "shed_w2.p3d",
    "category": "structures",
    "modelType": "Raw P3D",
    "path": "dz/structures/residential/sheds",
    "usableOnConsole": false,
    "searchTags": "shed, warehouse, wooden, residential, metal, brown, garden, shelter",
    "image": "images/structures/residential/sheds/land_shed_w2.jpg",
    "id": "dzobj_piah42niza"
  },
  {
    "objectName": "shed_w3.p3d",
    "category": "structures",
    "modelType": "Raw P3D",
    "path": "dz/structures/residential/sheds",
    "usableOnConsole": false,
    "searchTags": "shed, warehouse, wooden, residential, brown, garden",
    "image": "images/structures/residential/sheds/land_shed_w3.jpg",
    "id": "dzobj_meeb92lqjk"
  },
  {
    "objectName": "shed_w4.p3d",
    "category": "structures",
    "modelType": "Raw P3D",
    "path": "dz/structures/residential/sheds",
    "usableOnConsole": false,
    "searchTags": "shed, warehouse, wooden, residential, brown, garden, broken, damaged",
    "image": "images/structures/residential/sheds/land_shed_w4.jpg",
    "id": "dzobj_nfpdjdtizu"
  },
  {
    "objectName": "shed_w5.p3d",
    "category": "structures",
    "modelType": "Raw P3D",
    "path": "dz/structures/residential/sheds",
    "usableOnConsole": false,
    "searchTags": "shed, warehouse, wooden, residential, brown, light_brown, garden",
    "image": "images/structures/residential/sheds/land_shed_w5.jpg",
    "id": "dzobj_c0tspt0xxl"
  },
  {
    "objectName": "shed_w6.p3d",
    "category": "structures",
    "modelType": "Raw P3D",
    "path": "dz/structures/residential/sheds",
    "usableOnConsole": false,
    "searchTags": "shed, storage, wooden, double, garage, light_brown, medium, residential",
    "image": "images/structures/residential/sheds/land_shed_w6.jpg",
    "id": "dzobj_wqaoykfk6t"
  }
]
