[
  {
    "objectName": "Land_Bunker1_Double",
    "inGameName": "-",
    "category": "structures_bliss",
    "modelType": "Config",
    "path": "dz/structures_bliss/military/bunkers",
    "usableOnConsole": true,
    "searchTags": "livoniaa, bunkers, military, pillbox, concrete",
    "image": "images/structures_bliss/military/bunkers/land_bunker1_double.jpg"
  },
  {
    "objectName": "Land_Bunker1_Left",
    "inGameName": "-",
    "category": "structures_bliss",
    "modelType": "Config",
    "path": "dz/structures_bliss/military/bunkers",
    "usableOnConsole": true,
    "searchTags": "livoniaa, bunkers, military, pillbox, concrete",
    "image": "images/structures_bliss/military/bunkers/land_bunker1_left.jpg"
  },
  {
    "objectName": "Land_Bunker1_Right",
    "inGameName": "-",
    "category": "structures_bliss",
    "modelType": "Config",
    "path": "dz/structures_bliss/military/bunkers",
    "usableOnConsole": true,
    "searchTags": "livoniaa, bunkers, military, pillbox, concrete",
    "image": "images/structures_bliss/military/bunkers/land_bunker1_right.jpg"
  },
  {
    "objectName": "Land_Bunker2_Double",
    "inGameName": "-",
    "category": "structures_bliss",
    "modelType": "Config",
    "path": "dz/structures_bliss/military/bunkers",
    "usableOnConsole": true,
    "searchTags": "livoniaa, bunkers, military, pillbox, concrete",
    "image": "images/structures_bliss/military/bunkers/land_bunker2_double.jpg"
  },
  {
    "objectName": "Land_Bunker2_Left",
    "inGameName": "-",
    "category": "structures_bliss",
    "modelType": "Config",
    "path": "dz/structures_bliss/military/bunkers",
    "usableOnConsole": true,
    "searchTags": "livoniaa, bunkers, military, pillbox, concrete",
    "image": "images/structures_bliss/military/bunkers/land_bunker2_left.jpg"
  },
  {
    "objectName": "Land_Bunker2_Right",
    "inGameName": "-",
    "category": "structures_bliss",
    "modelType": "Config",
    "path": "dz/structures_bliss/military/bunkers",
    "usableOnConsole": true,
    "searchTags": "livoniaa, bunkers, military, pillbox, concrete",
    "image": "images/structures_bliss/military/bunkers/land_bunker2_right.jpg"
  },
  {
    "objectName": "bunker1_double.p3d",
    "inGameName": "-",
    "category": "structures_bliss",
    "modelType": "Raw P3D",
    "path": "dz/structures_bliss/military/bunkers",
    "usableOnConsole": false,
    "searchTags": "livoniaa, bunkers, military, pillbox, concrete",
    "image": "images/structures_bliss/military/bunkers/land_bunker1_double.jpg"
  },
  {
    "objectName": "bunker1_left.p3d",
    "inGameName": "-",
    "category": "structures_bliss",
    "modelType": "Raw P3D",
    "path": "dz/structures_bliss/military/bunkers",
    "usableOnConsole": false,
    "searchTags": "livoniaa, bunkers, military, pillbox, concrete",
    "image": "images/structures_bliss/military/bunkers/land_bunker1_left.jpg"
  },
  {
    "objectName": "bunker1_right.p3d",
    "inGameName": "-",
    "category": "structures_bliss",
    "modelType": "Raw P3D",
    "path": "dz/structures_bliss/military/bunkers",
    "usableOnConsole": false,
    "searchTags": "livoniaa, bunkers, military, pillbox, concrete",
    "image": "images/structures_bliss/military/bunkers/land_bunker1_right.jpg"
  },
  {
    "objectName": "bunker2_double.p3d",
    "inGameName": "-",
    "category": "structures_bliss",
    "modelType": "Raw P3D",
    "path": "dz/structures_bliss/military/bunkers",
    "usableOnConsole": false,
    "searchTags": "livoniaa, bunkers, military, pillbox, concrete",
    "image": "images/structures_bliss/military/bunkers/land_bunker2_double.jpg"
  },
  {
    "objectName": "bunker2_left.p3d",
    "inGameName": "-",
    "category": "structures_bliss",
    "modelType": "Raw P3D",
    "path": "dz/structures_bliss/military/bunkers",
    "usableOnConsole": false,
    "searchTags": "livoniaa, bunkers, military, pillbox, concrete",
    "image": "images/structures_bliss/military/bunkers/land_bunker2_left.jpg"
  },
  {
    "objectName": "bunker2_right.p3d",
    "inGameName": "-",
    "category": "structures_bliss",
    "modelType": "Raw P3D",
    "path": "dz/structures_bliss/military/bunkers",
    "usableOnConsole": false,
    "searchTags": "livoniaa, bunkers, military, pillbox, concrete",
    "image": "images/structures_bliss/military/bunkers/land_bunker2_right.jpg"
  }
]
