[
  {
    "objectName": "Land_BusStop_Village2",
    "inGameName": "-",
    "category": "structures_bliss",
    "modelType": "Config",
    "path": "dz/structures_bliss/residential/bus",
    "usableOnConsole": true,
    "searchTags": "livoniaa, residential, transport, vehicle",
    "image": "images/structures_bliss/residential/bus/land_busstop_village2.jpg",
    "id": "dzobj_dm5pal7pyg"
  },
  {
    "objectName": "busstop_village2.p3d",
    "inGameName": "-",
    "category": "structures_bliss",
    "modelType": "Raw P3D",
    "path": "dz/structures_bliss/residential/bus",
    "usableOnConsole": false,
    "searchTags": "livoniaa, bus, residential, transport, vehicle",
    "image": "images/structures_bliss/residential/bus/busstop_village2.jpg",
    "id": "dzobj_slt1cctpxt"
  },
  {
    "objectName": "busstop_village2_sign.p3d",
    "inGameName": "-",
    "category": "structures_bliss",
    "modelType": "Raw P3D",
    "path": "dz/structures_bliss/residential/bus",
    "usableOnConsole": false,
    "searchTags": "livoniaa, bus, marker, notice, residential, transport, vehicle",
    "image": "images/structures_bliss/residential/bus/busstop_village2_sign.jpg",
    "id": "dzobj_5o0ympzf0i"
  }
]
