[
  {
    "objectName": "OffroadHatchback",
    "inGameName": "Ada 4x4",
    "category": "vehicles",
    "modelType": "Config",
    "path": "dz/vehicles/wheeled/offroadhatchback",
    "usableOnConsole": true,
    "searchTags": "4x4, ada, car, transport, vehicle, vehicles, wheeled",
    "image": "images/vehicles/wheeled/offroadhatchback/offroadhatchback.jpg"
  },
  {
    "objectName": "offroadhatchback.p3d",
    "inGameName": "Ada 4x4",
    "category": "vehicles",
    "modelType": "Raw P3D",
    "path": "dz/vehicles/wheeled/offroadhatchback",
    "usableOnConsole": false,
    "searchTags": "4x4, ada, car, transport, vehicle, vehicles, wheeled",
    "image": "images/vehicles/wheeled/offroadhatchback/offroadhatchback.p3d.jpg"
  },
  {
    "objectName": "OffroadHatchback_Blue",
    "inGameName": "Ada 4x4",
    "category": "vehicles",
    "modelType": "Config",
    "path": "dz/vehicles/wheeled/offroadhatchback",
    "usableOnConsole": true,
    "searchTags": "4x4, ada, car, transport, vehicle, vehicles, wheeled",
    "image": "images/vehicles/wheeled/offroadhatchback/offroadhatchback.jpg"
  },
  {
    "objectName": "OffroadHatchback_White",
    "inGameName": "Ada 4x4",
    "category": "vehicles",
    "modelType": "Config",
    "path": "dz/vehicles/wheeled/offroadhatchback",
    "usableOnConsole": true,
    "searchTags": "4x4, ada, car, transport, vehicle, vehicles, wheeled",
    "image": "images/vehicles/wheeled/offroadhatchback/offroadhatchback.jpg"
  }
]
