[
  {
    "objectName": "Land_Lunapark_Autodrome",
    "inGameName": "-",
    "category": "structures",
    "modelType": "Config",
    "path": "dz/structures/specific/lunapark",
    "usableOnConsole": true,
    "searchTags": "lunapark, fairground, amusement, carnival, autodrome, bumper_cars, dodgems, ride, arena, tent",
    "image": "images/structures/specific/lunapark/land_lunapark_autodrome.jpg"
  },
  {
    "objectName": "Land_Lunapark_Carousel_Swan",
    "inGameName": "-",
    "category": "structures",
    "modelType": "Config",
    "path": "dz/structures/specific/lunapark",
    "usableOnConsole": true,
    "searchTags": "lunapark, fairground, amusement, carnival, carousel, swan_boats, ride, pond, themed",
    "image": "images/structures/specific/lunapark/land_lunapark_carousel_swan.jpg"
  },
  {
    "objectName": "Land_Lunapark_Carousel_Small",
    "inGameName": "-",
    "category": "structures",
    "modelType": "Config",
    "path": "dz/structures/specific/lunapark",
    "usableOnConsole": true,
    "searchTags": "lunapark, fairground, amusement, carnival, carousel, merry_go_round, small_ride, children",
    "image": "images/structures/specific/lunapark/land_lunapark_carousel_small.jpg"
  },
  {
    "objectName": "Land_Lunapark_Ferris_wheel",
    "inGameName": "-",
    "category": "structures",
    "modelType": "Config",
    "path": "dz/structures/specific/lunapark",
    "usableOnConsole": true,
    "searchTags": "lunapark, fairground, amusement, carnival, ferris_wheel, big_wheel, ride, tall, landmark",
    "image": "images/structures/specific/lunapark/land_lunapark_ferris_wheel.jpg"
  },
  {
    "objectName": "Land_Lunapark_Bumper_Car",
    "inGameName": "-",
    "category": "structures",
    "modelType": "Config",
    "path": "dz/structures/specific/lunapark",
    "usableOnConsole": true,
    "searchTags": "lunapark, fairground, amusement, carnival, bumper_car, dodgem, ride, vehicle",
    "image": "images/structures/specific/lunapark/land_lunapark_bumper_car.jpg"
  },
  {
    "objectName": "lunapark_autodrome.p3d",
    "inGameName": "-",
    "category": "structures",
    "modelType": "Raw P3D",
    "path": "dz/structures/specific/lunapark",
    "usableOnConsole": false,
    "searchTags": "lunapark, fairground, amusement, carnival, autodrome, bumper_cars, dodgems, ride, arena",
    "image": "images/structures/specific/lunapark/land_lunapark_autodrome.jpg"
  },
  {
    "objectName": "lunapark_bumper_car.p3d",
    "inGameName": "-",
    "category": "structures",
    "modelType": "Raw P3D",
    "path": "dz/structures/specific/lunapark",
    "usableOnConsole": false,
    "searchTags": "lunapark, fairground, amusement, carnival, bumper_car, dodgem, ride, vehicle",
    "image": "images/structures/specific/lunapark/land_lunapark_bumper_car.jpg"
  },
  {
    "objectName": "lunapark_carousel_small.p3d",
    "inGameName": "-",
    "category": "structures",
    "modelType": "Raw P3D",
    "path": "dz/structures/specific/lunapark",
    "usableOnConsole": false,
    "searchTags": "lunapark, fairground, amusement, carnival, carousel, merry_go_round, small_ride, children",
    "image": "images/structures/specific/lunapark/land_lunapark_carousel_small.jpg"
  },
  {
    "objectName": "lunapark_carousel_swan.p3d",
    "inGameName": "-",
    "category": "structures",
    "modelType": "Raw P3D",
    "path": "dz/structures/specific/lunapark",
    "usableOnConsole": false,
    "searchTags": "lunapark, fairground, amusement, carnival, carousel, swan_boats, ride, pond, themed",
    "image": "images/structures/specific/lunapark/land_lunapark_carousel_swan.jpg"
  },
  {
    "objectName": "lunapark_ferris_wheel.p3d",
    "inGameName": "-",
    "category": "structures",
    "modelType": "Raw P3D",
    "path": "dz/structures/specific/lunapark",
    "usableOnConsole": false,
    "searchTags": "lunapark, fairground, amusement, carnival, ferris_wheel, big_wheel, ride, tall, landmark",
    "image": "images/structures/specific/lunapark/land_lunapark_ferris_wheel.jpg"
  },
  {
    "objectName": "Land_Lunapark_Shooting_Gallery",
    "category": "structures",
    "modelType": "Config",
    "path": "dz/structures/specific/lunapark",
    "usableOnConsole": true,
    "searchTags": "lunapark, fairground, amusement, carnival, shooting_gallery, stall, targets, game, attraction",
    "image": "images/structures/specific/lunapark/land_lunapark_shooting_gallery.jpg"
  },
  {
    "objectName": "lunapark_shooting_gallery.p3d",
    "category": "structures",
    "modelType": "Raw P3D",
    "path": "dz/structures/specific/lunapark",
    "usableOnConsole": false,
    "searchTags": "lunapark, fairground, amusement, carnival, shooting_gallery, stall, targets, game, attraction",
    "image": "images/structures/specific/lunapark/land_lunapark_shooting_gallery.jpg"
  }
]
