[
  {
    "objectName": "StaticObj_Furniture_fridge",
    "inGameName": "-",
    "category": "structures",
    "modelType": "Config",
    "path": "dz/structures/furniture/kitchen/fridge",
    "usableOnConsole": true,
    "searchTags": "cooking, interior, kitchen",
    "image": "images/structures/furniture/kitchen/fridge/staticobj_furniture_fridge.jpg",
    "id": "dzobj_md8g3r0zm5"
  },
  {
    "objectName": "fridge.p3d",
    "inGameName": "-",
    "category": "structures",
    "modelType": "Raw P3D",
    "path": "dz/structures/furniture/kitchen/fridge",
    "usableOnConsole": false,
    "searchTags": "cooking, furniture, interior, kitchen",
    "image": "images/structures/furniture/kitchen/fridge/fridge.p3d.jpg",
    "id": "dzobj_8m8fmx1umy"
  }
]
