[
  {
    "objectName": "BurlapStrip",
    "inGameName": "Burlap Strips",
    "category": "gear",
    "modelType": "Config",
    "path": "dz/gear/crafting",
    "usableOnConsole": true,
    "searchTags": "crafting, gear, strips",
    "image": "images/gear/crafting/burlapstrip.jpg"
  },
  {
    "objectName": "BoneHook",
    "inGameName": "Bone Fishing Hook",
    "category": "gear",
    "modelType": "Config",
    "path": "dz/gear/crafting",
    "usableOnConsole": true,
    "searchTags": "crafting, fishing, gear",
    "image": "images/gear/crafting/bonehook.jpg"
  },
  {
    "objectName": "WoodenHook",
    "inGameName": "Wooden Fishing Hook",
    "category": "gear",
    "modelType": "Config",
    "path": "dz/gear/crafting",
    "usableOnConsole": true,
    "searchTags": "crafting, fishing, gear",
    "image": "images/gear/crafting/woodenhook.jpg"
  },
  {
    "objectName": "BoneBait",
    "inGameName": "Bone Fishing Bait",
    "category": "gear",
    "modelType": "Config",
    "path": "dz/gear/crafting",
    "usableOnConsole": true,
    "searchTags": "crafting, fishing, gear",
    "image": "images/gear/crafting/bonebait.jpg"
  },
  {
    "objectName": "BurlapSack",
    "inGameName": "Burlap Sack",
    "category": "gear",
    "modelType": "Config",
    "path": "dz/gear/crafting",
    "usableOnConsole": true,
    "searchTags": "crafting, gear",
    "image": "images/gear/crafting/burlapsack.jpg"
  },
  {
    "objectName": "Rope",
    "inGameName": "Rope",
    "category": "gear",
    "modelType": "Config",
    "path": "dz/gear/crafting",
    "usableOnConsole": true,
    "searchTags": "crafting, gear",
    "image": "images/gear/crafting/rope.jpg"
  },
  {
    "objectName": "RopeLocked",
    "inGameName": "Restrained by Rope",
    "category": "gear",
    "modelType": "Config",
    "path": "dz/gear/crafting",
    "usableOnConsole": true,
    "searchTags": "by, crafting, gear, restrained",
    "image": "images/gear/crafting/ropelocked.jpg"
  },
  {
    "objectName": "MetalWire",
    "inGameName": "Metal Wire",
    "category": "gear",
    "modelType": "Config",
    "path": "dz/gear/crafting",
    "usableOnConsole": true,
    "searchTags": "crafting, gear",
    "image": "images/gear/crafting/metalwire.jpg"
  },
  {
    "objectName": "MetalWireLocked",
    "inGameName": "Restrained by Metal Wire",
    "category": "gear",
    "modelType": "Config",
    "path": "dz/gear/crafting",
    "usableOnConsole": true,
    "searchTags": "by, crafting, gear, restrained",
    "image": "images/gear/crafting/metalwirelocked.jpg"
  },
  {
    "objectName": "WoodenStick",
    "inGameName": "Short Stick",
    "category": "gear",
    "modelType": "Config",
    "path": "dz/gear/crafting",
    "usableOnConsole": true,
    "searchTags": "crafting, gear, short",
    "image": "images/gear/crafting/woodenstick.jpg"
  },
  {
    "objectName": "Torch",
    "inGameName": "Torch",
    "category": "gear",
    "modelType": "Config",
    "path": "dz/gear/crafting",
    "usableOnConsole": true,
    "searchTags": "crafting, gear, fore",
    "image": "images/gear/crafting/torch.jpg"
  },
  {
    "objectName": "LongTorch",
    "inGameName": "Long Torch",
    "category": "gear",
    "modelType": "Config",
    "path": "dz/gear/crafting",
    "usableOnConsole": true,
    "searchTags": "crafting, gear, fiore",
    "image": "images/gear/crafting/longtorch.jpg"
  },
  {
    "objectName": "LongWoodenStick",
    "inGameName": "Long Stick",
    "category": "gear",
    "modelType": "Config",
    "path": "dz/gear/crafting",
    "usableOnConsole": true,
    "searchTags": "crafting, gear",
    "image": "images/gear/crafting/longwoodenstick.jpg"
  },
  {
    "objectName": "SharpWoodenStick",
    "inGameName": "Sharpened Stick",
    "category": "gear",
    "modelType": "Config",
    "path": "dz/gear/crafting",
    "usableOnConsole": true,
    "searchTags": "crafting, gear, sharpened",
    "image": "images/gear/crafting/sharpwoodenstick.jpg"
  },
  {
    "objectName": "HandDrillKit",
    "inGameName": "Hand Drill Kit",
    "category": "gear",
    "modelType": "Config",
    "path": "dz/gear/crafting",
    "usableOnConsole": true,
    "searchTags": "crafting, gear",
    "image": "images/gear/crafting/handdrillkit.jpg"
  },
  {
    "objectName": "GasMask_Filter_Improvised",
    "inGameName": "Improvised Gas Mask Filter",
    "category": "gear",
    "modelType": "Config",
    "path": "dz/gear/crafting",
    "usableOnConsole": true,
    "searchTags": "crafting, face, fuel, gear, protection, NBC, respirator",
    "image": "images/gear/crafting/gasmask_filter_improvised.jpg"
  },
  {
    "objectName": "advanced_spear.p3d",
    "inGameName": "-",
    "category": "gear",
    "modelType": "Raw P3D",
    "path": "dz/gear/crafting",
    "usableOnConsole": false,
    "searchTags": "",
    "image": "images/gear/crafting/advanced_spear.p3d.jpg"
  },
  {
    "objectName": "basic_spear.p3d",
    "inGameName": "-",
    "category": "gear",
    "modelType": "Raw P3D",
    "path": "dz/gear/crafting",
    "usableOnConsole": false,
    "searchTags": "crafting, gear",
    "image": "images/gear/crafting/basic_spear.p3d.jpg"
  },
  {
    "objectName": "bone_bait.p3d",
    "inGameName": "Bone Fishing Bait",
    "category": "gear",
    "modelType": "Raw P3D",
    "path": "dz/gear/crafting",
    "usableOnConsole": false,
    "searchTags": "crafting, gear",
    "image": "images/gear/crafting/bone_bait.p3d.jpg"
  },
  {
    "objectName": "bone_hook.p3d",
    "inGameName": "Bone Fishing Hook",
    "category": "gear",
    "modelType": "Raw P3D",
    "path": "dz/gear/crafting",
    "usableOnConsole": false,
    "searchTags": "crafting, gear",
    "image": "images/gear/crafting/bone_hook.p3d.jpg"
  },
  {
    "objectName": "bp_burlap_sack.p3d",
    "inGameName": "Burlap Sack",
    "category": "gear",
    "modelType": "Raw P3D",
    "path": "dz/gear/crafting",
    "usableOnConsole": false,
    "searchTags": "crafting, gear",
    "image": "images/gear/crafting/bp_burlap_sack.p3d.jpg"
  },
  {
    "objectName": "bp_rope.p3d",
    "inGameName": "-",
    "category": "gear",
    "modelType": "Raw P3D",
    "path": "dz/gear/crafting",
    "usableOnConsole": false,
    "searchTags": "crafting, gear",
    "image": "images/gear/crafting/bp_rope.p3d.jpg"
  },
  {
    "objectName": "bp_rope_tied.p3d",
    "inGameName": "Restrained by Rope",
    "category": "gear",
    "modelType": "Raw P3D",
    "path": "dz/gear/crafting",
    "usableOnConsole": false,
    "searchTags": "crafting, gear",
    "image": "images/gear/crafting/bp_rope_tied.p3d.jpg"
  },
  {
    "objectName": "bp_wooden_stick.p3d",
    "inGameName": "Short Stick",
    "category": "gear",
    "modelType": "Raw P3D",
    "path": "dz/gear/crafting",
    "usableOnConsole": false,
    "searchTags": "crafting, gear",
    "image": "images/gear/crafting/bp_wooden_stick.p3d.jpg"
  },
  {
    "objectName": "gasmask_filter_improvised.p3d",
    "inGameName": "Improvised Gas Mask Filter",
    "category": "gear",
    "modelType": "Raw P3D",
    "path": "dz/gear/crafting",
    "usableOnConsole": false,
    "searchTags": "crafting, gear",
    "image": "images/gear/crafting/gasmask_filter_improvised.p3d.jpg"
  },
  {
    "objectName": "grass.p3d",
    "inGameName": "-",
    "category": "gear",
    "modelType": "Raw P3D",
    "path": "dz/gear/crafting",
    "usableOnConsole": false,
    "searchTags": "crafting, gear",
    "image": "images/gear/crafting/grass.p3d.jpg"
  },
  {
    "objectName": "hand_drill_kit.p3d",
    "inGameName": "Hand Drill Kit",
    "category": "gear",
    "modelType": "Raw P3D",
    "path": "dz/gear/crafting",
    "usableOnConsole": false,
    "searchTags": "crafting, gear",
    "image": "images/gear/crafting/hand_drill_kit.p3d.jpg"
  },
  {
    "objectName": "longtorch.p3d",
    "inGameName": "Long Torch",
    "category": "gear",
    "modelType": "Raw P3D",
    "path": "dz/gear/crafting",
    "usableOnConsole": false,
    "searchTags": "crafting, gear",
    "image": "images/gear/crafting/longtorch.p3d.jpg"
  },
  {
    "objectName": "rabbit_snare.p3d",
    "inGameName": "-",
    "category": "gear",
    "modelType": "Raw P3D",
    "path": "dz/gear/crafting",
    "usableOnConsole": false,
    "searchTags": "crafting, gear",
    "image": "images/gear/crafting/rabbit_snare.p3d.jpg"
  },
  {
    "objectName": "sackcloth_rag.p3d",
    "inGameName": "Burlap Strips",
    "category": "gear",
    "modelType": "Raw P3D",
    "path": "dz/gear/crafting",
    "usableOnConsole": false,
    "searchTags": "crafting, gear",
    "image": "images/gear/crafting/sackcloth_rag.p3d.jpg"
  },
  {
    "objectName": "string_metalwire.p3d",
    "inGameName": "-",
    "category": "gear",
    "modelType": "Raw P3D",
    "path": "dz/gear/crafting",
    "usableOnConsole": false,
    "searchTags": "crafting, gear",
    "image": "images/gear/crafting/string_metalwire.p3d.jpg"
  },
  {
    "objectName": "string_metalwire_tied.p3d",
    "inGameName": "Restrained by Metal Wire",
    "category": "gear",
    "modelType": "Raw P3D",
    "path": "dz/gear/crafting",
    "usableOnConsole": false,
    "searchTags": "crafting, gear",
    "image": "images/gear/crafting/string_metalwire_tied.p3d.jpg"
  },
  {
    "objectName": "torch.p3d",
    "inGameName": "Torch",
    "category": "gear",
    "modelType": "Raw P3D",
    "path": "dz/gear/crafting",
    "usableOnConsole": false,
    "searchTags": "crafting, gear",
    "image": "images/gear/crafting/torch.p3d.jpg"
  },
  {
    "objectName": "waterbottlefishtrap.p3d",
    "inGameName": "-",
    "category": "gear",
    "modelType": "Raw P3D",
    "path": "dz/gear/crafting",
    "usableOnConsole": false,
    "searchTags": "crafting, gear",
    "image": "images/gear/crafting/waterbottlefishtrap.p3d.jpg"
  },
  {
    "objectName": "wooden_bait.p3d",
    "inGameName": "-",
    "category": "gear",
    "modelType": "Raw P3D",
    "path": "dz/gear/crafting",
    "usableOnConsole": false,
    "searchTags": "crafting, gear",
    "image": "images/gear/crafting/wooden_bait.p3d.jpg"
  },
  {
    "objectName": "wooden_hook.p3d",
    "inGameName": "Wooden Fishing Hook",
    "category": "gear",
    "modelType": "Raw P3D",
    "path": "dz/gear/crafting",
    "usableOnConsole": false,
    "searchTags": "crafting, gear",
    "image": "images/gear/crafting/wooden_hook.p3d.jpg"
  },
  {
    "objectName": "wooden_stick.p3d",
    "inGameName": "Obsolete Fishing Rod",
    "category": "gear",
    "modelType": "Raw P3D",
    "path": "dz/gear/crafting",
    "usableOnConsole": false,
    "searchTags": "crafting, gear",
    "image": "images/gear/crafting/wooden_stick.p3d.jpg"
  },
  {
    "objectName": "wooden_stick_blunt.p3d",
    "inGameName": "Long Stick",
    "category": "gear",
    "modelType": "Raw P3D",
    "path": "dz/gear/crafting",
    "usableOnConsole": false,
    "searchTags": "crafting, gear",
    "image": "images/gear/crafting/wooden_stick_blunt.p3d.jpg"
  },
  {
    "objectName": "SpearBone",
    "inGameName": "Sharpened Stick",
    "category": "gear",
    "modelType": "Config",
    "path": "dz/gear/crafting",
    "usableOnConsole": true,
    "searchTags": "crafting, gear, sharpened, stick",
    "image": "images/gear/crafting/sharpwoodenstick.jpg"
  },
  {
    "objectName": "SpearStone",
    "inGameName": "Sharpened Stick",
    "category": "gear",
    "modelType": "Config",
    "path": "dz/gear/crafting",
    "usableOnConsole": true,
    "searchTags": "crafting, gear, rock, sharpened, stick, terrain",
    "image": "images/gear/crafting/sharpwoodenstick.jpg"
  }
]
