[
  {
    "objectName": "Aug",
    "inGameName": "AUR AX",
    "category": "weapons",
    "modelType": "Config",
    "path": "dz/weapons/firearms/aug",
    "usableOnConsole": true,
    "searchTags": "machine_gun, automatic, 5.56x45",
    "image": "images/weapons/firearms/aug.jpg"
  },
  {
    "objectName": "AugShort",
    "inGameName": "AUR A1",
    "category": "weapons",
    "modelType": "Config",
    "path": "dz/weapons/firearms/aug",
    "usableOnConsole": true,
    "searchTags": "machine_gun, automatic, 5.56x45",
    "image": "images/weapons/firearms/augshort.jpg"
  },
  {
    "objectName": "aug.p3d",
    "inGameName": "AUR AX",
    "category": "weapons",
    "modelType": "Raw P3D",
    "path": "dz/weapons/firearms/aug",
    "usableOnConsole": false,
    "searchTags": "machine_gun, automatic, 5.56x45",
    "image": "images/weapons/firearms/dzweaponsfirearmsaugaug.p3d.jpg"
  },
  {
    "objectName": "aug_short.p3d",
    "inGameName": "AUR A1",
    "category": "weapons",
    "modelType": "Raw P3D",
    "path": "dz/weapons/firearms/aug",
    "usableOnConsole": false,
    "searchTags": "a1, aur, firearms, weapon, weapons",
    "image": "images/weapons/firearms/dzweaponsfirearmsaugaug_short.p3d.jpg"
  }
]
