[
  {
    "objectName": "DartGun",
    "inGameName": "Dartgun",
    "category": "weapons",
    "modelType": "Config",
    "path": "dz/weapons/nonlethal/dartgun",
    "usableOnConsole": true,
    "searchTags": "nonlethal, weapon, weapons",
    "image": "images/weapons/nonlethal/dartgun/dartgun.jpg",
    "id": "dzobj_pnn3kd3rla"
  },
  {
    "objectName": "dartgun.p3d",
    "inGameName": "Dartgun",
    "category": "weapons",
    "modelType": "Raw P3D",
    "path": "dz/weapons/nonlethal/dartgun",
    "usableOnConsole": false,
    "searchTags": "nonlethal, weapon, weapons",
    "image": "images/weapons/nonlethal/dartgun/dartgun.p3d.jpg",
    "id": "dzobj_9t5lu4a2kh"
  }
]
