[
  {
    "objectName": "MP5K",
    "inGameName": "SG5-K",
    "category": "weapons",
    "modelType": "Config",
    "path": "dz/weapons/firearms/mp5",
    "usableOnConsole": true,
    "searchTags": "submachine gun, automatic, 9x19",
    "image": "images/weapons/firearms/mp5k.jpg",
    "id": "dzobj_9agmy0nhue"
  },
  {
    "objectName": "mp5k.p3d",
    "inGameName": "SG5-K",
    "category": "weapons",
    "modelType": "Raw P3D",
    "path": "dz/weapons/firearms/mp5",
    "usableOnConsole": false,
    "searchTags": "submachine gun, automatic, 9x19",
    "image": "images/weapons/firearms/dzweaponsfirearmsmp5mp5k.p3d.jpg",
    "id": "dzobj_h91p4m4vhk"
  }
]
