[
  {
    "objectName": "city_firestation.p3d",
    "category": "structures",
    "modelType": "Raw P3D",
    "path": "dz/structures/residential/firedep",
    "usableOnConsole": false,
    "searchTags": "fire, department, emergency, services, municipal, rescue, city, town",
    "image": "images/structures/residential/firedep/land_city_firestation.jpg",
    "id": "dzobj_nm3qj5qt0v"
  },
  {
    "objectName": "Land_City_FireStation",
    "category": "structures",
    "modelType": "Config",
    "path": "dz/structures/residential/firedep",
    "usableOnConsole": true,
    "searchTags": "fire, department, emergency, services, municipal, rescue, city, town",
    "image": "images/structures/residential/firedep/land_city_firestation.jpg",
    "id": "dzobj_p1p4ahrxac"
  },
  {
    "objectName": "Land_Mil_FireStation",
    "category": "structures",
    "modelType": "Config",
    "path": "dz/structures/residential/firedep",
    "usableOnConsole": true,
    "searchTags": "fire, department, emergency, services, rescue, military, airport",
    "image": "images/structures/residential/firedep/land_mil_firestation.jpg",
    "id": "dzobj_jb2ztze0ew"
  },
  {
    "objectName": "mil_firestation.p3d",
    "category": "structures",
    "modelType": "Raw P3D",
    "path": "dz/structures/residential/firedep",
    "usableOnConsole": false,
    "searchTags": "fire, department, emergency, services, rescue, military, airport",
    "image": "images/structures/residential/firedep/land_mil_firestation.jpg",
    "id": "dzobj_1b8ewce1pw"
  }
]
