[
  {
    "objectName": "StaticObj_Furniture_fluor_lamp",
    "inGameName": "-",
    "category": "structures",
    "modelType": "Config",
    "path": "dz/structures/furniture/lighting/fluor_lamp",
    "usableOnConsole": true,
    "searchTags": "light, lighting",
    "image": "images/structures/furniture/lighting/fluor_lamp/staticobj_furniture_fluor_lamp.jpg"
  },
  {
    "objectName": "fluor_lamp.p3d",
    "inGameName": "-",
    "category": "structures",
    "modelType": "Raw P3D",
    "path": "dz/structures/furniture/lighting/fluor_lamp",
    "usableOnConsole": false,
    "searchTags": "furniture, light, lighting",
    "image": "images/structures/furniture/lighting/fluor_lamp/fluor_lamp.p3d.jpg"
  }
]
