[
  {
    "objectName": "Truck_01_Covered",
    "inGameName": "M3S Covered",
    "category": "vehicles",
    "modelType": "Config",
    "path": "dz/vehicles/wheeled/truck_01",
    "usableOnConsole": true,
    "searchTags": "car, m3s, transport, vehicle, vehicles, wheeled",
    "image": "images/vehicles/wheeled/truck_01/truck_01_covered.jpg"
  },
  {
    "objectName": "Truck_01_Chassis",
    "inGameName": "M3S Chassis",
    "category": "vehicles",
    "modelType": "Config",
    "path": "dz/vehicles/wheeled/truck_01",
    "usableOnConsole": true,
    "searchTags": "car, m3s, transport, vehicle, vehicles, wheeled",
    "image": "images/vehicles/wheeled/truck_01/truck_01_chassis.jpg"
  },
  {
    "objectName": "Truck_01_Cargo",
    "inGameName": "M3S Cargo",
    "category": "vehicles",
    "modelType": "Config",
    "path": "dz/vehicles/wheeled/truck_01",
    "usableOnConsole": true,
    "searchTags": "car, m3s, transport, vehicle, vehicles, wheeled",
    "image": "images/vehicles/wheeled/truck_01/truck_01_cargo.jpg"
  },
  {
    "objectName": "truck_01_cargo.p3d",
    "inGameName": "M3S Cargo",
    "category": "vehicles",
    "modelType": "Raw P3D",
    "path": "dz/vehicles/wheeled/truck_01",
    "usableOnConsole": false,
    "searchTags": "car, m3s, transport, vehicle, vehicles, wheeled",
    "image": "images/vehicles/wheeled/truck_01/truck_01_cargo.p3d.jpg"
  },
  {
    "objectName": "truck_01_chassis.p3d",
    "inGameName": "M3S Chassis",
    "category": "vehicles",
    "modelType": "Raw P3D",
    "path": "dz/vehicles/wheeled/truck_01",
    "usableOnConsole": false,
    "searchTags": "car, m3s, transport, vehicle, vehicles, wheeled",
    "image": "images/vehicles/wheeled/truck_01/truck_01_chassis.p3d.jpg"
  },
  {
    "objectName": "truck_01_command.p3d",
    "inGameName": "-",
    "category": "vehicles",
    "modelType": "Raw P3D",
    "path": "dz/vehicles/wheeled/truck_01",
    "usableOnConsole": false,
    "searchTags": "car, transport, vehicle, vehicles, wheeled",
    "image": "images/vehicles/wheeled/truck_01/truck_01_command.p3d.jpg"
  },
  {
    "objectName": "truck_01_covered.p3d",
    "inGameName": "M3S Covered",
    "category": "vehicles",
    "modelType": "Raw P3D",
    "path": "dz/vehicles/wheeled/truck_01",
    "usableOnConsole": false,
    "searchTags": "car, m3s, transport, vehicle, vehicles, wheeled",
    "image": "images/vehicles/wheeled/truck_01/truck_01_covered.p3d.jpg"
  },
  {
    "objectName": "Truck_01_Covered_Blue",
    "inGameName": "M3S Covered",
    "category": "vehicles",
    "modelType": "Config",
    "path": "dz/vehicles/wheeled/truck_01",
    "usableOnConsole": true,
    "searchTags": "car, m3s, transport, vehicle, vehicles, wheeled",
    "image": "images/vehicles/wheeled/truck_01/truck_01_covered.jpg"
  },
  {
    "objectName": "Truck_01_Covered_Orange",
    "inGameName": "M3S Covered",
    "category": "vehicles",
    "modelType": "Config",
    "path": "dz/vehicles/wheeled/truck_01",
    "usableOnConsole": true,
    "searchTags": "car, m3s, transport, vehicle, vehicles, wheeled",
    "image": "images/vehicles/wheeled/truck_01/truck_01_covered.jpg"
  }
]
