[
  {
    "objectName": "Truck_01_Covered",
    "inGameName": "M3S Covered",
    "category": "vehicles",
    "modelType": "Config",
    "path": "dz/vehicles/wheeled/truck_01",
    "usableOnConsole": true,
    "searchTags": "car, m3s, transport, vehicle, vehicles, wheeled",
    "image": "images/vehicles/wheeled/truck_01/truck_01_covered.jpg",
    "id": "dzobj_1znc5clsht"
  },
  {
    "objectName": "Truck_01_Chassis",
    "inGameName": "M3S Chassis",
    "category": "vehicles",
    "modelType": "Config",
    "path": "dz/vehicles/wheeled/truck_01",
    "usableOnConsole": true,
    "searchTags": "car, m3s, transport, vehicle, vehicles, wheeled",
    "image": "images/vehicles/wheeled/truck_01/truck_01_chassis.jpg",
    "id": "dzobj_k0dyqr1efn"
  },
  {
    "objectName": "Truck_01_Cargo",
    "inGameName": "M3S Cargo",
    "category": "vehicles",
    "modelType": "Config",
    "path": "dz/vehicles/wheeled/truck_01",
    "usableOnConsole": true,
    "searchTags": "car, m3s, transport, vehicle, vehicles, wheeled",
    "image": "images/vehicles/wheeled/truck_01/truck_01_cargo.jpg",
    "id": "dzobj_7fn3czyrvf"
  },
  {
    "objectName": "truck_01_cargo.p3d",
    "inGameName": "M3S Cargo",
    "category": "vehicles",
    "modelType": "Raw P3D",
    "path": "dz/vehicles/wheeled/truck_01",
    "usableOnConsole": false,
    "searchTags": "car, m3s, transport, vehicle, vehicles, wheeled",
    "image": "images/vehicles/wheeled/truck_01/truck_01_cargo.p3d.jpg",
    "id": "dzobj_jnl1ujb8rx"
  },
  {
    "objectName": "truck_01_chassis.p3d",
    "inGameName": "M3S Chassis",
    "category": "vehicles",
    "modelType": "Raw P3D",
    "path": "dz/vehicles/wheeled/truck_01",
    "usableOnConsole": false,
    "searchTags": "car, m3s, transport, vehicle, vehicles, wheeled",
    "image": "images/vehicles/wheeled/truck_01/truck_01_chassis.p3d.jpg",
    "id": "dzobj_muofcy0puf"
  },
  {
    "objectName": "truck_01_command.p3d",
    "inGameName": "-",
    "category": "vehicles",
    "modelType": "Raw P3D",
    "path": "dz/vehicles/wheeled/truck_01",
    "usableOnConsole": false,
    "searchTags": "car, transport, vehicle, vehicles, wheeled",
    "image": "images/vehicles/wheeled/truck_01/truck_01_command.p3d.jpg",
    "id": "dzobj_eb1z611r3d"
  },
  {
    "objectName": "truck_01_covered.p3d",
    "inGameName": "M3S Covered",
    "category": "vehicles",
    "modelType": "Raw P3D",
    "path": "dz/vehicles/wheeled/truck_01",
    "usableOnConsole": false,
    "searchTags": "car, m3s, transport, vehicle, vehicles, wheeled",
    "image": "images/vehicles/wheeled/truck_01/truck_01_covered.p3d.jpg",
    "id": "dzobj_aae9i1po92"
  },
  {
    "objectName": "Truck_01_Covered_Blue",
    "inGameName": "M3S Covered",
    "category": "vehicles",
    "modelType": "Config",
    "path": "dz/vehicles/wheeled/truck_01",
    "usableOnConsole": true,
    "searchTags": "car, m3s, transport, vehicle, vehicles, wheeled",
    "image": "images/vehicles/wheeled/truck_01/truck_01_covered.jpg",
    "id": "dzobj_0qdbesvzyr"
  },
  {
    "objectName": "Truck_01_Covered_Orange",
    "inGameName": "M3S Covered",
    "category": "vehicles",
    "modelType": "Config",
    "path": "dz/vehicles/wheeled/truck_01",
    "usableOnConsole": true,
    "searchTags": "car, m3s, transport, vehicle, vehicles, wheeled",
    "image": "images/vehicles/wheeled/truck_01/truck_01_covered.jpg",
    "id": "dzobj_bujdsgenzr"
  }
]
