[
  {
    "objectName": "Clutter",
    "inGameName": "-",
    "category": "plants",
    "modelType": "Config",
    "path": "dz/plants/clutter",
    "usableOnConsole": true,
    "searchTags": "plants",
    "image": "images/plants/clutter/clutter.jpg"
  },
  {
    "objectName": "Anthoxanthum",
    "inGameName": "-",
    "category": "plants",
    "modelType": "Config",
    "path": "dz/plants/clutter",
    "usableOnConsole": true,
    "searchTags": "clutter, plants, grasses, foilage, ground",
    "image": "images/plants/clutter/anthoxanthum.jpg"
  },
  {
    "objectName": "Anthoxanthum_bended",
    "inGameName": "-",
    "category": "plants",
    "modelType": "Config",
    "path": "dz/plants/clutter",
    "usableOnConsole": true,
    "searchTags": "clutter, plants, grasses, foilage, ground",
    "image": "images/plants/clutter/anthoxanthum_bended.jpg"
  },
  {
    "objectName": "Calamagrostis",
    "inGameName": "-",
    "category": "plants",
    "modelType": "Config",
    "path": "dz/plants/clutter",
    "usableOnConsole": true,
    "searchTags": "clutter, plants, grasses, foilage, ground",
    "image": "images/plants/clutter/calamagrostis.jpg"
  },
  {
    "objectName": "Carduus",
    "inGameName": "-",
    "category": "plants",
    "modelType": "Config",
    "path": "dz/plants/clutter",
    "usableOnConsole": true,
    "searchTags": "clutter, plants, grasses, foilage, ground",
    "image": "images/plants/clutter/carduus.jpg"
  },
  {
    "objectName": "Carduus_f",
    "inGameName": "-",
    "category": "plants",
    "modelType": "Config",
    "path": "dz/plants/clutter",
    "usableOnConsole": true,
    "searchTags": "clutter, plants, grasses, foilage, ground",
    "image": "images/plants/clutter/carduus_f.jpg"
  },
  {
    "objectName": "Elytrigia",
    "inGameName": "-",
    "category": "plants",
    "modelType": "Config",
    "path": "dz/plants/clutter",
    "usableOnConsole": true,
    "searchTags": "clutter, plants, grasses, foilage, ground",
    "image": "images/plants/clutter/elytrigia.jpg"
  },
  {
    "objectName": "ElytrigiaGreen",
    "inGameName": "-",
    "category": "plants",
    "modelType": "Config",
    "path": "dz/plants/clutter",
    "usableOnConsole": true,
    "searchTags": "clutter, plants, grasses, foilage, ground",
    "image": "images/plants/clutter/elytrigiagreen.jpg"
  },
  {
    "objectName": "ElytrigiaTall",
    "inGameName": "-",
    "category": "plants",
    "modelType": "Config",
    "path": "dz/plants/clutter",
    "usableOnConsole": true,
    "searchTags": "clutter, plants, grasses, foilage, ground",
    "image": "images/plants/clutter/elytrigiatall.jpg"
  },
  {
    "objectName": "Hypericum",
    "inGameName": "-",
    "category": "plants",
    "modelType": "Config",
    "path": "dz/plants/clutter",
    "usableOnConsole": true,
    "searchTags": "clutter, plants, grasses, foilage, ground",
    "image": "images/plants/clutter/hypericum.jpg"
  },
  {
    "objectName": "Hypericum_f",
    "inGameName": "-",
    "category": "plants",
    "modelType": "Config",
    "path": "dz/plants/clutter",
    "usableOnConsole": true,
    "searchTags": "clutter, plants, grasses, foilage, ground",
    "image": "images/plants/clutter/hypericum_f.jpg"
  },
  {
    "objectName": "Lolium",
    "inGameName": "-",
    "category": "plants",
    "modelType": "Config",
    "path": "dz/plants/clutter",
    "usableOnConsole": true,
    "searchTags": "clutter, plants, grasses, foilage, ground",
    "image": "images/plants/clutter/lolium.jpg"
  },
  {
    "objectName": "Taraxacum",
    "inGameName": "-",
    "category": "plants",
    "modelType": "Config",
    "path": "dz/plants/clutter",
    "usableOnConsole": true,
    "searchTags": "clutter, plants, grasses, foilage, ground",
    "image": "images/plants/clutter/taraxacum.jpg"
  },
  {
    "objectName": "ConcreteGrass",
    "inGameName": "-",
    "category": "plants",
    "modelType": "Config",
    "path": "dz/plants/clutter",
    "usableOnConsole": true,
    "searchTags": "clutter, plants, grasses, foilage, ground",
    "image": "images/plants/clutter/concretegrass.jpg"
  },
  {
    "objectName": "DirtGrass",
    "inGameName": "-",
    "category": "plants",
    "modelType": "Config",
    "path": "dz/plants/clutter",
    "usableOnConsole": true,
    "searchTags": "clutter, plants, grasses, foilage, ground",
    "image": "images/plants/clutter/dirtgrass.jpg"
  },
  {
    "objectName": "ElytrigiaDirt",
    "inGameName": "-",
    "category": "plants",
    "modelType": "Config",
    "path": "dz/plants/clutter",
    "usableOnConsole": true,
    "searchTags": "clutter, plants, grasses, foilage, ground",
    "image": "images/plants/clutter/elytrigiadirt.jpg"
  },
  {
    "objectName": "Cones",
    "inGameName": "-",
    "category": "plants",
    "modelType": "Config",
    "path": "dz/plants/clutter",
    "usableOnConsole": true,
    "searchTags": "clutter, plants, grasses, foilage, ground",
    "image": "images/plants/clutter/cones.jpg"
  },
  {
    "objectName": "ElytrigiaForest",
    "inGameName": "-",
    "category": "plants",
    "modelType": "Config",
    "path": "dz/plants/clutter",
    "usableOnConsole": true,
    "searchTags": "clutter, plants, grasses, foilage, ground",
    "image": "images/plants/clutter/elytrigiaforest.jpg"
  },
  {
    "objectName": "Leafs_spread",
    "inGameName": "-",
    "category": "plants",
    "modelType": "Config",
    "path": "dz/plants/clutter",
    "usableOnConsole": true,
    "searchTags": "clutter, plants, grasses, foilage, ground",
    "image": "images/plants/clutter/leafs_spread.jpg"
  },
  {
    "objectName": "Broadleaf_Undergrowth",
    "inGameName": "-",
    "category": "plants",
    "modelType": "Config",
    "path": "dz/plants/clutter",
    "usableOnConsole": true,
    "searchTags": "clutter, plants, grasses, foilage, ground",
    "image": "images/plants/clutter/broadleaf_undergrowth.jpg"
  },
  {
    "objectName": "Broadleaf_Undergrowth_Red",
    "inGameName": "-",
    "category": "plants",
    "modelType": "Config",
    "path": "dz/plants/clutter",
    "usableOnConsole": true,
    "searchTags": "clutter, plants, grasses, foilage, ground",
    "image": "images/plants/clutter/broadleaf_undergrowth_red.jpg"
  },
  {
    "objectName": "c_Broadleaf_Sprouts",
    "inGameName": "-",
    "category": "plants",
    "modelType": "Config",
    "path": "dz/plants/clutter",
    "usableOnConsole": true,
    "searchTags": "clutter, plants, grasses, foilage, ground",
    "image": "images/plants/clutter/c_broadleaf_sprouts.jpg"
  },
  {
    "objectName": "c_Broadleaf_Sprouts_Tall",
    "inGameName": "-",
    "category": "plants",
    "modelType": "Config",
    "path": "dz/plants/clutter",
    "usableOnConsole": true,
    "searchTags": "clutter, plants, grasses, foilage, ground",
    "image": "images/plants/clutter/c_broadleaf_sprouts_tall.jpg"
  },
  {
    "objectName": "SmallPicea",
    "inGameName": "-",
    "category": "plants",
    "modelType": "Config",
    "path": "dz/plants/clutter",
    "usableOnConsole": true,
    "searchTags": "clutter, plants, grasses, foilage, ground",
    "image": "images/plants/clutter/smallpicea.jpg"
  },
  {
    "objectName": "Polypodiophyta",
    "inGameName": "-",
    "category": "plants",
    "modelType": "Config",
    "path": "dz/plants/clutter",
    "usableOnConsole": true,
    "searchTags": "clutter, plants, grasses, foilage, ground",
    "image": "images/plants/clutter/polypodiophyta.jpg"
  },
  {
    "objectName": "Polypodiophyta_b",
    "inGameName": "-",
    "category": "plants",
    "modelType": "Config",
    "path": "dz/plants/clutter",
    "usableOnConsole": true,
    "searchTags": "clutter, plants, grasses, foilage, ground",
    "image": "images/plants/clutter/polypodiophyta_b.jpg"
  },
  {
    "objectName": "Polypodiophyta_c",
    "inGameName": "-",
    "category": "plants",
    "modelType": "Config",
    "path": "dz/plants/clutter",
    "usableOnConsole": true,
    "searchTags": "clutter, plants, grasses, foilage, ground",
    "image": "images/plants/clutter/polypodiophyta_c.jpg"
  },
  {
    "objectName": "PolypodiophytaTall",
    "inGameName": "-",
    "category": "plants",
    "modelType": "Config",
    "path": "dz/plants/clutter",
    "usableOnConsole": true,
    "searchTags": "clutter, plants, grasses, foilage, ground",
    "image": "images/plants/clutter/polypodiophytatall.jpg"
  },
  {
    "objectName": "Vaccinium",
    "inGameName": "-",
    "category": "plants",
    "modelType": "Config",
    "path": "dz/plants/clutter",
    "usableOnConsole": true,
    "searchTags": "clutter, plants, grasses, foilage, ground",
    "image": "images/plants/clutter/vaccinium.jpg"
  },
  {
    "objectName": "VacciniumGreen",
    "inGameName": "-",
    "category": "plants",
    "modelType": "Config",
    "path": "dz/plants/clutter",
    "usableOnConsole": true,
    "searchTags": "clutter, plants, grasses, foilage, ground",
    "image": "images/plants/clutter/vacciniumgreen.jpg"
  },
  {
    "objectName": "VacciniumRed",
    "inGameName": "-",
    "category": "plants",
    "modelType": "Config",
    "path": "dz/plants/clutter",
    "usableOnConsole": true,
    "searchTags": "clutter, plants, grasses, foilage, ground",
    "image": "images/plants/clutter/vacciniumred.jpg"
  },
  {
    "objectName": "VacciniumTall",
    "inGameName": "-",
    "category": "plants",
    "modelType": "Config",
    "path": "dz/plants/clutter",
    "usableOnConsole": true,
    "searchTags": "clutter, plants, grasses, foilage, ground",
    "image": "images/plants/clutter/vacciniumtall.jpg"
  },
  {
    "objectName": "Twigs",
    "inGameName": "-",
    "category": "plants",
    "modelType": "Config",
    "path": "dz/plants/clutter",
    "usableOnConsole": true,
    "searchTags": "clutter, plants, grasses, foilage, ground",
    "image": "images/plants/clutter/twigs.jpg"
  },
  {
    "objectName": "Twigs_b",
    "inGameName": "-",
    "category": "plants",
    "modelType": "Config",
    "path": "dz/plants/clutter",
    "usableOnConsole": true,
    "searchTags": "clutter, plants, grasses, foilage, ground",
    "image": "images/plants/clutter/twigs_b.jpg"
  },
  {
    "objectName": "c_anthoxanthum.p3d",
    "inGameName": "-",
    "category": "plants",
    "modelType": "Raw P3D",
    "path": "dz/plants/clutter",
    "usableOnConsole": true,
    "searchTags": "grass",
    "image": "images/tree/clutter/dzplantsclutterc_anthoxanthum.p3d.png"
  },
  {
    "objectName": "c_anthoxanthum_bended.p3d",
    "inGameName": "-",
    "category": "plants",
    "modelType": "Raw P3D",
    "path": "dz/plants/clutter",
    "usableOnConsole": true,
    "searchTags": "grass",
    "image": "images/tree/clutter/dzplantsclutterc_anthoxanthum_bended.p3d.png"
  },
  {
    "objectName": "c_broadleaf_sprouts.p3d",
    "inGameName": "-",
    "category": "plants",
    "modelType": "Raw P3D",
    "path": "dz/plants/clutter",
    "usableOnConsole": true,
    "searchTags": "weed",
    "image": "images/tree/clutter/dzplantsclutterc_broadleaf_sprouts.p3d.png"
  },
  {
    "objectName": "c_broadleaf_sprouts_tall.p3d",
    "inGameName": "-",
    "category": "plants",
    "modelType": "Raw P3D",
    "path": "dz/plants/clutter",
    "usableOnConsole": true,
    "searchTags": "shurb",
    "image": "images/tree/clutter/dzplantsclutterc_broadleaf_sprouts_tall.p3d.png"
  },
  {
    "objectName": "c_calamagrostis.p3d",
    "inGameName": "-",
    "category": "plants",
    "modelType": "Raw P3D",
    "path": "dz/plants/clutter",
    "usableOnConsole": true,
    "searchTags": "grass",
    "image": "images/tree/clutter/dzplantsclutterc_calamagrostis.p3d.png"
  },
  {
    "objectName": "c_carduus.p3d",
    "inGameName": "-",
    "category": "plants",
    "modelType": "Raw P3D",
    "path": "dz/plants/clutter",
    "usableOnConsole": true,
    "searchTags": "weed",
    "image": "images/tree/clutter/dzplantsclutterc_carduus.p3d.png"
  },
  {
    "objectName": "c_carduus_f.p3d",
    "inGameName": "-",
    "category": "plants",
    "modelType": "Raw P3D",
    "path": "dz/plants/clutter",
    "usableOnConsole": true,
    "searchTags": "weed",
    "image": "images/tree/clutter/dzplantsclutterc_carduus.p3d.png"
  },
  {
    "objectName": "c_concretegrass_bunch.p3d",
    "inGameName": "-",
    "category": "plants",
    "modelType": "Raw P3D",
    "path": "dz/plants/clutter",
    "usableOnConsole": true,
    "searchTags": "grass",
    "image": "images/tree/clutter/dzplantsclutterc_concretegrass_bunch.p3d.png"
  },
  {
    "objectName": "c_cones.p3d",
    "inGameName": "-",
    "category": "plants",
    "modelType": "Raw P3D",
    "path": "dz/plants/clutter",
    "usableOnConsole": true,
    "searchTags": "pine",
    "image": "images/tree/clutter/dzplantsclutterc_cones.p3d.png"
  },
  {
    "objectName": "c_dirtgrass_bunch.p3d",
    "inGameName": "-",
    "category": "plants",
    "modelType": "Raw P3D",
    "path": "dz/plants/clutter",
    "usableOnConsole": true,
    "searchTags": "grass",
    "image": "images/tree/clutter/dzplantsclutterc_dirtgrass_bunch.p3d.png"
  },
  {
    "objectName": "c_elytrigia.p3d",
    "inGameName": "-",
    "category": "plants",
    "modelType": "Raw P3D",
    "path": "dz/plants/clutter",
    "usableOnConsole": true,
    "searchTags": "grass",
    "image": "images/tree/clutter/dzplantsclutterc_elytrigia.p3d.png"
  },
  {
    "objectName": "c_elytrigiadirt.p3d",
    "inGameName": "-",
    "category": "plants",
    "modelType": "Raw P3D",
    "path": "dz/plants/clutter",
    "usableOnConsole": true,
    "searchTags": "grass",
    "image": "images/tree/clutter/dzplantsclutterc_elytrigiadirt.p3d.png"
  },
  {
    "objectName": "c_elytrigiaforest.p3d",
    "inGameName": "-",
    "category": "plants",
    "modelType": "Raw P3D",
    "path": "dz/plants/clutter",
    "usableOnConsole": true,
    "searchTags": "grass",
    "image": "images/tree/clutter/dzplantsclutterc_elytrigiaforest.p3d.png"
  },
  {
    "objectName": "c_elytrigiatall.p3d",
    "inGameName": "-",
    "category": "plants",
    "modelType": "Raw P3D",
    "path": "dz/plants/clutter",
    "usableOnConsole": true,
    "searchTags": "grass",
    "image": "images/tree/clutter/dzplantsclutterc_elytrigiatall.p3d.png"
  },
  {
    "objectName": "c_elytrigia_green.p3d",
    "inGameName": "-",
    "category": "plants",
    "modelType": "Raw P3D",
    "path": "dz/plants/clutter",
    "usableOnConsole": true,
    "searchTags": "grass",
    "image": "images/tree/clutter/dzplantsclutterc_elytrigia_green.p3d.png"
  },
  {
    "objectName": "c_hypericum.p3d",
    "inGameName": "-",
    "category": "plants",
    "modelType": "Raw P3D",
    "path": "dz/plants/clutter",
    "usableOnConsole": true,
    "searchTags": "weed",
    "image": "images/tree/clutter/dzplantsclutterc_hypericum.p3d.png"
  },
  {
    "objectName": "c_hypericum_f.p3d",
    "inGameName": "-",
    "category": "plants",
    "modelType": "Raw P3D",
    "path": "dz/plants/clutter",
    "usableOnConsole": true,
    "searchTags": "shrub",
    "image": "images/tree/clutter/dzplantsclutterp_urtica.p3d.png"
  },
  {
    "objectName": "c_leafs_spread.p3d",
    "inGameName": "-",
    "category": "plants",
    "modelType": "Raw P3D",
    "path": "dz/plants/clutter",
    "usableOnConsole": true,
    "searchTags": "leaves, leaf, fallen",
    "image": "images/tree/clutter/dzplantsclutterc_leafs_spread.p3d.png"
  },
  {
    "objectName": "c_lolium.p3d",
    "inGameName": "-",
    "category": "plants",
    "modelType": "Raw P3D",
    "path": "dz/plants/clutter",
    "usableOnConsole": true,
    "searchTags": "grass",
    "image": "images/tree/clutter/dzplantsclutterc_lolium.p3d.png"
  },
  {
    "objectName": "c_pines.p3d",
    "inGameName": "-",
    "category": "plants",
    "modelType": "Raw P3D",
    "path": "dz/plants/clutter",
    "usableOnConsole": true,
    "searchTags": "shrub, pine, tree",
    "image": "images/tree/clutter/dzplantsclutterc_pines.p3d.png"
  },
  {
    "objectName": "c_polypodiophyta.p3d",
    "inGameName": "-",
    "category": "plants",
    "modelType": "Raw P3D",
    "path": "dz/plants/clutter",
    "usableOnConsole": true,
    "searchTags": "fern",
    "image": "images/tree/clutter/dzplantsclutterc_polypodiophyta_c.p3d.png"
  },
  {
    "objectName": "c_polypodiophyta_b.p3d",
    "inGameName": "-",
    "category": "plants",
    "modelType": "Raw P3D",
    "path": "dz/plants/clutter",
    "usableOnConsole": true,
    "searchTags": "fern",
    "image": "images/tree/clutter/dzplantsclutterc_polypodiophyta_b.p3d.png"
  },
  {
    "objectName": "c_polypodiophyta_c.p3d",
    "inGameName": "-",
    "category": "plants",
    "modelType": "Raw P3D",
    "path": "dz/plants/clutter",
    "usableOnConsole": true,
    "searchTags": "fern",
    "image": "images/tree/clutter/dzplantsclutterc_polypodiophyta_c.p3d.png"
  },
  {
    "objectName": "c_polypodiophyta_tall.p3d",
    "inGameName": "-",
    "category": "plants",
    "modelType": "Raw P3D",
    "path": "dz/plants/clutter",
    "usableOnConsole": true,
    "searchTags": "fern",
    "image": "images/tree/clutter/dzplantsclutterc_polypodiophyta_tall.p3d.png"
  },
  {
    "objectName": "c_taraxacum.p3d",
    "inGameName": "-",
    "category": "plants",
    "modelType": "Raw P3D",
    "path": "dz/plants/clutter",
    "usableOnConsole": true,
    "searchTags": "weed",
    "image": "images/tree/clutter/dzplantsclutterc_taraxacum.p3d.png"
  },
  {
    "objectName": "c_twigs.p3d",
    "inGameName": "-",
    "category": "plants",
    "modelType": "Raw P3D",
    "path": "dz/plants/clutter",
    "usableOnConsole": true,
    "searchTags": "clutter, plants, grasses, foilage, ground",
    "image": "images/tree/clutter/dzplantsclutterc_twigs.p3d.png"
  },
  {
    "objectName": "c_twigs_b.p3d",
    "inGameName": "-",
    "category": "plants",
    "modelType": "Raw P3D",
    "path": "dz/plants/clutter",
    "usableOnConsole": true,
    "searchTags": "clutter, plants, grasses, foilage, ground",
    "image": "images/tree/clutter/dzplantsclutterc_twigs_b.p3d.png"
  },
  {
    "objectName": "c_undergrowth.p3d",
    "inGameName": "-",
    "category": "plants",
    "modelType": "Raw P3D",
    "path": "dz/plants/clutter",
    "usableOnConsole": true,
    "searchTags": "clutter, plants, grasses, foilage, ground",
    "image": "images/plants/clutter/c_undergrowth.p3d.jpg"
  },
  {
    "objectName": "c_undergrowth_red.p3d",
    "inGameName": "-",
    "category": "plants",
    "modelType": "Raw P3D",
    "path": "dz/plants/clutter",
    "usableOnConsole": true,
    "searchTags": "grass",
    "image": "images/tree/clutter/dzplantsclutterc_vaccinium_red.p3d.png"
  },
  {
    "objectName": "c_vaccinium.p3d",
    "inGameName": "-",
    "category": "plants",
    "modelType": "Raw P3D",
    "path": "dz/plants/clutter",
    "usableOnConsole": true,
    "searchTags": "shrub",
    "image": "images/tree/clutter/dzplantsclutterc_vaccinium.p3d.png"
  },
  {
    "objectName": "c_vaccinium_green.p3d",
    "inGameName": "-",
    "category": "plants",
    "modelType": "Raw P3D",
    "path": "dz/plants/clutter",
    "usableOnConsole": true,
    "searchTags": "shrub",
    "image": "images/tree/clutter/dzplantsclutterc_vaccinium_green.p3d.png"
  },
  {
    "objectName": "c_vaccinium_red.p3d",
    "inGameName": "-",
    "category": "plants",
    "modelType": "Raw P3D",
    "path": "dz/plants/clutter",
    "usableOnConsole": true,
    "searchTags": "shrub",
    "image": "images/tree/clutter/dzplantsclutterc_vaccinium_red.p3d.png"
  },
  {
    "objectName": "c_vaccinium_tall.p3d",
    "inGameName": "-",
    "category": "plants",
    "modelType": "Raw P3D",
    "path": "dz/plants/clutter",
    "usableOnConsole": true,
    "searchTags": "shrub",
    "image": "images/tree/clutter/dzplantsclutterc_undergrowth.p3d.png"
  },
  {
    "objectName": "l_large_pile.p3d",
    "inGameName": "-",
    "category": "plants",
    "modelType": "Raw P3D",
    "path": "dz/plants/clutter",
    "usableOnConsole": true,
    "searchTags": "clutter, plants, grasses, foilage, ground",
    "image": "images/plants/clutter/l_large_pile.p3d.jpg"
  },
  {
    "objectName": "l_long_pile_a.p3d",
    "inGameName": "-",
    "category": "plants",
    "modelType": "Raw P3D",
    "path": "dz/plants/clutter",
    "usableOnConsole": true,
    "searchTags": "leaves, leaf, fallen",
    "image": "images/tree/clutter/dzplantsclutterl_long_pile_a.p3d.png"
  },
  {
    "objectName": "l_long_pile_b.p3d",
    "inGameName": "-",
    "category": "plants",
    "modelType": "Raw P3D",
    "path": "dz/plants/clutter",
    "usableOnConsole": true,
    "searchTags": "leaves, leaf, fallen",
    "image": "images/tree/clutter/dzplantsclutterl_long_pile_b.p3d.png"
  },
  {
    "objectName": "l_plane.p3d",
    "inGameName": "-",
    "category": "plants",
    "modelType": "Raw P3D",
    "path": "dz/plants/clutter",
    "usableOnConsole": true,
    "searchTags": "leaves, leaf, fallen",
    "image": "images/tree/clutter/dzplantsclutterl_plane.p3d.png"
  },
  {
    "objectName": "l_plane_long.p3d",
    "inGameName": "-",
    "category": "plants",
    "modelType": "Raw P3D",
    "path": "dz/plants/clutter",
    "usableOnConsole": true,
    "searchTags": "leaves, leaf, fallen",
    "image": "images/tree/clutter/dzplantsclutterl_plane_long.p3d.png"
  },
  {
    "objectName": "p_articum.p3d",
    "inGameName": "-",
    "category": "plants",
    "modelType": "Raw P3D",
    "path": "dz/plants/clutter",
    "usableOnConsole": true,
    "searchTags": "shrub",
    "image": "images/tree/clutter/dzplantsclutterp_articum.p3d.png"
  },
  {
    "objectName": "p_helianthus.p3d",
    "inGameName": "-",
    "category": "plants",
    "modelType": "Raw P3D",
    "path": "dz/plants/clutter",
    "usableOnConsole": true,
    "searchTags": "sunflower",
    "image": "images/tree/clutter/dzplantsclutterp_helianthus.p3d.png"
  },
  {
    "objectName": "p_heracleum.p3d",
    "inGameName": "-",
    "category": "plants",
    "modelType": "Raw P3D",
    "path": "dz/plants/clutter",
    "usableOnConsole": true,
    "searchTags": "weed",
    "image": "images/tree/clutter/dzplantsclutterp_heracleum.p3d.png"
  },
  {
    "objectName": "p_phragmites.p3d",
    "inGameName": "-",
    "category": "plants",
    "modelType": "Raw P3D",
    "path": "dz/plants/clutter",
    "usableOnConsole": true,
    "searchTags": "grass",
    "image": "images/tree/clutter/dzplantsclutterp_phragmites.p3d.png"
  },
  {
    "objectName": "p_urtica.p3d",
    "inGameName": "-",
    "category": "plants",
    "modelType": "Raw P3D",
    "path": "dz/plants/clutter",
    "usableOnConsole": true,
    "searchTags": "clutter, plants, grasses, foilage, ground",
    "image": "images/plants/clutter/p_urtica.p3d.jpg"
  }
]
