[
  {
    "objectName": "Clutter",
    "inGameName": "-",
    "category": "plants",
    "modelType": "Config",
    "path": "dz/plants/clutter",
    "usableOnConsole": true,
    "searchTags": "plants",
    "image": "images/plants/clutter/clutter.jpg",
    "id": "dzobj_e7hwunolo5"
  },
  {
    "objectName": "Anthoxanthum",
    "inGameName": "-",
    "category": "plants",
    "modelType": "Config",
    "path": "dz/plants/clutter",
    "usableOnConsole": true,
    "searchTags": "clutter, plants, grasses, foilage, ground",
    "image": "images/plants/clutter/anthoxanthum.jpg",
    "id": "dzobj_zj7eeld9cn"
  },
  {
    "objectName": "Anthoxanthum_bended",
    "inGameName": "-",
    "category": "plants",
    "modelType": "Config",
    "path": "dz/plants/clutter",
    "usableOnConsole": true,
    "searchTags": "clutter, plants, grasses, foilage, ground",
    "image": "images/plants/clutter/anthoxanthum_bended.jpg",
    "id": "dzobj_rgtkjufrkg"
  },
  {
    "objectName": "Calamagrostis",
    "inGameName": "-",
    "category": "plants",
    "modelType": "Config",
    "path": "dz/plants/clutter",
    "usableOnConsole": true,
    "searchTags": "clutter, plants, grasses, foilage, ground",
    "image": "images/plants/clutter/calamagrostis.jpg",
    "id": "dzobj_nnum7mgex4"
  },
  {
    "objectName": "Carduus",
    "inGameName": "-",
    "category": "plants",
    "modelType": "Config",
    "path": "dz/plants/clutter",
    "usableOnConsole": true,
    "searchTags": "clutter, plants, grasses, foilage, ground",
    "image": "images/plants/clutter/carduus.jpg",
    "id": "dzobj_nnwseh756y"
  },
  {
    "objectName": "Carduus_f",
    "inGameName": "-",
    "category": "plants",
    "modelType": "Config",
    "path": "dz/plants/clutter",
    "usableOnConsole": true,
    "searchTags": "clutter, plants, grasses, foilage, ground",
    "image": "images/plants/clutter/carduus_f.jpg",
    "id": "dzobj_rfdzwr8pws"
  },
  {
    "objectName": "Elytrigia",
    "inGameName": "-",
    "category": "plants",
    "modelType": "Config",
    "path": "dz/plants/clutter",
    "usableOnConsole": true,
    "searchTags": "clutter, plants, grasses, foilage, ground",
    "image": "images/plants/clutter/elytrigia.jpg",
    "id": "dzobj_s2mbr9b1n6"
  },
  {
    "objectName": "ElytrigiaGreen",
    "inGameName": "-",
    "category": "plants",
    "modelType": "Config",
    "path": "dz/plants/clutter",
    "usableOnConsole": true,
    "searchTags": "clutter, plants, grasses, foilage, ground",
    "image": "images/plants/clutter/elytrigiagreen.jpg",
    "id": "dzobj_4xlvix4tfk"
  },
  {
    "objectName": "ElytrigiaTall",
    "inGameName": "-",
    "category": "plants",
    "modelType": "Config",
    "path": "dz/plants/clutter",
    "usableOnConsole": true,
    "searchTags": "clutter, plants, grasses, foilage, ground",
    "image": "images/plants/clutter/elytrigiatall.jpg",
    "id": "dzobj_vdio16o95x"
  },
  {
    "objectName": "Hypericum",
    "inGameName": "-",
    "category": "plants",
    "modelType": "Config",
    "path": "dz/plants/clutter",
    "usableOnConsole": true,
    "searchTags": "clutter, plants, grasses, foilage, ground",
    "image": "images/plants/clutter/hypericum.jpg",
    "id": "dzobj_5lj4v1srdv"
  },
  {
    "objectName": "Hypericum_f",
    "inGameName": "-",
    "category": "plants",
    "modelType": "Config",
    "path": "dz/plants/clutter",
    "usableOnConsole": true,
    "searchTags": "clutter, plants, grasses, foilage, ground",
    "image": "images/plants/clutter/hypericum_f.jpg",
    "id": "dzobj_xtunm7zyq5"
  },
  {
    "objectName": "Lolium",
    "inGameName": "-",
    "category": "plants",
    "modelType": "Config",
    "path": "dz/plants/clutter",
    "usableOnConsole": true,
    "searchTags": "clutter, plants, grasses, foilage, ground",
    "image": "images/plants/clutter/lolium.jpg",
    "id": "dzobj_psumpfvdj4"
  },
  {
    "objectName": "Taraxacum",
    "inGameName": "-",
    "category": "plants",
    "modelType": "Config",
    "path": "dz/plants/clutter",
    "usableOnConsole": true,
    "searchTags": "clutter, plants, grasses, foilage, ground",
    "image": "images/plants/clutter/taraxacum.jpg",
    "id": "dzobj_foksmn1xur"
  },
  {
    "objectName": "ConcreteGrass",
    "inGameName": "-",
    "category": "plants",
    "modelType": "Config",
    "path": "dz/plants/clutter",
    "usableOnConsole": true,
    "searchTags": "clutter, plants, grasses, foilage, ground",
    "image": "images/plants/clutter/concretegrass.jpg",
    "id": "dzobj_6liedn6p7x"
  },
  {
    "objectName": "DirtGrass",
    "inGameName": "-",
    "category": "plants",
    "modelType": "Config",
    "path": "dz/plants/clutter",
    "usableOnConsole": true,
    "searchTags": "clutter, plants, grasses, foilage, ground",
    "image": "images/plants/clutter/dirtgrass.jpg",
    "id": "dzobj_ep4eb5b6w2"
  },
  {
    "objectName": "ElytrigiaDirt",
    "inGameName": "-",
    "category": "plants",
    "modelType": "Config",
    "path": "dz/plants/clutter",
    "usableOnConsole": true,
    "searchTags": "clutter, plants, grasses, foilage, ground",
    "image": "images/plants/clutter/elytrigiadirt.jpg",
    "id": "dzobj_kpt425d5ic"
  },
  {
    "objectName": "Cones",
    "inGameName": "-",
    "category": "plants",
    "modelType": "Config",
    "path": "dz/plants/clutter",
    "usableOnConsole": true,
    "searchTags": "clutter, plants, grasses, foilage, ground",
    "image": "images/plants/clutter/cones.jpg",
    "id": "dzobj_vdbqaxo6yp"
  },
  {
    "objectName": "ElytrigiaForest",
    "inGameName": "-",
    "category": "plants",
    "modelType": "Config",
    "path": "dz/plants/clutter",
    "usableOnConsole": true,
    "searchTags": "clutter, plants, grasses, foilage, ground",
    "image": "images/plants/clutter/elytrigiaforest.jpg",
    "id": "dzobj_hq2fmsa0z2"
  },
  {
    "objectName": "Leafs_spread",
    "inGameName": "-",
    "category": "plants",
    "modelType": "Config",
    "path": "dz/plants/clutter",
    "usableOnConsole": true,
    "searchTags": "clutter, plants, grasses, foilage, ground",
    "image": "images/plants/clutter/leafs_spread.jpg",
    "id": "dzobj_88yc0gjqyl"
  },
  {
    "objectName": "Broadleaf_Undergrowth",
    "inGameName": "-",
    "category": "plants",
    "modelType": "Config",
    "path": "dz/plants/clutter",
    "usableOnConsole": true,
    "searchTags": "clutter, plants, grasses, foilage, ground",
    "image": "images/plants/clutter/broadleaf_undergrowth.jpg",
    "id": "dzobj_4uah23som3"
  },
  {
    "objectName": "Broadleaf_Undergrowth_Red",
    "inGameName": "-",
    "category": "plants",
    "modelType": "Config",
    "path": "dz/plants/clutter",
    "usableOnConsole": true,
    "searchTags": "clutter, plants, grasses, foilage, ground",
    "image": "images/plants/clutter/broadleaf_undergrowth_red.jpg",
    "id": "dzobj_watax6z03k"
  },
  {
    "objectName": "c_Broadleaf_Sprouts",
    "inGameName": "-",
    "category": "plants",
    "modelType": "Config",
    "path": "dz/plants/clutter",
    "usableOnConsole": true,
    "searchTags": "clutter, plants, grasses, foilage, ground",
    "image": "images/plants/clutter/c_broadleaf_sprouts.p3d.jpg",
    "id": "dzobj_2l9o1xku1s"
  },
  {
    "objectName": "c_Broadleaf_Sprouts_Tall",
    "inGameName": "-",
    "category": "plants",
    "modelType": "Config",
    "path": "dz/plants/clutter",
    "usableOnConsole": true,
    "searchTags": "clutter, plants, grasses, foilage, ground",
    "image": "images/plants/clutter/c_broadleaf_sprouts_tall.p3d.jpg",
    "id": "dzobj_ab5i5fnd03"
  },
  {
    "objectName": "SmallPicea",
    "inGameName": "-",
    "category": "plants",
    "modelType": "Config",
    "path": "dz/plants/clutter",
    "usableOnConsole": true,
    "searchTags": "clutter, plants, grasses, foilage, ground",
    "image": "images/plants/clutter/smallpicea.jpg",
    "id": "dzobj_k3c18y42fy"
  },
  {
    "objectName": "Polypodiophyta",
    "inGameName": "-",
    "category": "plants",
    "modelType": "Config",
    "path": "dz/plants/clutter",
    "usableOnConsole": true,
    "searchTags": "clutter, plants, grasses, foilage, ground",
    "image": "images/plants/clutter/polypodiophyta.jpg",
    "id": "dzobj_l4i4yuh25r"
  },
  {
    "objectName": "Polypodiophyta_b",
    "inGameName": "-",
    "category": "plants",
    "modelType": "Config",
    "path": "dz/plants/clutter",
    "usableOnConsole": true,
    "searchTags": "clutter, plants, grasses, foilage, ground",
    "image": "images/plants/clutter/polypodiophyta_b.jpg",
    "id": "dzobj_xbal3goaxq"
  },
  {
    "objectName": "Polypodiophyta_c",
    "inGameName": "-",
    "category": "plants",
    "modelType": "Config",
    "path": "dz/plants/clutter",
    "usableOnConsole": true,
    "searchTags": "clutter, plants, grasses, foilage, ground",
    "image": "images/plants/clutter/polypodiophyta_c.jpg",
    "id": "dzobj_v3d5h9p64u"
  },
  {
    "objectName": "PolypodiophytaTall",
    "inGameName": "-",
    "category": "plants",
    "modelType": "Config",
    "path": "dz/plants/clutter",
    "usableOnConsole": true,
    "searchTags": "clutter, plants, grasses, foilage, ground",
    "image": "images/plants/clutter/polypodiophytatall.jpg",
    "id": "dzobj_n03d4ox4y8"
  },
  {
    "objectName": "Vaccinium",
    "inGameName": "-",
    "category": "plants",
    "modelType": "Config",
    "path": "dz/plants/clutter",
    "usableOnConsole": true,
    "searchTags": "clutter, plants, grasses, foilage, ground",
    "image": "images/plants/clutter/vaccinium.jpg",
    "id": "dzobj_10595zd0du"
  },
  {
    "objectName": "VacciniumGreen",
    "inGameName": "-",
    "category": "plants",
    "modelType": "Config",
    "path": "dz/plants/clutter",
    "usableOnConsole": true,
    "searchTags": "clutter, plants, grasses, foilage, ground",
    "image": "images/plants/clutter/vacciniumgreen.jpg",
    "id": "dzobj_mtk704bhjo"
  },
  {
    "objectName": "VacciniumRed",
    "inGameName": "-",
    "category": "plants",
    "modelType": "Config",
    "path": "dz/plants/clutter",
    "usableOnConsole": true,
    "searchTags": "clutter, plants, grasses, foilage, ground",
    "image": "images/plants/clutter/vacciniumred.jpg",
    "id": "dzobj_rbpkllazuq"
  },
  {
    "objectName": "VacciniumTall",
    "inGameName": "-",
    "category": "plants",
    "modelType": "Config",
    "path": "dz/plants/clutter",
    "usableOnConsole": true,
    "searchTags": "clutter, plants, grasses, foilage, ground",
    "image": "images/plants/clutter/vacciniumtall.jpg",
    "id": "dzobj_qzu2qryae4"
  },
  {
    "objectName": "Twigs",
    "inGameName": "-",
    "category": "plants",
    "modelType": "Config",
    "path": "dz/plants/clutter",
    "usableOnConsole": true,
    "searchTags": "clutter, plants, grasses, foilage, ground",
    "image": "images/plants/clutter/twigs.jpg",
    "id": "dzobj_wbv6j3d995"
  },
  {
    "objectName": "Twigs_b",
    "inGameName": "-",
    "category": "plants",
    "modelType": "Config",
    "path": "dz/plants/clutter",
    "usableOnConsole": true,
    "searchTags": "clutter, plants, grasses, foilage, ground",
    "image": "images/plants/clutter/twigs_b.jpg",
    "id": "dzobj_a077okb760"
  },
  {
    "objectName": "c_anthoxanthum.p3d",
    "inGameName": "-",
    "category": "plants",
    "modelType": "Raw P3D",
    "path": "dz/plants/clutter",
    "usableOnConsole": true,
    "searchTags": "grass",
    "image": "images/plants/clutter/c_anthoxanthum.p3d.jpg",
    "id": "dzobj_jugrrg7tjj"
  },
  {
    "objectName": "c_anthoxanthum_bended.p3d",
    "inGameName": "-",
    "category": "plants",
    "modelType": "Raw P3D",
    "path": "dz/plants/clutter",
    "usableOnConsole": true,
    "searchTags": "grass",
    "image": "images/plants/clutter/c_anthoxanthum_bended.p3d.jpg",
    "id": "dzobj_masbnqs646"
  },
  {
    "objectName": "c_broadleaf_sprouts.p3d",
    "inGameName": "-",
    "category": "plants",
    "modelType": "Raw P3D",
    "path": "dz/plants/clutter",
    "usableOnConsole": true,
    "searchTags": "weed",
    "image": "images/plants/clutter/c_broadleaf_sprouts.p3d.jpg",
    "id": "dzobj_1ajzjjwekr"
  },
  {
    "objectName": "c_broadleaf_sprouts_tall.p3d",
    "inGameName": "-",
    "category": "plants",
    "modelType": "Raw P3D",
    "path": "dz/plants/clutter",
    "usableOnConsole": true,
    "searchTags": "shurb",
    "image": "images/plants/clutter/c_broadleaf_sprouts_tall.p3d.jpg",
    "id": "dzobj_l9o9h54zo3"
  },
  {
    "objectName": "c_calamagrostis.p3d",
    "inGameName": "-",
    "category": "plants",
    "modelType": "Raw P3D",
    "path": "dz/plants/clutter",
    "usableOnConsole": true,
    "searchTags": "grass",
    "image": "images/plants/clutter/c_calamagrostis.p3d.jpg",
    "id": "dzobj_xclq79scmj"
  },
  {
    "objectName": "c_carduus.p3d",
    "inGameName": "-",
    "category": "plants",
    "modelType": "Raw P3D",
    "path": "dz/plants/clutter",
    "usableOnConsole": true,
    "searchTags": "weed",
    "image": "images/plants/clutter/c_carduus.p3d.jpg",
    "id": "dzobj_ivgr2qldiv"
  },
  {
    "objectName": "c_carduus_f.p3d",
    "inGameName": "-",
    "category": "plants",
    "modelType": "Raw P3D",
    "path": "dz/plants/clutter",
    "usableOnConsole": true,
    "searchTags": "weed",
    "image": "images/plants/clutter/c_carduus_f.p3d.jpg",
    "id": "dzobj_ihu45s366l"
  },
  {
    "objectName": "c_concretegrass_bunch.p3d",
    "inGameName": "-",
    "category": "plants",
    "modelType": "Raw P3D",
    "path": "dz/plants/clutter",
    "usableOnConsole": true,
    "searchTags": "grass",
    "image": "images/plants/clutter/c_concretegrass_bunch.p3d.jpg",
    "id": "dzobj_juldu13jd6"
  },
  {
    "objectName": "c_cones.p3d",
    "inGameName": "-",
    "category": "plants",
    "modelType": "Raw P3D",
    "path": "dz/plants/clutter",
    "usableOnConsole": true,
    "searchTags": "pine",
    "image": "images/plants/clutter/c_cones.p3d.jpg",
    "id": "dzobj_mhmo00r8tz"
  },
  {
    "objectName": "c_dirtgrass_bunch.p3d",
    "inGameName": "-",
    "category": "plants",
    "modelType": "Raw P3D",
    "path": "dz/plants/clutter",
    "usableOnConsole": true,
    "searchTags": "grass",
    "image": "images/plants/clutter/c_dirtgrass_bunch.p3d.jpg",
    "id": "dzobj_6t1j63jyhv"
  },
  {
    "objectName": "c_elytrigia.p3d",
    "inGameName": "-",
    "category": "plants",
    "modelType": "Raw P3D",
    "path": "dz/plants/clutter",
    "usableOnConsole": true,
    "searchTags": "grass",
    "image": "images/plants/clutter/c_elytrigia.p3d.jpg",
    "id": "dzobj_6b1srifdm6"
  },
  {
    "objectName": "c_elytrigiadirt.p3d",
    "inGameName": "-",
    "category": "plants",
    "modelType": "Raw P3D",
    "path": "dz/plants/clutter",
    "usableOnConsole": true,
    "searchTags": "grass",
    "image": "images/plants/clutter/c_elytrigiadirt.p3d.jpg",
    "id": "dzobj_trlzto5w8y"
  },
  {
    "objectName": "c_elytrigiaforest.p3d",
    "inGameName": "-",
    "category": "plants",
    "modelType": "Raw P3D",
    "path": "dz/plants/clutter",
    "usableOnConsole": true,
    "searchTags": "grass",
    "image": "images/plants/clutter/c_elytrigiaforest.p3d.jpg",
    "id": "dzobj_3lev1wb8fj"
  },
  {
    "objectName": "c_elytrigiatall.p3d",
    "inGameName": "-",
    "category": "plants",
    "modelType": "Raw P3D",
    "path": "dz/plants/clutter",
    "usableOnConsole": true,
    "searchTags": "grass",
    "image": "images/plants/clutter/c_elytrigiatall.p3d.jpg",
    "id": "dzobj_cxt2kvp8vs"
  },
  {
    "objectName": "c_elytrigia_green.p3d",
    "inGameName": "-",
    "category": "plants",
    "modelType": "Raw P3D",
    "path": "dz/plants/clutter",
    "usableOnConsole": true,
    "searchTags": "grass",
    "image": "images/plants/clutter/c_elytrigia_green.p3d.jpg",
    "id": "dzobj_xqg93aq2x7"
  },
  {
    "objectName": "c_hypericum.p3d",
    "inGameName": "-",
    "category": "plants",
    "modelType": "Raw P3D",
    "path": "dz/plants/clutter",
    "usableOnConsole": true,
    "searchTags": "weed",
    "image": "images/plants/clutter/c_hypericum.p3d.jpg",
    "id": "dzobj_x8pjo9ltk5"
  },
  {
    "objectName": "c_hypericum_f.p3d",
    "inGameName": "-",
    "category": "plants",
    "modelType": "Raw P3D",
    "path": "dz/plants/clutter",
    "usableOnConsole": true,
    "searchTags": "shrub",
    "image": "images/plants/clutter/c_hypericum_f.p3d.jpg",
    "id": "dzobj_qef3q7jipr"
  },
  {
    "objectName": "c_leafs_spread.p3d",
    "inGameName": "-",
    "category": "plants",
    "modelType": "Raw P3D",
    "path": "dz/plants/clutter",
    "usableOnConsole": true,
    "searchTags": "leaves, leaf, fallen",
    "image": "images/plants/clutter/c_leafs_spread.p3d.jpg",
    "id": "dzobj_im3qytp8up"
  },
  {
    "objectName": "c_lolium.p3d",
    "inGameName": "-",
    "category": "plants",
    "modelType": "Raw P3D",
    "path": "dz/plants/clutter",
    "usableOnConsole": true,
    "searchTags": "grass",
    "image": "images/plants/clutter/c_lolium.p3d.jpg",
    "id": "dzobj_kngxiw5fgt"
  },
  {
    "objectName": "c_pines.p3d",
    "inGameName": "-",
    "category": "plants",
    "modelType": "Raw P3D",
    "path": "dz/plants/clutter",
    "usableOnConsole": true,
    "searchTags": "shrub, pine, tree",
    "image": "images/plants/clutter/c_pines.p3d.jpg",
    "id": "dzobj_a9f2eb6yv2"
  },
  {
    "objectName": "c_polypodiophyta.p3d",
    "inGameName": "-",
    "category": "plants",
    "modelType": "Raw P3D",
    "path": "dz/plants/clutter",
    "usableOnConsole": true,
    "searchTags": "fern",
    "image": "images/plants/clutter/c_polypodiophyta.p3d.jpg",
    "id": "dzobj_wm7ec4e8pl"
  },
  {
    "objectName": "c_polypodiophyta_b.p3d",
    "inGameName": "-",
    "category": "plants",
    "modelType": "Raw P3D",
    "path": "dz/plants/clutter",
    "usableOnConsole": true,
    "searchTags": "fern",
    "image": "images/plants/clutter/c_polypodiophyta_b.p3d.jpg",
    "id": "dzobj_cda4ct9z4a"
  },
  {
    "objectName": "c_polypodiophyta_c.p3d",
    "inGameName": "-",
    "category": "plants",
    "modelType": "Raw P3D",
    "path": "dz/plants/clutter",
    "usableOnConsole": true,
    "searchTags": "fern",
    "image": "images/plants/clutter/c_polypodiophyta_c.p3d.jpg",
    "id": "dzobj_1fymknw0hc"
  },
  {
    "objectName": "c_polypodiophyta_tall.p3d",
    "inGameName": "-",
    "category": "plants",
    "modelType": "Raw P3D",
    "path": "dz/plants/clutter",
    "usableOnConsole": true,
    "searchTags": "fern",
    "image": "images/plants/clutter/c_polypodiophyta_tall.p3d.jpg",
    "id": "dzobj_7j2k1ws1w5"
  },
  {
    "objectName": "c_taraxacum.p3d",
    "inGameName": "-",
    "category": "plants",
    "modelType": "Raw P3D",
    "path": "dz/plants/clutter",
    "usableOnConsole": true,
    "searchTags": "weed",
    "image": "images/plants/clutter/c_taraxacum.p3d.jpg",
    "id": "dzobj_grtjzwf6nl"
  },
  {
    "objectName": "c_twigs.p3d",
    "inGameName": "-",
    "category": "plants",
    "modelType": "Raw P3D",
    "path": "dz/plants/clutter",
    "usableOnConsole": true,
    "searchTags": "clutter, plants, grasses, foilage, ground",
    "image": "images/plants/clutter/c_twigs.p3d.jpg",
    "id": "dzobj_t3vhy3mnkz"
  },
  {
    "objectName": "c_twigs_b.p3d",
    "inGameName": "-",
    "category": "plants",
    "modelType": "Raw P3D",
    "path": "dz/plants/clutter",
    "usableOnConsole": true,
    "searchTags": "clutter, plants, grasses, foilage, ground",
    "image": "images/plants/clutter/c_twigs_b.p3d.jpg",
    "id": "dzobj_r1c1l4b6qj"
  },
  {
    "objectName": "c_undergrowth.p3d",
    "inGameName": "-",
    "category": "plants",
    "modelType": "Raw P3D",
    "path": "dz/plants/clutter",
    "usableOnConsole": true,
    "searchTags": "clutter, plants, grasses, foilage, ground",
    "image": "images/plants/clutter/c_undergrowth.p3d.jpg",
    "id": "dzobj_953awejs2f"
  },
  {
    "objectName": "c_undergrowth_red.p3d",
    "inGameName": "-",
    "category": "plants",
    "modelType": "Raw P3D",
    "path": "dz/plants/clutter",
    "usableOnConsole": true,
    "searchTags": "grass",
    "image": "images/plants/clutter/c_undergrowth_red.p3d.jpg",
    "id": "dzobj_4frvplqkbf"
  },
  {
    "objectName": "c_vaccinium.p3d",
    "inGameName": "-",
    "category": "plants",
    "modelType": "Raw P3D",
    "path": "dz/plants/clutter",
    "usableOnConsole": true,
    "searchTags": "shrub",
    "image": "images/plants/clutter/c_vaccinium.p3d.jpg",
    "id": "dzobj_2swmpe5mpb"
  },
  {
    "objectName": "c_vaccinium_green.p3d",
    "inGameName": "-",
    "category": "plants",
    "modelType": "Raw P3D",
    "path": "dz/plants/clutter",
    "usableOnConsole": true,
    "searchTags": "shrub",
    "image": "images/plants/clutter/c_vaccinium_green.p3d.jpg",
    "id": "dzobj_jqdtg06kzt"
  },
  {
    "objectName": "c_vaccinium_red.p3d",
    "inGameName": "-",
    "category": "plants",
    "modelType": "Raw P3D",
    "path": "dz/plants/clutter",
    "usableOnConsole": true,
    "searchTags": "shrub",
    "image": "images/plants/clutter/c_vaccinium_red.p3d.jpg",
    "id": "dzobj_pzfv1cy92v"
  },
  {
    "objectName": "c_vaccinium_tall.p3d",
    "inGameName": "-",
    "category": "plants",
    "modelType": "Raw P3D",
    "path": "dz/plants/clutter",
    "usableOnConsole": true,
    "searchTags": "shrub",
    "image": "images/plants/clutter/c_vaccinium_tall.p3d.jpg",
    "id": "dzobj_gdldoox3wk"
  },
  {
    "objectName": "l_large_pile.p3d",
    "inGameName": "-",
    "category": "plants",
    "modelType": "Raw P3D",
    "path": "dz/plants/clutter",
    "usableOnConsole": true,
    "searchTags": "clutter, plants, grasses, foilage, ground",
    "image": "images/plants/clutter/l_large_pile.p3d.jpg",
    "id": "dzobj_140gojk0ng"
  },
  {
    "objectName": "l_long_pile_a.p3d",
    "inGameName": "-",
    "category": "plants",
    "modelType": "Raw P3D",
    "path": "dz/plants/clutter",
    "usableOnConsole": true,
    "searchTags": "leaves, leaf, fallen",
    "image": "images/plants/clutter/l_long_pile_a.p3d.jpg",
    "id": "dzobj_lnfv4ttvcj"
  },
  {
    "objectName": "l_long_pile_b.p3d",
    "inGameName": "-",
    "category": "plants",
    "modelType": "Raw P3D",
    "path": "dz/plants/clutter",
    "usableOnConsole": true,
    "searchTags": "leaves, leaf, fallen",
    "image": "images/plants/clutter/l_long_pile_b.p3d.jpg",
    "id": "dzobj_ub8e5ji0i9"
  },
  {
    "objectName": "l_plane.p3d",
    "inGameName": "-",
    "category": "plants",
    "modelType": "Raw P3D",
    "path": "dz/plants/clutter",
    "usableOnConsole": true,
    "searchTags": "leaves, leaf, fallen",
    "image": "images/plants/clutter/l_plane.p3d.jpg",
    "id": "dzobj_heuip5qazm"
  },
  {
    "objectName": "l_plane_long.p3d",
    "inGameName": "-",
    "category": "plants",
    "modelType": "Raw P3D",
    "path": "dz/plants/clutter",
    "usableOnConsole": true,
    "searchTags": "leaves, leaf, fallen",
    "image": "images/plants/clutter/l_plane_long.p3d.jpg",
    "id": "dzobj_11yy2ui4u0"
  },
  {
    "objectName": "p_articum.p3d",
    "inGameName": "-",
    "category": "plants",
    "modelType": "Raw P3D",
    "path": "dz/plants/clutter",
    "usableOnConsole": true,
    "searchTags": "shrub",
    "image": "images/plants/clutter/p_articum.p3d.jpg",
    "id": "dzobj_mu5j4d4ihl"
  },
  {
    "objectName": "p_helianthus.p3d",
    "inGameName": "-",
    "category": "plants",
    "modelType": "Raw P3D",
    "path": "dz/plants/clutter",
    "usableOnConsole": true,
    "searchTags": "sunflower",
    "image": "images/plants/clutter/p_helianthus.p3d.jpg",
    "id": "dzobj_vkv5qgd5nc"
  },
  {
    "objectName": "p_heracleum.p3d",
    "inGameName": "-",
    "category": "plants",
    "modelType": "Raw P3D",
    "path": "dz/plants/clutter",
    "usableOnConsole": true,
    "searchTags": "weed",
    "image": "images/plants/clutter/p_heracleum.p3d.jpg",
    "id": "dzobj_rmm90g6wst"
  },
  {
    "objectName": "p_phragmites.p3d",
    "inGameName": "-",
    "category": "plants",
    "modelType": "Raw P3D",
    "path": "dz/plants/clutter",
    "usableOnConsole": true,
    "searchTags": "grass",
    "image": "images/plants/clutter/p_phragmites.p3d.jpg",
    "id": "dzobj_hti1xqh3t3"
  },
  {
    "objectName": "p_urtica.p3d",
    "inGameName": "-",
    "category": "plants",
    "modelType": "Raw P3D",
    "path": "dz/plants/clutter",
    "usableOnConsole": true,
    "searchTags": "clutter, plants, grasses, foilage, ground",
    "image": "images/plants/clutter/p_urtica.p3d.jpg",
    "id": "dzobj_sj29mlqofu"
  }
]
