[
  {
    "objectName": "Saiga",
    "inGameName": "Vaiga",
    "category": "weapons",
    "modelType": "Config",
    "path": "dz/weapons/shotguns/saiga",
    "usableOnConsole": true,
    "searchTags": "shotguns, vaiga, weapon, weapons",
    "image": "images/weapons/shotguns/saiga/saiga.jpg"
  },
  {
    "objectName": "saiga.p3d",
    "inGameName": "Vaiga",
    "category": "weapons",
    "modelType": "Raw P3D",
    "path": "dz/weapons/shotguns/saiga",
    "usableOnConsole": false,
    "searchTags": "shotguns, vaiga, weapon, weapons",
    "image": "images/weapons/shotguns/saiga/saiga.p3d.jpg"
  }
]
