[
  {
    "objectName": "StaticObj_Decal_oilstain2",
    "inGameName": "-",
    "category": "structures_bliss",
    "modelType": "Config",
    "path": "dz/structures_bliss/roads/decals",
    "usableOnConsole": true,
    "searchTags": "",
    "image": "images/structures_bliss/roads/decals/staticobj_decal_oilstain2.jpg"
  },
  {
    "objectName": "StaticObj_Decal_oilstain3",
    "inGameName": "-",
    "category": "structures_bliss",
    "modelType": "Config",
    "path": "dz/structures_bliss/roads/decals",
    "usableOnConsole": true,
    "searchTags": "",
    "image": "images/structures_bliss/roads/decals/staticobj_decal_oilstain3.jpg"
  },
  {
    "objectName": "StaticObj_Decal_oilstain4",
    "inGameName": "-",
    "category": "structures_bliss",
    "modelType": "Config",
    "path": "dz/structures_bliss/roads/decals",
    "usableOnConsole": true,
    "searchTags": "",
    "image": "images/structures_bliss/roads/decals/staticobj_decal_oilstain4.jpg"
  },
  {
    "objectName": "StaticObj_Decal_asphalt_fix1",
    "inGameName": "-",
    "category": "structures_bliss",
    "modelType": "Config",
    "path": "dz/structures_bliss/roads/decals",
    "usableOnConsole": true,
    "searchTags": "",
    "image": "images/structures_bliss/roads/decals/staticobj_decal_asphalt_fix1.jpg"
  },
  {
    "objectName": "StaticObj_Decal_asphalt_fix2",
    "inGameName": "-",
    "category": "structures_bliss",
    "modelType": "Config",
    "path": "dz/structures_bliss/roads/decals",
    "usableOnConsole": true,
    "searchTags": "",
    "image": "images/structures_bliss/roads/decals/staticobj_decal_asphalt_fix2.jpg"
  },
  {
    "objectName": "StaticObj_Decal_asphalt_fix3",
    "inGameName": "-",
    "category": "structures_bliss",
    "modelType": "Config",
    "path": "dz/structures_bliss/roads/decals",
    "usableOnConsole": true,
    "searchTags": "",
    "image": "images/structures_bliss/roads/decals/staticobj_decal_asphalt_fix3.jpg"
  },
  {
    "objectName": "StaticObj_Decal_asphalt_fix4",
    "inGameName": "-",
    "category": "structures_bliss",
    "modelType": "Config",
    "path": "dz/structures_bliss/roads/decals",
    "usableOnConsole": true,
    "searchTags": "",
    "image": "images/structures_bliss/roads/decals/staticobj_decal_asphalt_fix4.jpg"
  },
  {
    "objectName": "StaticObj_Decal_asphalt_fix5",
    "inGameName": "-",
    "category": "structures_bliss",
    "modelType": "Config",
    "path": "dz/structures_bliss/roads/decals",
    "usableOnConsole": true,
    "searchTags": "",
    "image": "images/structures_bliss/roads/decals/staticobj_decal_asphalt_fix5.jpg"
  },
  {
    "objectName": "StaticObj_Decal_asphalt_fix6",
    "inGameName": "-",
    "category": "structures_bliss",
    "modelType": "Config",
    "path": "dz/structures_bliss/roads/decals",
    "usableOnConsole": true,
    "searchTags": "",
    "image": "images/structures_bliss/roads/decals/staticobj_decal_asphalt_fix6.jpg"
  },
  {
    "objectName": "StaticObj_Decal_asphalt_patch01",
    "inGameName": "-",
    "category": "structures_bliss",
    "modelType": "Config",
    "path": "dz/structures_bliss/roads/decals",
    "usableOnConsole": true,
    "searchTags": "",
    "image": "images/structures_bliss/roads/decals/staticobj_decal_asphalt_patch01.jpg"
  },
  {
    "objectName": "StaticObj_Decal_asphalt_patch02",
    "inGameName": "-",
    "category": "structures_bliss",
    "modelType": "Config",
    "path": "dz/structures_bliss/roads/decals",
    "usableOnConsole": true,
    "searchTags": "",
    "image": "images/structures_bliss/roads/decals/staticobj_decal_asphalt_patch02.jpg"
  },
  {
    "objectName": "StaticObj_Decal_asphalt_patch03",
    "inGameName": "-",
    "category": "structures_bliss",
    "modelType": "Config",
    "path": "dz/structures_bliss/roads/decals",
    "usableOnConsole": true,
    "searchTags": "",
    "image": "images/structures_bliss/roads/decals/staticobj_decal_asphalt_patch03.jpg"
  },
  {
    "objectName": "StaticObj_Decal_asphalt_patch04",
    "inGameName": "-",
    "category": "structures_bliss",
    "modelType": "Config",
    "path": "dz/structures_bliss/roads/decals",
    "usableOnConsole": true,
    "searchTags": "",
    "image": "images/structures_bliss/roads/decals/staticobj_decal_asphalt_patch04.jpg"
  },
  {
    "objectName": "StaticObj_Decal_asphalt_patch05",
    "inGameName": "-",
    "category": "structures_bliss",
    "modelType": "Config",
    "path": "dz/structures_bliss/roads/decals",
    "usableOnConsole": true,
    "searchTags": "",
    "image": "images/structures_bliss/roads/decals/staticobj_decal_asphalt_patch05.jpg"
  },
  {
    "objectName": "StaticObj_Decal_asphalt_patch06",
    "inGameName": "-",
    "category": "structures_bliss",
    "modelType": "Config",
    "path": "dz/structures_bliss/roads/decals",
    "usableOnConsole": true,
    "searchTags": "",
    "image": "images/structures_bliss/roads/decals/staticobj_decal_asphalt_patch06.jpg"
  },
  {
    "objectName": "StaticObj_Decal_asphalt_patch07",
    "inGameName": "-",
    "category": "structures_bliss",
    "modelType": "Config",
    "path": "dz/structures_bliss/roads/decals",
    "usableOnConsole": true,
    "searchTags": "",
    "image": "images/structures_bliss/roads/decals/staticobj_decal_asphalt_patch07.jpg"
  },
  {
    "objectName": "StaticObj_Decal_asphalt_patch08",
    "inGameName": "-",
    "category": "structures_bliss",
    "modelType": "Config",
    "path": "dz/structures_bliss/roads/decals",
    "usableOnConsole": true,
    "searchTags": "",
    "image": "images/structures_bliss/roads/decals/staticobj_decal_asphalt_patch08.jpg"
  },
  {
    "objectName": "StaticObj_Decal_asphalt_patch09",
    "inGameName": "-",
    "category": "structures_bliss",
    "modelType": "Config",
    "path": "dz/structures_bliss/roads/decals",
    "usableOnConsole": true,
    "searchTags": "",
    "image": "images/structures_bliss/roads/decals/staticobj_decal_asphalt_patch09.jpg"
  },
  {
    "objectName": "StaticObj_Decal_asphalt_patch10",
    "inGameName": "-",
    "category": "structures_bliss",
    "modelType": "Config",
    "path": "dz/structures_bliss/roads/decals",
    "usableOnConsole": true,
    "searchTags": "",
    "image": "images/structures_bliss/roads/decals/staticobj_decal_asphalt_patch10.jpg"
  },
  {
    "objectName": "StaticObj_Decal_asphalt_patch11",
    "inGameName": "-",
    "category": "structures_bliss",
    "modelType": "Config",
    "path": "dz/structures_bliss/roads/decals",
    "usableOnConsole": true,
    "searchTags": "",
    "image": "images/structures_bliss/roads/decals/staticobj_decal_asphalt_patch11.jpg"
  },
  {
    "objectName": "StaticObj_Decal_asphalt_patch12",
    "inGameName": "-",
    "category": "structures_bliss",
    "modelType": "Config",
    "path": "dz/structures_bliss/roads/decals",
    "usableOnConsole": true,
    "searchTags": "",
    "image": "images/structures_bliss/roads/decals/staticobj_decal_asphalt_patch12.jpg"
  },
  {
    "objectName": "StaticObj_Decal_damage_long6",
    "inGameName": "-",
    "category": "structures_bliss",
    "modelType": "Config",
    "path": "dz/structures_bliss/roads/decals",
    "usableOnConsole": true,
    "searchTags": "",
    "image": "images/structures_bliss/roads/decals/staticobj_decal_damage_long6.jpg"
  },
  {
    "objectName": "StaticObj_Decal_damage_long7",
    "inGameName": "-",
    "category": "structures_bliss",
    "modelType": "Config",
    "path": "dz/structures_bliss/roads/decals",
    "usableOnConsole": true,
    "searchTags": "",
    "image": "images/structures_bliss/roads/decals/staticobj_decal_damage_long7.jpg"
  },
  {
    "objectName": "StaticObj_Decal_damage_long8",
    "inGameName": "-",
    "category": "structures_bliss",
    "modelType": "Config",
    "path": "dz/structures_bliss/roads/decals",
    "usableOnConsole": true,
    "searchTags": "",
    "image": "images/structures_bliss/roads/decals/staticobj_decal_damage_long8.jpg"
  },
  {
    "objectName": "StaticObj_Decal_damage_long9",
    "inGameName": "-",
    "category": "structures_bliss",
    "modelType": "Config",
    "path": "dz/structures_bliss/roads/decals",
    "usableOnConsole": true,
    "searchTags": "",
    "image": "images/structures_bliss/roads/decals/staticobj_decal_damage_long9.jpg"
  },
  {
    "objectName": "StaticObj_Decal_damage_long1",
    "inGameName": "-",
    "category": "structures_bliss",
    "modelType": "Config",
    "path": "dz/structures_bliss/roads/decals",
    "usableOnConsole": true,
    "searchTags": "decal, damage, crack, long, road, worn, tarmac, asphalt, broken",
    "image": "images/structures_bliss/roads/decals/staticobj_decal_damage_long1.jpg"
  },
  {
    "objectName": "StaticObj_Decal_damage_medium4",
    "inGameName": "-",
    "category": "structures_bliss",
    "modelType": "Config",
    "path": "dz/structures_bliss/roads/decals",
    "usableOnConsole": true,
    "searchTags": "",
    "image": "images/structures_bliss/roads/decals/staticobj_decal_damage_medium4.jpg"
  },
  {
    "objectName": "StaticObj_Decal_damage_medium5",
    "inGameName": "-",
    "category": "structures_bliss",
    "modelType": "Config",
    "path": "dz/structures_bliss/roads/decals",
    "usableOnConsole": true,
    "searchTags": "",
    "image": "images/structures_bliss/roads/decals/staticobj_decal_damage_medium5.jpg"
  },
  {
    "objectName": "StaticObj_Decal_damage_medium6",
    "inGameName": "-",
    "category": "structures_bliss",
    "modelType": "Config",
    "path": "dz/structures_bliss/roads/decals",
    "usableOnConsole": true,
    "searchTags": "",
    "image": "images/structures_bliss/roads/decals/staticobj_decal_damage_medium6.jpg"
  },
  {
    "objectName": "StaticObj_Decal_damage_medium7",
    "inGameName": "-",
    "category": "structures_bliss",
    "modelType": "Config",
    "path": "dz/structures_bliss/roads/decals",
    "usableOnConsole": true,
    "searchTags": "",
    "image": "images/structures_bliss/roads/decals/staticobj_decal_damage_medium7.jpg"
  },
  {
    "objectName": "StaticObj_Decal_damage_medium8",
    "inGameName": "-",
    "category": "structures_bliss",
    "modelType": "Config",
    "path": "dz/structures_bliss/roads/decals",
    "usableOnConsole": true,
    "searchTags": "",
    "image": "images/structures_bliss/roads/decals/staticobj_decal_damage_medium8.jpg"
  },
  {
    "objectName": "StaticObj_Decal_damage_medium9",
    "inGameName": "-",
    "category": "structures_bliss",
    "modelType": "Config",
    "path": "dz/structures_bliss/roads/decals",
    "usableOnConsole": true,
    "searchTags": "",
    "image": "images/structures_bliss/roads/decals/staticobj_decal_damage_medium9.jpg"
  },
  {
    "objectName": "StaticObj_Decal_damage_medium10",
    "inGameName": "-",
    "category": "structures_bliss",
    "modelType": "Config",
    "path": "dz/structures_bliss/roads/decals",
    "usableOnConsole": true,
    "searchTags": "",
    "image": "images/structures_bliss/roads/decals/staticobj_decal_damage_medium10.jpg"
  },
  {
    "objectName": "StaticObj_Decal_dirt_damage_long1",
    "inGameName": "-",
    "category": "structures_bliss",
    "modelType": "Config",
    "path": "dz/structures_bliss/roads/decals",
    "usableOnConsole": true,
    "searchTags": "",
    "image": "images/structures_bliss/roads/decals/staticobj_decal_dirt_damage_long1.jpg"
  },
  {
    "objectName": "StaticObj_Decal_dirt_damage_long2",
    "inGameName": "-",
    "category": "structures_bliss",
    "modelType": "Config",
    "path": "dz/structures_bliss/roads/decals",
    "usableOnConsole": true,
    "searchTags": "",
    "image": "images/structures_bliss/roads/decals/staticobj_decal_dirt_damage_long2.jpg"
  },
  {
    "objectName": "StaticObj_Decal_dirt_damage_long3",
    "inGameName": "-",
    "category": "structures_bliss",
    "modelType": "Config",
    "path": "dz/structures_bliss/roads/decals",
    "usableOnConsole": true,
    "searchTags": "",
    "image": "images/structures_bliss/roads/decals/staticobj_decal_dirt_damage_long3.jpg"
  },
  {
    "objectName": "StaticObj_Decal_dirt_rocks1",
    "inGameName": "-",
    "category": "structures_bliss",
    "modelType": "Config",
    "path": "dz/structures_bliss/roads/decals",
    "usableOnConsole": true,
    "searchTags": "",
    "image": "images/structures_bliss/roads/decals/staticobj_decal_dirt_rocks1.jpg"
  },
  {
    "objectName": "StaticObj_Decal_dirt_rocks2",
    "inGameName": "-",
    "category": "structures_bliss",
    "modelType": "Config",
    "path": "dz/structures_bliss/roads/decals",
    "usableOnConsole": true,
    "searchTags": "",
    "image": "images/structures_bliss/roads/decals/staticobj_decal_dirt_rocks2.jpg"
  },
  {
    "objectName": "StaticObj_Decal_oilstain1",
    "inGameName": "-",
    "category": "structures_bliss",
    "modelType": "Config",
    "path": "dz/structures_bliss/roads/decals",
    "usableOnConsole": true,
    "searchTags": "",
    "image": "images/structures_bliss/roads/decals/staticobj_decal_oilstain1.jpg"
  },
  {
    "objectName": "decal_asphalt_fix1.p3d",
    "inGameName": "-",
    "category": "structures_bliss",
    "modelType": "Raw P3D",
    "path": "dz/structures_bliss/roads/decals",
    "usableOnConsole": false,
    "searchTags": "",
    "image": "images/structures_bliss/roads/decals/decal_asphalt_fix1.jpg"
  },
  {
    "objectName": "decal_asphalt_fix2.p3d",
    "inGameName": "-",
    "category": "structures_bliss",
    "modelType": "Raw P3D",
    "path": "dz/structures_bliss/roads/decals",
    "usableOnConsole": false,
    "searchTags": "",
    "image": "images/structures_bliss/roads/decals/decal_asphalt_fix2.jpg"
  },
  {
    "objectName": "decal_asphalt_fix3.p3d",
    "inGameName": "-",
    "category": "structures_bliss",
    "modelType": "Raw P3D",
    "path": "dz/structures_bliss/roads/decals",
    "usableOnConsole": false,
    "searchTags": "",
    "image": "images/structures_bliss/roads/decals/decal_asphalt_fix3.jpg"
  },
  {
    "objectName": "decal_asphalt_fix4.p3d",
    "inGameName": "-",
    "category": "structures_bliss",
    "modelType": "Raw P3D",
    "path": "dz/structures_bliss/roads/decals",
    "usableOnConsole": false,
    "searchTags": "",
    "image": "images/structures_bliss/roads/decals/decal_asphalt_fix4.jpg"
  },
  {
    "objectName": "decal_asphalt_fix5.p3d",
    "inGameName": "-",
    "category": "structures_bliss",
    "modelType": "Raw P3D",
    "path": "dz/structures_bliss/roads/decals",
    "usableOnConsole": false,
    "searchTags": "",
    "image": "images/structures_bliss/roads/decals/decal_asphalt_fix5.jpg"
  },
  {
    "objectName": "decal_asphalt_fix6.p3d",
    "inGameName": "-",
    "category": "structures_bliss",
    "modelType": "Raw P3D",
    "path": "dz/structures_bliss/roads/decals",
    "usableOnConsole": false,
    "searchTags": "",
    "image": "images/structures_bliss/roads/decals/decal_asphalt_fix6.jpg"
  },
  {
    "objectName": "decal_asphalt_patch01.p3d",
    "inGameName": "-",
    "category": "structures_bliss",
    "modelType": "Raw P3D",
    "path": "dz/structures_bliss/roads/decals",
    "usableOnConsole": false,
    "searchTags": "",
    "image": "images/structures_bliss/roads/decals/decal_asphalt_patch01.jpg"
  },
  {
    "objectName": "decal_asphalt_patch02.p3d",
    "inGameName": "-",
    "category": "structures_bliss",
    "modelType": "Raw P3D",
    "path": "dz/structures_bliss/roads/decals",
    "usableOnConsole": false,
    "searchTags": "",
    "image": "images/structures_bliss/roads/decals/decal_asphalt_patch02.jpg"
  },
  {
    "objectName": "decal_asphalt_patch03.p3d",
    "inGameName": "-",
    "category": "structures_bliss",
    "modelType": "Raw P3D",
    "path": "dz/structures_bliss/roads/decals",
    "usableOnConsole": false,
    "searchTags": "",
    "image": "images/structures_bliss/roads/decals/decal_asphalt_patch03.jpg"
  },
  {
    "objectName": "decal_asphalt_patch04.p3d",
    "inGameName": "-",
    "category": "structures_bliss",
    "modelType": "Raw P3D",
    "path": "dz/structures_bliss/roads/decals",
    "usableOnConsole": false,
    "searchTags": "",
    "image": "images/structures_bliss/roads/decals/decal_asphalt_patch04.jpg"
  },
  {
    "objectName": "decal_asphalt_patch05.p3d",
    "inGameName": "-",
    "category": "structures_bliss",
    "modelType": "Raw P3D",
    "path": "dz/structures_bliss/roads/decals",
    "usableOnConsole": false,
    "searchTags": "",
    "image": "images/structures_bliss/roads/decals/decal_asphalt_patch05.jpg"
  },
  {
    "objectName": "decal_asphalt_patch06.p3d",
    "inGameName": "-",
    "category": "structures_bliss",
    "modelType": "Raw P3D",
    "path": "dz/structures_bliss/roads/decals",
    "usableOnConsole": false,
    "searchTags": "",
    "image": "images/structures_bliss/roads/decals/decal_asphalt_patch06.jpg"
  },
  {
    "objectName": "decal_asphalt_patch07.p3d",
    "inGameName": "-",
    "category": "structures_bliss",
    "modelType": "Raw P3D",
    "path": "dz/structures_bliss/roads/decals",
    "usableOnConsole": false,
    "searchTags": "",
    "image": "images/structures_bliss/roads/decals/decal_asphalt_patch07.jpg"
  },
  {
    "objectName": "decal_asphalt_patch08.p3d",
    "inGameName": "-",
    "category": "structures_bliss",
    "modelType": "Raw P3D",
    "path": "dz/structures_bliss/roads/decals",
    "usableOnConsole": false,
    "searchTags": "",
    "image": "images/structures_bliss/roads/decals/decal_asphalt_patch08.jpg"
  },
  {
    "objectName": "decal_asphalt_patch09.p3d",
    "inGameName": "-",
    "category": "structures_bliss",
    "modelType": "Raw P3D",
    "path": "dz/structures_bliss/roads/decals",
    "usableOnConsole": false,
    "searchTags": "",
    "image": "images/structures_bliss/roads/decals/decal_asphalt_patch09.jpg"
  },
  {
    "objectName": "decal_asphalt_patch10.p3d",
    "inGameName": "-",
    "category": "structures_bliss",
    "modelType": "Raw P3D",
    "path": "dz/structures_bliss/roads/decals",
    "usableOnConsole": false,
    "searchTags": "",
    "image": "images/structures_bliss/roads/decals/decal_asphalt_patch10.jpg"
  },
  {
    "objectName": "decal_asphalt_patch11.p3d",
    "inGameName": "-",
    "category": "structures_bliss",
    "modelType": "Raw P3D",
    "path": "dz/structures_bliss/roads/decals",
    "usableOnConsole": false,
    "searchTags": "",
    "image": "images/structures_bliss/roads/decals/decal_asphalt_patch11.jpg"
  },
  {
    "objectName": "decal_asphalt_patch12.p3d",
    "inGameName": "-",
    "category": "structures_bliss",
    "modelType": "Raw P3D",
    "path": "dz/structures_bliss/roads/decals",
    "usableOnConsole": false,
    "searchTags": "",
    "image": "images/structures_bliss/roads/decals/decal_asphalt_patch12.jpg"
  },
  {
    "objectName": "decal_damage_long10.p3d",
    "inGameName": "-",
    "category": "structures_bliss",
    "modelType": "Raw P3D",
    "path": "dz/structures_bliss/roads/decals",
    "usableOnConsole": false,
    "searchTags": "",
    "image": "images/structures_bliss/roads/decals/decal_damage_long10.jpg"
  },
  {
    "objectName": "decal_damage_long6.p3d",
    "inGameName": "-",
    "category": "structures_bliss",
    "modelType": "Raw P3D",
    "path": "dz/structures_bliss/roads/decals",
    "usableOnConsole": false,
    "searchTags": "",
    "image": "images/structures_bliss/roads/decals/decal_damage_long6.jpg"
  },
  {
    "objectName": "decal_damage_long7.p3d",
    "inGameName": "-",
    "category": "structures_bliss",
    "modelType": "Raw P3D",
    "path": "dz/structures_bliss/roads/decals",
    "usableOnConsole": false,
    "searchTags": "",
    "image": "images/structures_bliss/roads/decals/decal_damage_long7.jpg"
  },
  {
    "objectName": "decal_damage_long8.p3d",
    "inGameName": "-",
    "category": "structures_bliss",
    "modelType": "Raw P3D",
    "path": "dz/structures_bliss/roads/decals",
    "usableOnConsole": false,
    "searchTags": "",
    "image": "images/structures_bliss/roads/decals/decal_damage_long8.jpg"
  },
  {
    "objectName": "decal_damage_long9.p3d",
    "inGameName": "-",
    "category": "structures_bliss",
    "modelType": "Raw P3D",
    "path": "dz/structures_bliss/roads/decals",
    "usableOnConsole": false,
    "searchTags": "",
    "image": "images/structures_bliss/roads/decals/decal_damage_long9.jpg"
  },
  {
    "objectName": "decal_damage_medium10.p3d",
    "inGameName": "-",
    "category": "structures_bliss",
    "modelType": "Raw P3D",
    "path": "dz/structures_bliss/roads/decals",
    "usableOnConsole": false,
    "searchTags": "",
    "image": "images/structures_bliss/roads/decals/decal_damage_medium10.jpg"
  },
  {
    "objectName": "decal_damage_medium4.p3d",
    "inGameName": "-",
    "category": "structures_bliss",
    "modelType": "Raw P3D",
    "path": "dz/structures_bliss/roads/decals",
    "usableOnConsole": false,
    "searchTags": "",
    "image": "images/structures_bliss/roads/decals/decal_damage_medium4.jpg"
  },
  {
    "objectName": "decal_damage_medium5.p3d",
    "inGameName": "-",
    "category": "structures_bliss",
    "modelType": "Raw P3D",
    "path": "dz/structures_bliss/roads/decals",
    "usableOnConsole": false,
    "searchTags": "",
    "image": "images/structures_bliss/roads/decals/decal_damage_medium5.jpg"
  },
  {
    "objectName": "decal_damage_medium6.p3d",
    "inGameName": "-",
    "category": "structures_bliss",
    "modelType": "Raw P3D",
    "path": "dz/structures_bliss/roads/decals",
    "usableOnConsole": false,
    "searchTags": "",
    "image": "images/structures_bliss/roads/decals/decal_damage_medium6.jpg"
  },
  {
    "objectName": "decal_damage_medium7.p3d",
    "inGameName": "-",
    "category": "structures_bliss",
    "modelType": "Raw P3D",
    "path": "dz/structures_bliss/roads/decals",
    "usableOnConsole": false,
    "searchTags": "",
    "image": "images/structures_bliss/roads/decals/decal_damage_medium7.jpg"
  },
  {
    "objectName": "decal_damage_medium8.p3d",
    "inGameName": "-",
    "category": "structures_bliss",
    "modelType": "Raw P3D",
    "path": "dz/structures_bliss/roads/decals",
    "usableOnConsole": false,
    "searchTags": "",
    "image": "images/structures_bliss/roads/decals/decal_damage_medium8.jpg"
  },
  {
    "objectName": "decal_damage_medium9.p3d",
    "inGameName": "-",
    "category": "structures_bliss",
    "modelType": "Raw P3D",
    "path": "dz/structures_bliss/roads/decals",
    "usableOnConsole": false,
    "searchTags": "",
    "image": "images/structures_bliss/roads/decals/decal_damage_medium9.jpg"
  },
  {
    "objectName": "decal_dirt_damage_long1.p3d",
    "inGameName": "-",
    "category": "structures_bliss",
    "modelType": "Raw P3D",
    "path": "dz/structures_bliss/roads/decals",
    "usableOnConsole": false,
    "searchTags": "",
    "image": "images/structures_bliss/roads/decals/decal_dirt_damage_long1.jpg"
  },
  {
    "objectName": "decal_dirt_damage_long2.p3d",
    "inGameName": "-",
    "category": "structures_bliss",
    "modelType": "Raw P3D",
    "path": "dz/structures_bliss/roads/decals",
    "usableOnConsole": false,
    "searchTags": "",
    "image": "images/structures_bliss/roads/decals/decal_dirt_damage_long2.jpg"
  },
  {
    "objectName": "decal_dirt_damage_long3.p3d",
    "inGameName": "-",
    "category": "structures_bliss",
    "modelType": "Raw P3D",
    "path": "dz/structures_bliss/roads/decals",
    "usableOnConsole": false,
    "searchTags": "",
    "image": "images/structures_bliss/roads/decals/decal_dirt_damage_long3.jpg"
  },
  {
    "objectName": "decal_dirt_rocks1.p3d",
    "inGameName": "-",
    "category": "structures_bliss",
    "modelType": "Raw P3D",
    "path": "dz/structures_bliss/roads/decals",
    "usableOnConsole": false,
    "searchTags": "",
    "image": "images/structures_bliss/roads/decals/decal_dirt_rocks1.jpg"
  },
  {
    "objectName": "decal_dirt_rocks2.p3d",
    "inGameName": "-",
    "category": "structures_bliss",
    "modelType": "Raw P3D",
    "path": "dz/structures_bliss/roads/decals",
    "usableOnConsole": false,
    "searchTags": "",
    "image": "images/structures_bliss/roads/decals/decal_dirt_rocks2.jpg"
  },
  {
    "objectName": "decal_oilstain1.p3d",
    "inGameName": "-",
    "category": "structures_bliss",
    "modelType": "Raw P3D",
    "path": "dz/structures_bliss/roads/decals",
    "usableOnConsole": false,
    "searchTags": "",
    "image": "images/structures_bliss/roads/decals/decal_oilstain1.jpg"
  },
  {
    "objectName": "decal_oilstain2.p3d",
    "inGameName": "-",
    "category": "structures_bliss",
    "modelType": "Raw P3D",
    "path": "dz/structures_bliss/roads/decals",
    "usableOnConsole": false,
    "searchTags": "",
    "image": "images/structures_bliss/roads/decals/decal_oilstain2.jpg"
  },
  {
    "objectName": "decal_oilstain3.p3d",
    "inGameName": "-",
    "category": "structures_bliss",
    "modelType": "Raw P3D",
    "path": "dz/structures_bliss/roads/decals",
    "usableOnConsole": false,
    "searchTags": "",
    "image": "images/structures_bliss/roads/decals/decal_oilstain3.jpg"
  },
  {
    "objectName": "decal_oilstain4.p3d",
    "inGameName": "-",
    "category": "structures_bliss",
    "modelType": "Raw P3D",
    "path": "dz/structures_bliss/roads/decals",
    "usableOnConsole": false,
    "searchTags": "",
    "image": "images/structures_bliss/roads/decals/decal_oilstain4.jpg"
  }
]
