[
  {
    "objectName": "sakhal_50x50_ice_lake.p3d",
    "inGameName": "-",
    "category": "water_sakhal",
    "modelType": "Raw P3D",
    "path": "dz/water_sakhal/ice_lake",
    "usableOnConsole": false,
    "searchTags": "",
    "image": "images/water_sakhal/ice_lake/sakhal_50x50_ice_lake.p3d.jpg"
  },
  {
    "objectName": "sakhal_50x50_ice_lake_clear.p3d",
    "inGameName": "-",
    "category": "water_sakhal",
    "modelType": "Raw P3D",
    "path": "dz/water_sakhal/ice_lake",
    "usableOnConsole": false,
    "searchTags": "",
    "image": "images/water_sakhal/ice_lake/sakhal_50x50_ice_lake_clear.p3d.jpg"
  },
  {
    "objectName": "sakhal_50x50_ice_underlayer.p3d",
    "inGameName": "-",
    "category": "water_sakhal",
    "modelType": "Raw P3D",
    "path": "dz/water_sakhal/ice_lake",
    "usableOnConsole": false,
    "searchTags": "",
    "image": "images/water_sakhal/ice_lake/sakhal_50x50_ice_underlayer.p3d.jpg"
  }
]