[
  {
    "objectName": "StaticObj_Furniture_kitchen_chair_a",
    "inGameName": "-",
    "category": "structures",
    "modelType": "Config",
    "path": "dz/structures/furniture/chairs/kitchen_chair_a",
    "usableOnConsole": true,
    "searchTags": "chairs, cooking, interior, seat",
    "image": "images/structures/furniture/chairs/kitchen_chair_a/staticobj_furniture_kitchen_chair_a.jpg",
    "id": "dzobj_u4lk0jv7s8"
  },
  {
    "objectName": "kitchen_chair_a.p3d",
    "inGameName": "-",
    "category": "structures",
    "modelType": "Raw P3D",
    "path": "dz/structures/furniture/chairs/kitchen_chair_a",
    "usableOnConsole": false,
    "searchTags": "chairs, cooking, furniture, interior, seat",
    "image": "images/structures/furniture/chairs/kitchen_chair_a/kitchen_chair_a.p3d.jpg",
    "id": "dzobj_0sr6emuxq9"
  }
]
