[
  {
    "objectName": "StaticObj_Furniture_carpet_big",
    "inGameName": "-",
    "category": "structures",
    "modelType": "Config",
    "path": "dz/structures/furniture/decoration/carpet_big",
    "usableOnConsole": true,
    "searchTags": "decoration",
    "image": "images/structures/furniture/decoration/carpet_big/staticobj_furniture_carpet_big.jpg"
  },
  {
    "objectName": "carpet_big.p3d",
    "inGameName": "-",
    "category": "structures",
    "modelType": "Raw P3D",
    "path": "dz/structures/furniture/decoration/carpet_big",
    "usableOnConsole": false,
    "searchTags": "decoration, furniture",
    "image": "images/structures/furniture/decoration/carpet_big/carpet_big.p3d.jpg"
  },
  {
    "objectName": "carpet_big_washedout.p3d",
    "inGameName": "-",
    "category": "structures",
    "modelType": "Raw P3D",
    "path": "dz/structures/furniture/decoration/carpet_big",
    "usableOnConsole": false,
    "searchTags": "decoration, furniture",
    "image": "images/structures/furniture/decoration/carpet_big/carpet_big_washedout.p3d.jpg"
  }
]
