[
  {
    "objectName": "StaticObj_Mine_Conveyer1_10",
    "inGameName": "-",
    "category": "structures",
    "modelType": "Config",
    "path": "dz/structures/industrial/mines",
    "usableOnConsole": true,
    "searchTags": "conveyer belt, industrial, factory, metal, small",
    "image": "images/structures/industrial/mines/staticobj_mine_conveyer1_10.jpg"
  },
  {
    "objectName": "StaticObj_Mine_Conveyer1_Begin",
    "inGameName": "-",
    "category": "structures",
    "modelType": "Config",
    "path": "dz/structures/industrial/mines",
    "usableOnConsole": true,
    "searchTags": "conveyer belt, industrial, factory, metal, small",
    "image": "images/structures/industrial/mines/staticobj_mine_conveyer1_begin.jpg"
  },
  {
    "objectName": "StaticObj_Mine_Conveyer1_EndBuild",
    "inGameName": "-",
    "category": "structures",
    "modelType": "Config",
    "path": "dz/structures/industrial/mines",
    "usableOnConsole": true,
    "searchTags": "industrial, factory, brick, small",
    "image": "images/structures/industrial/mines/staticobj_mine_conveyer1_endbuild.jpg"
  },
  {
    "objectName": "StaticObj_Mine_Conveyer2_Build",
    "inGameName": "-",
    "category": "structures",
    "modelType": "Config",
    "path": "dz/structures/industrial/mines",
    "usableOnConsole": true,
    "searchTags": "conveyer belt, industrial, factory, metal, large",
    "image": "images/structures/industrial/mines/staticobj_mine_conveyer2_build.jpg"
  },
  {
    "objectName": "StaticObj_Mine_Heap",
    "inGameName": "-",
    "category": "structures",
    "modelType": "Config",
    "path": "dz/structures/industrial/mines",
    "usableOnConsole": true,
    "searchTags": "rubble, rocks, stone, pile, dirt, debris, large",
    "image": "images/structures/industrial/mines/staticobj_mine_heap.jpg"
  },
  {
    "objectName": "StaticObj_Mine_Hopper_Build",
    "inGameName": "-",
    "category": "structures",
    "modelType": "Config",
    "path": "dz/structures/industrial/mines",
    "usableOnConsole": true,
    "searchTags": "conveyer belt, industrial, factory, metal, large",
    "image": "images/structures/industrial/mines/staticobj_mine_hopper_build.jpg"
  },
  {
    "objectName": "StaticObj_Mine_Hopper_Build_nolc",
    "inGameName": "-",
    "category": "structures",
    "modelType": "Config",
    "path": "dz/structures/industrial/mines",
    "usableOnConsole": true,
    "searchTags": "conveyer belt, industrial, factory, metal, large, no_land_contact",
    "image": "images/structures/industrial/mines/staticobj_mine_hopper_build_nolc.jpg"
  },
  {
    "objectName": "StaticObj_Mine_Rail",
    "inGameName": "-",
    "category": "structures",
    "modelType": "Config",
    "path": "dz/structures/industrial/mines",
    "usableOnConsole": true,
    "searchTags": "mine_cart, track, straight, single, industrial",
    "image": "images/structures/industrial/mines/staticobj_mine_rail.jpg"
  },
  {
    "objectName": "StaticObj_Mine_Rail_End",
    "inGameName": "-",
    "category": "structures",
    "modelType": "Config",
    "path": "dz/structures/industrial/mines",
    "usableOnConsole": true,
    "searchTags": "mine_cart, track, stop, buffer",
    "image": "images/structures/industrial/mines/staticobj_mine_rail_end.jpg"
  },
  {
    "objectName": "StaticObj_Mine_Rail_Switch",
    "inGameName": "-",
    "category": "structures",
    "modelType": "Config",
    "path": "dz/structures/industrial/mines",
    "usableOnConsole": true,
    "searchTags": "mine_cart, track, siding, split",
    "image": "images/structures/industrial/mines/staticobj_mine_rail_switch.jpg"
  },
  {
    "objectName": "StaticObj_Mine_Rail_Tram",
    "inGameName": "-",
    "category": "structures",
    "modelType": "Config",
    "path": "dz/structures/industrial/mines",
    "usableOnConsole": true,
    "searchTags": "mine_cart, cart, track, industrial",
    "image": "images/structures/industrial/mines/staticobj_mine_rail_tram.jpg"
  },
  {
    "objectName": "StaticObj_Mine_Tunnel",
    "inGameName": "-",
    "category": "structures",
    "modelType": "Config",
    "path": "dz/structures/industrial/mines",
    "usableOnConsole": true,
    "searchTags": "underground, entrance, inaccessible, mine_cart, industrial",
    "image": "images/structures/industrial/mines/staticobj_mine_tunnel.jpg"
  },
  {
    "objectName": "mine_conveyer1_10.p3d",
    "inGameName": "-",
    "category": "structures",
    "modelType": "Raw P3D",
    "path": "dz/structures/industrial/mines",
    "usableOnConsole": false,
    "searchTags": "conveyer belt, industrial, factory, metal, small",
    "image": "images/structures/industrial/mines/staticobj_mine_conveyer1_10.jpg"
  },
  {
    "objectName": "mine_conveyer1_begin.p3d",
    "inGameName": "-",
    "category": "structures",
    "modelType": "Raw P3D",
    "path": "dz/structures/industrial/mines",
    "usableOnConsole": false,
    "searchTags": "conveyer belt, industrial, factory, metal, small",
    "image": "images/structures/industrial/mines/staticobj_mine_conveyer1_begin.jpg"
  },
  {
    "objectName": "mine_conveyer1_endbuild.p3d",
    "inGameName": "-",
    "category": "structures",
    "modelType": "Raw P3D",
    "path": "dz/structures/industrial/mines",
    "usableOnConsole": false,
    "searchTags": "industrial, factory, brick, small",
    "image": "images/structures/industrial/mines/staticobj_mine_conveyer1_endbuild.jpg"
  },
  {
    "objectName": "mine_conveyer2_build.p3d",
    "inGameName": "-",
    "category": "structures",
    "modelType": "Raw P3D",
    "path": "dz/structures/industrial/mines",
    "usableOnConsole": false,
    "searchTags": "conveyer belt, industrial, factory, metal, large",
    "image": "images/structures/industrial/mines/staticobj_mine_conveyer2_build.jpg"
  },
  {
    "objectName": "mine_heap.p3d",
    "inGameName": "-",
    "category": "structures",
    "modelType": "Raw P3D",
    "path": "dz/structures/industrial/mines",
    "usableOnConsole": false,
    "searchTags": "rubble, rocks, stone, pile, dirt, debris, large",
    "image": "images/structures/industrial/mines/staticobj_mine_heap.jpg"
  },
  {
    "objectName": "mine_hopper_build.p3d",
    "inGameName": "-",
    "category": "structures",
    "modelType": "Raw P3D",
    "path": "dz/structures/industrial/mines",
    "usableOnConsole": false,
    "searchTags": "conveyer belt, industrial, factory, metal, large",
    "image": "images/structures/industrial/mines/staticobj_mine_hopper_build.jpg"
  },
  {
    "objectName": "mine_hopper_build_nolc.p3d",
    "inGameName": "-",
    "category": "structures",
    "modelType": "Raw P3D",
    "path": "dz/structures/industrial/mines",
    "usableOnConsole": false,
    "searchTags": "conveyer belt, industrial, factory, metal, large, no_land_contact",
    "image": "images/structures/industrial/mines/staticobj_mine_hopper_build_nolc.jpg"
  },
  {
    "objectName": "mine_rail.p3d",
    "inGameName": "-",
    "category": "structures",
    "modelType": "Raw P3D",
    "path": "dz/structures/industrial/mines",
    "usableOnConsole": false,
    "searchTags": "mine_cart, track, straight, single, industrial",
    "image": "images/structures/industrial/mines/staticobj_mine_rail.jpg"
  },
  {
    "objectName": "mine_rail_end.p3d",
    "inGameName": "-",
    "category": "structures",
    "modelType": "Raw P3D",
    "path": "dz/structures/industrial/mines",
    "usableOnConsole": false,
    "searchTags": "mine_cart, track, stop, buffer",
    "image": "images/structures/industrial/mines/staticobj_mine_rail_end.jpg"
  },
  {
    "objectName": "mine_rail_switch.p3d",
    "inGameName": "-",
    "category": "structures",
    "modelType": "Raw P3D",
    "path": "dz/structures/industrial/mines",
    "usableOnConsole": false,
    "searchTags": "mine_cart, track, siding, split",
    "image": "images/structures/industrial/mines/staticobj_mine_rail_switch.jpg"
  },
  {
    "objectName": "mine_rail_tram.p3d",
    "inGameName": "-",
    "category": "structures",
    "modelType": "Raw P3D",
    "path": "dz/structures/industrial/mines",
    "usableOnConsole": false,
    "searchTags": "mine_cart, cart, track, industrial",
    "image": "images/structures/industrial/mines/staticobj_mine_rail_tram.jpg"
  },
  {
    "objectName": "mine_tunnel.p3d",
    "inGameName": "-",
    "category": "structures",
    "modelType": "Raw P3D",
    "path": "dz/structures/industrial/mines",
    "usableOnConsole": false,
    "searchTags": "underground, entrance, inaccessible, mine_cart, industrial",
    "image": "images/structures/industrial/mines/staticobj_mine_tunnel.jpg"
  },
  {
    "objectName": "Land_Mine_Building",
    "category": "structures",
    "modelType": "Config",
    "path": "dz/structures/industrial/mines",
    "usableOnConsole": true,
    "searchTags": "industrial, brick, large, roof, ladder, factory",
    "image": "images/structures/industrial/mines/land_mine_building.jpg"
  },
  {
    "objectName": "mine_building.p3d",
    "category": "structures",
    "modelType": "Raw P3D",
    "path": "dz/structures/industrial/mines",
    "usableOnConsole": false,
    "searchTags": "industrial, brick, large, roof, ladder, factory",
    "image": "images/structures/industrial/mines/land_mine_building.jpg"
  }
]
