[
  {
    "objectName": "StaticObj_Mine_Conveyer1_10",
    "inGameName": "-",
    "category": "structures",
    "modelType": "Config",
    "path": "dz/structures/industrial/mines",
    "usableOnConsole": true,
    "searchTags": "conveyer belt, industrial, factory, metal, small",
    "image": "images/structures/industrial/mines/staticobj_mine_conveyer1_10.jpg",
    "id": "dzobj_yhljkwk68y"
  },
  {
    "objectName": "StaticObj_Mine_Conveyer1_Begin",
    "inGameName": "-",
    "category": "structures",
    "modelType": "Config",
    "path": "dz/structures/industrial/mines",
    "usableOnConsole": true,
    "searchTags": "conveyer belt, industrial, factory, metal, small",
    "image": "images/structures/industrial/mines/staticobj_mine_conveyer1_begin.jpg",
    "id": "dzobj_rylpm43m6i"
  },
  {
    "objectName": "StaticObj_Mine_Conveyer1_EndBuild",
    "inGameName": "-",
    "category": "structures",
    "modelType": "Config",
    "path": "dz/structures/industrial/mines",
    "usableOnConsole": true,
    "searchTags": "industrial, factory, brick, small",
    "image": "images/structures/industrial/mines/staticobj_mine_conveyer1_endbuild.jpg",
    "id": "dzobj_pboj6n4p7s"
  },
  {
    "objectName": "StaticObj_Mine_Conveyer2_Build",
    "inGameName": "-",
    "category": "structures",
    "modelType": "Config",
    "path": "dz/structures/industrial/mines",
    "usableOnConsole": true,
    "searchTags": "conveyer belt, industrial, factory, metal, large",
    "image": "images/structures/industrial/mines/staticobj_mine_conveyer2_build.jpg",
    "id": "dzobj_cm2ifzfu7c"
  },
  {
    "objectName": "StaticObj_Mine_Heap",
    "inGameName": "-",
    "category": "structures",
    "modelType": "Config",
    "path": "dz/structures/industrial/mines",
    "usableOnConsole": true,
    "searchTags": "rubble, rocks, stone, pile, dirt, debris, large",
    "image": "images/structures/industrial/mines/staticobj_mine_heap.jpg",
    "id": "dzobj_jp2ao033qc"
  },
  {
    "objectName": "StaticObj_Mine_Hopper_Build",
    "inGameName": "-",
    "category": "structures",
    "modelType": "Config",
    "path": "dz/structures/industrial/mines",
    "usableOnConsole": true,
    "searchTags": "conveyer belt, industrial, factory, metal, large",
    "image": "images/structures/industrial/mines/staticobj_mine_hopper_build.jpg",
    "id": "dzobj_azkkuan01f"
  },
  {
    "objectName": "StaticObj_Mine_Hopper_Build_nolc",
    "inGameName": "-",
    "category": "structures",
    "modelType": "Config",
    "path": "dz/structures/industrial/mines",
    "usableOnConsole": true,
    "searchTags": "conveyer belt, industrial, factory, metal, large, no_land_contact",
    "image": "images/structures/industrial/mines/staticobj_mine_hopper_build_nolc.jpg",
    "id": "dzobj_thlbl9fy5c"
  },
  {
    "objectName": "StaticObj_Mine_Rail",
    "inGameName": "-",
    "category": "structures",
    "modelType": "Config",
    "path": "dz/structures/industrial/mines",
    "usableOnConsole": true,
    "searchTags": "mine_cart, track, straight, single, industrial",
    "image": "images/structures/industrial/mines/staticobj_mine_rail.jpg",
    "id": "dzobj_riiuuxd26b"
  },
  {
    "objectName": "StaticObj_Mine_Rail_End",
    "inGameName": "-",
    "category": "structures",
    "modelType": "Config",
    "path": "dz/structures/industrial/mines",
    "usableOnConsole": true,
    "searchTags": "mine_cart, track, stop, buffer",
    "image": "images/structures/industrial/mines/staticobj_mine_rail_end.jpg",
    "id": "dzobj_6uv935zla3"
  },
  {
    "objectName": "StaticObj_Mine_Rail_Switch",
    "inGameName": "-",
    "category": "structures",
    "modelType": "Config",
    "path": "dz/structures/industrial/mines",
    "usableOnConsole": true,
    "searchTags": "mine_cart, track, siding, split",
    "image": "images/structures/industrial/mines/staticobj_mine_rail_switch.jpg",
    "id": "dzobj_c30x6637zj"
  },
  {
    "objectName": "StaticObj_Mine_Rail_Tram",
    "inGameName": "-",
    "category": "structures",
    "modelType": "Config",
    "path": "dz/structures/industrial/mines",
    "usableOnConsole": true,
    "searchTags": "mine_cart, cart, track, industrial",
    "image": "images/structures/industrial/mines/staticobj_mine_rail_tram.jpg",
    "id": "dzobj_f6j0mldhq7"
  },
  {
    "objectName": "StaticObj_Mine_Tunnel",
    "inGameName": "-",
    "category": "structures",
    "modelType": "Config",
    "path": "dz/structures/industrial/mines",
    "usableOnConsole": true,
    "searchTags": "underground, entrance, inaccessible, mine_cart, industrial",
    "image": "images/structures/industrial/mines/staticobj_mine_tunnel.jpg",
    "id": "dzobj_4goit5h9xu"
  },
  {
    "objectName": "mine_conveyer1_10.p3d",
    "inGameName": "-",
    "category": "structures",
    "modelType": "Raw P3D",
    "path": "dz/structures/industrial/mines",
    "usableOnConsole": false,
    "searchTags": "conveyer belt, industrial, factory, metal, small",
    "image": "images/structures/industrial/mines/staticobj_mine_conveyer1_10.jpg",
    "id": "dzobj_ennmy1trd0"
  },
  {
    "objectName": "mine_conveyer1_begin.p3d",
    "inGameName": "-",
    "category": "structures",
    "modelType": "Raw P3D",
    "path": "dz/structures/industrial/mines",
    "usableOnConsole": false,
    "searchTags": "conveyer belt, industrial, factory, metal, small",
    "image": "images/structures/industrial/mines/staticobj_mine_conveyer1_begin.jpg",
    "id": "dzobj_hvckceods6"
  },
  {
    "objectName": "mine_conveyer1_endbuild.p3d",
    "inGameName": "-",
    "category": "structures",
    "modelType": "Raw P3D",
    "path": "dz/structures/industrial/mines",
    "usableOnConsole": false,
    "searchTags": "industrial, factory, brick, small",
    "image": "images/structures/industrial/mines/staticobj_mine_conveyer1_endbuild.jpg",
    "id": "dzobj_m70enq6m7b"
  },
  {
    "objectName": "mine_conveyer2_build.p3d",
    "inGameName": "-",
    "category": "structures",
    "modelType": "Raw P3D",
    "path": "dz/structures/industrial/mines",
    "usableOnConsole": false,
    "searchTags": "conveyer belt, industrial, factory, metal, large",
    "image": "images/structures/industrial/mines/staticobj_mine_conveyer2_build.jpg",
    "id": "dzobj_6n7o5hfje9"
  },
  {
    "objectName": "mine_heap.p3d",
    "inGameName": "-",
    "category": "structures",
    "modelType": "Raw P3D",
    "path": "dz/structures/industrial/mines",
    "usableOnConsole": false,
    "searchTags": "rubble, rocks, stone, pile, dirt, debris, large",
    "image": "images/structures/industrial/mines/staticobj_mine_heap.jpg",
    "id": "dzobj_3jqia3oab4"
  },
  {
    "objectName": "mine_hopper_build.p3d",
    "inGameName": "-",
    "category": "structures",
    "modelType": "Raw P3D",
    "path": "dz/structures/industrial/mines",
    "usableOnConsole": false,
    "searchTags": "conveyer belt, industrial, factory, metal, large",
    "image": "images/structures/industrial/mines/staticobj_mine_hopper_build.jpg",
    "id": "dzobj_3jhydll1jn"
  },
  {
    "objectName": "mine_hopper_build_nolc.p3d",
    "inGameName": "-",
    "category": "structures",
    "modelType": "Raw P3D",
    "path": "dz/structures/industrial/mines",
    "usableOnConsole": false,
    "searchTags": "conveyer belt, industrial, factory, metal, large, no_land_contact",
    "image": "images/structures/industrial/mines/staticobj_mine_hopper_build_nolc.jpg",
    "id": "dzobj_ic5159qvwq"
  },
  {
    "objectName": "mine_rail.p3d",
    "inGameName": "-",
    "category": "structures",
    "modelType": "Raw P3D",
    "path": "dz/structures/industrial/mines",
    "usableOnConsole": false,
    "searchTags": "mine_cart, track, straight, single, industrial",
    "image": "images/structures/industrial/mines/staticobj_mine_rail.jpg",
    "id": "dzobj_kmb8js6myp"
  },
  {
    "objectName": "mine_rail_end.p3d",
    "inGameName": "-",
    "category": "structures",
    "modelType": "Raw P3D",
    "path": "dz/structures/industrial/mines",
    "usableOnConsole": false,
    "searchTags": "mine_cart, track, stop, buffer",
    "image": "images/structures/industrial/mines/staticobj_mine_rail_end.jpg",
    "id": "dzobj_vpeu9i73q4"
  },
  {
    "objectName": "mine_rail_switch.p3d",
    "inGameName": "-",
    "category": "structures",
    "modelType": "Raw P3D",
    "path": "dz/structures/industrial/mines",
    "usableOnConsole": false,
    "searchTags": "mine_cart, track, siding, split",
    "image": "images/structures/industrial/mines/staticobj_mine_rail_switch.jpg",
    "id": "dzobj_osoe0oln8u"
  },
  {
    "objectName": "mine_rail_tram.p3d",
    "inGameName": "-",
    "category": "structures",
    "modelType": "Raw P3D",
    "path": "dz/structures/industrial/mines",
    "usableOnConsole": false,
    "searchTags": "mine_cart, cart, track, industrial",
    "image": "images/structures/industrial/mines/staticobj_mine_rail_tram.jpg",
    "id": "dzobj_4qfg1r72zq"
  },
  {
    "objectName": "mine_tunnel.p3d",
    "inGameName": "-",
    "category": "structures",
    "modelType": "Raw P3D",
    "path": "dz/structures/industrial/mines",
    "usableOnConsole": false,
    "searchTags": "underground, entrance, inaccessible, mine_cart, industrial",
    "image": "images/structures/industrial/mines/staticobj_mine_tunnel.jpg",
    "id": "dzobj_w2w96wygzq"
  },
  {
    "objectName": "Land_Mine_Building",
    "category": "structures",
    "modelType": "Config",
    "path": "dz/structures/industrial/mines",
    "usableOnConsole": true,
    "searchTags": "industrial, brick, large, roof, ladder, factory",
    "image": "images/structures/industrial/mines/land_mine_building.jpg",
    "id": "dzobj_y2chpm2rwa"
  },
  {
    "objectName": "mine_building.p3d",
    "category": "structures",
    "modelType": "Raw P3D",
    "path": "dz/structures/industrial/mines",
    "usableOnConsole": false,
    "searchTags": "industrial, brick, large, roof, ladder, factory",
    "image": "images/structures/industrial/mines/land_mine_building.jpg",
    "id": "dzobj_xlk8kbiv3c"
  }
]
