[
  {
    "objectName": "StaticObj_Pipe_Small2_8m",
    "inGameName": "-",
    "category": "structures_bliss",
    "modelType": "Config",
    "path": "dz/structures_bliss/industrial/pipes",
    "usableOnConsole": true,
    "searchTags": "livoniaa, industrial, pipes, oil, gas, water",
    "image": "images/structures_bliss/industrial/pipes/staticobj_pipe_small2_8m.jpg",
    "id": "dzobj_hpecr0hcqj"
  },
  {
    "objectName": "StaticObj_Pipe_Small2_Block",
    "inGameName": "-",
    "category": "structures_bliss",
    "modelType": "Config",
    "path": "dz/structures_bliss/industrial/pipes",
    "usableOnConsole": true,
    "searchTags": "livoniaa, industrial, pipes, oil, gas, water",
    "image": "images/structures_bliss/industrial/pipes/staticobj_pipe_small2_block.jpg",
    "id": "dzobj_pwr39qxs7r"
  },
  {
    "objectName": "StaticObj_Pipe_Small2_24m",
    "inGameName": "-",
    "category": "structures_bliss",
    "modelType": "Config",
    "path": "dz/structures_bliss/industrial/pipes",
    "usableOnConsole": true,
    "searchTags": "livoniaa, industrial, pipes, oil, gas, water",
    "image": "images/structures_bliss/industrial/pipes/staticobj_pipe_small2_24m.jpg",
    "id": "dzobj_uy75tl641m"
  },
  {
    "objectName": "StaticObj_Pipe_Small2_Curve",
    "inGameName": "-",
    "category": "structures_bliss",
    "modelType": "Config",
    "path": "dz/structures_bliss/industrial/pipes",
    "usableOnConsole": true,
    "searchTags": "livoniaa, industrial, pipes, oil, gas, water",
    "image": "images/structures_bliss/industrial/pipes/staticobj_pipe_small2_curve.jpg",
    "id": "dzobj_2bb7d9id5l"
  },
  {
    "objectName": "StaticObj_Pipe_Small2_Ground",
    "inGameName": "-",
    "category": "structures_bliss",
    "modelType": "Config",
    "path": "dz/structures_bliss/industrial/pipes",
    "usableOnConsole": true,
    "searchTags": "livoniaa, industrial, pipes, oil, gas, water",
    "image": "images/structures_bliss/industrial/pipes/staticobj_pipe_small2_ground.jpg",
    "id": "dzobj_frikszepke"
  },
  {
    "objectName": "StaticObj_Pipe_Small2_High_8m",
    "inGameName": "-",
    "category": "structures_bliss",
    "modelType": "Config",
    "path": "dz/structures_bliss/industrial/pipes",
    "usableOnConsole": true,
    "searchTags": "livoniaa, industrial, pipes, oil, gas, water",
    "image": "images/structures_bliss/industrial/pipes/staticobj_pipe_small2_high_8m.jpg",
    "id": "dzobj_ehs7udi3w6"
  },
  {
    "objectName": "StaticObj_Pipe_Small2_High_24m",
    "inGameName": "-",
    "category": "structures_bliss",
    "modelType": "Config",
    "path": "dz/structures_bliss/industrial/pipes",
    "usableOnConsole": true,
    "searchTags": "livoniaa, industrial, pipes, oil, gas, water",
    "image": "images/structures_bliss/industrial/pipes/staticobj_pipe_small2_high_24m.jpg",
    "id": "dzobj_tttgeg9ner"
  },
  {
    "objectName": "StaticObj_Pipe_Small2_High_Curve",
    "inGameName": "-",
    "category": "structures_bliss",
    "modelType": "Config",
    "path": "dz/structures_bliss/industrial/pipes",
    "usableOnConsole": true,
    "searchTags": "livoniaa, industrial, pipes, oil, gas, water",
    "image": "images/structures_bliss/industrial/pipes/staticobj_pipe_small2_high_curve.jpg",
    "id": "dzobj_iwhyvxxfgk"
  },
  {
    "objectName": "StaticObj_Pipe_Small2_High_Ground",
    "inGameName": "-",
    "category": "structures_bliss",
    "modelType": "Config",
    "path": "dz/structures_bliss/industrial/pipes",
    "usableOnConsole": true,
    "searchTags": "livoniaa, industrial, pipes, oil, gas, water",
    "image": "images/structures_bliss/industrial/pipes/staticobj_pipe_small2_high_ground.jpg",
    "id": "dzobj_zfpbrd6vcj"
  },
  {
    "objectName": "StaticObj_Pipe_Small2_High_Ground2",
    "inGameName": "-",
    "category": "structures_bliss",
    "modelType": "Config",
    "path": "dz/structures_bliss/industrial/pipes",
    "usableOnConsole": true,
    "searchTags": "livoniaa, industrial, pipes, oil, gas, water",
    "image": "images/structures_bliss/industrial/pipes/staticobj_pipe_small2_high_ground2.jpg",
    "id": "dzobj_r54jcyq0a3"
  },
  {
    "objectName": "StaticObj_Pipe_Small2_8m_MetalSup",
    "inGameName": "-",
    "category": "structures_bliss",
    "modelType": "Config",
    "path": "dz/structures_bliss/industrial/pipes",
    "usableOnConsole": true,
    "searchTags": "livoniaa, industrial, pipes, oil, gas, water",
    "image": "images/structures_bliss/industrial/pipes/staticobj_pipe_small2_8m_metalsup.jpg",
    "id": "dzobj_35bclrbbt6"
  },
  {
    "objectName": "StaticObj_Pipe_Small2_8m_NoSup",
    "inGameName": "-",
    "category": "structures_bliss",
    "modelType": "Config",
    "path": "dz/structures_bliss/industrial/pipes",
    "usableOnConsole": true,
    "searchTags": "livoniaa, industrial, pipes, oil, gas, water",
    "image": "images/structures_bliss/industrial/pipes/staticobj_pipe_small2_8m_nosup.jpg",
    "id": "dzobj_3jbv715hmj"
  },
  {
    "objectName": "StaticObj_Pipe_Small2_8m_NoSup_nolc",
    "inGameName": "-",
    "category": "structures_bliss",
    "modelType": "Config",
    "path": "dz/structures_bliss/industrial/pipes",
    "usableOnConsole": true,
    "searchTags": "livoniaa, industrial, pipes, oil, gas, water",
    "image": "images/structures_bliss/industrial/pipes/staticobj_pipe_small2_8m_nosup_nolc.jpg",
    "id": "dzobj_tn32r9cxd5"
  },
  {
    "objectName": "StaticObj_Pipe_Small2_Curve45",
    "inGameName": "-",
    "category": "structures_bliss",
    "modelType": "Config",
    "path": "dz/structures_bliss/industrial/pipes",
    "usableOnConsole": true,
    "searchTags": "livoniaa, industrial, pipes, oil, gas, water",
    "image": "images/structures_bliss/industrial/pipes/staticobj_pipe_small2_curve45.jpg",
    "id": "dzobj_uaza52alnc"
  },
  {
    "objectName": "pipe_small2_24m.p3d",
    "inGameName": "-",
    "category": "structures_bliss",
    "modelType": "Raw P3D",
    "path": "dz/structures_bliss/industrial/pipes",
    "usableOnConsole": false,
    "searchTags": "livoniaa, industrial, pipes, oil, gas, water",
    "image": "images/structures_bliss/industrial/pipes/staticobj_pipe_small2_24m.jpg",
    "id": "dzobj_zsjf9ks0rf"
  },
  {
    "objectName": "pipe_small2_8m.p3d",
    "inGameName": "-",
    "category": "structures_bliss",
    "modelType": "Raw P3D",
    "path": "dz/structures_bliss/industrial/pipes",
    "usableOnConsole": false,
    "searchTags": "livoniaa, industrial, pipes, oil, gas, water",
    "image": "images/structures_bliss/industrial/pipes/staticobj_pipe_small2_8m.jpg",
    "id": "dzobj_vgjrrv3h2g"
  },
  {
    "objectName": "pipe_small2_8m_metalsup.p3d",
    "inGameName": "-",
    "category": "structures_bliss",
    "modelType": "Raw P3D",
    "path": "dz/structures_bliss/industrial/pipes",
    "usableOnConsole": false,
    "searchTags": "livoniaa, industrial, pipes, oil, gas, water",
    "image": "images/structures_bliss/industrial/pipes/staticobj_pipe_small2_8m_metalsup.jpg",
    "id": "dzobj_j6v0sjzhsu"
  },
  {
    "objectName": "pipe_small2_8m_nosup.p3d",
    "inGameName": "-",
    "category": "structures_bliss",
    "modelType": "Raw P3D",
    "path": "dz/structures_bliss/industrial/pipes",
    "usableOnConsole": false,
    "searchTags": "livoniaa, industrial, pipes, oil, gas, water",
    "image": "images/structures_bliss/industrial/pipes/staticobj_pipe_small2_8m_nosup.jpg",
    "id": "dzobj_5z07pug0bd"
  },
  {
    "objectName": "pipe_small2_8m_nosup_nolc.p3d",
    "inGameName": "-",
    "category": "structures_bliss",
    "modelType": "Raw P3D",
    "path": "dz/structures_bliss/industrial/pipes",
    "usableOnConsole": false,
    "searchTags": "livoniaa, industrial, pipes, oil, gas, water",
    "image": "images/structures_bliss/industrial/pipes/staticobj_pipe_small2_8m_nosup_nolc.jpg",
    "id": "dzobj_17una3xd47"
  },
  {
    "objectName": "pipe_small2_block.p3d",
    "inGameName": "-",
    "category": "structures_bliss",
    "modelType": "Raw P3D",
    "path": "dz/structures_bliss/industrial/pipes",
    "usableOnConsole": false,
    "searchTags": "livoniaa, industrial, pipes, oil, gas, water",
    "image": "images/structures_bliss/industrial/pipes/staticobj_pipe_small2_block.jpg",
    "id": "dzobj_5ucxctcxs2"
  },
  {
    "objectName": "pipe_small2_curve.p3d",
    "inGameName": "-",
    "category": "structures_bliss",
    "modelType": "Raw P3D",
    "path": "dz/structures_bliss/industrial/pipes",
    "usableOnConsole": false,
    "searchTags": "livoniaa, industrial, pipes, oil, gas, water",
    "image": "images/structures_bliss/industrial/pipes/staticobj_pipe_small2_curve.jpg",
    "id": "dzobj_oyhh9g101c"
  },
  {
    "objectName": "pipe_small2_curve45.p3d",
    "inGameName": "-",
    "category": "structures_bliss",
    "modelType": "Raw P3D",
    "path": "dz/structures_bliss/industrial/pipes",
    "usableOnConsole": false,
    "searchTags": "livoniaa, industrial, pipes, oil, gas, water",
    "image": "images/structures_bliss/industrial/pipes/staticobj_pipe_small2_curve45.jpg",
    "id": "dzobj_xlbo99nqfn"
  },
  {
    "objectName": "pipe_small2_ground.p3d",
    "inGameName": "-",
    "category": "structures_bliss",
    "modelType": "Raw P3D",
    "path": "dz/structures_bliss/industrial/pipes",
    "usableOnConsole": false,
    "searchTags": "livoniaa, industrial, pipes, oil, gas, water",
    "image": "images/structures_bliss/industrial/pipes/staticobj_pipe_small2_ground.jpg",
    "id": "dzobj_k9wyspfyt0"
  },
  {
    "objectName": "pipe_small2_high_24m.p3d",
    "inGameName": "-",
    "category": "structures_bliss",
    "modelType": "Raw P3D",
    "path": "dz/structures_bliss/industrial/pipes",
    "usableOnConsole": false,
    "searchTags": "livoniaa, industrial, pipes, oil, gas, water",
    "image": "images/structures_bliss/industrial/pipes/staticobj_pipe_small2_high_24m.jpg",
    "id": "dzobj_jj6mtyoeyo"
  },
  {
    "objectName": "pipe_small2_high_8m.p3d",
    "inGameName": "-",
    "category": "structures_bliss",
    "modelType": "Raw P3D",
    "path": "dz/structures_bliss/industrial/pipes",
    "usableOnConsole": false,
    "searchTags": "livoniaa, industrial, pipes, oil, gas, water",
    "image": "images/structures_bliss/industrial/pipes/staticobj_pipe_small2_high_8m.jpg",
    "id": "dzobj_lnhms21kqh"
  },
  {
    "objectName": "pipe_small2_high_curve.p3d",
    "inGameName": "-",
    "category": "structures_bliss",
    "modelType": "Raw P3D",
    "path": "dz/structures_bliss/industrial/pipes",
    "usableOnConsole": false,
    "searchTags": "livoniaa, industrial, pipes, oil, gas, water",
    "image": "images/structures_bliss/industrial/pipes/staticobj_pipe_small2_high_curve.jpg",
    "id": "dzobj_t8yas3hvfm"
  },
  {
    "objectName": "pipe_small2_high_ground.p3d",
    "inGameName": "-",
    "category": "structures_bliss",
    "modelType": "Raw P3D",
    "path": "dz/structures_bliss/industrial/pipes",
    "usableOnConsole": false,
    "searchTags": "livoniaa, industrial, pipes, oil, gas, water",
    "image": "images/structures_bliss/industrial/pipes/staticobj_pipe_small2_high_ground.jpg",
    "id": "dzobj_3rb5kk575b"
  },
  {
    "objectName": "pipe_small2_high_ground2.p3d",
    "inGameName": "-",
    "category": "structures_bliss",
    "modelType": "Raw P3D",
    "path": "dz/structures_bliss/industrial/pipes",
    "usableOnConsole": false,
    "searchTags": "livoniaa, industrial, pipes, oil, gas, water",
    "image": "images/structures_bliss/industrial/pipes/staticobj_pipe_small2_high_ground2.jpg",
    "id": "dzobj_s84l9lkfla"
  }
]
