[
  {
    "objectName": "b_piceaabies_1fb_frozen.p3d",
    "inGameName": "-",
    "category": "plants_sakhal",
    "modelType": "Raw P3D",
    "path": "dz/plants_sakhal/frozen",
    "usableOnConsole": true,
    "searchTags": "spruce, small, snow, sakhal",
    "image": "images/plants_sakhal/frozen/dzplants_sakhalfrozenb_piceaabies_1fb_frozen.p3d.jpg",
    "id": "dzobj_teti4xhlc8"
  },
  {
    "objectName": "b_piceaabies_1f_frozen.p3d",
    "inGameName": "-",
    "category": "plants_sakhal",
    "modelType": "Raw P3D",
    "path": "dz/plants_sakhal/frozen",
    "usableOnConsole": true,
    "searchTags": "spruce, small, snow, sakhal",
    "image": "images/plants_sakhal/frozen/dzplants_sakhalfrozenb_piceaabies_1f_frozen.p3d.jpg",
    "id": "dzobj_w74q14gqql"
  },
  {
    "objectName": "t_piceaabies_1f_frozen.p3d",
    "inGameName": "-",
    "category": "plants_sakhal",
    "modelType": "Raw P3D",
    "path": "dz/plants_sakhal/frozen",
    "usableOnConsole": true,
    "searchTags": "spruce, tall, snow, sakhal",
    "image": "images/plants_sakhal/frozen/dzplants_sakhalfrozent_piceaabies_1f_frozen.p3d.jpg",
    "id": "dzobj_t5vb97jn5l"
  },
  {
    "objectName": "t_piceaabies_1sb_frozen.p3d",
    "inGameName": "-",
    "category": "plants_sakhal",
    "modelType": "Raw P3D",
    "path": "dz/plants_sakhal/frozen",
    "usableOnConsole": true,
    "searchTags": "spruce, small, snow, sakhal",
    "image": "images/plants_sakhal/frozen/dzplants_sakhalfrozent_piceaabies_1sb_frozen.p3d.jpg",
    "id": "dzobj_8mc8mf2f7x"
  },
  {
    "objectName": "t_piceaabies_1s_frozen.p3d",
    "inGameName": "-",
    "category": "plants_sakhal",
    "modelType": "Raw P3D",
    "path": "dz/plants_sakhal/frozen",
    "usableOnConsole": true,
    "searchTags": "spruce, small, snow, sakhal",
    "image": "images/plants_sakhal/frozen/dzplants_sakhalfrozent_piceaabies_1f_frozen.p3d.jpg",
    "id": "dzobj_ikl3ittlfi"
  },
  {
    "objectName": "t_piceaabies_2fb_frozen.p3d",
    "inGameName": "-",
    "category": "plants_sakhal",
    "modelType": "Raw P3D",
    "path": "dz/plants_sakhal/frozen",
    "usableOnConsole": true,
    "searchTags": "spruce, tall, snow, sakhal",
    "image": "images/plants_sakhal/frozen/dzplants_sakhalfrozent_piceaabies_2fb_frozen.p3d.jpg",
    "id": "dzobj_ekgza2lg55"
  },
  {
    "objectName": "t_piceaabies_2f_frozen.p3d",
    "inGameName": "-",
    "category": "plants_sakhal",
    "modelType": "Raw P3D",
    "path": "dz/plants_sakhal/frozen",
    "usableOnConsole": true,
    "searchTags": "spruce, tall, snow, sakhal",
    "image": "images/plants_sakhal/frozen/dzplants_sakhalfrozent_piceaabies_2f_frozen.p3d.jpg",
    "id": "dzobj_btpzsd5874"
  },
  {
    "objectName": "t_piceaabies_2sb_frozen.p3d",
    "inGameName": "-",
    "category": "plants_sakhal",
    "modelType": "Raw P3D",
    "path": "dz/plants_sakhal/frozen",
    "usableOnConsole": true,
    "searchTags": "spruce, tall, snow, sakhal",
    "image": "images/plants_sakhal/frozen/dzplants_sakhalfrozent_piceaabies_2sb_frozen.p3d.jpg",
    "id": "dzobj_w5hm4g0um1"
  },
  {
    "objectName": "t_piceaabies_2s_frozen.p3d",
    "inGameName": "-",
    "category": "plants_sakhal",
    "modelType": "Raw P3D",
    "path": "dz/plants_sakhal/frozen",
    "usableOnConsole": true,
    "searchTags": "spruce, tall, snow, sakhal",
    "image": "images/plants_sakhal/frozen/dzplants_sakhalfrozent_piceaabies_2s_frozen.p3d.jpg",
    "id": "dzobj_0c50ur97o5"
  }
]
