[
  {
    "objectName": "Land_FuelStation_Feed_Enoch",
    "inGameName": "Gas Pump",
    "category": "structures_bliss",
    "modelType": "Config",
    "path": "dz/structures_bliss/specific/fuelstation",
    "usableOnConsole": true,
    "searchTags": "livoniaa, energy, gas, pump, specific, petrol, car, vehicle",
    "image": "images/structures_bliss/specific/fuelstation/land_fuelstation_feed_enoch.jpg"
  },
  {
    "objectName": "fuelstation_feed_enoch.p3d",
    "inGameName": "Gas Pump",
    "category": "structures_bliss",
    "modelType": "Raw P3D",
    "path": "dz/structures_bliss/specific/fuelstation",
    "usableOnConsole": false,
    "searchTags": "livoniaa, fuel, gas, pump, specific, station",
    "image": "images/structures_bliss/specific/fuelstation/fuelstation_feed_enoch.jpg"
  },
  {
    "objectName": "fuelstation_shed_enoch.p3d",
    "inGameName": "-",
    "category": "structures_bliss",
    "modelType": "Raw P3D",
    "path": "dz/structures_bliss/specific/fuelstation",
    "usableOnConsole": false,
    "searchTags": "livoniaa, specific",
    "image": "images/structures_bliss/specific/fuelstation/fuelstation_shed_enoch.jpg"
  },
  {
    "objectName": "fuelstation_sign_enoch.p3d",
    "inGameName": "-",
    "category": "structures_bliss",
    "modelType": "Raw P3D",
    "path": "dz/structures_bliss/specific/fuelstation",
    "usableOnConsole": false,
    "searchTags": "livoniaa, marker, notice, specific",
    "image": "images/structures_bliss/specific/fuelstation/fuelstation_sign_enoch.jpg"
  },
  {
    "objectName": "fuelstation_build_enoch.p3d",
    "category": "structures_bliss",
    "modelType": "Raw P3D",
    "path": "dz/structures_bliss/specific/fuelstation",
    "usableOnConsole": false,
    "searchTags": "livoniaa, specific",
    "image": "images/structures_bliss/specific/fuelstation/fuelstation_build_enoch.jpg"
  },
  {
    "objectName": "Land_FuelStation_Build_Enoch",
    "category": "structures_bliss",
    "modelType": "Config",
    "path": "dz/structures_bliss/specific/fuelstation",
    "usableOnConsole": true,
    "searchTags": "livoniaa, energy, gas, specific",
    "image": "images/structures_bliss/specific/fuelstation/land_fuelstation_build_enoch.jpg"
  }
]
