[
  {
    "objectName": "StaticObj_Furniture_sofa_leather_new",
    "inGameName": "-",
    "category": "structures",
    "modelType": "Config",
    "path": "dz/structures/furniture/chairs/sofa_leather",
    "usableOnConsole": true,
    "searchTags": "chairs",
    "image": "images/structures/furniture/chairs/sofa_leather/staticobj_furniture_sofa_leather_new.jpg",
    "id": "dzobj_qa1szryodq"
  },
  {
    "objectName": "StaticObj_Furniture_sofa_leather_old",
    "inGameName": "-",
    "category": "structures",
    "modelType": "Config",
    "path": "dz/structures/furniture/chairs/sofa_leather",
    "usableOnConsole": true,
    "searchTags": "chairs",
    "image": "images/structures/furniture/chairs/sofa_leather/staticobj_furniture_sofa_leather_old.jpg",
    "id": "dzobj_tdzd0mqf6r"
  },
  {
    "objectName": "brown_sofa_old.p3d",
    "inGameName": "-",
    "category": "structures",
    "modelType": "Raw P3D",
    "path": "dz/structures/furniture/chairs/sofa_leather",
    "usableOnConsole": false,
    "searchTags": "chairs, furniture, leather",
    "image": "images/structures/furniture/chairs/sofa_leather/brown_sofa_old.p3d.jpg",
    "id": "dzobj_9cqirs5wze"
  },
  {
    "objectName": "sofa_leather_new.p3d",
    "inGameName": "-",
    "category": "structures",
    "modelType": "Raw P3D",
    "path": "dz/structures/furniture/chairs/sofa_leather",
    "usableOnConsole": false,
    "searchTags": "chairs, furniture",
    "image": "images/structures/furniture/chairs/sofa_leather/sofa_leather_new.p3d.jpg",
    "id": "dzobj_i9hc45wfcb"
  },
  {
    "objectName": "sofa_leather_old.p3d",
    "inGameName": "-",
    "category": "structures",
    "modelType": "Raw P3D",
    "path": "dz/structures/furniture/chairs/sofa_leather",
    "usableOnConsole": false,
    "searchTags": "chairs, furniture",
    "image": "images/structures/furniture/chairs/sofa_leather/sofa_leather_old.p3d.jpg",
    "id": "dzobj_o8tm10fjd3"
  }
]
