[
  {
    "objectName": "StaticObj_Furniture_luxury_lamp",
    "inGameName": "-",
    "category": "structures",
    "modelType": "Config",
    "path": "dz/structures/furniture/lighting/luxury_lamp",
    "usableOnConsole": true,
    "searchTags": "light, lighting",
    "image": "images/structures/furniture/lighting/luxury_lamp/staticobj_furniture_luxury_lamp.jpg",
    "id": "dzobj_cz9ya9wy9s"
  },
  {
    "objectName": "lamp.p3d",
    "inGameName": "-",
    "category": "structures",
    "modelType": "Raw P3D",
    "path": "dz/structures/furniture/lighting/luxury_lamp",
    "usableOnConsole": false,
    "searchTags": "furniture, light, lighting, luxury",
    "image": "images/structures/furniture/lighting/luxury_lamp/lamp.p3d.jpg",
    "id": "dzobj_dybzrlvdrv"
  }
]
