[
  {
    "objectName": "Land_Underground_Stairs_Block",
    "inGameName": "-",
    "category": "structures_bliss",
    "modelType": "Config",
    "path": "dz/structures_bliss/underground/stairs",
    "usableOnConsole": true,
    "searchTags": "livoniaa, bunker",
    "image": "images/structures_bliss/underground/stairs/land_underground_stairs_block.jpg",
    "id": "dzobj_nuyfvib49j"
  },
  {
    "objectName": "Land_Underground_Stairs_Block_Corridor_NoDoor",
    "inGameName": "-",
    "category": "structures_bliss",
    "modelType": "Config",
    "path": "dz/structures_bliss/underground/stairs",
    "usableOnConsole": true,
    "searchTags": "livoniaa, bunker",
    "image": "images/structures_bliss/underground/stairs/land_underground_stairs_block_corridor_nodoor.jpg",
    "id": "dzobj_j5e35ukgkr"
  },
  {
    "objectName": "underground_stairs_block.p3d",
    "inGameName": "-",
    "category": "structures_bliss",
    "modelType": "Raw P3D",
    "path": "dz/structures_bliss/underground/stairs",
    "usableOnConsole": false,
    "searchTags": "livoniaa, bunker",
    "image": "images/structures_bliss/underground/stairs/land_underground_stairs_block.jpg",
    "id": "dzobj_9crq757vp6"
  },
  {
    "objectName": "underground_stairs_block_corridor_nodoor.p3d",
    "inGameName": "-",
    "category": "structures_bliss",
    "modelType": "Raw P3D",
    "path": "dz/structures_bliss/underground/stairs",
    "usableOnConsole": false,
    "searchTags": "livoniaa, bunker",
    "image": "images/structures_bliss/underground/stairs/land_underground_stairs_block_corridor_nodoor.jpg",
    "id": "dzobj_amdfysuk3b"
  },
  {
    "objectName": "Land_Underground_Stairs_Exit",
    "category": "structures_bliss",
    "modelType": "Config",
    "path": "dz/structures_bliss/underground/stairs",
    "usableOnConsole": true,
    "searchTags": "livoniaa, bunker, entrance, keycard, entry, switch, punched card, door",
    "image": "images/structures_bliss/underground/stairs/land_underground_stairs_exit.jpg",
    "id": "dzobj_p1w2rxu6ve"
  },
  {
    "objectName": "underground_stairs_exit.p3d",
    "category": "structures_bliss",
    "modelType": "Raw P3D",
    "path": "dz/structures_bliss/underground/stairs",
    "usableOnConsole": false,
    "searchTags": "livoniaa, bunker, entrance, keycard, entry, switch, punched card, door",
    "image": "images/structures_bliss/underground/stairs/land_underground_stairs_exit.jpg",
    "id": "dzobj_6x80fbugcb"
  },
  {
    "objectName": "EntranceDoor",
    "category": "structures_bliss",
    "modelType": "Config",
    "path": "dz/structures_bliss/underground/stairs",
    "usableOnConsole": true,
    "searchTags": "access, livoniaa, entry, stairs, underground",
    "image": "images/structures_bliss/underground/stairs/entrancedoor.jpg",
    "id": "dzobj_yw5ou2i5xc"
  },
  {
    "objectName": "Land_Underground_Stairs_Block_Corridor",
    "category": "structures_bliss",
    "modelType": "Config",
    "path": "dz/structures_bliss/underground/stairs",
    "usableOnConsole": true,
    "searchTags": "livonia, bunker",
    "image": "images/structures_bliss/underground/stairs/land_underground_stairs_block_corridor.jpg",
    "id": "dzobj_q13fpyv5xl"
  },
  {
    "objectName": "Land_Underground_Stairs_Block_Terminator",
    "category": "structures_bliss",
    "modelType": "Config",
    "path": "dz/structures_bliss/underground/stairs",
    "usableOnConsole": true,
    "searchTags": "livonia, bunker",
    "image": "images/structures_bliss/underground/stairs/land_underground_stairs_block_terminator.jpg",
    "id": "dzobj_ydfdxxb19a"
  },
  {
    "objectName": "Land_Underground_Stairs_Collapsed",
    "category": "structures_bliss",
    "modelType": "Config",
    "path": "dz/structures_bliss/underground/stairs",
    "usableOnConsole": true,
    "searchTags": "livonia, bunker",
    "image": "images/structures_bliss/underground/stairs/land_underground_stairs_collapsed.jpg",
    "id": "dzobj_ezqvjfe1j7"
  },
  {
    "objectName": "Land_Underground_Stairs_Start",
    "category": "structures_bliss",
    "modelType": "Config",
    "path": "dz/structures_bliss/underground/stairs",
    "usableOnConsole": true,
    "searchTags": "livonia, bunker",
    "image": "images/structures_bliss/underground/stairs/land_underground_stairs_start.jpg",
    "id": "dzobj_yycgxetlaj"
  }
]
