[
  {
    "objectName": "StaticObj_Furniture_ch_mod_c",
    "inGameName": "-",
    "category": "structures",
    "modelType": "Config",
    "path": "dz/structures/furniture/chairs/ch_mod_c",
    "usableOnConsole": true,
    "searchTags": "chairs",
    "image": "images/structures/furniture/chairs/ch_mod_c/staticobj_furniture_ch_mod_c.jpg",
    "id": "dzobj_2bevj2t51e"
  },
  {
    "objectName": "ch_mod_c.p3d",
    "inGameName": "-",
    "category": "structures",
    "modelType": "Raw P3D",
    "path": "dz/structures/furniture/chairs/ch_mod_c",
    "usableOnConsole": false,
    "searchTags": "chairs, furniture",
    "image": "images/structures/furniture/chairs/ch_mod_c/ch_mod_c.p3d.jpg",
    "id": "dzobj_yi2r0rg4vr"
  }
]
