[
  {
    "objectName": "StaticObj_Furniture_library_a",
    "inGameName": "-",
    "category": "structures",
    "modelType": "Config",
    "path": "dz/structures/furniture/cases/library_a",
    "usableOnConsole": true,
    "searchTags": "decoration",
    "image": "images/structures/furniture/cases/library_a/staticobj_furniture_library_a.jpg"
  },
  {
    "objectName": "StaticObj_Furniture_library_a_open",
    "inGameName": "-",
    "category": "structures",
    "modelType": "Config",
    "path": "dz/structures/furniture/cases/library_a",
    "usableOnConsole": true,
    "searchTags": "decoration",
    "image": "images/structures/furniture/cases/library_a/staticobj_furniture_library_a_open.jpg"
  },
  {
    "objectName": "library_a.p3d",
    "inGameName": "-",
    "category": "structures",
    "modelType": "Raw P3D",
    "path": "dz/structures/furniture/cases/library_a",
    "usableOnConsole": false,
    "searchTags": "decoration, furniture",
    "image": "images/structures/furniture/cases/library_a/library_a.p3d.jpg"
  },
  {
    "objectName": "library_a_open.p3d",
    "inGameName": "-",
    "category": "structures",
    "modelType": "Raw P3D",
    "path": "dz/structures/furniture/cases/library_a",
    "usableOnConsole": false,
    "searchTags": "decoration, furniture",
    "image": "images/structures/furniture/cases/library_a/library_a_open.p3d.jpg"
  }
]
