[
  {
    "objectName": "civiliansedan_wreckedback.p3d",
    "inGameName": "-",
    "category": "vehicles",
    "modelType": "Raw P3D",
    "path": "dz/vehicles/wheeled/civiliansedan/wreck",
    "usableOnConsole": false,
    "searchTags": "car, transport, vehicle, vehicles, wheeled, wreck",
    "image": "images/vehicles/wheeled/civiliansedan/wreck/civiliansedan_wreckedback.p3d.jpg"
  },
  {
    "objectName": "civiliansedan_wreckedboth.p3d",
    "inGameName": "-",
    "category": "vehicles",
    "modelType": "Raw P3D",
    "path": "dz/vehicles/wheeled/civiliansedan/wreck",
    "usableOnConsole": false,
    "searchTags": "car, transport, vehicle, vehicles, wheeled, wreck",
    "image": "images/vehicles/wheeled/civiliansedan/wreck/civiliansedan_wreckedboth.p3d.jpg"
  },
  {
    "objectName": "civiliansedan_wreckedfront.p3d",
    "inGameName": "-",
    "category": "vehicles",
    "modelType": "Raw P3D",
    "path": "dz/vehicles/wheeled/civiliansedan/wreck",
    "usableOnConsole": false,
    "searchTags": "car, transport, vehicle, vehicles, wheeled, wreck",
    "image": "images/vehicles/wheeled/civiliansedan/wreck/civiliansedan_wreckedfront.p3d.jpg"
  }
]
