[
  {
    "objectName": "StaticObj_Castle_Wall3",
    "inGameName": "-",
    "category": "structures_bliss",
    "modelType": "Config",
    "path": "dz/structures_bliss/specific/castles",
    "usableOnConsole": true,
    "searchTags": "barrier, livoniaa, castles, fortress, specific",
    "image": "images/structures_bliss/specific/castles/staticobj_castle_wall3.jpg",
    "id": "dzobj_nlo5110ox6"
  },
  {
    "objectName": "StaticObj_Castle_Wall3_D_L",
    "inGameName": "-",
    "category": "structures_bliss",
    "modelType": "Config",
    "path": "dz/structures_bliss/specific/castles",
    "usableOnConsole": true,
    "searchTags": "barrier, livoniaa, castles, fortress, specific",
    "image": "images/structures_bliss/specific/castles/staticobj_castle_wall3_d_l.jpg",
    "id": "dzobj_rm92q44qtm"
  },
  {
    "objectName": "StaticObj_Castle_Wall3_D_R",
    "inGameName": "-",
    "category": "structures_bliss",
    "modelType": "Config",
    "path": "dz/structures_bliss/specific/castles",
    "usableOnConsole": true,
    "searchTags": "barrier, livoniaa, castles, fortress, specific",
    "image": "images/structures_bliss/specific/castles/staticobj_castle_wall3_d_r.jpg",
    "id": "dzobj_gcqrvapwqd"
  },
  {
    "objectName": "castle_wall3.p3d",
    "inGameName": "-",
    "category": "structures_bliss",
    "modelType": "Raw P3D",
    "path": "dz/structures_bliss/specific/castles",
    "usableOnConsole": false,
    "searchTags": "barrier, livoniaa, castles, fortress, specific",
    "image": "images/structures_bliss/specific/castles/staticobj_castle_wall3.jpg",
    "id": "dzobj_9s3k263422"
  },
  {
    "objectName": "castle_wall3_d_l.p3d",
    "inGameName": "-",
    "category": "structures_bliss",
    "modelType": "Raw P3D",
    "path": "dz/structures_bliss/specific/castles",
    "usableOnConsole": false,
    "searchTags": "barrier, livoniaa, castles, fortress, specific",
    "image": "images/structures_bliss/specific/castles/staticobj_castle_wall3_d_l.jpg",
    "id": "dzobj_54msgs7o50"
  },
  {
    "objectName": "castle_wall3_d_r.p3d",
    "inGameName": "-",
    "category": "structures_bliss",
    "modelType": "Raw P3D",
    "path": "dz/structures_bliss/specific/castles",
    "usableOnConsole": false,
    "searchTags": "barrier, livoniaa, castles, fortress, specific",
    "image": "images/structures_bliss/specific/castles/staticobj_castle_wall3_d_r.jpg",
    "id": "dzobj_db0n4ewbve"
  },
  {
    "objectName": "castle_bastion2.p3d",
    "category": "structures_bliss",
    "modelType": "Raw P3D",
    "path": "dz/structures_bliss/specific/castles",
    "usableOnConsole": false,
    "searchTags": "livoniaa, castles, fortress, specific",
    "image": "images/structures_bliss/specific/castles/land_castle_bastion2.jpg",
    "id": "dzobj_g6jnv7bykn"
  },
  {
    "objectName": "Land_Castle_Bastion2",
    "category": "structures_bliss",
    "modelType": "Config",
    "path": "dz/structures_bliss/specific/castles",
    "usableOnConsole": true,
    "searchTags": "livoniaa, castles, fortress, specific",
    "image": "images/structures_bliss/specific/castles/land_castle_bastion2.jpg",
    "id": "dzobj_d6koi4mxpl"
  }
]
