[
  {
    "objectName": "m16a2.p3d",
    "inGameName": "-",
    "category": "weapons",
    "modelType": "Raw P3D",
    "path": "dz/weapons/firearms/m16a2",
    "usableOnConsole": false,
    "searchTags": "machine_gun, automatic, 5.56x45",
    "image": "images/weapons/firearms/dzweaponsfirearmsm16a2m16a2.p3d.jpg"
  },
  {
    "objectName": "M16A2",
    "inGameName": "-",
    "category": "weapons",
    "modelType": "Config",
    "path": "dz/weapons/firearms/m16a2",
    "usableOnConsole": true,
    "searchTags": "machine_gun, automatic, 5.56x45",
    "image": "images/weapons/firearms/dzweaponsfirearmsm16a2m16a2.p3d.jpg"
  }
]
