[
  {
    "objectName": "BaseballBat",
    "inGameName": "Baseball Bat",
    "category": "weapons",
    "modelType": "Config",
    "path": "dz/weapons/melee/blunt",
    "usableOnConsole": true,
    "searchTags": "blunt, melee, weapon, weapons",
    "image": "images/weapons/melee/blunt/baseballbat.jpg",
    "id": "dzobj_73vyg7txbr"
  },
  {
    "objectName": "NailedBaseballBat",
    "inGameName": "Nailed Bat",
    "category": "weapons",
    "modelType": "Config",
    "path": "dz/weapons/melee/blunt",
    "usableOnConsole": true,
    "searchTags": "blunt, melee, weapon, weapons",
    "image": "images/weapons/melee/blunt/nailedbaseballbat.jpg",
    "id": "dzobj_qgmkguj570"
  },
  {
    "objectName": "BarbedBaseballBat",
    "inGameName": "Barbed Baseball Bat",
    "category": "weapons",
    "modelType": "Config",
    "path": "dz/weapons/melee/blunt",
    "usableOnConsole": true,
    "searchTags": "blunt, melee, weapon, weapons",
    "image": "images/weapons/melee/blunt/barbedbaseballbat.jpg",
    "id": "dzobj_r4xkfijkys"
  },
  {
    "objectName": "XmasBaseballBat",
    "inGameName": "Festive Baseball Bat",
    "category": "weapons",
    "modelType": "Config",
    "path": "dz/weapons/melee/blunt",
    "usableOnConsole": true,
    "searchTags": "blunt, festive, melee, weapon, weapons",
    "image": "images/weapons/melee/blunt/xmasbaseballbat.jpg",
    "id": "dzobj_i9h1bns53v"
  },
  {
    "objectName": "PipeWrench",
    "inGameName": "Pipe Wrench",
    "category": "weapons",
    "modelType": "Config",
    "path": "dz/weapons/melee/blunt",
    "usableOnConsole": true,
    "searchTags": "blunt, melee, weapon, weapons",
    "image": "images/weapons/melee/blunt/pipewrench.jpg",
    "id": "dzobj_b75ni2h919"
  },
  {
    "objectName": "BrassKnuckles_Dull",
    "inGameName": "Brass Knuckles",
    "category": "weapons",
    "modelType": "Config",
    "path": "dz/weapons/melee/blunt",
    "usableOnConsole": true,
    "searchTags": "blunt, melee, weapon, weapons",
    "image": "images/weapons/melee/blunt/brassknuckles_dull/brassknuckles_dull.jpg",
    "id": "dzobj_xaixitrqgl"
  },
  {
    "objectName": "BrassKnuckles_Shiny",
    "inGameName": "Brass Knuckles",
    "category": "weapons",
    "modelType": "Config",
    "path": "dz/weapons/melee/blunt",
    "usableOnConsole": true,
    "searchTags": "blunt, melee, weapon, weapons",
    "image": "images/weapons/melee/blunt/brassknuckles_shiny/brassknuckles_shiny.jpg",
    "id": "dzobj_oezexc4cou"
  },
  {
    "objectName": "TelescopicBaton",
    "inGameName": "Telescopic Baton",
    "category": "weapons",
    "modelType": "Config",
    "path": "dz/weapons/melee/blunt",
    "usableOnConsole": true,
    "searchTags": "blunt, melee, weapon, weapons",
    "image": "images/weapons/melee/blunt/telescopicbaton.jpg",
    "id": "dzobj_ll60s0yyp2"
  },
  {
    "objectName": "HockeyStick",
    "inGameName": "Hockey Stick",
    "category": "weapons",
    "modelType": "Config",
    "path": "dz/weapons/melee/blunt",
    "usableOnConsole": true,
    "searchTags": "blunt, melee, weapon, weapons",
    "image": "images/weapons/melee/blunt/hockeystick.jpg",
    "id": "dzobj_we2t460qp9"
  },
  {
    "objectName": "NewHockeyStick",
    "inGameName": "Ice Hockey Stick",
    "category": "weapons",
    "modelType": "Config",
    "path": "dz/weapons/melee/blunt",
    "usableOnConsole": true,
    "searchTags": "blunt, ice, melee, weapon, weapons",
    "image": "images/weapons/melee/blunt/newhockeystick.jpg",
    "id": "dzobj_2fmobqfh28"
  },
  {
    "objectName": "PoliceBaton",
    "inGameName": "Police baton",
    "category": "weapons",
    "modelType": "Config",
    "path": "dz/weapons/melee/blunt",
    "usableOnConsole": true,
    "searchTags": "blunt, melee, weapon, weapons",
    "image": "images/weapons/melee/blunt/policebaton.jpg",
    "id": "dzobj_oo2wfurt3a"
  },
  {
    "objectName": "baseballbat.p3d",
    "inGameName": "Baseball Bat",
    "category": "weapons",
    "modelType": "Raw P3D",
    "path": "dz/weapons/melee/blunt",
    "usableOnConsole": false,
    "searchTags": "blunt, melee, weapon, weapons",
    "image": "images/weapons/melee/blunt/baseballbat.p3d.jpg",
    "id": "dzobj_x7sjqfun0v"
  },
  {
    "objectName": "baseballbat_barbed.p3d",
    "inGameName": "Barbed Baseball Bat",
    "category": "weapons",
    "modelType": "Raw P3D",
    "path": "dz/weapons/melee/blunt",
    "usableOnConsole": false,
    "searchTags": "baseball, bat, blunt, melee, weapon, weapons",
    "image": "images/weapons/melee/blunt/baseballbat_barbed.p3d.jpg",
    "id": "dzobj_einwgwjnjf"
  },
  {
    "objectName": "baseballbat_nailed.p3d",
    "inGameName": "Nailed Bat",
    "category": "weapons",
    "modelType": "Raw P3D",
    "path": "dz/weapons/melee/blunt",
    "usableOnConsole": false,
    "searchTags": "bat, blunt, melee, weapon, weapons",
    "image": "images/weapons/melee/blunt/baseballbat_nailed.p3d.jpg",
    "id": "dzobj_4dzec61ozs"
  },
  {
    "objectName": "baseballbat_xmas.p3d",
    "inGameName": "Festive Baseball Bat",
    "category": "weapons",
    "modelType": "Raw P3D",
    "path": "dz/weapons/melee/blunt",
    "usableOnConsole": false,
    "searchTags": "baseball, bat, blunt, festive, melee, weapon, weapons",
    "image": "images/weapons/melee/blunt/baseballbat_xmas.p3d.jpg",
    "id": "dzobj_vmzgueocx3"
  },
  {
    "objectName": "brassknuckles.p3d",
    "inGameName": "Brass Knuckles",
    "category": "weapons",
    "modelType": "Raw P3D",
    "path": "dz/weapons/melee/blunt",
    "usableOnConsole": false,
    "searchTags": "blunt, brass, knuckles, melee, weapon, weapons",
    "image": "images/weapons/melee/blunt/brassknuckles.p3d.jpg",
    "id": "dzobj_fdmv26al1g"
  },
  {
    "objectName": "hockey_stick.p3d",
    "inGameName": "-",
    "category": "weapons",
    "modelType": "Raw P3D",
    "path": "dz/weapons/melee/blunt",
    "usableOnConsole": false,
    "searchTags": "blunt, melee, weapon, weapons",
    "image": "images/weapons/melee/blunt/hockey_stick.p3d.jpg",
    "id": "dzobj_wxh6wguyh9"
  },
  {
    "objectName": "hockey_stick_peters.p3d",
    "inGameName": "Ice Hockey Stick",
    "category": "weapons",
    "modelType": "Raw P3D",
    "path": "dz/weapons/melee/blunt",
    "usableOnConsole": false,
    "searchTags": "blunt, ice, melee, weapon, weapons",
    "image": "images/weapons/melee/blunt/hockey_stick_peters.p3d.jpg",
    "id": "dzobj_ynf43ijq4w"
  },
  {
    "objectName": "pipewrench.p3d",
    "inGameName": "Pipe Wrench",
    "category": "weapons",
    "modelType": "Raw P3D",
    "path": "dz/weapons/melee/blunt",
    "usableOnConsole": false,
    "searchTags": "blunt, melee, weapon, weapons",
    "image": "images/weapons/melee/blunt/pipewrench.p3d.jpg",
    "id": "dzobj_pdvw67g56g"
  },
  {
    "objectName": "police_baton.p3d",
    "inGameName": "Police baton",
    "category": "weapons",
    "modelType": "Raw P3D",
    "path": "dz/weapons/melee/blunt",
    "usableOnConsole": false,
    "searchTags": "blunt, melee, weapon, weapons",
    "image": "images/weapons/melee/blunt/police_baton.p3d.jpg",
    "id": "dzobj_nz013cfo2z"
  },
  {
    "objectName": "telescopingbaton.p3d",
    "inGameName": "Telescopic Baton",
    "category": "weapons",
    "modelType": "Raw P3D",
    "path": "dz/weapons/melee/blunt",
    "usableOnConsole": false,
    "searchTags": "baton, blunt, melee, telescopic, weapon, weapons",
    "image": "images/weapons/melee/blunt/telescopingbaton.p3d.jpg",
    "id": "dzobj_de83j1kg1w"
  },
  {
    "objectName": "telescopingbaton_retracted.p3d",
    "inGameName": "-",
    "category": "weapons",
    "modelType": "Raw P3D",
    "path": "dz/weapons/melee/blunt",
    "usableOnConsole": false,
    "searchTags": "blunt, melee, weapon, weapons",
    "image": "images/weapons/melee/blunt/telescopingbaton_retracted.p3d.jpg",
    "id": "dzobj_xqj9nb9ib0"
  }
]
