[
  {
    "objectName": "BaseballBat",
    "inGameName": "Baseball Bat",
    "category": "weapons",
    "modelType": "Config",
    "path": "dz/weapons/melee/blunt",
    "usableOnConsole": true,
    "searchTags": "blunt, melee, weapon, weapons",
    "image": "images/weapons/melee/blunt/baseballbat.jpg"
  },
  {
    "objectName": "NailedBaseballBat",
    "inGameName": "Nailed Bat",
    "category": "weapons",
    "modelType": "Config",
    "path": "dz/weapons/melee/blunt",
    "usableOnConsole": true,
    "searchTags": "blunt, melee, weapon, weapons",
    "image": "images/weapons/melee/blunt/nailedbaseballbat.jpg"
  },
  {
    "objectName": "BarbedBaseballBat",
    "inGameName": "Barbed Baseball Bat",
    "category": "weapons",
    "modelType": "Config",
    "path": "dz/weapons/melee/blunt",
    "usableOnConsole": true,
    "searchTags": "blunt, melee, weapon, weapons",
    "image": "images/weapons/melee/blunt/barbedbaseballbat.jpg"
  },
  {
    "objectName": "XmasBaseballBat",
    "inGameName": "Festive Baseball Bat",
    "category": "weapons",
    "modelType": "Config",
    "path": "dz/weapons/melee/blunt",
    "usableOnConsole": true,
    "searchTags": "blunt, festive, melee, weapon, weapons",
    "image": "images/weapons/melee/blunt/xmasbaseballbat.jpg"
  },
  {
    "objectName": "PipeWrench",
    "inGameName": "Pipe Wrench",
    "category": "weapons",
    "modelType": "Config",
    "path": "dz/weapons/melee/blunt",
    "usableOnConsole": true,
    "searchTags": "blunt, melee, weapon, weapons",
    "image": "images/weapons/melee/blunt/pipewrench.jpg"
  },
  {
    "objectName": "BrassKnuckles_Dull",
    "inGameName": "Brass Knuckles",
    "category": "weapons",
    "modelType": "Config",
    "path": "dz/weapons/melee/blunt",
    "usableOnConsole": true,
    "searchTags": "blunt, melee, weapon, weapons",
    "image": "images/weapons/melee/blunt/brassknuckles_dull/brassknuckles_dull.jpg"
  },
  {
    "objectName": "BrassKnuckles_Shiny",
    "inGameName": "Brass Knuckles",
    "category": "weapons",
    "modelType": "Config",
    "path": "dz/weapons/melee/blunt",
    "usableOnConsole": true,
    "searchTags": "blunt, melee, weapon, weapons",
    "image": "images/weapons/melee/blunt/brassknuckles_shiny/brassknuckles_shiny.jpg"
  },
  {
    "objectName": "TelescopicBaton",
    "inGameName": "Telescopic Baton",
    "category": "weapons",
    "modelType": "Config",
    "path": "dz/weapons/melee/blunt",
    "usableOnConsole": true,
    "searchTags": "blunt, melee, weapon, weapons",
    "image": "images/weapons/melee/blunt/telescopicbaton.jpg"
  },
  {
    "objectName": "HockeyStick",
    "inGameName": "Hockey Stick",
    "category": "weapons",
    "modelType": "Config",
    "path": "dz/weapons/melee/blunt",
    "usableOnConsole": true,
    "searchTags": "blunt, melee, weapon, weapons",
    "image": "images/weapons/melee/blunt/hockeystick.jpg"
  },
  {
    "objectName": "NewHockeyStick",
    "inGameName": "Ice Hockey Stick",
    "category": "weapons",
    "modelType": "Config",
    "path": "dz/weapons/melee/blunt",
    "usableOnConsole": true,
    "searchTags": "blunt, ice, melee, weapon, weapons",
    "image": "images/weapons/melee/blunt/newhockeystick.jpg"
  },
  {
    "objectName": "PoliceBaton",
    "inGameName": "Police baton",
    "category": "weapons",
    "modelType": "Config",
    "path": "dz/weapons/melee/blunt",
    "usableOnConsole": true,
    "searchTags": "blunt, melee, weapon, weapons",
    "image": "images/weapons/melee/blunt/policebaton.jpg"
  },
  {
    "objectName": "baseballbat.p3d",
    "inGameName": "Baseball Bat",
    "category": "weapons",
    "modelType": "Raw P3D",
    "path": "dz/weapons/melee/blunt",
    "usableOnConsole": false,
    "searchTags": "blunt, melee, weapon, weapons",
    "image": "images/weapons/melee/blunt/baseballbat.p3d.jpg"
  },
  {
    "objectName": "baseballbat_barbed.p3d",
    "inGameName": "Barbed Baseball Bat",
    "category": "weapons",
    "modelType": "Raw P3D",
    "path": "dz/weapons/melee/blunt",
    "usableOnConsole": false,
    "searchTags": "baseball, bat, blunt, melee, weapon, weapons",
    "image": "images/weapons/melee/blunt/baseballbat_barbed.p3d.jpg"
  },
  {
    "objectName": "baseballbat_nailed.p3d",
    "inGameName": "Nailed Bat",
    "category": "weapons",
    "modelType": "Raw P3D",
    "path": "dz/weapons/melee/blunt",
    "usableOnConsole": false,
    "searchTags": "bat, blunt, melee, weapon, weapons",
    "image": "images/weapons/melee/blunt/baseballbat_nailed.p3d.jpg"
  },
  {
    "objectName": "baseballbat_xmas.p3d",
    "inGameName": "Festive Baseball Bat",
    "category": "weapons",
    "modelType": "Raw P3D",
    "path": "dz/weapons/melee/blunt",
    "usableOnConsole": false,
    "searchTags": "baseball, bat, blunt, festive, melee, weapon, weapons",
    "image": "images/weapons/melee/blunt/baseballbat_xmas.p3d.jpg"
  },
  {
    "objectName": "brassknuckles.p3d",
    "inGameName": "Brass Knuckles",
    "category": "weapons",
    "modelType": "Raw P3D",
    "path": "dz/weapons/melee/blunt",
    "usableOnConsole": false,
    "searchTags": "blunt, brass, knuckles, melee, weapon, weapons",
    "image": "images/weapons/melee/blunt/brassknuckles.p3d.jpg"
  },
  {
    "objectName": "hockey_stick.p3d",
    "inGameName": "-",
    "category": "weapons",
    "modelType": "Raw P3D",
    "path": "dz/weapons/melee/blunt",
    "usableOnConsole": false,
    "searchTags": "blunt, melee, weapon, weapons",
    "image": "images/weapons/melee/blunt/hockey_stick.p3d.jpg"
  },
  {
    "objectName": "hockey_stick_peters.p3d",
    "inGameName": "Ice Hockey Stick",
    "category": "weapons",
    "modelType": "Raw P3D",
    "path": "dz/weapons/melee/blunt",
    "usableOnConsole": false,
    "searchTags": "blunt, ice, melee, weapon, weapons",
    "image": "images/weapons/melee/blunt/hockey_stick_peters.p3d.jpg"
  },
  {
    "objectName": "pipewrench.p3d",
    "inGameName": "Pipe Wrench",
    "category": "weapons",
    "modelType": "Raw P3D",
    "path": "dz/weapons/melee/blunt",
    "usableOnConsole": false,
    "searchTags": "blunt, melee, weapon, weapons",
    "image": "images/weapons/melee/blunt/pipewrench.p3d.jpg"
  },
  {
    "objectName": "police_baton.p3d",
    "inGameName": "Police baton",
    "category": "weapons",
    "modelType": "Raw P3D",
    "path": "dz/weapons/melee/blunt",
    "usableOnConsole": false,
    "searchTags": "blunt, melee, weapon, weapons",
    "image": "images/weapons/melee/blunt/police_baton.p3d.jpg"
  },
  {
    "objectName": "telescopingbaton.p3d",
    "inGameName": "Telescopic Baton",
    "category": "weapons",
    "modelType": "Raw P3D",
    "path": "dz/weapons/melee/blunt",
    "usableOnConsole": false,
    "searchTags": "baton, blunt, melee, telescopic, weapon, weapons",
    "image": "images/weapons/melee/blunt/telescopingbaton.p3d.jpg"
  },
  {
    "objectName": "telescopingbaton_retracted.p3d",
    "inGameName": "-",
    "category": "weapons",
    "modelType": "Raw P3D",
    "path": "dz/weapons/melee/blunt",
    "usableOnConsole": false,
    "searchTags": "blunt, melee, weapon, weapons",
    "image": "images/weapons/melee/blunt/telescopingbaton_retracted.p3d.jpg"
  }
]
