[
  {
    "objectName": "StaticObj_Furniture_box_c",
    "inGameName": "-",
    "category": "structures",
    "modelType": "Config",
    "path": "dz/structures/furniture/decoration/box_c",
    "usableOnConsole": true,
    "searchTags": "crate, decoration, storage",
    "image": "images/structures/furniture/decoration/box_c/staticobj_furniture_box_c.jpg",
    "id": "dzobj_je4ncnm0cb"
  },
  {
    "objectName": "StaticObj_Furniture_box_c_multi",
    "inGameName": "-",
    "category": "structures",
    "modelType": "Config",
    "path": "dz/structures/furniture/decoration/box_c",
    "usableOnConsole": true,
    "searchTags": "crate, decoration, storage",
    "image": "images/structures/furniture/decoration/box_c/staticobj_furniture_box_c_multi.jpg",
    "id": "dzobj_xjovcxywvo"
  },
  {
    "objectName": "box_c.p3d",
    "inGameName": "-",
    "category": "structures",
    "modelType": "Raw P3D",
    "path": "dz/structures/furniture/decoration/box_c",
    "usableOnConsole": false,
    "searchTags": "crate, decoration, furniture, storage",
    "image": "images/structures/furniture/decoration/box_c/box_c.p3d.jpg",
    "id": "dzobj_bbkk19acop"
  },
  {
    "objectName": "box_c_multi.p3d",
    "inGameName": "-",
    "category": "structures",
    "modelType": "Raw P3D",
    "path": "dz/structures/furniture/decoration/box_c",
    "usableOnConsole": false,
    "searchTags": "crate, decoration, furniture, storage",
    "image": "images/structures/furniture/decoration/box_c/box_c_multi.p3d.jpg",
    "id": "dzobj_lmqc8wzlhg"
  }
]
