[
  {
    "objectName": "Land_WarheadStorage_Entrance",
    "inGameName": "-",
    "category": "structures_sakhal",
    "modelType": "Config",
    "path": "dz/structures_sakhal/military/storage",
    "usableOnConsole": true,
    "searchTags": "military, sakhal, bunker, underground",
    "image": "images/structures_sakhal/military/storage/land_warheadstorage_entrance.jpg"
  },
  {
    "objectName": "Land_WarheadStorage_Entrance_Roof",
    "inGameName": "-",
    "category": "structures_sakhal",
    "modelType": "Config",
    "path": "dz/structures_sakhal/military/storage",
    "usableOnConsole": true,
    "searchTags": "military, sakhal, bunker, underground",
    "image": "images/structures_sakhal/military/storage/land_warheadstorage_entrance_roof.jpg"
  },
  {
    "objectName": "Land_WarheadStorage_Top",
    "inGameName": "-",
    "category": "structures_sakhal",
    "modelType": "Config",
    "path": "dz/structures_sakhal/military/storage",
    "usableOnConsole": true,
    "searchTags": "military, sakhal, bunker, underground",
    "image": "images/structures_sakhal/military/storage/land_warheadstorage_top.jpg"
  },
  {
    "objectName": "Land_WarheadStorage_Room1",
    "inGameName": "-",
    "category": "structures_sakhal",
    "modelType": "Config",
    "path": "dz/structures_sakhal/military/storage",
    "usableOnConsole": true,
    "searchTags": "military, sakhal, bunker, underground",
    "image": "images/structures_sakhal/military/storage/land_warheadstorage_room1.jpg"
  },
  {
    "objectName": "Land_WarheadStorage_Room2",
    "inGameName": "-",
    "category": "structures_sakhal",
    "modelType": "Config",
    "path": "dz/structures_sakhal/military/storage",
    "usableOnConsole": true,
    "searchTags": "military, sakhal, bunker, underground",
    "image": "images/structures_sakhal/military/storage/land_warheadstorage_room2.jpg"
  },
  {
    "objectName": "Land_WarheadStorage_Room3",
    "inGameName": "-",
    "category": "structures_sakhal",
    "modelType": "Config",
    "path": "dz/structures_sakhal/military/storage",
    "usableOnConsole": true,
    "searchTags": "military, sakhal, bunker, underground",
    "image": "images/structures_sakhal/military/storage/land_warheadstorage_room3.jpg"
  },
  {
    "objectName": "Land_WarheadStorage_Room4",
    "inGameName": "-",
    "category": "structures_sakhal",
    "modelType": "Config",
    "path": "dz/structures_sakhal/military/storage",
    "usableOnConsole": true,
    "searchTags": "military, sakhal, bunker, underground",
    "image": "images/structures_sakhal/military/storage/land_warheadstorage_room4.jpg"
  },
  {
    "objectName": "Land_WarheadStorage_PowerStation",
    "inGameName": "-",
    "category": "structures_sakhal",
    "modelType": "Config",
    "path": "dz/structures_sakhal/military/storage",
    "usableOnConsole": true,
    "searchTags": "military, sakhal, bunker, underground",
    "image": "images/structures_sakhal/military/storage/land_warheadstorage_powerstation.jpg"
  },
  {
    "objectName": "PowerGeneratorStatic",
    "inGameName": "Power Generator",
    "category": "structures_sakhal",
    "modelType": "Config",
    "path": "dz/structures_sakhal/military/storage",
    "usableOnConsole": true,
    "searchTags": "military, sakhal, bunker, underground",
    "image": "images/structures_sakhal/military/storage/powergeneratorstatic.jpg"
  },
  {
    "objectName": "warheadstorage_entrance.p3d",
    "inGameName": "-",
    "category": "structures_sakhal",
    "modelType": "Raw P3D",
    "path": "dz/structures_sakhal/military/storage",
    "usableOnConsole": false,
    "searchTags": "military, sakhal, bunker, underground",
    "image": "images/structures_sakhal/military/storage/warheadstorage_entrance.p3d.jpg"
  },
  {
    "objectName": "warheadstorage_entrance_roof.p3d",
    "inGameName": "-",
    "category": "structures_sakhal",
    "modelType": "Raw P3D",
    "path": "dz/structures_sakhal/military/storage",
    "usableOnConsole": false,
    "searchTags": "military, sakhal, bunker, underground",
    "image": "images/structures_sakhal/military/storage/warheadstorage_entrance_roof.p3d.jpg"
  },
  {
    "objectName": "warheadstorage_entrance_roof_detail1.p3d",
    "inGameName": "-",
    "category": "structures_sakhal",
    "modelType": "Raw P3D",
    "path": "dz/structures_sakhal/military/storage",
    "usableOnConsole": false,
    "searchTags": "military, sakhal, bunker, underground",
    "image": "images/structures_sakhal/military/storage/warheadstorage_entrance_roof_detail1.p3d.jpg"
  },
  {
    "objectName": "warheadstorage_entrance_roof_detail2.p3d",
    "inGameName": "-",
    "category": "structures_sakhal",
    "modelType": "Raw P3D",
    "path": "dz/structures_sakhal/military/storage",
    "usableOnConsole": false,
    "searchTags": "military, sakhal, bunker, underground",
    "image": "images/structures_sakhal/military/storage/warheadstorage_entrance_roof_detail2.p3d.jpg"
  },
  {
    "objectName": "warheadstorage_powerstation.p3d",
    "inGameName": "-",
    "category": "structures_sakhal",
    "modelType": "Raw P3D",
    "path": "dz/structures_sakhal/military/storage",
    "usableOnConsole": false,
    "searchTags": "military, sakhal, bunker, underground",
    "image": "images/structures_sakhal/military/storage/warheadstorage_powerstation.p3d.jpg"
  },
  {
    "objectName": "warheadstorage_powerstation_generator.p3d",
    "inGameName": "Power Generator",
    "category": "structures_sakhal",
    "modelType": "Raw P3D",
    "path": "dz/structures_sakhal/military/storage",
    "usableOnConsole": false,
    "searchTags": "military, sakhal, bunker, underground",
    "image": "images/structures_sakhal/military/storage/warheadstorage_powerstation_generator.p3d.jpg"
  },
  {
    "objectName": "warheadstorage_room1.p3d",
    "inGameName": "-",
    "category": "structures_sakhal",
    "modelType": "Raw P3D",
    "path": "dz/structures_sakhal/military/storage",
    "usableOnConsole": false,
    "searchTags": "military, sakhal, bunker, underground",
    "image": "images/structures_sakhal/military/storage/land_warheadstorage_room1.jpg"
  },
  {
    "objectName": "warheadstorage_room2.p3d",
    "inGameName": "-",
    "category": "structures_sakhal",
    "modelType": "Raw P3D",
    "path": "dz/structures_sakhal/military/storage",
    "usableOnConsole": false,
    "searchTags": "military, sakhal, bunker, underground",
    "image": "images/structures_sakhal/military/storage/land_warheadstorage_room2.jpg"
  },
  {
    "objectName": "warheadstorage_room3.p3d",
    "inGameName": "-",
    "category": "structures_sakhal",
    "modelType": "Raw P3D",
    "path": "dz/structures_sakhal/military/storage",
    "usableOnConsole": false,
    "searchTags": "military, sakhal, bunker, underground",
    "image": "images/structures_sakhal/military/storage/land_warheadstorage_room3.jpg"
  },
  {
    "objectName": "warheadstorage_room4.p3d",
    "inGameName": "-",
    "category": "structures_sakhal",
    "modelType": "Raw P3D",
    "path": "dz/structures_sakhal/military/storage",
    "usableOnConsole": false,
    "searchTags": "military, sakhal, bunker, underground",
    "image": "images/structures_sakhal/military/storage/land_warheadstorage_room4.jpg"
  },
  {
    "objectName": "warheadstorage_top.p3d",
    "inGameName": "-",
    "category": "structures_sakhal",
    "modelType": "Raw P3D",
    "path": "dz/structures_sakhal/military/storage",
    "usableOnConsole": false,
    "searchTags": "military, sakhal, bunker, underground",
    "image": "images/structures_sakhal/military/storage/warheadstorage_top.p3d.jpg"
  },
  {
    "objectName": "Land_WarheadStorage_Main",
    "category": "structures_sakhal",
    "modelType": "Config",
    "path": "dz/structures_sakhal/military/storage",
    "usableOnConsole": true,
    "searchTags": "military, sakhal, bunker, underground",
    "image": "images/structures_sakhal/military/storage/land_warheadstorage_main.jpg"
  }
]
