[
  {
    "objectName": "Land_WarheadStorage_Entrance",
    "inGameName": "-",
    "category": "structures_sakhal",
    "modelType": "Config",
    "path": "dz/structures_sakhal/military/storage",
    "usableOnConsole": true,
    "searchTags": "military, sakhal, bunker, underground",
    "image": "images/structures_sakhal/military/storage/land_warheadstorage_entrance.jpg",
    "id": "dzobj_fljfnpzxa8"
  },
  {
    "objectName": "Land_WarheadStorage_Entrance_Roof",
    "inGameName": "-",
    "category": "structures_sakhal",
    "modelType": "Config",
    "path": "dz/structures_sakhal/military/storage",
    "usableOnConsole": true,
    "searchTags": "military, sakhal, bunker, underground",
    "image": "images/structures_sakhal/military/storage/land_warheadstorage_entrance_roof.jpg",
    "id": "dzobj_rezzdam19l"
  },
  {
    "objectName": "Land_WarheadStorage_Facility",
    "inGameName": "-",
    "category": "structures_sakhal",
    "modelType": "Config",
    "path": "dz/structures_sakhal/military/storage",
    "usableOnConsole": true,
    "searchTags": "military, sakhal, bunker, underground, v1.29",
    "image": "images/structures_sakhal/military/storage/land_warheadstorage_bunker_facility.jpg",
    "id": "dzobj_9dk4zt8fwd"
  },
  {
    "objectName": "Land_WarheadStorage_Top",
    "inGameName": "-",
    "category": "structures_sakhal",
    "modelType": "Config",
    "path": "dz/structures_sakhal/military/storage",
    "usableOnConsole": true,
    "searchTags": "military, sakhal, bunker, underground",
    "image": "images/structures_sakhal/military/storage/land_warheadstorage_top.jpg",
    "id": "dzobj_ezgb7f57jg"
  },
  {
    "objectName": "Land_WarheadStorage_Room1",
    "inGameName": "-",
    "category": "structures_sakhal",
    "modelType": "Config",
    "path": "dz/structures_sakhal/military/storage",
    "usableOnConsole": true,
    "searchTags": "military, sakhal, bunker, underground",
    "image": "images/structures_sakhal/military/storage/land_warheadstorage_room1.jpg",
    "id": "dzobj_7b27nqgpr6"
  },
  {
    "objectName": "Land_WarheadStorage_Room2",
    "inGameName": "-",
    "category": "structures_sakhal",
    "modelType": "Config",
    "path": "dz/structures_sakhal/military/storage",
    "usableOnConsole": true,
    "searchTags": "military, sakhal, bunker, underground",
    "image": "images/structures_sakhal/military/storage/land_warheadstorage_room2.jpg",
    "id": "dzobj_98f15xjo7x"
  },
  {
    "objectName": "Land_WarheadStorage_Room3",
    "inGameName": "-",
    "category": "structures_sakhal",
    "modelType": "Config",
    "path": "dz/structures_sakhal/military/storage",
    "usableOnConsole": true,
    "searchTags": "military, sakhal, bunker, underground",
    "image": "images/structures_sakhal/military/storage/land_warheadstorage_room3.jpg",
    "id": "dzobj_c4b7zs3sz8"
  },
  {
    "objectName": "Land_WarheadStorage_Room4",
    "inGameName": "-",
    "category": "structures_sakhal",
    "modelType": "Config",
    "path": "dz/structures_sakhal/military/storage",
    "usableOnConsole": true,
    "searchTags": "military, sakhal, bunker, underground",
    "image": "images/structures_sakhal/military/storage/land_warheadstorage_room4.jpg",
    "id": "dzobj_lgrypxehrh"
  },
  {
    "objectName": "Land_WarheadStorage_PowerStation",
    "inGameName": "-",
    "category": "structures_sakhal",
    "modelType": "Config",
    "path": "dz/structures_sakhal/military/storage",
    "usableOnConsole": true,
    "searchTags": "military, sakhal, bunker, underground",
    "image": "images/structures_sakhal/military/storage/land_warheadstorage_powerstation.jpg",
    "id": "dzobj_2efhs3kbh7"
  },
  {
    "objectName": "PowerGeneratorStatic",
    "inGameName": "Power Generator",
    "category": "structures_sakhal",
    "modelType": "Config",
    "path": "dz/structures_sakhal/military/storage",
    "usableOnConsole": true,
    "searchTags": "military, sakhal, bunker, underground",
    "image": "images/structures_sakhal/military/storage/powergeneratorstatic.jpg",
    "id": "dzobj_k3wvrv23wh"
  },
  {
    "objectName": "warheadstorage_entrance.p3d",
    "inGameName": "-",
    "category": "structures_sakhal",
    "modelType": "Raw P3D",
    "path": "dz/structures_sakhal/military/storage",
    "usableOnConsole": false,
    "searchTags": "military, sakhal, bunker, underground",
    "image": "images/structures_sakhal/military/storage/warheadstorage_entrance.p3d.jpg",
    "id": "dzobj_mpzla4m3zu"
  },
  {
    "objectName": "warheadstorage_entrance_roof.p3d",
    "inGameName": "-",
    "category": "structures_sakhal",
    "modelType": "Raw P3D",
    "path": "dz/structures_sakhal/military/storage",
    "usableOnConsole": false,
    "searchTags": "military, sakhal, bunker, underground",
    "image": "images/structures_sakhal/military/storage/warheadstorage_entrance_roof.p3d.jpg",
    "id": "dzobj_c03qx05kcs"
  },
  {
    "objectName": "warheadstorage_bunker_facility.p3d",
    "inGameName": "-",
    "category": "structures_sakhal",
    "modelType": "Raw P3D",
    "path": "dz/structures_sakhal/military/storage",
    "usableOnConsole": false,
    "searchTags": "military, sakhal, bunker, underground, v1.29",
    "image": "images/structures_sakhal/military/storage/land_warheadstorage_bunker_facility.jpg",
    "id": "dzobj_r3zk936cho"
  },
  {
    "objectName": "warheadstorage_entrance_roof_detail1.p3d",
    "inGameName": "-",
    "category": "structures_sakhal",
    "modelType": "Raw P3D",
    "path": "dz/structures_sakhal/military/storage",
    "usableOnConsole": false,
    "searchTags": "military, sakhal, bunker, underground",
    "image": "images/structures_sakhal/military/storage/warheadstorage_entrance_roof_detail1.p3d.jpg",
    "id": "dzobj_syptfx23xq"
  },
  {
    "objectName": "warheadstorage_entrance_roof_detail2.p3d",
    "inGameName": "-",
    "category": "structures_sakhal",
    "modelType": "Raw P3D",
    "path": "dz/structures_sakhal/military/storage",
    "usableOnConsole": false,
    "searchTags": "military, sakhal, bunker, underground",
    "image": "images/structures_sakhal/military/storage/warheadstorage_entrance_roof_detail2.p3d.jpg",
    "id": "dzobj_dxl9n9oka0"
  },
  {
    "objectName": "warheadstorage_powerstation.p3d",
    "inGameName": "-",
    "category": "structures_sakhal",
    "modelType": "Raw P3D",
    "path": "dz/structures_sakhal/military/storage",
    "usableOnConsole": false,
    "searchTags": "military, sakhal, bunker, underground",
    "image": "images/structures_sakhal/military/storage/warheadstorage_powerstation.p3d.jpg",
    "id": "dzobj_c0ri69q054"
  },
  {
    "objectName": "warheadstorage_powerstation_generator.p3d",
    "inGameName": "Power Generator",
    "category": "structures_sakhal",
    "modelType": "Raw P3D",
    "path": "dz/structures_sakhal/military/storage",
    "usableOnConsole": false,
    "searchTags": "military, sakhal, bunker, underground",
    "image": "images/structures_sakhal/military/storage/warheadstorage_powerstation_generator.p3d.jpg",
    "id": "dzobj_xav013smdw"
  },
  {
    "objectName": "warheadstorage_room1.p3d",
    "inGameName": "-",
    "category": "structures_sakhal",
    "modelType": "Raw P3D",
    "path": "dz/structures_sakhal/military/storage",
    "usableOnConsole": false,
    "searchTags": "military, sakhal, bunker, underground",
    "image": "images/structures_sakhal/military/storage/land_warheadstorage_room1.jpg",
    "id": "dzobj_p32q9cjcqg"
  },
  {
    "objectName": "warheadstorage_room2.p3d",
    "inGameName": "-",
    "category": "structures_sakhal",
    "modelType": "Raw P3D",
    "path": "dz/structures_sakhal/military/storage",
    "usableOnConsole": false,
    "searchTags": "military, sakhal, bunker, underground",
    "image": "images/structures_sakhal/military/storage/land_warheadstorage_room2.jpg",
    "id": "dzobj_ntov3zz8ge"
  },
  {
    "objectName": "warheadstorage_room3.p3d",
    "inGameName": "-",
    "category": "structures_sakhal",
    "modelType": "Raw P3D",
    "path": "dz/structures_sakhal/military/storage",
    "usableOnConsole": false,
    "searchTags": "military, sakhal, bunker, underground",
    "image": "images/structures_sakhal/military/storage/land_warheadstorage_room3.jpg",
    "id": "dzobj_8hbcopz6np"
  },
  {
    "objectName": "warheadstorage_room4.p3d",
    "inGameName": "-",
    "category": "structures_sakhal",
    "modelType": "Raw P3D",
    "path": "dz/structures_sakhal/military/storage",
    "usableOnConsole": false,
    "searchTags": "military, sakhal, bunker, underground",
    "image": "images/structures_sakhal/military/storage/land_warheadstorage_room4.jpg",
    "id": "dzobj_qdl0stq7yd"
  },
  {
    "objectName": "warheadstorage_top.p3d",
    "inGameName": "-",
    "category": "structures_sakhal",
    "modelType": "Raw P3D",
    "path": "dz/structures_sakhal/military/storage",
    "usableOnConsole": false,
    "searchTags": "military, sakhal, bunker, underground",
    "image": "images/structures_sakhal/military/storage/warheadstorage_top.p3d.jpg",
    "id": "dzobj_uxhy0hwbiq"
  },
  {
    "objectName": "Land_WarheadStorage_Main",
    "category": "structures_sakhal",
    "modelType": "Config",
    "path": "dz/structures_sakhal/military/storage",
    "usableOnConsole": true,
    "searchTags": "military, sakhal, bunker, underground",
    "image": "images/structures_sakhal/military/storage/land_warheadstorage_main.jpg",
    "id": "dzobj_4k8p1ifwnp"
  }
]
