[
  {
    "objectName": "Scout",
    "inGameName": "Pioneer",
    "category": "weapons",
    "modelType": "Config",
    "path": "dz/weapons/firearms/scout",
    "usableOnConsole": true,
    "searchTags": "rifles, 5.56x45",
    "image": "images/weapons/firearms/scout.jpg",
    "id": "dzobj_xop3x07r84"
  },
  {
    "objectName": "scout.p3d",
    "inGameName": "Pioneer",
    "category": "weapons",
    "modelType": "Raw P3D",
    "path": "dz/weapons/firearms/scout",
    "usableOnConsole": false,
    "searchTags": "rifles, 5.56x45",
    "image": "images/weapons/firearms/dzweaponsfirearmsscoutscout.p3d.jpg",
    "id": "dzobj_70e75lv71n"
  },
  {
    "objectName": "Scout_Chernarus",
    "inGameName": "Pioneer",
    "category": "weapons",
    "modelType": "Config",
    "path": "dz/weapons/firearms/scout",
    "usableOnConsole": true,
    "searchTags": "rifles, 5.56x45",
    "image": "images/weapons/firearms/scout.jpg",
    "id": "dzobj_2m1xgdnryv"
  },
  {
    "objectName": "Scout_Livonia",
    "inGameName": "Pioneer",
    "category": "weapons",
    "modelType": "Config",
    "path": "dz/weapons/firearms/scout",
    "usableOnConsole": true,
    "searchTags": "rifles, 5.56x45",
    "image": "images/weapons/firearms/scout.jpg",
    "id": "dzobj_wd84peoyo1"
  }
]
