[
  {
    "objectName": "StaticObj_Smokestack_Big_Ruin_Bottom",
    "inGameName": "-",
    "category": "structures_bliss",
    "modelType": "Config",
    "path": "dz/structures_bliss/industrial/smokestacks",
    "usableOnConsole": true,
    "searchTags": "livoniaa, industrial, smokestacks, chimney",
    "image": "images/structures_bliss/industrial/smokestacks/staticobj_smokestack_big_ruin_bottom.jpg",
    "id": "dzobj_8yp743ktas"
  },
  {
    "objectName": "StaticObj_Smokestack_Big_Ruin_Low",
    "inGameName": "-",
    "category": "structures_bliss",
    "modelType": "Config",
    "path": "dz/structures_bliss/industrial/smokestacks",
    "usableOnConsole": true,
    "searchTags": "livoniaa, industrial, smokestacks, chimney",
    "image": "images/structures_bliss/industrial/smokestacks/staticobj_smokestack_big_ruin_low.jpg",
    "id": "dzobj_oqa4a4kw7m"
  },
  {
    "objectName": "StaticObj_Smokestack_Big_Ruin_Mid",
    "inGameName": "-",
    "category": "structures_bliss",
    "modelType": "Config",
    "path": "dz/structures_bliss/industrial/smokestacks",
    "usableOnConsole": true,
    "searchTags": "livoniaa, industrial, smokestacks, chimney",
    "image": "images/structures_bliss/industrial/smokestacks/staticobj_smokestack_big_ruin_mid.jpg",
    "id": "dzobj_hj3vccp0iz"
  },
  {
    "objectName": "StaticObj_Smokestack_Big_Ruin_Up",
    "inGameName": "-",
    "category": "structures_bliss",
    "modelType": "Config",
    "path": "dz/structures_bliss/industrial/smokestacks",
    "usableOnConsole": true,
    "searchTags": "livoniaa, industrial, smokestacks, chimney",
    "image": "images/structures_bliss/industrial/smokestacks/staticobj_smokestack_big_ruin_up.jpg",
    "id": "dzobj_giwie2s4rz"
  },
  {
    "objectName": "smokestack_big_ruin_bottom.p3d",
    "inGameName": "-",
    "category": "structures_bliss",
    "modelType": "Raw P3D",
    "path": "dz/structures_bliss/industrial/smokestacks",
    "usableOnConsole": false,
    "searchTags": "livoniaa, industrial, smokestacks, chimney",
    "image": "images/structures_bliss/industrial/smokestacks/staticobj_smokestack_big_ruin_bottom.jpg",
    "id": "dzobj_z036ofyntq"
  },
  {
    "objectName": "smokestack_big_ruin_low.p3d",
    "inGameName": "-",
    "category": "structures_bliss",
    "modelType": "Raw P3D",
    "path": "dz/structures_bliss/industrial/smokestacks",
    "usableOnConsole": false,
    "searchTags": "livoniaa, industrial, smokestacks, chimney",
    "image": "images/structures_bliss/industrial/smokestacks/staticobj_smokestack_big_ruin_low.jpg",
    "id": "dzobj_g6n3zahher"
  },
  {
    "objectName": "smokestack_big_ruin_mid.p3d",
    "inGameName": "-",
    "category": "structures_bliss",
    "modelType": "Raw P3D",
    "path": "dz/structures_bliss/industrial/smokestacks",
    "usableOnConsole": false,
    "searchTags": "livoniaa, industrial, smokestacks, chimney",
    "image": "images/structures_bliss/industrial/smokestacks/staticobj_smokestack_big_ruin_mid.jpg",
    "id": "dzobj_h36fp97g4j"
  },
  {
    "objectName": "smokestack_big_ruin_up.p3d",
    "inGameName": "-",
    "category": "structures_bliss",
    "modelType": "Raw P3D",
    "path": "dz/structures_bliss/industrial/smokestacks",
    "usableOnConsole": false,
    "searchTags": "livoniaa, industrial, smokestacks, chimney",
    "image": "images/structures_bliss/industrial/smokestacks/staticobj_smokestack_big_ruin_up.jpg",
    "id": "dzobj_5vmamjju3n"
  }
]
