[
  {
    "objectName": "StaticObj_Smokestack_Big_Ruin_Bottom",
    "inGameName": "-",
    "category": "structures_bliss",
    "modelType": "Config",
    "path": "dz/structures_bliss/industrial/smokestacks",
    "usableOnConsole": true,
    "searchTags": "livoniaa, industrial, smokestacks, chimney",
    "image": "images/structures_bliss/industrial/smokestacks/staticobj_smokestack_big_ruin_bottom.jpg"
  },
  {
    "objectName": "StaticObj_Smokestack_Big_Ruin_Low",
    "inGameName": "-",
    "category": "structures_bliss",
    "modelType": "Config",
    "path": "dz/structures_bliss/industrial/smokestacks",
    "usableOnConsole": true,
    "searchTags": "livoniaa, industrial, smokestacks, chimney",
    "image": "images/structures_bliss/industrial/smokestacks/staticobj_smokestack_big_ruin_low.jpg"
  },
  {
    "objectName": "StaticObj_Smokestack_Big_Ruin_Mid",
    "inGameName": "-",
    "category": "structures_bliss",
    "modelType": "Config",
    "path": "dz/structures_bliss/industrial/smokestacks",
    "usableOnConsole": true,
    "searchTags": "livoniaa, industrial, smokestacks, chimney",
    "image": "images/structures_bliss/industrial/smokestacks/staticobj_smokestack_big_ruin_mid.jpg"
  },
  {
    "objectName": "StaticObj_Smokestack_Big_Ruin_Up",
    "inGameName": "-",
    "category": "structures_bliss",
    "modelType": "Config",
    "path": "dz/structures_bliss/industrial/smokestacks",
    "usableOnConsole": true,
    "searchTags": "livoniaa, industrial, smokestacks, chimney",
    "image": "images/structures_bliss/industrial/smokestacks/staticobj_smokestack_big_ruin_up.jpg"
  },
  {
    "objectName": "smokestack_big_ruin_bottom.p3d",
    "inGameName": "-",
    "category": "structures_bliss",
    "modelType": "Raw P3D",
    "path": "dz/structures_bliss/industrial/smokestacks",
    "usableOnConsole": false,
    "searchTags": "livoniaa, industrial, smokestacks, chimney",
    "image": "images/structures_bliss/industrial/smokestacks/staticobj_smokestack_big_ruin_bottom.jpg"
  },
  {
    "objectName": "smokestack_big_ruin_low.p3d",
    "inGameName": "-",
    "category": "structures_bliss",
    "modelType": "Raw P3D",
    "path": "dz/structures_bliss/industrial/smokestacks",
    "usableOnConsole": false,
    "searchTags": "livoniaa, industrial, smokestacks, chimney",
    "image": "images/structures_bliss/industrial/smokestacks/staticobj_smokestack_big_ruin_low.jpg"
  },
  {
    "objectName": "smokestack_big_ruin_mid.p3d",
    "inGameName": "-",
    "category": "structures_bliss",
    "modelType": "Raw P3D",
    "path": "dz/structures_bliss/industrial/smokestacks",
    "usableOnConsole": false,
    "searchTags": "livoniaa, industrial, smokestacks, chimney",
    "image": "images/structures_bliss/industrial/smokestacks/staticobj_smokestack_big_ruin_mid.jpg"
  },
  {
    "objectName": "smokestack_big_ruin_up.p3d",
    "inGameName": "-",
    "category": "structures_bliss",
    "modelType": "Raw P3D",
    "path": "dz/structures_bliss/industrial/smokestacks",
    "usableOnConsole": false,
    "searchTags": "livoniaa, industrial, smokestacks, chimney",
    "image": "images/structures_bliss/industrial/smokestacks/staticobj_smokestack_big_ruin_up.jpg"
  }
]
