[
  {
    "objectName": "M79",
    "inGameName": "M79",
    "category": "weapons",
    "modelType": "Config",
    "path": "dz/weapons/launchers/m79",
    "usableOnConsole": true,
    "searchTags": "launchers, weapon, weapons",
    "image": "images/weapons/launchers/m79/m79.jpg"
  },
  {
    "objectName": "m79.p3d",
    "inGameName": "M79",
    "category": "weapons",
    "modelType": "Raw P3D",
    "path": "dz/weapons/launchers/m79",
    "usableOnConsole": false,
    "searchTags": "launchers, weapon, weapons",
    "image": "images/weapons/launchers/m79/m79.p3d.jpg"
  }
]
