[
  {
    "objectName": "StaticObj_Misc_CinderBlocks",
    "inGameName": "-",
    "category": "structures_bliss",
    "modelType": "Config",
    "path": "dz/structures_bliss/industrial/misc",
    "usableOnConsole": true,
    "searchTags": "livoniaa, industrial, decoration",
    "image": "images/structures_bliss/industrial/misc/staticobj_misc_cinderblocks.jpg",
    "id": "dzobj_hsf3het63m"
  },
  {
    "objectName": "StaticObj_Misc_HayBale_Packed",
    "inGameName": "-",
    "category": "structures_bliss",
    "modelType": "Config",
    "path": "dz/structures_bliss/industrial/misc",
    "usableOnConsole": true,
    "searchTags": "livoniaa, industrial, farming",
    "image": "images/structures_bliss/industrial/misc/staticobj_misc_haybale_packed.jpg",
    "id": "dzobj_6dz74esyzg"
  },
  {
    "objectName": "StaticObj_Misc_HayBale_Packed_Stack",
    "inGameName": "-",
    "category": "structures_bliss",
    "modelType": "Config",
    "path": "dz/structures_bliss/industrial/misc",
    "usableOnConsole": true,
    "searchTags": "livoniaa, industrial, farming",
    "image": "images/structures_bliss/industrial/misc/staticobj_misc_haybale_packed_stack.jpg",
    "id": "dzobj_ydq0iad5ys"
  },
  {
    "objectName": "StaticObj_Misc_SurveyMarker_Cover",
    "inGameName": "-",
    "category": "structures_bliss",
    "modelType": "Config",
    "path": "dz/structures_bliss/industrial/misc",
    "usableOnConsole": true,
    "searchTags": "livoniaa, industrial",
    "image": "images/structures_bliss/industrial/misc/staticobj_misc_surveymarker_cover.jpg",
    "id": "dzobj_pldnckxon5"
  },
  {
    "objectName": "StaticObj_Misc_SurveyMarker_Post",
    "inGameName": "-",
    "category": "structures_bliss",
    "modelType": "Config",
    "path": "dz/structures_bliss/industrial/misc",
    "usableOnConsole": true,
    "searchTags": "livoniaa, industrial",
    "image": "images/structures_bliss/industrial/misc/staticobj_misc_surveymarker_post.jpg",
    "id": "dzobj_6bu3p5oxbv"
  },
  {
    "objectName": "StaticObj_Misc_SurveyMarker_Rod",
    "inGameName": "-",
    "category": "structures_bliss",
    "modelType": "Config",
    "path": "dz/structures_bliss/industrial/misc",
    "usableOnConsole": true,
    "searchTags": "livoniaa, industrial",
    "image": "images/structures_bliss/industrial/misc/staticobj_misc_surveymarker_rod.jpg",
    "id": "dzobj_tvzzwar7vt"
  },
  {
    "objectName": "StaticObj_Misc_Tire",
    "inGameName": "-",
    "category": "structures_bliss",
    "modelType": "Config",
    "path": "dz/structures_bliss/industrial/misc",
    "usableOnConsole": true,
    "searchTags": "livoniaa, industrial, tyre",
    "image": "images/structures_bliss/industrial/misc/staticobj_misc_tire.jpg",
    "id": "dzobj_ude3epduzo"
  },
  {
    "objectName": "StaticObj_Misc_TirePile_Large",
    "inGameName": "-",
    "category": "structures_bliss",
    "modelType": "Config",
    "path": "dz/structures_bliss/industrial/misc",
    "usableOnConsole": true,
    "searchTags": "livoniaa, industrial, tyre",
    "image": "images/structures_bliss/industrial/misc/staticobj_misc_tirepile_large.jpg",
    "id": "dzobj_jshf7d98sz"
  },
  {
    "objectName": "StaticObj_Misc_Transformer",
    "inGameName": "-",
    "category": "structures_bliss",
    "modelType": "Config",
    "path": "dz/structures_bliss/industrial/misc",
    "usableOnConsole": true,
    "searchTags": "livoniaa, industrial, power",
    "image": "images/structures_bliss/industrial/misc/misc_transformer.jpg",
    "id": "dzobj_gpljlfg5yj"
  },
  {
    "objectName": "misc_cinderblocks.p3d",
    "inGameName": "-",
    "category": "structures_bliss",
    "modelType": "Raw P3D",
    "path": "dz/structures_bliss/industrial/misc",
    "usableOnConsole": false,
    "searchTags": "livonia, industrial, decoration",
    "image": "images/structures_bliss/industrial/misc/staticobj_misc_cinderblocks.jpg",
    "id": "dzobj_cyji98z9ft"
  },
  {
    "objectName": "misc_drainage.p3d",
    "inGameName": "-",
    "category": "structures_bliss",
    "modelType": "Raw P3D",
    "path": "dz/structures_bliss/industrial/misc",
    "usableOnConsole": false,
    "searchTags": "drain_pipe, sewers, infrastructure, pipes, city, residential",
    "image": "images/structures/industrial/misc/staticobj_misc_drainage.jpg",
    "id": "dzobj_g5uu3mrjov"
  },
  {
    "objectName": "misc_haybale_packed.p3d",
    "inGameName": "-",
    "category": "structures_bliss",
    "modelType": "Raw P3D",
    "path": "dz/structures_bliss/industrial/misc",
    "usableOnConsole": false,
    "searchTags": "livonia, industrial, farming",
    "image": "images/structures_bliss/industrial/misc/staticobj_misc_haybale_packed.jpg",
    "id": "dzobj_evhgmhokre"
  },
  {
    "objectName": "misc_haybale_packed_stack.p3d",
    "inGameName": "-",
    "category": "structures_bliss",
    "modelType": "Raw P3D",
    "path": "dz/structures_bliss/industrial/misc",
    "usableOnConsole": false,
    "searchTags": "livonia, industrial, farming",
    "image": "images/structures_bliss/industrial/misc/staticobj_misc_haybale_packed_stack.jpg",
    "id": "dzobj_ragi82w7yt"
  },
  {
    "objectName": "misc_surveymarker_cover.p3d",
    "inGameName": "-",
    "category": "structures_bliss",
    "modelType": "Raw P3D",
    "path": "dz/structures_bliss/industrial/misc",
    "usableOnConsole": false,
    "searchTags": "livonia, industrial",
    "image": "images/structures_bliss/industrial/misc/staticobj_misc_surveymarker_cover.jpg",
    "id": "dzobj_ynjlysz4vb"
  },
  {
    "objectName": "misc_surveymarker_post.p3d",
    "inGameName": "-",
    "category": "structures_bliss",
    "modelType": "Raw P3D",
    "path": "dz/structures_bliss/industrial/misc",
    "usableOnConsole": false,
    "searchTags": "livonia, industrial",
    "image": "images/structures_bliss/industrial/misc/staticobj_misc_surveymarker_post.jpg",
    "id": "dzobj_r5cabdlky0"
  },
  {
    "objectName": "misc_surveymarker_rod.p3d",
    "inGameName": "-",
    "category": "structures_bliss",
    "modelType": "Raw P3D",
    "path": "dz/structures_bliss/industrial/misc",
    "usableOnConsole": false,
    "searchTags": "livonia, industrial",
    "image": "images/structures_bliss/industrial/misc/staticobj_misc_surveymarker_rod.jpg",
    "id": "dzobj_gv0enul8qq"
  },
  {
    "objectName": "misc_tire.p3d",
    "inGameName": "-",
    "category": "structures_bliss",
    "modelType": "Raw P3D",
    "path": "dz/structures_bliss/industrial/misc",
    "usableOnConsole": false,
    "searchTags": "livonia, industrial, tyre",
    "image": "images/structures_bliss/industrial/misc/staticobj_misc_tire.jpg",
    "id": "dzobj_w62tgh85cg"
  },
  {
    "objectName": "misc_tirepile_large.p3d",
    "inGameName": "-",
    "category": "structures_bliss",
    "modelType": "Raw P3D",
    "path": "dz/structures_bliss/industrial/misc",
    "usableOnConsole": false,
    "searchTags": "livonia, industrial, tyre",
    "image": "images/structures_bliss/industrial/misc/staticobj_misc_tirepile_large.jpg",
    "id": "dzobj_6ui19fe34e"
  },
  {
    "objectName": "misc_transformer.p3d",
    "inGameName": "-",
    "category": "structures_bliss",
    "modelType": "Raw P3D",
    "path": "dz/structures_bliss/industrial/misc",
    "usableOnConsole": false,
    "searchTags": "livonia, industrial, power",
    "image": "images/structures_bliss/industrial/misc/misc_transformer.jpg",
    "id": "dzobj_6fvnt3qdl4"
  }
]
