[
  {
    "objectName": "pm73rak.p3d",
    "inGameName": "-",
    "category": "weapons",
    "modelType": "Raw P3D",
    "path": "dz/weapons/firearms/pm73rak",
    "usableOnConsole": false,
    "searchTags": "firearms, weapon, weapons",
    "image": "images/weapons/firearms/pm73rak/pm73rak.p3d.jpg",
    "id": "dzobj_vlcze6shqd"
  },
  {
    "objectName": "PM73Rak",
    "inGameName": "Rak-37",
    "category": "weapons",
    "modelType": "Config",
    "path": "dz/weapons/firearms/pm73rak",
    "usableOnConsole": false,
    "searchTags": "firearms, weapon, weapons",
    "image": "images/weapons/firearms/pm73rak/pm73rak.p3d.jpg",
    "id": "dzobj_btqvv4961l"
  }
]
