[
  {
    "objectName": "Land_Misc_Scaffolding",
    "inGameName": "-",
    "category": "structures",
    "modelType": "Config",
    "path": "dz/structures/industrial/misc",
    "usableOnConsole": true,
    "searchTags": "metal, construction, frame",
    "image": "images/structures/industrial/misc/land_misc_scaffolding.jpg",
    "id": "dzobj_qtrl3ckx50"
  },
  {
    "objectName": "Land_Misc_Through_Static",
    "inGameName": "-",
    "category": "structures",
    "modelType": "Config",
    "path": "dz/structures/industrial/misc",
    "usableOnConsole": true,
    "searchTags": "animal, farm, feeding, water",
    "image": "images/structures/industrial/misc/land_misc_through_static.jpg",
    "id": "dzobj_6jx4ywm6gm"
  },
  {
    "objectName": "Misc_Spotlight",
    "inGameName": "-",
    "category": "structures",
    "modelType": "Config",
    "path": "dz/structures/industrial/misc",
    "usableOnConsole": true,
    "searchTags": "light, lamp, illuminate, shine",
    "image": "images/structures/industrial/misc/misc_spotlight.jpg",
    "id": "dzobj_zhr84i2ew4"
  },
  {
    "objectName": "StaticObj_Lamp_Ind",
    "inGameName": "-",
    "category": "structures",
    "modelType": "Config",
    "path": "dz/structures/industrial/misc",
    "usableOnConsole": true,
    "searchTags": "street_light, street_lamp, metal, lantern, floodlight, city, residential",
    "image": "images/structures/industrial/misc/staticobj_lamp_ind.jpg",
    "id": "dzobj_tzg892jhgn"
  },
  {
    "objectName": "StaticObj_Lamp_Rail",
    "inGameName": "-",
    "category": "structures",
    "modelType": "Config",
    "path": "dz/structures/industrial/misc",
    "usableOnConsole": true,
    "searchTags": "street_light, street_lamp, metal, lantern, floodlight, city, residential, climb, ladder",
    "image": "images/structures/industrial/misc/staticobj_lamp_rail.jpg",
    "id": "dzobj_gqih9nwwk9"
  },
  {
    "objectName": "StaticObj_Misc_BoardsPack1",
    "inGameName": "-",
    "category": "structures",
    "modelType": "Config",
    "path": "dz/structures/industrial/misc",
    "usableOnConsole": true,
    "searchTags": "wood, package, delivery, fright, crate, white",
    "image": "images/structures/industrial/misc/staticobj_misc_boardspack1.jpg",
    "id": "dzobj_l9f0ufb3gc"
  },
  {
    "objectName": "StaticObj_Misc_BoardsPack2",
    "inGameName": "-",
    "category": "structures",
    "modelType": "Config",
    "path": "dz/structures/industrial/misc",
    "usableOnConsole": true,
    "searchTags": "wood, package, delivery, fright, crate, white",
    "image": "images/structures/industrial/misc/staticobj_misc_boardspack2.jpg",
    "id": "dzobj_dltj9ahwdn"
  },
  {
    "objectName": "StaticObj_Misc_BoardsPack3",
    "inGameName": "-",
    "category": "structures",
    "modelType": "Config",
    "path": "dz/structures/industrial/misc",
    "usableOnConsole": true,
    "searchTags": "wood, package, delivery, fright, crate, white",
    "image": "images/structures/industrial/misc/staticobj_misc_boardspack3.jpg",
    "id": "dzobj_oc05fntvo8"
  },
  {
    "objectName": "StaticObj_Misc_Coil",
    "inGameName": "-",
    "category": "structures",
    "modelType": "Config",
    "path": "dz/structures/industrial/misc",
    "usableOnConsole": true,
    "searchTags": "cable, metal, roll, steel, wire, empty",
    "image": "images/structures/industrial/misc/staticobj_misc_coil.jpg",
    "id": "dzobj_k0sr7pkm7u"
  },
  {
    "objectName": "StaticObj_Misc_ConcretePanels",
    "inGameName": "-",
    "category": "structures",
    "modelType": "Config",
    "path": "dz/structures/industrial/misc",
    "usableOnConsole": true,
    "searchTags": "stacked, construction, concrete, ",
    "image": "images/structures/industrial/misc/staticobj_misc_concretepanels.jpg",
    "id": "dzobj_gkh6egj7u5"
  },
  {
    "objectName": "StaticObj_Misc_ConcretePipe",
    "inGameName": "-",
    "category": "structures",
    "modelType": "Config",
    "path": "dz/structures/industrial/misc",
    "usableOnConsole": true,
    "searchTags": "grate, pipe, metal, sewers, water, underground, construction",
    "image": "images/structures/industrial/misc/staticobj_misc_concretepipe.jpg",
    "id": "dzobj_wx3t4az8yh"
  },
  {
    "objectName": "StaticObj_Misc_ConcretePipe_Gate",
    "inGameName": "-",
    "category": "structures",
    "modelType": "Config",
    "path": "dz/structures/industrial/misc",
    "usableOnConsole": true,
    "searchTags": "grate, pipe, metal, sewers, water, underground, construction",
    "image": "images/structures/industrial/misc/staticobj_misc_concretepipe_gate.jpg",
    "id": "dzobj_amxfa0f6sq"
  },
  {
    "objectName": "StaticObj_Misc_Drainage",
    "inGameName": "-",
    "category": "structures",
    "modelType": "Config",
    "path": "dz/structures/industrial/misc",
    "usableOnConsole": true,
    "searchTags": "drain_pipe, sewers, infrastructure, pipes, city, residential",
    "image": "images/structures/industrial/misc/staticobj_misc_drainage.jpg",
    "id": "dzobj_563x8h26rz"
  },
  {
    "objectName": "StaticObj_Misc_GContainer_Big",
    "inGameName": "-",
    "category": "structures",
    "modelType": "Config",
    "path": "dz/structures/industrial/misc",
    "usableOnConsole": true,
    "searchTags": "garbage, bin, dump, skip, rubbish, city, construction",
    "image": "images/structures/industrial/misc/staticobj_misc_gcontainer_big.jpg",
    "id": "dzobj_de4g6b7hlt"
  },
  {
    "objectName": "StaticObj_Misc_HayBale",
    "inGameName": "-",
    "category": "structures",
    "modelType": "Config",
    "path": "dz/structures/industrial/misc",
    "usableOnConsole": true,
    "searchTags": "farm, field, animal, feed",
    "image": "images/structures/industrial/misc/staticobj_misc_haybale.jpg",
    "id": "dzobj_mlegeyvpig"
  },
  {
    "objectName": "StaticObj_Misc_HayBale_Decayed",
    "inGameName": "-",
    "category": "structures",
    "modelType": "Config",
    "path": "dz/structures/industrial/misc",
    "usableOnConsole": true,
    "searchTags": "farm, field, animal, feed, rotten, damaged",
    "image": "images/structures/industrial/misc/staticobj_misc_haybale_decayed.jpg",
    "id": "dzobj_cudv28l222"
  },
  {
    "objectName": "StaticObj_Misc_Pallet",
    "inGameName": "-",
    "category": "structures",
    "modelType": "Config",
    "path": "dz/structures/industrial/misc",
    "usableOnConsole": true,
    "searchTags": "wooden, freight, single, panel",
    "image": "images/structures/industrial/misc/staticobj_misc_pallet.jpg",
    "id": "dzobj_kf43zdobns"
  },
  {
    "objectName": "StaticObj_Misc_Pallets1",
    "inGameName": "-",
    "category": "structures",
    "modelType": "Config",
    "path": "dz/structures/industrial/misc",
    "usableOnConsole": true,
    "searchTags": "wooden, freight, triple, panel",
    "image": "images/structures/industrial/misc/staticobj_misc_pallets1.jpg",
    "id": "dzobj_oevo9dlf1e"
  },
  {
    "objectName": "StaticObj_Misc_Pallets2",
    "inGameName": "-",
    "category": "structures",
    "modelType": "Config",
    "path": "dz/structures/industrial/misc",
    "usableOnConsole": true,
    "searchTags": "wooden, freight, triple, panel",
    "image": "images/structures/industrial/misc/staticobj_misc_pallets2.jpg",
    "id": "dzobj_mengkomscy"
  },
  {
    "objectName": "StaticObj_Misc_Pallets3",
    "inGameName": "-",
    "category": "structures",
    "modelType": "Config",
    "path": "dz/structures/industrial/misc",
    "usableOnConsole": true,
    "searchTags": "wooden, freight, stacked, pile, panel",
    "image": "images/structures/industrial/misc/staticobj_misc_pallets3.jpg",
    "id": "dzobj_l0m3tsj3i3"
  },
  {
    "objectName": "StaticObj_Misc_Pipes",
    "inGameName": "-",
    "category": "structures",
    "modelType": "Config",
    "path": "dz/structures/industrial/misc",
    "usableOnConsole": true,
    "searchTags": "pipes, water, underground, multiple, sewers",
    "image": "images/structures/industrial/misc/staticobj_misc_pipes.jpg",
    "id": "dzobj_z0eeac6np7"
  },
  {
    "objectName": "StaticObj_Misc_Pipes_2",
    "inGameName": "-",
    "category": "structures",
    "modelType": "Config",
    "path": "dz/structures/industrial/misc",
    "usableOnConsole": true,
    "searchTags": "pipes, water, underground, double, sewers",
    "image": "images/structures/industrial/misc/staticobj_misc_pipes_2.jpg",
    "id": "dzobj_xz06gr8lnj"
  },
  {
    "objectName": "StaticObj_Misc_Through_Trailer",
    "inGameName": "-",
    "category": "structures",
    "modelType": "Config",
    "path": "dz/structures/industrial/misc",
    "usableOnConsole": true,
    "searchTags": "animal, farm, feeding, water, tractor",
    "image": "images/structures/industrial/misc/staticobj_misc_through_trailer.jpg",
    "id": "dzobj_kg2ab9bm7r"
  },
  {
    "objectName": "StaticObj_Misc_Timbers_Log1",
    "inGameName": "-",
    "category": "structures",
    "modelType": "Config",
    "path": "dz/structures/industrial/misc",
    "usableOnConsole": true,
    "searchTags": "single, wooden, log, wood, one, forest, chopped, tree, horizontal",
    "image": "images/structures/industrial/misc/staticobj_misc_timbers_log1.jpg",
    "id": "dzobj_23n8gfsd3c"
  },
  {
    "objectName": "StaticObj_Misc_Timbers_Log2",
    "inGameName": "-",
    "category": "structures",
    "modelType": "Config",
    "path": "dz/structures/industrial/misc",
    "usableOnConsole": true,
    "searchTags": "single, wooden, log, wood, one, forest, chopped, tree, horizontal, long, medium",
    "image": "images/structures/industrial/misc/staticobj_misc_timbers_log2.jpg",
    "id": "dzobj_iewqf425jg"
  },
  {
    "objectName": "StaticObj_Misc_Timbers_Log3",
    "inGameName": "-",
    "category": "structures",
    "modelType": "Config",
    "path": "dz/structures/industrial/misc",
    "usableOnConsole": true,
    "searchTags": "single, wooden, log, wood, one, forest, chopped, tree, horizontal, long, large",
    "image": "images/structures/industrial/misc/staticobj_misc_timbers_log3.jpg",
    "id": "dzobj_uxf56xatak"
  },
  {
    "objectName": "StaticObj_Misc_Timbers_Log4",
    "inGameName": "-",
    "category": "structures",
    "modelType": "Config",
    "path": "dz/structures/industrial/misc",
    "usableOnConsole": true,
    "searchTags": "single, wooden, log, wood, one, forest, chopped, tree, horizontal, short, small",
    "image": "images/structures/industrial/misc/staticobj_misc_timbers_log4.jpg",
    "id": "dzobj_qnwa5mhevt"
  },
  {
    "objectName": "StaticObj_Misc_Timbers_Log5",
    "inGameName": "-",
    "category": "structures",
    "modelType": "Config",
    "path": "dz/structures/industrial/misc",
    "usableOnConsole": true,
    "searchTags": "single, wooden, log, wood, one, forest, chopped, tree, vertical, long, large",
    "image": "images/structures/industrial/misc/staticobj_misc_timbers_log5.jpg",
    "id": "dzobj_twla608p11"
  },
  {
    "objectName": "StaticObj_Misc_Timbers1",
    "inGameName": "-",
    "category": "structures",
    "modelType": "Config",
    "path": "dz/structures/industrial/misc",
    "usableOnConsole": true,
    "searchTags": "stacked, pile, wood, log, forest, chopped, tree, horizontal",
    "image": "images/structures/industrial/misc/staticobj_misc_timbers1.jpg",
    "id": "dzobj_14pjc9nopv"
  },
  {
    "objectName": "StaticObj_Misc_Timbers2",
    "inGameName": "-",
    "category": "structures",
    "modelType": "Config",
    "path": "dz/structures/industrial/misc",
    "usableOnConsole": true,
    "searchTags": "stacked, pile, wood, log, forest, chopped, tree, horizontal",
    "image": "images/structures/industrial/misc/staticobj_misc_timbers2.jpg",
    "id": "dzobj_4b6ivshqn3"
  },
  {
    "objectName": "StaticObj_Misc_Timbers3",
    "inGameName": "-",
    "category": "structures",
    "modelType": "Config",
    "path": "dz/structures/industrial/misc",
    "usableOnConsole": true,
    "searchTags": "stacked, pile, wood, log, forest, chopped, tree, horizontal",
    "image": "images/structures/industrial/misc/staticobj_misc_timbers3.jpg",
    "id": "dzobj_22rupkt7q9"
  },
  {
    "objectName": "StaticObj_Misc_Timbers4",
    "inGameName": "-",
    "category": "structures",
    "modelType": "Config",
    "path": "dz/structures/industrial/misc",
    "usableOnConsole": true,
    "searchTags": "wood, log, lumber",
    "image": "images/structures/industrial/misc/staticobj_misc_timbers4.jpg",
    "id": "dzobj_sd5ktdowok"
  },
  {
    "objectName": "StaticObj_Misc_TirePile",
    "inGameName": "-",
    "category": "structures",
    "modelType": "Config",
    "path": "dz/structures/industrial/misc",
    "usableOnConsole": true,
    "searchTags": "tyre, single, rubber, wheel, vehicle, stacked",
    "image": "images/structures/industrial/misc/staticobj_misc_tirepile.jpg",
    "id": "dzobj_qq02i54aot"
  },
  {
    "objectName": "StaticObj_Misc_TirePile_Group",
    "inGameName": "-",
    "category": "structures",
    "modelType": "Config",
    "path": "dz/structures/industrial/misc",
    "usableOnConsole": true,
    "searchTags": "tyre, triple, rubber, wheel, vehicle, stacked",
    "image": "images/structures/industrial/misc/staticobj_misc_tirepile_group.jpg",
    "id": "dzobj_3q5zhxp1sg"
  },
  {
    "objectName": "StaticObj_Misc_WoodPile_Forest1",
    "inGameName": "-",
    "category": "structures",
    "modelType": "Config",
    "path": "dz/structures/industrial/misc",
    "usableOnConsole": true,
    "searchTags": "stacked, pile wood, log, forest, chopped, tree, horizontal",
    "image": "images/structures/industrial/misc/staticobj_misc_woodpile_forest1.jpg",
    "id": "dzobj_cdi0yyrpu0"
  },
  {
    "objectName": "StaticObj_Misc_WoodPile_Forest2",
    "inGameName": "-",
    "category": "structures",
    "modelType": "Config",
    "path": "dz/structures/industrial/misc",
    "usableOnConsole": true,
    "searchTags": "stacked, pile wood, log, forest, chopped, tree, horizontal",
    "image": "images/structures/industrial/misc/staticobj_misc_woodpile_forest2.jpg",
    "id": "dzobj_tzmqpsei0c"
  },
  {
    "objectName": "StaticObj_Misc_WoodPile_Forest3",
    "inGameName": "-",
    "category": "structures",
    "modelType": "Config",
    "path": "dz/structures/industrial/misc",
    "usableOnConsole": true,
    "searchTags": "stacked, pile wood, log, forest, chopped, tree, horizontal",
    "image": "images/structures/industrial/misc/staticobj_misc_woodpile_forest3.jpg",
    "id": "dzobj_7zvjisex7b"
  },
  {
    "objectName": "lamp_ind.p3d",
    "inGameName": "-",
    "category": "structures",
    "modelType": "Raw P3D",
    "path": "dz/structures/industrial/misc",
    "usableOnConsole": false,
    "searchTags": "street_light, street_lamp, metal, lantern, floodlight, city, residential",
    "image": "images/structures/industrial/misc/staticobj_lamp_ind.jpg",
    "id": "dzobj_fewkj5swzl"
  },
  {
    "objectName": "lamp_rail.p3d",
    "inGameName": "-",
    "category": "structures",
    "modelType": "Raw P3D",
    "path": "dz/structures/industrial/misc",
    "usableOnConsole": false,
    "searchTags": "street_light, street_lamp, metal, lantern, floodlight, city, residential, climb, ladder",
    "image": "images/structures/industrial/misc/staticobj_lamp_rail.jpg",
    "id": "dzobj_18s9cwf9ce"
  },
  {
    "objectName": "misc_boardspack1.p3d",
    "inGameName": "-",
    "category": "structures",
    "modelType": "Raw P3D",
    "path": "dz/structures/industrial/misc",
    "usableOnConsole": false,
    "searchTags": "wood, package, delivery, fright, crate, white",
    "image": "images/structures/industrial/misc/staticobj_misc_boardspack1.jpg",
    "id": "dzobj_9aof3h7u1b"
  },
  {
    "objectName": "misc_boardspack2.p3d",
    "inGameName": "-",
    "category": "structures",
    "modelType": "Raw P3D",
    "path": "dz/structures/industrial/misc",
    "usableOnConsole": false,
    "searchTags": "wood, package, delivery, fright, crate, white",
    "image": "images/structures/industrial/misc/staticobj_misc_boardspack2.jpg",
    "id": "dzobj_yw2f0ge16n"
  },
  {
    "objectName": "misc_boardspack3.p3d",
    "inGameName": "-",
    "category": "structures",
    "modelType": "Raw P3D",
    "path": "dz/structures/industrial/misc",
    "usableOnConsole": false,
    "searchTags": "wood, package, delivery, fright, crate, white",
    "image": "images/structures/industrial/misc/staticobj_misc_boardspack3.jpg",
    "id": "dzobj_n8oziludxk"
  },
  {
    "objectName": "misc_coil.p3d",
    "inGameName": "-",
    "category": "structures",
    "modelType": "Raw P3D",
    "path": "dz/structures/industrial/misc",
    "usableOnConsole": false,
    "searchTags": "",
    "image": "images/structures/industrial/misc/misc_coil.p3d.jpg",
    "id": "dzobj_iswj5s7j9n"
  },
  {
    "objectName": "misc_concretepanels.p3d",
    "inGameName": "-",
    "category": "structures",
    "modelType": "Raw P3D",
    "path": "dz/structures/industrial/misc",
    "usableOnConsole": false,
    "searchTags": "stacked, construction",
    "image": "images/structures/industrial/misc/staticobj_misc_concretepanels.jpg",
    "id": "dzobj_dbvqa4dqy9"
  },
  {
    "objectName": "misc_concretepipe.p3d",
    "inGameName": "-",
    "category": "structures",
    "modelType": "Raw P3D",
    "path": "dz/structures/industrial/misc",
    "usableOnConsole": false,
    "searchTags": "grate, pipe, metal, sewers, water, underground, construction",
    "image": "images/structures/industrial/misc/staticobj_misc_concretepipe.jpg",
    "id": "dzobj_26nl3fx31e"
  },
  {
    "objectName": "misc_concretepipe_gate.p3d",
    "inGameName": "-",
    "category": "structures",
    "modelType": "Raw P3D",
    "path": "dz/structures/industrial/misc",
    "usableOnConsole": false,
    "searchTags": "grate, pipe, metal, sewers, water, underground, construction",
    "image": "images/structures/industrial/misc/staticobj_misc_concretepipe_gate.jpg",
    "id": "dzobj_9ms3h30yqj"
  },
  {
    "objectName": "misc_drainage.p3d",
    "inGameName": "-",
    "category": "structures",
    "modelType": "Raw P3D",
    "path": "dz/structures/industrial/misc",
    "usableOnConsole": false,
    "searchTags": "drain_pipe, sewers, infrastructure, pipes, city, residential",
    "image": "images/structures/industrial/misc/staticobj_misc_drainage.jpg",
    "id": "dzobj_6rl20u83hc"
  },
  {
    "objectName": "misc_gcontainer_big.p3d",
    "inGameName": "-",
    "category": "structures",
    "modelType": "Raw P3D",
    "path": "dz/structures/industrial/misc",
    "usableOnConsole": false,
    "searchTags": "garbage, bin, dump, skip, rubbish, city, construction",
    "image": "images/structures/industrial/misc/staticobj_misc_gcontainer_big.jpg",
    "id": "dzobj_7kbf47hg5q"
  },
  {
    "objectName": "misc_haybale.p3d",
    "inGameName": "-",
    "category": "structures",
    "modelType": "Raw P3D",
    "path": "dz/structures/industrial/misc",
    "usableOnConsole": false,
    "searchTags": "farm, field, animal, feed",
    "image": "images/structures/industrial/misc/staticobj_misc_haybale.jpg",
    "id": "dzobj_lftn8tq4wp"
  },
  {
    "objectName": "misc_haybale_decayed.p3d",
    "inGameName": "-",
    "category": "structures",
    "modelType": "Raw P3D",
    "path": "dz/structures/industrial/misc",
    "usableOnConsole": false,
    "searchTags": "farm, field, animal, feed, rotten, damaged",
    "image": "images/structures/industrial/misc/staticobj_misc_haybale_decayed.jpg",
    "id": "dzobj_0x2q1z9myu"
  },
  {
    "objectName": "misc_pallet.p3d",
    "inGameName": "-",
    "category": "structures",
    "modelType": "Raw P3D",
    "path": "dz/structures/industrial/misc",
    "usableOnConsole": false,
    "searchTags": "wooden, freight, single, panel",
    "image": "images/structures/industrial/misc/staticobj_misc_pallet.jpg",
    "id": "dzobj_gudcqzgtqt"
  },
  {
    "objectName": "misc_pallets1.p3d",
    "inGameName": "-",
    "category": "structures",
    "modelType": "Raw P3D",
    "path": "dz/structures/industrial/misc",
    "usableOnConsole": false,
    "searchTags": "wooden, freight, triple, panel",
    "image": "images/structures/industrial/misc/staticobj_misc_pallets1.jpg",
    "id": "dzobj_c4esd92k8x"
  },
  {
    "objectName": "misc_pallets2.p3d",
    "inGameName": "-",
    "category": "structures",
    "modelType": "Raw P3D",
    "path": "dz/structures/industrial/misc",
    "usableOnConsole": false,
    "searchTags": "wooden, freight, triple, panel",
    "image": "images/structures/industrial/misc/staticobj_misc_pallets2.jpg",
    "id": "dzobj_pjtclabrhb"
  },
  {
    "objectName": "misc_pallets3.p3d",
    "inGameName": "-",
    "category": "structures",
    "modelType": "Raw P3D",
    "path": "dz/structures/industrial/misc",
    "usableOnConsole": false,
    "searchTags": "wooden, freight, stacked, pile, panel",
    "image": "images/structures/industrial/misc/staticobj_misc_pallets3.jpg",
    "id": "dzobj_is971a42fu"
  },
  {
    "objectName": "misc_pipes.p3d",
    "inGameName": "-",
    "category": "structures",
    "modelType": "Raw P3D",
    "path": "dz/structures/industrial/misc",
    "usableOnConsole": false,
    "searchTags": "pipes, water, underground, multiple, sewers",
    "image": "images/structures/industrial/misc/staticobj_misc_pipes.jpg",
    "id": "dzobj_usz2u6flzb"
  },
  {
    "objectName": "misc_pipes_2.p3d",
    "inGameName": "-",
    "category": "structures",
    "modelType": "Raw P3D",
    "path": "dz/structures/industrial/misc",
    "usableOnConsole": false,
    "searchTags": "pipes, water, underground, double, sewers",
    "image": "images/structures/industrial/misc/staticobj_misc_pipes_2.jpg",
    "id": "dzobj_k9hnoum6ih"
  },
  {
    "objectName": "misc_scaffolding.p3d",
    "inGameName": "-",
    "category": "structures",
    "modelType": "Raw P3D",
    "path": "dz/structures/industrial/misc",
    "usableOnConsole": false,
    "searchTags": "metal, construction, frame",
    "image": "images/structures/industrial/misc/land_misc_scaffolding.jpg",
    "id": "dzobj_2y49ui2o7m"
  },
  {
    "objectName": "misc_spotlight.p3d",
    "inGameName": "-",
    "category": "structures",
    "modelType": "Raw P3D",
    "path": "dz/structures/industrial/misc",
    "usableOnConsole": false,
    "searchTags": "light, lamp, illuminate, shine",
    "image": "images/structures/industrial/misc/misc_spotlight.jpg",
    "id": "dzobj_4ehptqu8hb"
  },
  {
    "objectName": "misc_through_static.p3d",
    "inGameName": "-",
    "category": "structures",
    "modelType": "Raw P3D",
    "path": "dz/structures/industrial/misc",
    "usableOnConsole": false,
    "searchTags": "animal, farm, feeding, water",
    "image": "images/structures/industrial/misc/land_misc_through_static.jpg",
    "id": "dzobj_6v7c5xhwum"
  },
  {
    "objectName": "misc_through_trailer.p3d",
    "inGameName": "-",
    "category": "structures",
    "modelType": "Raw P3D",
    "path": "dz/structures/industrial/misc",
    "usableOnConsole": false,
    "searchTags": "animal, farm, feeding, water, tractor",
    "image": "images/structures/industrial/misc/staticobj_misc_through_trailer.jpg",
    "id": "dzobj_cd76osnf3a"
  },
  {
    "objectName": "misc_timbers1.p3d",
    "inGameName": "-",
    "category": "structures",
    "modelType": "Raw P3D",
    "path": "dz/structures/industrial/misc",
    "usableOnConsole": false,
    "searchTags": "stacked, pile, wood, log, forest, chopped, tree, horizontal",
    "image": "images/structures/industrial/misc/staticobj_misc_timbers1.jpg",
    "id": "dzobj_f0rbey6ia2"
  },
  {
    "objectName": "misc_timbers2.p3d",
    "inGameName": "-",
    "category": "structures",
    "modelType": "Raw P3D",
    "path": "dz/structures/industrial/misc",
    "usableOnConsole": false,
    "searchTags": "stacked, pile, wood, log, forest, chopped, tree, horizontal",
    "image": "images/structures/industrial/misc/staticobj_misc_timbers2.jpg",
    "id": "dzobj_rhjt5jicsv"
  },
  {
    "objectName": "misc_timbers3.p3d",
    "inGameName": "-",
    "category": "structures",
    "modelType": "Raw P3D",
    "path": "dz/structures/industrial/misc",
    "usableOnConsole": false,
    "searchTags": "",
    "image": "images/structures/industrial/misc/staticobj_misc_timbers3.jpg.jpg",
    "id": "dzobj_d8usutugnp"
  },
  {
    "objectName": "misc_timbers4.p3d",
    "inGameName": "-",
    "category": "structures",
    "modelType": "Raw P3D",
    "path": "dz/structures/industrial/misc",
    "usableOnConsole": false,
    "searchTags": "",
    "image": "images/structures/industrial/misc/misc_timbers4.p3d.jpg",
    "id": "dzobj_zeqc22evn1"
  },
  {
    "objectName": "misc_timbers_log1.p3d",
    "inGameName": "-",
    "category": "structures",
    "modelType": "Raw P3D",
    "path": "dz/structures/industrial/misc",
    "usableOnConsole": false,
    "searchTags": "single, wooden, log, wood, one, forest, chopped, tree, horizontal",
    "image": "images/structures/industrial/misc/staticobj_misc_timbers_log1.jpg",
    "id": "dzobj_qsa33ro9p1"
  },
  {
    "objectName": "misc_timbers_log2.p3d",
    "inGameName": "-",
    "category": "structures",
    "modelType": "Raw P3D",
    "path": "dz/structures/industrial/misc",
    "usableOnConsole": false,
    "searchTags": "single, wooden, log, wood, one, forest, chopped, tree, horizontal, long, medium",
    "image": "images/structures/industrial/misc/staticobj_misc_timbers_log2.jpg",
    "id": "dzobj_qy846lypr3"
  },
  {
    "objectName": "misc_timbers_log3.p3d",
    "inGameName": "-",
    "category": "structures",
    "modelType": "Raw P3D",
    "path": "dz/structures/industrial/misc",
    "usableOnConsole": false,
    "searchTags": "single, wooden, log, wood, one, forest, chopped, tree, horizontal, long, large",
    "image": "images/structures/industrial/misc/staticobj_misc_timbers_log3.jpg",
    "id": "dzobj_osmxbwpqpb"
  },
  {
    "objectName": "misc_timbers_log4.p3d",
    "inGameName": "-",
    "category": "structures",
    "modelType": "Raw P3D",
    "path": "dz/structures/industrial/misc",
    "usableOnConsole": false,
    "searchTags": "single, wooden, log, wood, one, forest, chopped, tree, horizontal, short, small",
    "image": "images/structures/industrial/misc/staticobj_misc_timbers_log4.jpg",
    "id": "dzobj_7q1t3xf44n"
  },
  {
    "objectName": "misc_timbers_log5.p3d",
    "inGameName": "-",
    "category": "structures",
    "modelType": "Raw P3D",
    "path": "dz/structures/industrial/misc",
    "usableOnConsole": false,
    "searchTags": "single, wooden, log, wood, one, forest, chopped, tree, vertical, long, large",
    "image": "images/structures/industrial/misc/staticobj_misc_timbers_log5.jpg",
    "id": "dzobj_ppvleiykkj"
  },
  {
    "objectName": "misc_tirepile.p3d",
    "inGameName": "-",
    "category": "structures",
    "modelType": "Raw P3D",
    "path": "dz/structures/industrial/misc",
    "usableOnConsole": false,
    "searchTags": "tyre",
    "image": "images/structures/industrial/misc/misc_tirepile.p3d.jpg",
    "id": "dzobj_5ksxaobn3q"
  },
  {
    "objectName": "misc_tirepile_group.p3d",
    "inGameName": "-",
    "category": "structures",
    "modelType": "Raw P3D",
    "path": "dz/structures/industrial/misc",
    "usableOnConsole": false,
    "searchTags": "industrial",
    "image": "images/structures/industrial/misc/misc_tirepile_group.p3d.jpg",
    "id": "dzobj_cgg1la89m5"
  },
  {
    "objectName": "misc_woodpile_forest1.p3d",
    "inGameName": "-",
    "category": "structures",
    "modelType": "Raw P3D",
    "path": "dz/structures/industrial/misc",
    "usableOnConsole": false,
    "searchTags": "industrial",
    "image": "images/structures/industrial/misc/misc_woodpile_forest1.p3d.jpg",
    "id": "dzobj_hzb12avvib"
  },
  {
    "objectName": "misc_woodpile_forest2.p3d",
    "inGameName": "-",
    "category": "structures",
    "modelType": "Raw P3D",
    "path": "dz/structures/industrial/misc",
    "usableOnConsole": false,
    "searchTags": "industrial",
    "image": "images/structures/industrial/misc/misc_woodpile_forest2.p3d.jpg",
    "id": "dzobj_78q9mozugh"
  },
  {
    "objectName": "misc_woodpile_forest3.p3d",
    "inGameName": "-",
    "category": "structures",
    "modelType": "Raw P3D",
    "path": "dz/structures/industrial/misc",
    "usableOnConsole": false,
    "searchTags": "industrial",
    "image": "images/structures/industrial/misc/misc_woodpile_forest3.p3d.jpg",
    "id": "dzobj_wui5q8mhuh"
  }
]
