[
  {
    "objectName": "StaticObj_Furniture_fireplace_grill",
    "inGameName": "-",
    "category": "structures",
    "modelType": "Config",
    "path": "dz/structures/furniture/kitchen/fireplace_grill",
    "usableOnConsole": true,
    "searchTags": "cooking, interior, kitchen",
    "image": "images/structures/furniture/kitchen/fireplace_grill/staticobj_furniture_fireplace_grill.jpg"
  },
  {
    "objectName": "fireplace_grill.p3d",
    "inGameName": "-",
    "category": "structures",
    "modelType": "Raw P3D",
    "path": "dz/structures/furniture/kitchen/fireplace_grill",
    "usableOnConsole": false,
    "searchTags": "cooking, furniture, interior, kitchen",
    "image": "images/structures/furniture/kitchen/fireplace_grill/fireplace_grill.p3d.jpg"
  }
]
