[
  {
    "objectName": "StaticObj_Billboard_CrabCan",
    "inGameName": "-",
    "category": "structures_sakhal",
    "modelType": "Config",
    "path": "dz/structures_sakhal/signs/billboards",
    "usableOnConsole": true,
    "searchTags": "billboards, sakhal, signs",
    "image": "images/structures_sakhal/signs/billboards/staticobj_billboard_crabcan.jpg",
    "id": "dzobj_eaavwt0ne4"
  },
  {
    "objectName": "StaticObj_Billboard_FilterBottle",
    "inGameName": "-",
    "category": "structures_sakhal",
    "modelType": "Config",
    "path": "dz/structures_sakhal/signs/billboards",
    "usableOnConsole": true,
    "searchTags": "billboards, sakhal, signs",
    "image": "images/structures_sakhal/signs/billboards/staticobj_billboard_filterbottle.jpg",
    "id": "dzobj_nn5eym5j49"
  },
  {
    "objectName": "StaticObj_Billboard_Service",
    "inGameName": "-",
    "category": "structures_sakhal",
    "modelType": "Config",
    "path": "dz/structures_sakhal/signs/billboards",
    "usableOnConsole": true,
    "searchTags": "billboards, sakhal, signs",
    "image": "images/structures_sakhal/signs/billboards/staticobj_billboard_service.jpg",
    "id": "dzobj_els0kw49hq"
  },
  {
    "objectName": "billboard_crabcan.p3d",
    "inGameName": "-",
    "category": "structures_sakhal",
    "modelType": "Raw P3D",
    "path": "dz/structures_sakhal/signs/billboards",
    "usableOnConsole": false,
    "searchTags": "billboards, sakhal, signs",
    "image": "images/structures_sakhal/signs/billboards/staticobj_billboard_crabcan.jpg",
    "id": "dzobj_u4minys8tu"
  },
  {
    "objectName": "billboard_filterbottle.p3d",
    "inGameName": "-",
    "category": "structures_sakhal",
    "modelType": "Raw P3D",
    "path": "dz/structures_sakhal/signs/billboards",
    "usableOnConsole": false,
    "searchTags": "billboards, sakhal, signs",
    "image": "images/structures_sakhal/signs/billboards/staticobj_billboard_filterbottle.jpg",
    "id": "dzobj_ali8r2iht2"
  },
  {
    "objectName": "billboard_pets.p3d",
    "inGameName": "-",
    "category": "structures_sakhal",
    "modelType": "Raw P3D",
    "path": "dz/structures_sakhal/signs/billboards",
    "usableOnConsole": false,
    "searchTags": "billboards, sakhal, signs",
    "image": "images/structures_sakhal/signs/billboards/billboard_pets.p3d.jpg",
    "id": "dzobj_wlrm9evubk"
  },
  {
    "objectName": "billboard_service.p3d",
    "inGameName": "-",
    "category": "structures_sakhal",
    "modelType": "Raw P3D",
    "path": "dz/structures_sakhal/signs/billboards",
    "usableOnConsole": false,
    "searchTags": "billboards, sakhal, signs",
    "image": "images/structures_sakhal/signs/billboards/staticobj_billboard_service.jpg",
    "id": "dzobj_9e8lmqcj4i"
  }
]
