[
  {
    "objectName": "basketball_korb.p3d",
    "inGameName": "-",
    "category": "structures_sakhal",
    "modelType": "Raw P3D",
    "path": "dz/structures_sakhal/furniture/school_equipment",
    "usableOnConsole": false,
    "searchTags": "building, education, equipment, furniture, sakhal, school",
    "image": "images/structures_sakhal/furniture/school_equipment/basketball_korb.p3d.jpg"
  },
  {
    "objectName": "flag_sakhal_pole.p3d",
    "inGameName": "-",
    "category": "structures_sakhal",
    "modelType": "Raw P3D",
    "path": "dz/structures_sakhal/furniture/school_equipment",
    "usableOnConsole": false,
    "searchTags": "banner, building, education, equipment, furniture, school, signal",
    "image": "images/structures_sakhal/furniture/school_equipment/flag_sakhal_pole.p3d.jpg"
  },
  {
    "objectName": "tac_board_posters_level1.p3d",
    "inGameName": "-",
    "category": "structures_sakhal",
    "modelType": "Raw P3D",
    "path": "dz/structures_sakhal/furniture/school_equipment",
    "usableOnConsole": false,
    "searchTags": "building, education, equipment, furniture, sakhal, school",
    "image": "images/structures_sakhal/furniture/school_equipment/tac_board_posters_level1.p3d.jpg"
  },
  {
    "objectName": "tac_board_posters_level2.p3d",
    "inGameName": "-",
    "category": "structures_sakhal",
    "modelType": "Raw P3D",
    "path": "dz/structures_sakhal/furniture/school_equipment",
    "usableOnConsole": false,
    "searchTags": "building, education, equipment, furniture, sakhal, school",
    "image": "images/structures_sakhal/furniture/school_equipment/tac_board_posters_level2.p3d.jpg"
  }
]
