[
  {
    "objectName": "bunker3_1.p3d",
    "category": "structures_sakhal",
    "modelType": "Raw P3D",
    "path": "dz/structures_sakhal/military/bunkers",
    "usableOnConsole": false,
    "searchTags": "airfield, military, terrain",
    "image": "images/structures_sakhal/military/bunkers/land_bunker3_1.jpg"
  },
  {
    "objectName": "bunker3_2.p3d",
    "category": "structures_sakhal",
    "modelType": "Raw P3D",
    "path": "dz/structures_sakhal/military/bunkers",
    "usableOnConsole": false,
    "searchTags": "bunkers, military, sakhal",
    "image": "images/structures_sakhal/military/bunkers/land_bunker3_2.jpg"
  },
  {
    "objectName": "Land_Bunker3_1",
    "category": "structures_sakhal",
    "modelType": "Config",
    "path": "dz/structures_sakhal/military/bunkers",
    "usableOnConsole": true,
    "searchTags": "bunkers, military, sakhal, terrain",
    "image": "images/structures_sakhal/military/bunkers/land_bunker3_1.jpg"
  },
  {
    "objectName": "Land_Bunker3_2",
    "category": "structures_sakhal",
    "modelType": "Config",
    "path": "dz/structures_sakhal/military/bunkers",
    "usableOnConsole": true,
    "searchTags": "bunkers, military, sakhal, terrain",
    "image": "images/structures_sakhal/military/bunkers/land_bunker3_2.jpg"
  }
]
