[
  {
    "objectName": "Land_Mil_ReinforcedTank1_Sakhal",
    "inGameName": "-",
    "category": "structures_sakhal",
    "modelType": "Config",
    "path": "dz/structures_sakhal/military/airfield",
    "usableOnConsole": true,
    "searchTags": "airfield, military, terrain",
    "image": "images/structures_sakhal/military/airfield/land_mil_reinforcedtank1_sakhal.jpg",
    "id": "dzobj_bw96xkhwg5"
  },
  {
    "objectName": "Land_Mil_ReinforcedTank2_Sakhal",
    "inGameName": "-",
    "category": "structures_sakhal",
    "modelType": "Config",
    "path": "dz/structures_sakhal/military/airfield",
    "usableOnConsole": true,
    "searchTags": "airfield, military, terrain",
    "image": "images/structures_sakhal/military/airfield/land_mil_reinforcedtank2_sakhal.jpg",
    "id": "dzobj_6xi99p2v4w"
  },
  {
    "objectName": "StaticObj_Mil_BlastCover1_Sakhal",
    "inGameName": "-",
    "category": "structures_sakhal",
    "modelType": "Config",
    "path": "dz/structures_sakhal/military/airfield",
    "usableOnConsole": true,
    "searchTags": "airfield, military, terrain",
    "image": "images/structures_sakhal/military/airfield/staticobj_mil_blastcover1_sakhal.jpg",
    "id": "dzobj_o25tmdy6lh"
  },
  {
    "objectName": "StaticObj_Mil_BlastCover2_Sakhal",
    "inGameName": "-",
    "category": "structures_sakhal",
    "modelType": "Config",
    "path": "dz/structures_sakhal/military/airfield",
    "usableOnConsole": true,
    "searchTags": "airfield, military, terrain",
    "image": "images/structures_sakhal/military/airfield/staticobj_mil_blastcover2_sakhal.jpg",
    "id": "dzobj_2ufq4tes16"
  },
  {
    "objectName": "StaticObj_Mil_BlastCover3_Sakhal",
    "inGameName": "-",
    "category": "structures_sakhal",
    "modelType": "Config",
    "path": "dz/structures_sakhal/military/airfield",
    "usableOnConsole": true,
    "searchTags": "airfield, military, terrain",
    "image": "images/structures_sakhal/military/airfield/staticobj_mil_blastcover3_sakhal.jpg",
    "id": "dzobj_y21mafx9dw"
  },
  {
    "objectName": "StaticObj_Mil_BlastCover4_Sakhal",
    "inGameName": "-",
    "category": "structures_sakhal",
    "modelType": "Config",
    "path": "dz/structures_sakhal/military/airfield",
    "usableOnConsole": true,
    "searchTags": "airfield, military, terrain",
    "image": "images/structures_sakhal/military/airfield/staticobj_mil_blastcover4_sakhal.jpg",
    "id": "dzobj_52iiopmyz4"
  },
  {
    "objectName": "mil_blastcover1_sakhal.p3d",
    "inGameName": "-",
    "category": "structures_sakhal",
    "modelType": "Raw P3D",
    "path": "dz/structures_sakhal/military/airfield",
    "usableOnConsole": false,
    "searchTags": "airfield, military, terrain",
    "image": "images/structures_sakhal/military/airfield/mil_blastcover1_sakhal.p3d.jpg",
    "id": "dzobj_lo7n0to5oc"
  },
  {
    "objectName": "mil_blastcover2_sakhal.p3d",
    "inGameName": "-",
    "category": "structures_sakhal",
    "modelType": "Raw P3D",
    "path": "dz/structures_sakhal/military/airfield",
    "usableOnConsole": false,
    "searchTags": "airfield, military, terrain",
    "image": "images/structures_sakhal/military/airfield/mil_blastcover2_sakhal.p3d.jpg",
    "id": "dzobj_ezozf81bv1"
  },
  {
    "objectName": "mil_blastcover3_sakhal.p3d",
    "inGameName": "-",
    "category": "structures_sakhal",
    "modelType": "Raw P3D",
    "path": "dz/structures_sakhal/military/airfield",
    "usableOnConsole": false,
    "searchTags": "airfield, military, terrain",
    "image": "images/structures_sakhal/military/airfield/mil_blastcover3_sakhal.p3d.jpg",
    "id": "dzobj_na344x125l"
  },
  {
    "objectName": "mil_blastcover4_sakhal.p3d",
    "inGameName": "-",
    "category": "structures_sakhal",
    "modelType": "Raw P3D",
    "path": "dz/structures_sakhal/military/airfield",
    "usableOnConsole": false,
    "searchTags": "airfield, military, terrain",
    "image": "images/structures_sakhal/military/airfield/mil_blastcover4_sakhal.p3d.jpg",
    "id": "dzobj_idoc4yoykg"
  },
  {
    "objectName": "mil_reinforcedtank1_sakhal.p3d",
    "inGameName": "-",
    "category": "structures_sakhal",
    "modelType": "Raw P3D",
    "path": "dz/structures_sakhal/military/airfield",
    "usableOnConsole": false,
    "searchTags": "airfield, military, terrain",
    "image": "images/structures_sakhal/military/airfield/mil_reinforcedtank1_sakhal.p3d.jpg",
    "id": "dzobj_eospbata3i"
  },
  {
    "objectName": "mil_reinforcedtank2_sakhal.p3d",
    "inGameName": "-",
    "category": "structures_sakhal",
    "modelType": "Raw P3D",
    "path": "dz/structures_sakhal/military/airfield",
    "usableOnConsole": false,
    "searchTags": "airfield, military, terrain",
    "image": "images/structures_sakhal/military/airfield/mil_reinforcedtank2_sakhal.p3d.jpg",
    "id": "dzobj_e6bdy7q3cv"
  }
]
