[
  {
    "objectName": "R12",
    "inGameName": "R12",
    "category": "weapons",
    "modelType": "Config",
    "path": "dz/weapons/shotguns/remington_r12",
    "usableOnConsole": true,
    "searchTags": "remington, shotguns, weapon, weapons",
    "image": "images/weapons/shotguns/remington_r12/r12.jpg"
  },
  {
    "objectName": "r12.p3d",
    "inGameName": "R12",
    "category": "weapons",
    "modelType": "Raw P3D",
    "path": "dz/weapons/shotguns/remington_r12",
    "usableOnConsole": false,
    "searchTags": "remington, shotguns, weapon, weapons",
    "image": "images/weapons/shotguns/remington_r12/r12.p3d.jpg"
  }
]
