[
  {
    "objectName": "StaticObj_Shed_Open_Big",
    "inGameName": "-",
    "category": "structures",
    "modelType": "Config",
    "path": "dz/structures/industrial/sheds",
    "usableOnConsole": true,
    "searchTags": "archyway, end, metal, frame, part, half",
    "image": "images/structures/industrial/sheds/staticobj_shed_open_big.jpg",
    "id": "dzobj_nrbqgkwnpb"
  },
  {
    "objectName": "StaticObj_Shed_Open_Big_end",
    "inGameName": "-",
    "category": "structures",
    "modelType": "Config",
    "path": "dz/structures/industrial/sheds",
    "usableOnConsole": true,
    "searchTags": "sarchyway, end, metal, frame, part, full",
    "image": "images/structures/industrial/sheds/staticobj_shed_open_big_end.jpg",
    "id": "dzobj_l63bwsvzv1"
  },
  {
    "objectName": "StaticObj_Shed_Open_Sawmill",
    "inGameName": "-",
    "category": "structures",
    "modelType": "Config",
    "path": "dz/structures/industrial/sheds",
    "usableOnConsole": true,
    "searchTags": "large, metal, roof, cover, open, logs, timber, wood",
    "image": "images/structures/industrial/sheds/staticobj_shed_open_sawmill.jpg",
    "id": "dzobj_tid5y6jj3s"
  },
  {
    "objectName": "StaticObj_Shed_Open_SideRoof",
    "inGameName": "-",
    "category": "structures",
    "modelType": "Config",
    "path": "dz/structures/industrial/sheds",
    "usableOnConsole": true,
    "searchTags": "wooden, covered, half, medium",
    "image": "images/structures/industrial/sheds/staticobj_shed_open_sideroof.jpg",
    "id": "dzobj_62ggdztx1w"
  },
  {
    "objectName": "StaticObj_Shed_Open_Small",
    "inGameName": "-",
    "category": "structures",
    "modelType": "Config",
    "path": "dz/structures/industrial/sheds",
    "usableOnConsole": true,
    "searchTags": "metal, frame, part, roof",
    "image": "images/structures/industrial/sheds/staticobj_shed_open_small.jpg",
    "id": "dzobj_9ydbp9075z"
  },
  {
    "objectName": "StaticObj_Shed_Open_Small_end",
    "inGameName": "-",
    "category": "structures",
    "modelType": "Config",
    "path": "dz/structures/industrial/sheds",
    "usableOnConsole": true,
    "searchTags": "archyway, end, metal, frame, part, half, concrete",
    "image": "images/structures/industrial/sheds/staticobj_shed_open_small_end.jpg",
    "id": "dzobj_mhrdo2yr2v"
  },
  {
    "objectName": "shed_open_big.p3d",
    "inGameName": "-",
    "category": "structures",
    "modelType": "Raw P3D",
    "path": "dz/structures/industrial/sheds",
    "usableOnConsole": false,
    "searchTags": "archyway, end, metal, frame, part, half",
    "image": "images/structures/industrial/sheds/staticobj_shed_open_big.jpg",
    "id": "dzobj_wgp5zlx77d"
  },
  {
    "objectName": "shed_open_big_end.p3d",
    "inGameName": "-",
    "category": "structures",
    "modelType": "Raw P3D",
    "path": "dz/structures/industrial/sheds",
    "usableOnConsole": false,
    "searchTags": "sarchyway, end, metal, frame, part, full",
    "image": "images/structures/industrial/sheds/staticobj_shed_open_big_end.jpg",
    "id": "dzobj_4lvyt6pt8o"
  },
  {
    "objectName": "shed_open_sawmill.p3d",
    "inGameName": "-",
    "category": "structures",
    "modelType": "Raw P3D",
    "path": "dz/structures/industrial/sheds",
    "usableOnConsole": false,
    "searchTags": "large, metal, roof, cover, open, logs, timber, wood",
    "image": "images/structures/industrial/sheds/staticobj_shed_open_sawmill.jpg",
    "id": "dzobj_foba1b3466"
  },
  {
    "objectName": "shed_open_sideroof.p3d",
    "inGameName": "-",
    "category": "structures",
    "modelType": "Raw P3D",
    "path": "dz/structures/industrial/sheds",
    "usableOnConsole": false,
    "searchTags": "wooden, covered, half, medium",
    "image": "images/structures/industrial/sheds/staticobj_shed_open_sideroof.jpg",
    "id": "dzobj_cdbm4lbfku"
  },
  {
    "objectName": "shed_open_small.p3d",
    "inGameName": "-",
    "category": "structures",
    "modelType": "Raw P3D",
    "path": "dz/structures/industrial/sheds",
    "usableOnConsole": false,
    "searchTags": "metal, frame, part, roof",
    "image": "images/structures/industrial/sheds/staticobj_shed_open_small.jpg",
    "id": "dzobj_q22t1nl4sy"
  },
  {
    "objectName": "shed_open_small_end.p3d",
    "inGameName": "-",
    "category": "structures",
    "modelType": "Raw P3D",
    "path": "dz/structures/industrial/sheds",
    "usableOnConsole": false,
    "searchTags": "archyway, end, metal, frame, part, half, concrete",
    "image": "images/structures/industrial/sheds/staticobj_shed_open_small_end.jpg",
    "id": "dzobj_3nuxrvrq0j"
  },
  {
    "objectName": "Land_Shed_Closed",
    "category": "structures",
    "modelType": "Config",
    "path": "dz/structures/industrial/sheds",
    "usableOnConsole": true,
    "searchTags": "metal, blue, double_door, blue_tin",
    "image": "images/structures/industrial/sheds/land_shed_closed.jpg",
    "id": "dzobj_ahvdc47v2d"
  },
  {
    "objectName": "shed_closed.p3d",
    "category": "structures",
    "modelType": "Raw P3D",
    "path": "dz/structures/industrial/sheds",
    "usableOnConsole": false,
    "searchTags": "metal, blue, double_door, blue_tin",
    "image": "images/structures/industrial/sheds/land_shed_closed.jpg",
    "id": "dzobj_1z17adcqj4"
  }
]
