[
  {
    "objectName": "Land_Geoplant_CoolingStack",
    "inGameName": "-",
    "category": "structures_sakhal",
    "modelType": "Config",
    "path": "dz/structures_sakhal/industrial/powerplant",
    "usableOnConsole": true,
    "searchTags": "industrial, powerplant, sakhal, factory, power, springs",
    "image": "images/structures_sakhal/industrial/powerplant/land_geoplant_coolingstack.jpg"
  },
  {
    "objectName": "Land_Geoplant_Corridor_Main",
    "inGameName": "-",
    "category": "structures_sakhal",
    "modelType": "Config",
    "path": "dz/structures_sakhal/industrial/powerplant",
    "usableOnConsole": true,
    "searchTags": "industrial, powerplant, sakhal, factory, power, springs",
    "image": "images/structures_sakhal/industrial/powerplant/land_geoplant_corridor_main.jpg"
  },
  {
    "objectName": "Land_Geoplant_MainHall_Middle",
    "inGameName": "-",
    "category": "structures_sakhal",
    "modelType": "Config",
    "path": "dz/structures_sakhal/industrial/powerplant",
    "usableOnConsole": true,
    "searchTags": "industrial, powerplant, sakhal, factory, power, springs",
    "image": "images/structures_sakhal/industrial/powerplant/land_geoplant_mainhall_middle.jpg"
  },
  {
    "objectName": "Land_Geoplant_MaintenanceHall_Corridor",
    "inGameName": "-",
    "category": "structures_sakhal",
    "modelType": "Config",
    "path": "dz/structures_sakhal/industrial/powerplant",
    "usableOnConsole": true,
    "searchTags": "industrial, powerplant, sakhal, factory, power, springs",
    "image": "images/structures_sakhal/industrial/powerplant/land_geoplant_maintenancehall_corridor.jpg"
  },
  {
    "objectName": "Land_Geoplant_OpenTank",
    "inGameName": "-",
    "category": "structures_sakhal",
    "modelType": "Config",
    "path": "dz/structures_sakhal/industrial/powerplant",
    "usableOnConsole": true,
    "searchTags": "industrial, powerplant, sakhal, factory, power, springs",
    "image": "images/structures_sakhal/industrial/powerplant/land_geoplant_opentank.jpg"
  },
  {
    "objectName": "Land_Geoplant_PipeHall",
    "inGameName": "-",
    "category": "structures_sakhal",
    "modelType": "Config",
    "path": "dz/structures_sakhal/industrial/powerplant",
    "usableOnConsole": true,
    "searchTags": "industrial, powerplant, sakhal, factory, power, springs",
    "image": "images/structures_sakhal/industrial/powerplant/land_geoplant_pipehall.jpg"
  },
  {
    "objectName": "Land_Geoplant_PowerHall",
    "inGameName": "-",
    "category": "structures_sakhal",
    "modelType": "Config",
    "path": "dz/structures_sakhal/industrial/powerplant",
    "usableOnConsole": true,
    "searchTags": "industrial, powerplant, sakhal, factory, power, springs",
    "image": "images/structures_sakhal/industrial/powerplant/land_geoplant_powerhall.jpg"
  },
  {
    "objectName": "Land_Geoplant_PowerHall_Corridor",
    "inGameName": "-",
    "category": "structures_sakhal",
    "modelType": "Config",
    "path": "dz/structures_sakhal/industrial/powerplant",
    "usableOnConsole": true,
    "searchTags": "industrial, powerplant, sakhal, factory, power, springs",
    "image": "images/structures_sakhal/industrial/powerplant/land_geoplant_powerhall_corridor.jpg"
  },
  {
    "objectName": "Land_Geoplant_PowerHall_Pole",
    "inGameName": "-",
    "category": "structures_sakhal",
    "modelType": "Config",
    "path": "dz/structures_sakhal/industrial/powerplant",
    "usableOnConsole": true,
    "searchTags": "industrial, powerplant, sakhal, factory, power, springs",
    "image": "images/structures_sakhal/industrial/powerplant/land_geoplant_powerhall_pole.jpg"
  },
  {
    "objectName": "Land_Geoplant_Well_Edgy",
    "inGameName": "-",
    "category": "structures_sakhal",
    "modelType": "Config",
    "path": "dz/structures_sakhal/industrial/powerplant",
    "usableOnConsole": true,
    "searchTags": "industrial, powerplant, sakhal, factory, power, springs",
    "image": "images/structures_sakhal/industrial/powerplant/land_geoplant_well_edgy.jpg"
  },
  {
    "objectName": "Land_Geoplant_Well_Round",
    "inGameName": "-",
    "category": "structures_sakhal",
    "modelType": "Config",
    "path": "dz/structures_sakhal/industrial/powerplant",
    "usableOnConsole": true,
    "searchTags": "industrial, powerplant, sakhal, factory, power, springs",
    "image": "images/structures_sakhal/industrial/powerplant/land_geoplant_well_round.jpg"
  },
  {
    "objectName": "geoplant_coolingstack.p3d",
    "inGameName": "-",
    "category": "structures_sakhal",
    "modelType": "Raw P3D",
    "path": "dz/structures_sakhal/industrial/powerplant",
    "usableOnConsole": false,
    "searchTags": "industrial, powerplant, sakhal, factory, power, springs",
    "image": "images/structures_sakhal/industrial/powerplant/land_geoplant_coolingstack.jpg"
  },
  {
    "objectName": "geoplant_corridor_main.p3d",
    "inGameName": "-",
    "category": "structures_sakhal",
    "modelType": "Raw P3D",
    "path": "dz/structures_sakhal/industrial/powerplant",
    "usableOnConsole": false,
    "searchTags": "industrial, powerplant, sakhal, factory, power, springs",
    "image": "images/structures_sakhal/industrial/powerplant/land_geoplant_corridor_main.jpg"
  },
  {
    "objectName": "geoplant_mainhall_middle.p3d",
    "inGameName": "-",
    "category": "structures_sakhal",
    "modelType": "Raw P3D",
    "path": "dz/structures_sakhal/industrial/powerplant",
    "usableOnConsole": false,
    "searchTags": "industrial, powerplant, sakhal, factory, power, springs",
    "image": "images/structures_sakhal/industrial/powerplant/land_geoplant_mainhall_middle.jpg"
  },
  {
    "objectName": "geoplant_maintenancehall_corridor.p3d",
    "inGameName": "-",
    "category": "structures_sakhal",
    "modelType": "Raw P3D",
    "path": "dz/structures_sakhal/industrial/powerplant",
    "usableOnConsole": false,
    "searchTags": "industrial, powerplant, sakhal, factory, power, springs",
    "image": "images/structures_sakhal/industrial/powerplant/geoplant_maintenancehall_corridor.p3d.jpg"
  },
  {
    "objectName": "geoplant_opentank.p3d",
    "inGameName": "-",
    "category": "structures_sakhal",
    "modelType": "Raw P3D",
    "path": "dz/structures_sakhal/industrial/powerplant",
    "usableOnConsole": false,
    "searchTags": "industrial, powerplant, sakhal, factory, power, springs",
    "image": "images/structures_sakhal/industrial/powerplant/geoplant_opentank.p3d.jpg"
  },
  {
    "objectName": "geoplant_opentank_water.p3d",
    "inGameName": "-",
    "category": "structures_sakhal",
    "modelType": "Raw P3D",
    "path": "dz/structures_sakhal/industrial/powerplant",
    "usableOnConsole": false,
    "searchTags": "industrial, powerplant, sakhal, factory, power, springs",
    "image": "images/structures_sakhal/industrial/powerplant/geoplant_opentank_water.p3d.jpg"
  },
  {
    "objectName": "geoplant_pipehall.p3d",
    "inGameName": "-",
    "category": "structures_sakhal",
    "modelType": "Raw P3D",
    "path": "dz/structures_sakhal/industrial/powerplant",
    "usableOnConsole": false,
    "searchTags": "industrial, powerplant, sakhal, factory, power, springs",
    "image": "images/structures_sakhal/industrial/powerplant/land_geoplant_pipehall.jpg"
  },
  {
    "objectName": "geoplant_powerhall.p3d",
    "inGameName": "-",
    "category": "structures_sakhal",
    "modelType": "Raw P3D",
    "path": "dz/structures_sakhal/industrial/powerplant",
    "usableOnConsole": false,
    "searchTags": "industrial, powerplant, sakhal, factory, power, springs",
    "image": "images/structures_sakhal/industrial/powerplant/land_geoplant_powerhall.jpg"
  },
  {
    "objectName": "geoplant_powerhall_corridor.p3d",
    "inGameName": "-",
    "category": "structures_sakhal",
    "modelType": "Raw P3D",
    "path": "dz/structures_sakhal/industrial/powerplant",
    "usableOnConsole": false,
    "searchTags": "industrial, powerplant, sakhal, factory, power, springs",
    "image": "images/structures_sakhal/industrial/powerplant/geoplant_powerhall_corridor.p3d.jpg"
  },
  {
    "objectName": "geoplant_powerhall_pole.p3d",
    "inGameName": "-",
    "category": "structures_sakhal",
    "modelType": "Raw P3D",
    "path": "dz/structures_sakhal/industrial/powerplant",
    "usableOnConsole": false,
    "searchTags": "industrial, powerplant, sakhal, factory, power, springs",
    "image": "images/structures_sakhal/industrial/powerplant/geoplant_powerhall_pole.p3d.jpg"
  },
  {
    "objectName": "geoplant_powerhall_wire.p3d",
    "inGameName": "-",
    "category": "structures_sakhal",
    "modelType": "Raw P3D",
    "path": "dz/structures_sakhal/industrial/powerplant",
    "usableOnConsole": false,
    "searchTags": "industrial, powerplant, sakhal, factory, power, springs",
    "image": "images/structures_sakhal/industrial/powerplant/geoplant_powerhall_wire.p3d.jpg"
  },
  {
    "objectName": "geoplant_well_edgy.p3d",
    "inGameName": "-",
    "category": "structures_sakhal",
    "modelType": "Raw P3D",
    "path": "dz/structures_sakhal/industrial/powerplant",
    "usableOnConsole": false,
    "searchTags": "industrial, powerplant, sakhal, factory, power, springs",
    "image": "images/structures_sakhal/industrial/powerplant/geoplant_well_edgy.p3d.jpg"
  },
  {
    "objectName": "geoplant_well_round.p3d",
    "inGameName": "-",
    "category": "structures_sakhal",
    "modelType": "Raw P3D",
    "path": "dz/structures_sakhal/industrial/powerplant",
    "usableOnConsole": false,
    "searchTags": "industrial, powerplant, sakhal, factory, power, springs",
    "image": "images/structures_sakhal/industrial/powerplant/geoplant_well_round.p3d.jpg"
  },
  {
    "objectName": "geoplant_drilltower.p3d",
    "category": "structures_sakhal",
    "modelType": "Raw P3D",
    "path": "dz/structures_sakhal/industrial/powerplant",
    "usableOnConsole": false,
    "searchTags": "industrial, powerplant, sakhal, factory, power, springs",
    "image": "images/structures_sakhal/industrial/powerplant/geoplant_drilltower.p3d.jpg"
  },
  {
    "objectName": "geoplant_mainhall_left.p3d",
    "category": "structures_sakhal",
    "modelType": "Raw P3D",
    "path": "dz/structures_sakhal/industrial/powerplant",
    "usableOnConsole": false,
    "searchTags": "industrial, powerplant, sakhal, factory, power, springs",
    "image": "images/structures_sakhal/industrial/powerplant/geoplant_mainhall_left.p3d.jpg"
  },
  {
    "objectName": "geoplant_mainhall_right.p3d",
    "category": "structures_sakhal",
    "modelType": "Raw P3D",
    "path": "dz/structures_sakhal/industrial/powerplant",
    "usableOnConsole": false,
    "searchTags": "industrial, powerplant, sakhal, factory, power, springs",
    "image": "images/structures_sakhal/industrial/powerplant/geoplant_mainhall_right.p3d.jpg"
  },
  {
    "objectName": "geoplant_maintenancehall.p3d",
    "category": "structures_sakhal",
    "modelType": "Raw P3D",
    "path": "dz/structures_sakhal/industrial/powerplant",
    "usableOnConsole": false,
    "searchTags": "industrial, powerplant, sakhal, factory, power, springs",
    "image": "images/structures_sakhal/industrial/powerplant/land_geoplant_maintenancehall.jpg"
  },
  {
    "objectName": "Land_Geoplant_DrillTower",
    "category": "structures_sakhal",
    "modelType": "Config",
    "path": "dz/structures_sakhal/industrial/powerplant",
    "usableOnConsole": true,
    "searchTags": "industrial, powerplant, sakhal, watch",
    "image": "images/structures_sakhal/industrial/powerplant/land_geoplant_drilltower.jpg"
  },
  {
    "objectName": "Land_Geoplant_MainHall_Left",
    "category": "structures_sakhal",
    "modelType": "Config",
    "path": "dz/structures_sakhal/industrial/powerplant",
    "usableOnConsole": true,
    "searchTags": "industrial, powerplant, sakhal, watch",
    "image": "images/structures_sakhal/industrial/powerplant/land_geoplant_mainhall_left.jpg"
  },
  {
    "objectName": "Land_Geoplant_MainHall_Right",
    "category": "structures_sakhal",
    "modelType": "Config",
    "path": "dz/structures_sakhal/industrial/powerplant",
    "usableOnConsole": true,
    "searchTags": "industrial, powerplant, sakhal, watch",
    "image": "images/structures_sakhal/industrial/powerplant/land_geoplant_mainhall_right.jpg"
  },
  {
    "objectName": "Land_Geoplant_MaintenanceHall",
    "category": "structures_sakhal",
    "modelType": "Config",
    "path": "dz/structures_sakhal/industrial/powerplant",
    "usableOnConsole": true,
    "searchTags": "industrial, powerplant, sakhal, watch",
    "image": "images/structures_sakhal/industrial/powerplant/land_geoplant_maintenancehall.jpg"
  }
]
