[
  {
    "objectName": "Land_Office_Municipal1",
    "inGameName": "-",
    "category": "structures",
    "modelType": "Config",
    "path": "dz/structures/residential/offices",
    "usableOnConsole": true,
    "searchTags": "office, municipal, administration, residential, government, urban, skyscraper, tall large, city_hall, clock, tower",
    "image": "images/structures/residential/offices/land_office_municipal1.jpg",
    "id": "dzobj_hitbk1k1gu"
  },
  {
    "objectName": "Land_Office2_Ghost1",
    "inGameName": "-",
    "category": "structures",
    "modelType": "Config",
    "path": "dz/structures/residential/offices",
    "usableOnConsole": true,
    "searchTags": "invisible",
    "image": "images/structures/residential/offices/land_office2_ghost1.jpg",
    "id": "dzobj_zn09dlq2y5"
  },
  {
    "objectName": "Land_Office2_Ghost2",
    "inGameName": "-",
    "category": "structures",
    "modelType": "Config",
    "path": "dz/structures/residential/offices",
    "usableOnConsole": true,
    "searchTags": "invisible",
    "image": "images/structures/residential/offices/land_office2_ghost2.jpg",
    "id": "dzobj_mjpb2uh59f"
  },
  {
    "objectName": "office2_ghost1.p3d",
    "inGameName": "-",
    "category": "structures",
    "modelType": "Raw P3D",
    "path": "dz/structures/residential/offices",
    "usableOnConsole": false,
    "searchTags": "invisible",
    "image": "images/structures/residential/offices/land_office2_ghost1.jpg",
    "id": "dzobj_96b5zqk3ox"
  },
  {
    "objectName": "office2_ghost2.p3d",
    "inGameName": "-",
    "category": "structures",
    "modelType": "Raw P3D",
    "path": "dz/structures/residential/offices",
    "usableOnConsole": false,
    "searchTags": "invisible",
    "image": "images/structures/residential/offices/land_office2_ghost2.jpg",
    "id": "dzobj_ryie1ts130"
  },
  {
    "objectName": "office_municipal1.p3d",
    "inGameName": "-",
    "category": "structures",
    "modelType": "Raw P3D",
    "path": "dz/structures/residential/offices",
    "usableOnConsole": false,
    "searchTags": "office, municipal, administration, residential, government, urban, skyscraper, tall large, city_hall, clock, tower",
    "image": "images/structures/residential/offices/land_office_municipal1.jpg",
    "id": "dzobj_0snlwevdl7"
  },
  {
    "objectName": "office_municipal2_archway.p3d",
    "inGameName": "-",
    "category": "structures",
    "modelType": "Raw P3D",
    "path": "dz/structures/residential/offices",
    "usableOnConsole": false,
    "searchTags": "",
    "image": "images/structures/residential/offices/office_municipal2_archway.p3d.jpg",
    "id": "dzobj_ih3bencgbd"
  },
  {
    "objectName": "Land_Office1",
    "category": "structures",
    "modelType": "Config",
    "path": "dz/structures/residential/offices",
    "usableOnConsole": true,
    "searchTags": "office, building, workplace, residential, urban, block, school, glass, small",
    "image": "images/structures/residential/offices/land_office1.jpg",
    "id": "dzobj_abj2c26tga"
  },
  {
    "objectName": "Land_Office_Municipal2",
    "category": "structures",
    "modelType": "Config",
    "path": "dz/structures/residential/offices",
    "usableOnConsole": true,
    "searchTags": "office, municipal, administration, residential, government, urban, skyscraper, tall large, city_hall, clock, tower",
    "image": "images/structures/residential/offices/land_office_municipal2.jpg",
    "id": "dzobj_igzjrj3m6q"
  },
  {
    "objectName": "office1.p3d",
    "category": "structures",
    "modelType": "Raw P3D",
    "path": "dz/structures/residential/offices",
    "usableOnConsole": false,
    "searchTags": "office, building, workplace, residential, urban, block, school, glass, small",
    "image": "images/structures/residential/offices/land_office1.jpg",
    "id": "dzobj_f65z873vqh"
  },
  {
    "objectName": "office_municipal2.p3d",
    "category": "structures",
    "modelType": "Raw P3D",
    "path": "dz/structures/residential/offices",
    "usableOnConsole": false,
    "searchTags": "office, municipal, administration, residential, government, urban, skyscraper, tall large, city_hall, clock, tower",
    "image": "images/structures/residential/offices/land_office_municipal2.jpg",
    "id": "dzobj_7ktmor6wea"
  },
  {
    "objectName": "Land_Office2",
    "category": "structures",
    "modelType": "Config",
    "path": "dz/structures/residential/offices",
    "usableOnConsole": true,
    "searchTags": "office, building, workplace, residential, urban, block, school, glass, small",
    "image": "images/structures/residential/offices/land_office2.jpg",
    "id": "dzobj_bd1st4vp5r"
  },
  {
    "objectName": "office2.p3d",
    "category": "structures",
    "modelType": "Raw P3D",
    "path": "dz/structures/residential/offices",
    "usableOnConsole": false,
    "searchTags": "office, building, workplace, residential, urban, block, school, glass, small",
    "image": "images/structures/residential/offices/land_office2.jpg",
    "id": "dzobj_7v3x2xp2jh"
  }
]
