[
  {
    "objectName": "Land_Office_Municipal1",
    "inGameName": "-",
    "category": "structures",
    "modelType": "Config",
    "path": "dz/structures/residential/offices",
    "usableOnConsole": true,
    "searchTags": "office, municipal, administration, residential, government, urban, skyscraper, tall large, city_hall, clock, tower",
    "image": "images/structures/residential/offices/land_office_municipal1.jpg"
  },
  {
    "objectName": "Land_Office2_Ghost1",
    "inGameName": "-",
    "category": "structures",
    "modelType": "Config",
    "path": "dz/structures/residential/offices",
    "usableOnConsole": true,
    "searchTags": "invisible",
    "image": "images/structures/residential/offices/land_office2_ghost1.jpg"
  },
  {
    "objectName": "Land_Office2_Ghost2",
    "inGameName": "-",
    "category": "structures",
    "modelType": "Config",
    "path": "dz/structures/residential/offices",
    "usableOnConsole": true,
    "searchTags": "invisible",
    "image": "images/structures/residential/offices/land_office2_ghost2.jpg"
  },
  {
    "objectName": "office2_ghost1.p3d",
    "inGameName": "-",
    "category": "structures",
    "modelType": "Raw P3D",
    "path": "dz/structures/residential/offices",
    "usableOnConsole": false,
    "searchTags": "invisible",
    "image": "images/structures/residential/offices/land_office2_ghost1.jpg"
  },
  {
    "objectName": "office2_ghost2.p3d",
    "inGameName": "-",
    "category": "structures",
    "modelType": "Raw P3D",
    "path": "dz/structures/residential/offices",
    "usableOnConsole": false,
    "searchTags": "invisible",
    "image": "images/structures/residential/offices/land_office2_ghost2.jpg"
  },
  {
    "objectName": "office_municipal1.p3d",
    "inGameName": "-",
    "category": "structures",
    "modelType": "Raw P3D",
    "path": "dz/structures/residential/offices",
    "usableOnConsole": false,
    "searchTags": "office, municipal, administration, residential, government, urban, skyscraper, tall large, city_hall, clock, tower",
    "image": "images/structures/residential/offices/land_office_municipal1.jpg"
  },
  {
    "objectName": "office_municipal2_archway.p3d",
    "inGameName": "-",
    "category": "structures",
    "modelType": "Raw P3D",
    "path": "dz/structures/residential/offices",
    "usableOnConsole": false,
    "searchTags": "",
    "image": "images/structures/residential/offices/office_municipal2_archway.p3d.jpg"
  },
  {
    "objectName": "Land_Office1",
    "category": "structures",
    "modelType": "Config",
    "path": "dz/structures/residential/offices",
    "usableOnConsole": true,
    "searchTags": "office, building, workplace, residential, urban, block, school, glass, small",
    "image": "images/structures/residential/offices/land_office1.jpg"
  },
  {
    "objectName": "Land_Office_Municipal2",
    "category": "structures",
    "modelType": "Config",
    "path": "dz/structures/residential/offices",
    "usableOnConsole": true,
    "searchTags": "office, municipal, administration, residential, government, urban, skyscraper, tall large, city_hall, clock, tower",
    "image": "images/structures/residential/offices/land_office_municipal2.jpg"
  },
  {
    "objectName": "office1.p3d",
    "category": "structures",
    "modelType": "Raw P3D",
    "path": "dz/structures/residential/offices",
    "usableOnConsole": false,
    "searchTags": "office, building, workplace, residential, urban, block, school, glass, small",
    "image": "images/structures/residential/offices/land_office1.jpg"
  },
  {
    "objectName": "office_municipal2.p3d",
    "category": "structures",
    "modelType": "Raw P3D",
    "path": "dz/structures/residential/offices",
    "usableOnConsole": false,
    "searchTags": "office, municipal, administration, residential, government, urban, skyscraper, tall large, city_hall, clock, tower",
    "image": "images/structures/residential/offices/land_office_municipal2.jpg"
  },
  {
    "objectName": "Land_Office2",
    "category": "structures",
    "modelType": "Config",
    "path": "dz/structures/residential/offices",
    "usableOnConsole": true,
    "searchTags": "office, building, workplace, residential, urban, block, school, glass, small",
    "image": "images/structures/residential/offices/land_office2.jpg"
  },
  {
    "objectName": "office2.p3d",
    "category": "structures",
    "modelType": "Raw P3D",
    "path": "dz/structures/residential/offices",
    "usableOnConsole": false,
    "searchTags": "office, building, workplace, residential, urban, block, school, glass, small",
    "image": "images/structures/residential/offices/land_office2.jpg"
  }
]
