[
  {
    "objectName": "StaticObj_Cemetery_Fence_straight",
    "inGameName": "-",
    "category": "structures",
    "modelType": "Config",
    "path": "dz/structures/specific/cemeteries",
    "usableOnConsole": true,
    "searchTags": "cemetery, specific, metal, gate",
    "image": "images/structures/specific/cemeteries/staticobj_cemetery_fence_straight.jpg"
  },
  {
    "objectName": "StaticObj_Cemetery_Fence1",
    "inGameName": "-",
    "category": "structures",
    "modelType": "Config",
    "path": "dz/structures/specific/cemeteries",
    "usableOnConsole": true,
    "searchTags": "cemetery, specific, metal, gate",
    "image": "images/structures/specific/cemeteries/staticobj_cemetery_fence1.jpg"
  },
  {
    "objectName": "StaticObj_Cemetery_Fence2",
    "inGameName": "-",
    "category": "structures",
    "modelType": "Config",
    "path": "dz/structures/specific/cemeteries",
    "usableOnConsole": true,
    "searchTags": "cemetery, specific, metal, gate",
    "image": "images/structures/specific/cemeteries/staticobj_cemetery_fence2.jpg"
  },
  {
    "objectName": "StaticObj_Cemetery_Fence3",
    "inGameName": "-",
    "category": "structures",
    "modelType": "Config",
    "path": "dz/structures/specific/cemeteries",
    "usableOnConsole": true,
    "searchTags": "cemetery, specific, metal, gate",
    "image": "images/structures/specific/cemeteries/staticobj_cemetery_fence3.jpg"
  },
  {
    "objectName": "StaticObj_Cemetery_Fence4",
    "inGameName": "-",
    "category": "structures",
    "modelType": "Config",
    "path": "dz/structures/specific/cemeteries",
    "usableOnConsole": true,
    "searchTags": "cemetery, specific, metal, gate",
    "image": "images/structures/specific/cemeteries/staticobj_cemetery_fence4.jpg"
  },
  {
    "objectName": "StaticObj_Cemetery_Grave1",
    "inGameName": "-",
    "category": "structures",
    "modelType": "Config",
    "path": "dz/structures/specific/cemeteries",
    "usableOnConsole": true,
    "searchTags": "cemetery, specific, metal, gate",
    "image": "images/structures/specific/cemeteries/staticobj_cemetery_grave1.jpg"
  },
  {
    "objectName": "StaticObj_Cemetery_Grave2",
    "inGameName": "-",
    "category": "structures",
    "modelType": "Config",
    "path": "dz/structures/specific/cemeteries",
    "usableOnConsole": true,
    "searchTags": "cemetery, specific, metal, gate",
    "image": "images/structures/specific/cemeteries/staticobj_cemetery_grave2.jpg"
  },
  {
    "objectName": "StaticObj_Cemetery_Grave3",
    "inGameName": "-",
    "category": "structures",
    "modelType": "Config",
    "path": "dz/structures/specific/cemeteries",
    "usableOnConsole": true,
    "searchTags": "cemetery, specific, metal, gate",
    "image": "images/structures/specific/cemeteries/staticobj_cemetery_grave3.jpg"
  },
  {
    "objectName": "StaticObj_Cemetery_Grave4",
    "inGameName": "-",
    "category": "structures",
    "modelType": "Config",
    "path": "dz/structures/specific/cemeteries",
    "usableOnConsole": true,
    "searchTags": "cemetery, specific, metal, gate",
    "image": "images/structures/specific/cemeteries/staticobj_cemetery_grave4.jpg"
  },
  {
    "objectName": "StaticObj_Cemetery_SmallCross",
    "inGameName": "-",
    "category": "structures",
    "modelType": "Config",
    "path": "dz/structures/specific/cemeteries",
    "usableOnConsole": true,
    "searchTags": "cemeteries, specific, grave",
    "image": "images/structures/specific/cemeteries/staticobj_cemetery_smallcross.jpg"
  },
  {
    "objectName": "StaticObj_Cemetery_SmallCross2",
    "inGameName": "-",
    "category": "structures",
    "modelType": "Config",
    "path": "dz/structures/specific/cemeteries",
    "usableOnConsole": true,
    "searchTags": "cemeteries, specific, grave",
    "image": "images/structures/specific/cemeteries/staticobj_cemetery_smallcross2.jpg"
  },
  {
    "objectName": "StaticObj_Cemetery_Tombstone1",
    "inGameName": "-",
    "category": "structures",
    "modelType": "Config",
    "path": "dz/structures/specific/cemeteries",
    "usableOnConsole": true,
    "searchTags": "cemeteries, specific, grave",
    "image": "images/structures/specific/cemeteries/staticobj_cemetery_tombstone1.jpg"
  },
  {
    "objectName": "StaticObj_Cemetery_Tombstone2",
    "inGameName": "-",
    "category": "structures",
    "modelType": "Config",
    "path": "dz/structures/specific/cemeteries",
    "usableOnConsole": true,
    "searchTags": "cemeteries, specific, grave",
    "image": "images/structures/specific/cemeteries/staticobj_cemetery_tombstone2.jpg"
  },
  {
    "objectName": "StaticObj_Cemetery_Tombstone3",
    "inGameName": "-",
    "category": "structures",
    "modelType": "Config",
    "path": "dz/structures/specific/cemeteries",
    "usableOnConsole": true,
    "searchTags": "cemeteries, specific, grave",
    "image": "images/structures/specific/cemeteries/staticobj_cemetery_tombstone3.jpg"
  },
  {
    "objectName": "StaticObj_Cemetery_Tombstone4",
    "inGameName": "-",
    "category": "structures",
    "modelType": "Config",
    "path": "dz/structures/specific/cemeteries",
    "usableOnConsole": true,
    "searchTags": "cemeteries, specific, grave",
    "image": "images/structures/specific/cemeteries/staticobj_cemetery_tombstone4.jpg"
  },
  {
    "objectName": "StaticObj_Cemetery_Tombstone5",
    "inGameName": "-",
    "category": "structures",
    "modelType": "Config",
    "path": "dz/structures/specific/cemeteries",
    "usableOnConsole": true,
    "searchTags": "cemeteries, specific, grave",
    "image": "images/structures/specific/cemeteries/staticobj_cemetery_tombstone5.jpg"
  },
  {
    "objectName": "StaticObj_Cemetery_Tombstone5_damaged",
    "inGameName": "-",
    "category": "structures",
    "modelType": "Config",
    "path": "dz/structures/specific/cemeteries",
    "usableOnConsole": true,
    "searchTags": "cemeteries, specific, grave",
    "image": "images/structures/specific/cemeteries/staticobj_cemetery_tombstone5_damaged.jpg"
  },
  {
    "objectName": "StaticObj_Cemetery_Tombstone6",
    "inGameName": "-",
    "category": "structures",
    "modelType": "Config",
    "path": "dz/structures/specific/cemeteries",
    "usableOnConsole": true,
    "searchTags": "cemeteries, specific, grave",
    "image": "images/structures/specific/cemeteries/staticobj_cemetery_tombstone6.jpg"
  },
  {
    "objectName": "StaticObj_Cemetery_Tombstone7",
    "inGameName": "-",
    "category": "structures",
    "modelType": "Config",
    "path": "dz/structures/specific/cemeteries",
    "usableOnConsole": true,
    "searchTags": "cemeteries, specific, grave",
    "image": "images/structures/specific/cemeteries/staticobj_cemetery_tombstone7.jpg"
  },
  {
    "objectName": "StaticObj_Cemetery_Tombstone8",
    "inGameName": "-",
    "category": "structures",
    "modelType": "Config",
    "path": "dz/structures/specific/cemeteries",
    "usableOnConsole": true,
    "searchTags": "cemeteries, specific, grave",
    "image": "images/structures/specific/cemeteries/staticobj_cemetery_tombstone8.jpg"
  },
  {
    "objectName": "StaticObj_Cemetery_Tombstone8_damaged",
    "inGameName": "-",
    "category": "structures",
    "modelType": "Config",
    "path": "dz/structures/specific/cemeteries",
    "usableOnConsole": true,
    "searchTags": "cemeteries, specific, grave",
    "image": "images/structures/specific/cemeteries/staticobj_cemetery_tombstone8_damaged.jpg"
  },
  {
    "objectName": "StaticObj_Cemetery_Tombstone9",
    "inGameName": "-",
    "category": "structures",
    "modelType": "Config",
    "path": "dz/structures/specific/cemeteries",
    "usableOnConsole": true,
    "searchTags": "cemeteries, specific, grave",
    "image": "images/structures/specific/cemeteries/staticobj_cemetery_tombstone9.jpg"
  },
  {
    "objectName": "StaticObj_Cemetery_Tombstone10",
    "inGameName": "-",
    "category": "structures",
    "modelType": "Config",
    "path": "dz/structures/specific/cemeteries",
    "usableOnConsole": true,
    "searchTags": "cemeteries, specific, grave",
    "image": "images/structures/specific/cemeteries/staticobj_cemetery_tombstone10.jpg"
  },
  {
    "objectName": "StaticObj_Cemetery_Tombstone11",
    "inGameName": "-",
    "category": "structures",
    "modelType": "Config",
    "path": "dz/structures/specific/cemeteries",
    "usableOnConsole": true,
    "searchTags": "cemeteries, specific, grave",
    "image": "images/structures/specific/cemeteries/staticobj_cemetery_tombstone11.jpg"
  },
  {
    "objectName": "StaticObj_Cemetery_Tombstone12",
    "inGameName": "-",
    "category": "structures",
    "modelType": "Config",
    "path": "dz/structures/specific/cemeteries",
    "usableOnConsole": true,
    "searchTags": "cemeteries, specific, grave",
    "image": "images/structures/specific/cemeteries/staticobj_cemetery_tombstone12.jpg"
  },
  {
    "objectName": "StaticObj_Cemetery_Tombstone13",
    "inGameName": "-",
    "category": "structures",
    "modelType": "Config",
    "path": "dz/structures/specific/cemeteries",
    "usableOnConsole": true,
    "searchTags": "cemeteries, specific, grave",
    "image": "images/structures/specific/cemeteries/staticobj_cemetery_tombstone13.jpg"
  },
  {
    "objectName": "StaticObj_Cemetery_Tombstone14",
    "inGameName": "-",
    "category": "structures",
    "modelType": "Config",
    "path": "dz/structures/specific/cemeteries",
    "usableOnConsole": true,
    "searchTags": "cemeteries, specific, grave",
    "image": "images/structures/specific/cemeteries/staticobj_cemetery_tombstone14.jpg"
  },
  {
    "objectName": "cemetery_fence1.p3d",
    "inGameName": "-",
    "category": "structures",
    "modelType": "Raw P3D",
    "path": "dz/structures/specific/cemeteries",
    "usableOnConsole": false,
    "searchTags": "cemetery, specific, metal, gate",
    "image": "images/structures/specific/cemeteries/cemetery_fence1.p3d.jpg"
  },
  {
    "objectName": "cemetery_fence2.p3d",
    "inGameName": "-",
    "category": "structures",
    "modelType": "Raw P3D",
    "path": "dz/structures/specific/cemeteries",
    "usableOnConsole": false,
    "searchTags": "cemetery, specific, metal, gate",
    "image": "images/structures/specific/cemeteries/cemetery_fence2.p3d.jpg"
  },
  {
    "objectName": "cemetery_fence3.p3d",
    "inGameName": "-",
    "category": "structures",
    "modelType": "Raw P3D",
    "path": "dz/structures/specific/cemeteries",
    "usableOnConsole": false,
    "searchTags": "cemetery, specific, metal, gate",
    "image": "images/structures/specific/cemeteries/cemetery_fence3.p3d.jpg"
  },
  {
    "objectName": "cemetery_fence4.p3d",
    "inGameName": "-",
    "category": "structures",
    "modelType": "Raw P3D",
    "path": "dz/structures/specific/cemeteries",
    "usableOnConsole": false,
    "searchTags": "cemetery, specific, metal, gate",
    "image": "images/structures/specific/cemeteries/cemetery_fence4.p3d.jpg"
  },
  {
    "objectName": "cemetery_fence_straight.p3d",
    "inGameName": "-",
    "category": "structures",
    "modelType": "Raw P3D",
    "path": "dz/structures/specific/cemeteries",
    "usableOnConsole": false,
    "searchTags": "cemetery, specific, metal, gate",
    "image": "images/structures/specific/cemeteries/cemetery_fence_straight.p3d.jpg"
  },
  {
    "objectName": "cemetery_grave1.p3d",
    "inGameName": "-",
    "category": "structures",
    "modelType": "Raw P3D",
    "path": "dz/structures/specific/cemeteries",
    "usableOnConsole": false,
    "searchTags": "cemetery, specific, metal, gate",
    "image": "images/structures/specific/cemeteries/cemetery_grave1.p3d.jpg"
  },
  {
    "objectName": "cemetery_grave2.p3d",
    "inGameName": "-",
    "category": "structures",
    "modelType": "Raw P3D",
    "path": "dz/structures/specific/cemeteries",
    "usableOnConsole": false,
    "searchTags": "cemetery, specific, metal, gate",
    "image": "images/structures/specific/cemeteries/cemetery_grave2.p3d.jpg"
  },
  {
    "objectName": "cemetery_grave3.p3d",
    "inGameName": "-",
    "category": "structures",
    "modelType": "Raw P3D",
    "path": "dz/structures/specific/cemeteries",
    "usableOnConsole": false,
    "searchTags": "cemetery, specific, metal, gate",
    "image": "images/structures/specific/cemeteries/cemetery_grave3.p3d.jpg"
  },
  {
    "objectName": "cemetery_grave4.p3d",
    "inGameName": "-",
    "category": "structures",
    "modelType": "Raw P3D",
    "path": "dz/structures/specific/cemeteries",
    "usableOnConsole": false,
    "searchTags": "cemetery, specific, metal, gate",
    "image": "images/structures/specific/cemeteries/cemetery_grave4.p3d.jpg"
  },
  {
    "objectName": "cemetery_smallcross.p3d",
    "inGameName": "-",
    "category": "structures",
    "modelType": "Raw P3D",
    "path": "dz/structures/specific/cemeteries",
    "usableOnConsole": false,
    "searchTags": "cemeteries, specific, grave",
    "image": "images/structures/specific/cemeteries/cemetery_smallcross.p3d.jpg"
  },
  {
    "objectName": "cemetery_smallcross2.p3d",
    "inGameName": "-",
    "category": "structures",
    "modelType": "Raw P3D",
    "path": "dz/structures/specific/cemeteries",
    "usableOnConsole": false,
    "searchTags": "cemeteries, specific, grave",
    "image": "images/structures/specific/cemeteries/cemetery_smallcross2.p3d.jpg"
  },
  {
    "objectName": "cemetery_tombstone1.p3d",
    "inGameName": "-",
    "category": "structures",
    "modelType": "Raw P3D",
    "path": "dz/structures/specific/cemeteries",
    "usableOnConsole": false,
    "searchTags": "cemeteries, specific, grave",
    "image": "images/structures/specific/cemeteries/cemetery_tombstone1.p3d.jpg"
  },
  {
    "objectName": "cemetery_tombstone10.p3d",
    "inGameName": "-",
    "category": "structures",
    "modelType": "Raw P3D",
    "path": "dz/structures/specific/cemeteries",
    "usableOnConsole": false,
    "searchTags": "cemeteries, specific, grave",
    "image": "images/structures/specific/cemeteries/cemetery_tombstone10.p3d.jpg"
  },
  {
    "objectName": "cemetery_tombstone11.p3d",
    "inGameName": "-",
    "category": "structures",
    "modelType": "Raw P3D",
    "path": "dz/structures/specific/cemeteries",
    "usableOnConsole": false,
    "searchTags": "cemeteries, specific, grave",
    "image": "images/structures/specific/cemeteries/cemetery_tombstone11.p3d.jpg"
  },
  {
    "objectName": "cemetery_tombstone12.p3d",
    "inGameName": "-",
    "category": "structures",
    "modelType": "Raw P3D",
    "path": "dz/structures/specific/cemeteries",
    "usableOnConsole": false,
    "searchTags": "cemeteries, specific, grave",
    "image": "images/structures/specific/cemeteries/cemetery_tombstone12.p3d.jpg"
  },
  {
    "objectName": "cemetery_tombstone13.p3d",
    "inGameName": "-",
    "category": "structures",
    "modelType": "Raw P3D",
    "path": "dz/structures/specific/cemeteries",
    "usableOnConsole": false,
    "searchTags": "cemeteries, specific, grave",
    "image": "images/structures/specific/cemeteries/cemetery_tombstone13.p3d.jpg"
  },
  {
    "objectName": "cemetery_tombstone14.p3d",
    "inGameName": "-",
    "category": "structures",
    "modelType": "Raw P3D",
    "path": "dz/structures/specific/cemeteries",
    "usableOnConsole": false,
    "searchTags": "cemeteries, specific, grave",
    "image": "images/structures/specific/cemeteries/cemetery_tombstone14.p3d.jpg"
  },
  {
    "objectName": "cemetery_tombstone2.p3d",
    "inGameName": "-",
    "category": "structures",
    "modelType": "Raw P3D",
    "path": "dz/structures/specific/cemeteries",
    "usableOnConsole": false,
    "searchTags": "cemeteries, specific, grave",
    "image": "images/structures/specific/cemeteries/cemetery_tombstone2.p3d.jpg"
  },
  {
    "objectName": "cemetery_tombstone3.p3d",
    "inGameName": "-",
    "category": "structures",
    "modelType": "Raw P3D",
    "path": "dz/structures/specific/cemeteries",
    "usableOnConsole": false,
    "searchTags": "cemeteries, specific, grave",
    "image": "images/structures/specific/cemeteries/cemetery_tombstone3.p3d.jpg"
  },
  {
    "objectName": "cemetery_tombstone4.p3d",
    "inGameName": "-",
    "category": "structures",
    "modelType": "Raw P3D",
    "path": "dz/structures/specific/cemeteries",
    "usableOnConsole": false,
    "searchTags": "cemeteries, specific, grave",
    "image": "images/structures/specific/cemeteries/cemetery_tombstone4.p3d.jpg"
  },
  {
    "objectName": "cemetery_tombstone5.p3d",
    "inGameName": "-",
    "category": "structures",
    "modelType": "Raw P3D",
    "path": "dz/structures/specific/cemeteries",
    "usableOnConsole": false,
    "searchTags": "cemeteries, specific, grave",
    "image": "images/structures/specific/cemeteries/cemetery_tombstone5.p3d.jpg"
  },
  {
    "objectName": "cemetery_tombstone5_damaged.p3d",
    "inGameName": "-",
    "category": "structures",
    "modelType": "Raw P3D",
    "path": "dz/structures/specific/cemeteries",
    "usableOnConsole": false,
    "searchTags": "cemeteries, specific, grave",
    "image": "images/structures/specific/cemeteries/cemetery_tombstone5_damaged.p3d.jpg"
  },
  {
    "objectName": "cemetery_tombstone6.p3d",
    "inGameName": "-",
    "category": "structures",
    "modelType": "Raw P3D",
    "path": "dz/structures/specific/cemeteries",
    "usableOnConsole": false,
    "searchTags": "cemeteries, specific, grave",
    "image": "images/structures/specific/cemeteries/cemetery_tombstone6.p3d.jpg"
  },
  {
    "objectName": "cemetery_tombstone7.p3d",
    "inGameName": "-",
    "category": "structures",
    "modelType": "Raw P3D",
    "path": "dz/structures/specific/cemeteries",
    "usableOnConsole": false,
    "searchTags": "cemeteries, specific, grave",
    "image": "images/structures/specific/cemeteries/cemetery_tombstone7.p3d.jpg"
  },
  {
    "objectName": "cemetery_tombstone8.p3d",
    "inGameName": "-",
    "category": "structures",
    "modelType": "Raw P3D",
    "path": "dz/structures/specific/cemeteries",
    "usableOnConsole": false,
    "searchTags": "cemeteries, specific, grave",
    "image": "images/structures/specific/cemeteries/cemetery_tombstone8.p3d.jpg"
  },
  {
    "objectName": "cemetery_tombstone8_damaged.p3d",
    "inGameName": "-",
    "category": "structures",
    "modelType": "Raw P3D",
    "path": "dz/structures/specific/cemeteries",
    "usableOnConsole": false,
    "searchTags": "cemeteries, specific, grave",
    "image": "images/structures/specific/cemeteries/cemetery_tombstone8_damaged.p3d.jpg"
  },
  {
    "objectName": "cemetery_tombstone9.p3d",
    "inGameName": "-",
    "category": "structures",
    "modelType": "Raw P3D",
    "path": "dz/structures/specific/cemeteries",
    "usableOnConsole": false,
    "searchTags": "cemeteries, specific, grave",
    "image": "images/structures/specific/cemeteries/cemetery_tombstone9.p3d.jpg"
  }
]
