[
  {
    "objectName": "Land_Wall_Gate_FenR_Open",
    "inGameName": "-",
    "category": "structures",
    "modelType": "Config",
    "path": "dz/structures/walls",
    "usableOnConsole": true,
    "searchTags": "red, metal, stone, brick, gate, small, industrial",
    "image": "images/structures/walls/land_wall_gate_fenr_open.jpg"
  },
  {
    "objectName": "StaticObj_Wall_CBrk_5",
    "inGameName": "-",
    "category": "structures",
    "modelType": "Config",
    "path": "dz/structures/walls",
    "usableOnConsole": true,
    "searchTags": "red, brick, wall, medium, residential",
    "image": "images/structures/walls/staticobj_wall_cbrk_5.jpg"
  },
  {
    "objectName": "StaticObj_Wall_CBrk_5_D",
    "inGameName": "-",
    "category": "structures",
    "modelType": "Config",
    "path": "dz/structures/walls",
    "usableOnConsole": true,
    "searchTags": "red, brick, wall, medium, broken, residential",
    "image": "images/structures/walls/staticobj_wall_cbrk_5_d.jpg"
  },
  {
    "objectName": "StaticObj_Wall_CBrk_Corner",
    "inGameName": "-",
    "category": "structures",
    "modelType": "Config",
    "path": "dz/structures/walls",
    "usableOnConsole": true,
    "searchTags": "red, brick, wall, small, residential",
    "image": "images/structures/walls/staticobj_wall_cbrk_corner.jpg"
  },
  {
    "objectName": "StaticObj_Wall_CBrk_End",
    "inGameName": "-",
    "category": "structures",
    "modelType": "Config",
    "path": "dz/structures/walls",
    "usableOnConsole": true,
    "searchTags": "red, brick, wall, small, broken, residential",
    "image": "images/structures/walls/staticobj_wall_cbrk_end.jpg"
  },
  {
    "objectName": "StaticObj_Wall_CBrk_Pole",
    "inGameName": "-",
    "category": "structures",
    "modelType": "Config",
    "path": "dz/structures/walls",
    "usableOnConsole": true,
    "searchTags": "red, brick, wall, small, broken, residential",
    "image": "images/structures/walls/staticobj_wall_cbrk_pole.jpg"
  },
  {
    "objectName": "StaticObj_Wall_CGry_5",
    "inGameName": "-",
    "category": "structures",
    "modelType": "Config",
    "path": "dz/structures/walls",
    "usableOnConsole": true,
    "searchTags": "white, tiled, wall, medium, residential",
    "image": "images/structures/walls/staticobj_wall_cgry_5.jpg"
  },
  {
    "objectName": "StaticObj_Wall_CGry_5_D",
    "inGameName": "-",
    "category": "structures",
    "modelType": "Config",
    "path": "dz/structures/walls",
    "usableOnConsole": true,
    "searchTags": "white, tiled, wall, medium, broken, residential",
    "image": "images/structures/walls/staticobj_wall_cgry_5_d.jpg"
  },
  {
    "objectName": "StaticObj_Wall_CGry_Corner",
    "inGameName": "-",
    "category": "structures",
    "modelType": "Config",
    "path": "dz/structures/walls",
    "usableOnConsole": true,
    "searchTags": "white, tiled, wall, small, residential",
    "image": "images/structures/walls/staticobj_wall_cgry_corner.jpg"
  },
  {
    "objectName": "StaticObj_Wall_CGry_Corner_2",
    "inGameName": "-",
    "category": "structures",
    "modelType": "Config",
    "path": "dz/structures/walls",
    "usableOnConsole": true,
    "searchTags": "white, tiled, wall, small, residential",
    "image": "images/structures/walls/staticobj_wall_cgry_corner_2.jpg"
  },
  {
    "objectName": "StaticObj_Wall_CGry_End",
    "inGameName": "-",
    "category": "structures",
    "modelType": "Config",
    "path": "dz/structures/walls",
    "usableOnConsole": true,
    "searchTags": "white, tiled, wall, small, broken, residential",
    "image": "images/structures/walls/staticobj_wall_cgry_end.jpg"
  },
  {
    "objectName": "StaticObj_Wall_CGryLow_5",
    "inGameName": "-",
    "category": "structures",
    "modelType": "Config",
    "path": "dz/structures/walls",
    "usableOnConsole": true,
    "searchTags": "white, tiled, wall, medium, residential, low",
    "image": "images/structures/walls/staticobj_wall_cgrylow_5.jpg"
  },
  {
    "objectName": "StaticObj_Wall_CGryLow_End1",
    "inGameName": "-",
    "category": "structures",
    "modelType": "Config",
    "path": "dz/structures/walls",
    "usableOnConsole": true,
    "searchTags": "white, tiled, wall, medium, residential, low, broken",
    "image": "images/structures/walls/staticobj_wall_cgrylow_end1.jpg"
  },
  {
    "objectName": "StaticObj_Wall_CGryLow_End2",
    "inGameName": "-",
    "category": "structures",
    "modelType": "Config",
    "path": "dz/structures/walls",
    "usableOnConsole": true,
    "searchTags": "white, tiled, wall, medium, residential, low, broken",
    "image": "images/structures/walls/staticobj_wall_cgrylow_end2.jpg"
  },
  {
    "objectName": "StaticObj_Wall_Cnc_5",
    "inGameName": "-",
    "category": "structures",
    "modelType": "Config",
    "path": "dz/structures/walls",
    "usableOnConsole": true,
    "searchTags": "large, concrete, wall, damaged, slab, reenforced, foundations, vertical",
    "image": "images/structures/walls/staticobj_wall_cnc_5.jpg"
  },
  {
    "objectName": "StaticObj_Wall_CncSmall_4",
    "inGameName": "-",
    "category": "structures",
    "modelType": "Config",
    "path": "dz/structures/walls",
    "usableOnConsole": true,
    "searchTags": "small, concrete, wall, slab, reenforced, foundations, vertical",
    "image": "images/structures/walls/staticobj_wall_cncsmall_4.jpg"
  },
  {
    "objectName": "StaticObj_Wall_CncSmall_8",
    "inGameName": "-",
    "category": "structures",
    "modelType": "Config",
    "path": "dz/structures/walls",
    "usableOnConsole": true,
    "searchTags": "small, concrete, wall, slab, reenforced, medium, foundations, vertical",
    "image": "images/structures/walls/staticobj_wall_cncsmall_8.jpg"
  },
  {
    "objectName": "StaticObj_Wall_CYel_5",
    "inGameName": "-",
    "category": "structures",
    "modelType": "Config",
    "path": "dz/structures/walls",
    "usableOnConsole": true,
    "searchTags": "medium, yellow, brick, plaster, wall, residential",
    "image": "images/structures/walls/staticobj_wall_cyel_5.jpg"
  },
  {
    "objectName": "StaticObj_Wall_CYel_Corner",
    "inGameName": "-",
    "category": "structures",
    "modelType": "Config",
    "path": "dz/structures/walls",
    "usableOnConsole": true,
    "searchTags": "small, yellow, brick, plaster, wall, residential",
    "image": "images/structures/walls/staticobj_wall_cyel_corner.jpg"
  },
  {
    "objectName": "StaticObj_Wall_CYel_End",
    "inGameName": "-",
    "category": "structures",
    "modelType": "Config",
    "path": "dz/structures/walls",
    "usableOnConsole": true,
    "searchTags": "small, yellow, brick, plaster, wall, residential, broken",
    "image": "images/structures/walls/staticobj_wall_cyel_end.jpg"
  },
  {
    "objectName": "StaticObj_Wall_CYel_End2",
    "inGameName": "-",
    "category": "structures",
    "modelType": "Config",
    "path": "dz/structures/walls",
    "usableOnConsole": true,
    "searchTags": "small, yellow, brick, plaster, wall, residential, broken",
    "image": "images/structures/walls/staticobj_wall_cyel_end2.jpg"
  },
  {
    "objectName": "StaticObj_Wall_Fen1_5",
    "inGameName": "-",
    "category": "structures",
    "modelType": "Config",
    "path": "dz/structures/walls",
    "usableOnConsole": true,
    "searchTags": "metal, wire, fence, small, residential",
    "image": "images/structures/walls/staticobj_wall_fen1_5.jpg"
  },
  {
    "objectName": "StaticObj_Wall_Fen1_5_2",
    "inGameName": "-",
    "category": "structures",
    "modelType": "Config",
    "path": "dz/structures/walls",
    "usableOnConsole": true,
    "searchTags": "metal, wire, fence, small, residential",
    "image": "images/structures/walls/staticobj_wall_fen1_5_2.jpg"
  },
  {
    "objectName": "StaticObj_Wall_Fen1_5_Hole",
    "inGameName": "-",
    "category": "structures",
    "modelType": "Config",
    "path": "dz/structures/walls",
    "usableOnConsole": true,
    "searchTags": "metal, wire, fence, small, residential, broken",
    "image": "images/structures/walls/staticobj_wall_fen1_5_hole.jpg"
  },
  {
    "objectName": "StaticObj_Wall_Fen1_5_Pole",
    "inGameName": "-",
    "category": "structures",
    "modelType": "Config",
    "path": "dz/structures/walls",
    "usableOnConsole": true,
    "searchTags": "metal, wire, fence, small, residential",
    "image": "images/structures/walls/staticobj_wall_fen1_5_pole.jpg"
  },
  {
    "objectName": "StaticObj_Wall_Fen2_6",
    "inGameName": "-",
    "category": "structures",
    "modelType": "Config",
    "path": "dz/structures/walls",
    "usableOnConsole": true,
    "searchTags": "metal, wire, fence, large, industrial, barbed wire",
    "image": "images/structures/walls/staticobj_wall_fen2_6.jpg"
  },
  {
    "objectName": "StaticObj_Wall_Fen2_6_Hole",
    "inGameName": "-",
    "category": "structures",
    "modelType": "Config",
    "path": "dz/structures/walls",
    "usableOnConsole": true,
    "searchTags": "metal, wire, fence, large, industrial, barbed wire, broken",
    "image": "images/structures/walls/staticobj_wall_fen2_6_hole.jpg"
  },
  {
    "objectName": "StaticObj_Wall_Fen2_Pole",
    "inGameName": "-",
    "category": "structures",
    "modelType": "Config",
    "path": "dz/structures/walls",
    "usableOnConsole": true,
    "searchTags": "metal, wire, fence, small, industrial, barbed wire",
    "image": "images/structures/walls/staticobj_wall_fen2_pole.jpg"
  },
  {
    "objectName": "StaticObj_Wall_FenG_3",
    "inGameName": "-",
    "category": "structures",
    "modelType": "Config",
    "path": "dz/structures/walls",
    "usableOnConsole": true,
    "searchTags": "metal, wire, stone, fence, medium, residential, green",
    "image": "images/structures/walls/staticobj_wall_feng_3.jpg"
  },
  {
    "objectName": "StaticObj_Wall_FenG_Pole",
    "inGameName": "-",
    "category": "structures",
    "modelType": "Config",
    "path": "dz/structures/walls",
    "usableOnConsole": true,
    "searchTags": "metal, stone, fence, small, residential",
    "image": "images/structures/walls/staticobj_wall_feng_pole.jpg"
  },
  {
    "objectName": "StaticObj_Wall_FenR_3",
    "inGameName": "-",
    "category": "structures",
    "modelType": "Config",
    "path": "dz/structures/walls",
    "usableOnConsole": true,
    "searchTags": "metal, wire, stone, fence, medium, residential, red",
    "image": "images/structures/walls/staticobj_wall_fenr_3.jpg"
  },
  {
    "objectName": "StaticObj_Wall_FenR_Pole",
    "inGameName": "-",
    "category": "structures",
    "modelType": "Config",
    "path": "dz/structures/walls",
    "usableOnConsole": true,
    "searchTags": "metal, stone, fence, small, residential",
    "image": "images/structures/walls/staticobj_wall_fenr_pole.jpg"
  },
  {
    "objectName": "StaticObj_Wall_FenW_7",
    "inGameName": "-",
    "category": "structures",
    "modelType": "Config",
    "path": "dz/structures/walls",
    "usableOnConsole": true,
    "searchTags": "metal, fence, large, long, wire, broken, residential",
    "image": "images/structures/walls/staticobj_wall_fenw_7.jpg"
  },
  {
    "objectName": "StaticObj_Wall_FenW_7_D",
    "inGameName": "-",
    "category": "structures",
    "modelType": "Config",
    "path": "dz/structures/walls",
    "usableOnConsole": true,
    "searchTags": "metal, fence, large, long, wire, broken, residential",
    "image": "images/structures/walls/staticobj_wall_fenw_7_d.jpg"
  },
  {
    "objectName": "StaticObj_Wall_FenW_7_S",
    "inGameName": "-",
    "category": "structures",
    "modelType": "Config",
    "path": "dz/structures/walls",
    "usableOnConsole": true,
    "searchTags": "metal, fence, large, long, wire, broken, residential",
    "image": "images/structures/walls/staticobj_wall_fenw_7_s.jpg"
  },
  {
    "objectName": "StaticObj_Wall_ForFieldFen_1",
    "inGameName": "-",
    "category": "structures",
    "modelType": "Config",
    "path": "dz/structures/walls",
    "usableOnConsole": true,
    "searchTags": "wooden, fence, farm, industrial, small",
    "image": "images/structures/walls/staticobj_wall_forfieldfen_1.jpg"
  },
  {
    "objectName": "StaticObj_Wall_ForFieldFen_2",
    "inGameName": "-",
    "category": "structures",
    "modelType": "Config",
    "path": "dz/structures/walls",
    "usableOnConsole": true,
    "searchTags": "wooden, fence, farm, industrial, small",
    "image": "images/structures/walls/staticobj_wall_forfieldfen_2.jpg"
  },
  {
    "objectName": "StaticObj_Wall_ForFieldFen_end",
    "inGameName": "-",
    "category": "structures",
    "modelType": "Config",
    "path": "dz/structures/walls",
    "usableOnConsole": true,
    "searchTags": "wooden, fence, farm, industrial, small",
    "image": "images/structures/walls/staticobj_wall_forfieldfen_end.jpg"
  },
  {
    "objectName": "StaticObj_Wall_GarbCont",
    "inGameName": "-",
    "category": "structures",
    "modelType": "Config",
    "path": "dz/structures/walls",
    "usableOnConsole": true,
    "searchTags": "concrete, wall, industrial, white",
    "image": "images/structures/walls/staticobj_wall_garbcont.jpg"
  },
  {
    "objectName": "StaticObj_Wall_GarbCont_Corner",
    "inGameName": "-",
    "category": "structures",
    "modelType": "Config",
    "path": "dz/structures/walls",
    "usableOnConsole": true,
    "searchTags": "concrete, wall, industrial, corner, white",
    "image": "images/structures/walls/staticobj_wall_garbcont_corner.jpg"
  },
  {
    "objectName": "StaticObj_Wall_Gate_CGry",
    "inGameName": "-",
    "category": "structures",
    "modelType": "Config",
    "path": "dz/structures/walls",
    "usableOnConsole": true,
    "searchTags": "stone, arch, archway, roman, greek, entrance, gate",
    "image": "images/structures/walls/staticobj_wall_gate_cgry.jpg"
  },
  {
    "objectName": "StaticObj_Wall_IndVar2_Pole",
    "inGameName": "-",
    "category": "structures",
    "modelType": "Config",
    "path": "dz/structures/walls",
    "usableOnConsole": true,
    "searchTags": "brick, wall, broken, red, small",
    "image": "images/structures/walls/staticobj_wall_indvar2_pole.jpg"
  },
  {
    "objectName": "StaticObj_Wall_IndCnc_4",
    "inGameName": "-",
    "category": "structures",
    "modelType": "Config",
    "path": "dz/structures/walls",
    "usableOnConsole": true,
    "searchTags": "concrete, panel, wall, military, medium",
    "image": "images/structures/walls/staticobj_wall_indcnc_4.jpg"
  },
  {
    "objectName": "StaticObj_Wall_IndCnc_4_D",
    "inGameName": "-",
    "category": "structures",
    "modelType": "Config",
    "path": "dz/structures/walls",
    "usableOnConsole": true,
    "searchTags": "concrete, panel, wall, military, broken, medium",
    "image": "images/structures/walls/staticobj_wall_indcnc_4_d.jpg"
  },
  {
    "objectName": "StaticObj_Wall_IndCnc_10",
    "inGameName": "-",
    "category": "structures",
    "modelType": "Config",
    "path": "dz/structures/walls",
    "usableOnConsole": true,
    "searchTags": "large, concrete, wall, damaged, slab, reenforced, foundations, vertical",
    "image": "images/structures/walls/staticobj_wall_indcnc_10.jpg"
  },
  {
    "objectName": "StaticObj_Wall_IndCnc_End_2",
    "inGameName": "-",
    "category": "structures",
    "modelType": "Config",
    "path": "dz/structures/walls",
    "usableOnConsole": true,
    "searchTags": "concrete, panel, wall, military, small, broken",
    "image": "images/structures/walls/staticobj_wall_indcnc_end_2.jpg"
  },
  {
    "objectName": "StaticObj_Wall_IndCnc_End_3",
    "inGameName": "-",
    "category": "structures",
    "modelType": "Config",
    "path": "dz/structures/walls",
    "usableOnConsole": true,
    "searchTags": "concrete, panel, wall, military, small",
    "image": "images/structures/walls/staticobj_wall_indcnc_end_3.jpg"
  },
  {
    "objectName": "StaticObj_Wall_IndCnc_Pole",
    "inGameName": "-",
    "category": "structures",
    "modelType": "Config",
    "path": "dz/structures/walls",
    "usableOnConsole": true,
    "searchTags": "concrete, panel, wall, military, small",
    "image": "images/structures/walls/staticobj_wall_indcnc_pole.jpg"
  },
  {
    "objectName": "StaticObj_Wall_IndCnc2_3",
    "inGameName": "-",
    "category": "structures",
    "modelType": "Config",
    "path": "dz/structures/walls",
    "usableOnConsole": true,
    "searchTags": "concrete, wall, industrial, small",
    "image": "images/structures/walls/staticobj_wall_indcnc2_3.jpg"
  },
  {
    "objectName": "StaticObj_Wall_IndCncH_5",
    "inGameName": "-",
    "category": "structures",
    "modelType": "Config",
    "path": "dz/structures/walls",
    "usableOnConsole": true,
    "searchTags": "large, concrete, wall, damaged, slab, reenforced, foundations, horizontal, flat, rectangle",
    "image": "images/structures/walls/staticobj_wall_indcnch_5.jpg"
  },
  {
    "objectName": "StaticObj_Wall_IndCncH_10",
    "inGameName": "-",
    "category": "structures",
    "modelType": "Config",
    "path": "dz/structures/walls",
    "usableOnConsole": true,
    "searchTags": "large, concrete, wall, damaged, slab, reenforced, foundations, horizontal, flat, square",
    "image": "images/structures/walls/staticobj_wall_indcnch_10.jpg"
  },
  {
    "objectName": "StaticObj_Wall_IndFnc_3",
    "inGameName": "-",
    "category": "structures",
    "modelType": "Config",
    "path": "dz/structures/walls",
    "usableOnConsole": true,
    "searchTags": "metal, wire, fence, military, barbed wire, small",
    "image": "images/structures/walls/staticobj_wall_indfnc_3.jpg"
  },
  {
    "objectName": "StaticObj_Wall_IndFnc_3_D",
    "inGameName": "-",
    "category": "structures",
    "modelType": "Config",
    "path": "dz/structures/walls",
    "usableOnConsole": true,
    "searchTags": "metal, wire, fence, military, broken, barbed wire, small",
    "image": "images/structures/walls/staticobj_wall_indfnc_3_d.jpg"
  },
  {
    "objectName": "StaticObj_Wall_IndFnc_3_Hole",
    "inGameName": "-",
    "category": "structures",
    "modelType": "Config",
    "path": "dz/structures/walls",
    "usableOnConsole": true,
    "searchTags": "metal, wire, fence, military, broken, barbed wire, small",
    "image": "images/structures/walls/staticobj_wall_indfnc_3_hole.jpg"
  },
  {
    "objectName": "StaticObj_Wall_IndFnc_9",
    "inGameName": "-",
    "category": "structures",
    "modelType": "Config",
    "path": "dz/structures/walls",
    "usableOnConsole": true,
    "searchTags": "metal, wire, fence, military, barbed wire, large",
    "image": "images/structures/walls/staticobj_wall_indfnc_9.jpg"
  },
  {
    "objectName": "StaticObj_Wall_IndFnc_Corner",
    "inGameName": "-",
    "category": "structures",
    "modelType": "Config",
    "path": "dz/structures/walls",
    "usableOnConsole": true,
    "searchTags": "metal, wire, fence, military, barbed wire, small",
    "image": "images/structures/walls/staticobj_wall_indfnc_corner.jpg"
  },
  {
    "objectName": "StaticObj_Wall_IndFnc_Pole",
    "inGameName": "-",
    "category": "structures",
    "modelType": "Config",
    "path": "dz/structures/walls",
    "usableOnConsole": true,
    "searchTags": "metal, wire, fence, military, broken, barbed wire, small",
    "image": "images/structures/walls/staticobj_wall_indfnc_pole.jpg"
  },
  {
    "objectName": "StaticObj_Wall_IndVar1_5",
    "inGameName": "-",
    "category": "structures",
    "modelType": "Config",
    "path": "dz/structures/walls",
    "usableOnConsole": true,
    "searchTags": "small, brick, plaster, wall, residential",
    "image": "images/structures/walls/staticobj_wall_indvar1_5.jpg"
  },
  {
    "objectName": "StaticObj_Wall_IndVar1_5_2",
    "inGameName": "-",
    "category": "structures",
    "modelType": "Config",
    "path": "dz/structures/walls",
    "usableOnConsole": true,
    "searchTags": "brick, plaster, wall, residential, large",
    "image": "images/structures/walls/staticobj_wall_indvar1_5_2.jpg"
  },
  {
    "objectName": "StaticObj_Wall_IndVar1_5_D",
    "inGameName": "-",
    "category": "structures",
    "modelType": "Config",
    "path": "dz/structures/walls",
    "usableOnConsole": true,
    "searchTags": "brick, plaster, wall, residential, large, broken, end",
    "image": "images/structures/walls/staticobj_wall_indvar1_5_d.jpg"
  },
  {
    "objectName": "StaticObj_Wall_IndVar1_5_D_2",
    "inGameName": "-",
    "category": "structures",
    "modelType": "Config",
    "path": "dz/structures/walls",
    "usableOnConsole": true,
    "searchTags": "brick, plaster, wall, residential, large, broken, end",
    "image": "images/structures/walls/staticobj_wall_indvar1_5_d_2.jpg"
  },
  {
    "objectName": "StaticObj_Wall_IndVar1_Pole",
    "inGameName": "-",
    "category": "structures",
    "modelType": "Config",
    "path": "dz/structures/walls",
    "usableOnConsole": true,
    "searchTags": "small, brick, plaster, wall, residential",
    "image": "images/structures/walls/staticobj_wall_indvar1_pole.jpg"
  },
  {
    "objectName": "StaticObj_Wall_IndVar2_5",
    "inGameName": "-",
    "category": "structures",
    "modelType": "Config",
    "path": "dz/structures/walls",
    "usableOnConsole": true,
    "searchTags": "brick, wall, broken, red, medium",
    "image": "images/structures/walls/staticobj_wall_indvar2_5.jpg"
  },
  {
    "objectName": "StaticObj_Wall_IndVar2_5_D",
    "inGameName": "-",
    "category": "structures",
    "modelType": "Config",
    "path": "dz/structures/walls",
    "usableOnConsole": true,
    "searchTags": "brick, wall, broken, red, small",
    "image": "images/structures/walls/staticobj_wall_indvar2_5_d.jpg"
  },
  {
    "objectName": "StaticObj_Wall_VilVar2_4_2",
    "inGameName": "-",
    "category": "structures",
    "modelType": "Config",
    "path": "dz/structures/walls",
    "usableOnConsole": true,
    "searchTags": "wooden, fence, medium, residential",
    "image": "images/structures/walls/staticobj_wall_vilvar2_4_2.jpg"
  },
  {
    "objectName": "StaticObj_Wall_VilVar2_4_D",
    "inGameName": "-",
    "category": "structures",
    "modelType": "Config",
    "path": "dz/structures/walls",
    "usableOnConsole": true,
    "searchTags": "wooden, fence, medium, broken, residential",
    "image": "images/structures/walls/staticobj_wall_vilvar2_4_d.jpg"
  },
  {
    "objectName": "StaticObj_Wall_VilVar2_4_END",
    "inGameName": "-",
    "category": "structures",
    "modelType": "Config",
    "path": "dz/structures/walls",
    "usableOnConsole": true,
    "searchTags": "wooden, fence, medium, broken, residential",
    "image": "images/structures/walls/staticobj_wall_vilvar2_4_end.jpg"
  },
  {
    "objectName": "StaticObj_Wall_VilVar2_Pole",
    "inGameName": "-",
    "category": "structures",
    "modelType": "Config",
    "path": "dz/structures/walls",
    "usableOnConsole": true,
    "searchTags": "wooden, fence, small, broken, residential",
    "image": "images/structures/walls/staticobj_wall_vilvar2_pole.jpg"
  },
  {
    "objectName": "StaticObj_Wall_Wood1_5",
    "inGameName": "-",
    "category": "structures",
    "modelType": "Config",
    "path": "dz/structures/walls",
    "usableOnConsole": true,
    "searchTags": "wooden, fence, medium, residential",
    "image": "images/structures/walls/staticobj_wall_wood1_5.jpg"
  },
  {
    "objectName": "StaticObj_Wall_Wood1_5_2",
    "inGameName": "-",
    "category": "structures",
    "modelType": "Config",
    "path": "dz/structures/walls",
    "usableOnConsole": true,
    "searchTags": "wooden, fence, medium, residential",
    "image": "images/structures/walls/staticobj_wall_wood1_5_2.jpg"
  },
  {
    "objectName": "StaticObj_Wall_Wood1_5_pole",
    "inGameName": "-",
    "category": "structures",
    "modelType": "Config",
    "path": "dz/structures/walls",
    "usableOnConsole": true,
    "searchTags": "wooden, fence, small, residential",
    "image": "images/structures/walls/staticobj_wall_wood1_5_pole.jpg"
  },
  {
    "objectName": "StaticObj_Wall_Wood1D_5",
    "inGameName": "-",
    "category": "structures",
    "modelType": "Config",
    "path": "dz/structures/walls",
    "usableOnConsole": true,
    "searchTags": "wooden, fence, medium, residential, broken",
    "image": "images/structures/walls/staticobj_wall_wood1d_5.jpg"
  },
  {
    "objectName": "StaticObj_Wall_Wood1D_5_2",
    "inGameName": "-",
    "category": "structures",
    "modelType": "Config",
    "path": "dz/structures/walls",
    "usableOnConsole": true,
    "searchTags": "wooden, fence, medium, residential, broken",
    "image": "images/structures/walls/staticobj_wall_wood1d_5_2.jpg"
  },
  {
    "objectName": "StaticObj_Wall_Wood1D_5_pole",
    "inGameName": "-",
    "category": "structures",
    "modelType": "Config",
    "path": "dz/structures/walls",
    "usableOnConsole": true,
    "searchTags": "wooden, fence, small, residential",
    "image": "images/structures/walls/staticobj_wall_wood1d_5_pole.jpg"
  },
  {
    "objectName": "StaticObj_Wall_Wood2_5",
    "inGameName": "-",
    "category": "structures",
    "modelType": "Config",
    "path": "dz/structures/walls",
    "usableOnConsole": true,
    "searchTags": "wooden, fence, medium, residential",
    "image": "images/structures/walls/staticobj_wall_wood2_5.jpg"
  },
  {
    "objectName": "StaticObj_Wall_Wood2_5_D",
    "inGameName": "-",
    "category": "structures",
    "modelType": "Config",
    "path": "dz/structures/walls",
    "usableOnConsole": true,
    "searchTags": "wooden, fence, medium, residential, broken",
    "image": "images/structures/walls/staticobj_wall_wood2_5_d.jpg"
  },
  {
    "objectName": "StaticObj_Wall_Wood2_5_END",
    "inGameName": "-",
    "category": "structures",
    "modelType": "Config",
    "path": "dz/structures/walls",
    "usableOnConsole": true,
    "searchTags": "wooden, fence, small, residential, broken",
    "image": "images/structures/walls/staticobj_wall_wood2_5_end.jpg"
  },
  {
    "objectName": "StaticObj_Wall_Wood2_5_END_2",
    "inGameName": "-",
    "category": "structures",
    "modelType": "Config",
    "path": "dz/structures/walls",
    "usableOnConsole": true,
    "searchTags": "wooden, fence, small, residential, broken",
    "image": "images/structures/walls/staticobj_wall_wood2_5_end_2.jpg"
  },
  {
    "objectName": "StaticObj_Wall_Wood2_5_nolc",
    "inGameName": "-",
    "category": "structures",
    "modelType": "Config",
    "path": "dz/structures/walls",
    "usableOnConsole": true,
    "searchTags": "wooden, fence, medium, residential, no_land_contact",
    "image": "images/structures/walls/staticobj_wall_wood2_5_nolc.jpg"
  },
  {
    "objectName": "StaticObj_Wall_Wood2_5_pole",
    "inGameName": "-",
    "category": "structures",
    "modelType": "Config",
    "path": "dz/structures/walls",
    "usableOnConsole": true,
    "searchTags": "wooden, fence, small, residential",
    "image": "images/structures/walls/staticobj_wall_wood2_5_pole.jpg"
  },
  {
    "objectName": "StaticObj_Wall_Wood3_4",
    "inGameName": "-",
    "category": "structures",
    "modelType": "Config",
    "path": "dz/structures/walls",
    "usableOnConsole": true,
    "searchTags": "wooden, stone, brick, fence, medium, residential",
    "image": "images/structures/walls/staticobj_wall_wood3_4.jpg"
  },
  {
    "objectName": "StaticObj_Wall_Wood3_4_End",
    "inGameName": "-",
    "category": "structures",
    "modelType": "Config",
    "path": "dz/structures/walls",
    "usableOnConsole": true,
    "searchTags": "wooden, stone, brick, fence, medium, residential",
    "image": "images/structures/walls/staticobj_wall_wood3_4_end.jpg"
  },
  {
    "objectName": "StaticObj_Wall_Wood4_4",
    "inGameName": "-",
    "category": "structures",
    "modelType": "Config",
    "path": "dz/structures/walls",
    "usableOnConsole": true,
    "searchTags": "stone, brick, fence, medium, residential",
    "image": "images/structures/walls/staticobj_wall_wood4_4.jpg"
  },
  {
    "objectName": "StaticObj_Wall_Wood4_End1",
    "inGameName": "-",
    "category": "structures",
    "modelType": "Config",
    "path": "dz/structures/walls",
    "usableOnConsole": true,
    "searchTags": "stone, brick, fence, medium, residential",
    "image": "images/structures/walls/staticobj_wall_wood4_end1.jpg"
  },
  {
    "objectName": "StaticObj_Wall_Wood4_End2",
    "inGameName": "-",
    "category": "structures",
    "modelType": "Config",
    "path": "dz/structures/walls",
    "usableOnConsole": true,
    "searchTags": "stone, brick, fence, small, residential",
    "image": "images/structures/walls/staticobj_wall_wood4_end2.jpg"
  },
  {
    "objectName": "StaticObj_Wall_Wood4_Pole",
    "inGameName": "-",
    "category": "structures",
    "modelType": "Config",
    "path": "dz/structures/walls",
    "usableOnConsole": true,
    "searchTags": "stone, brick, fence, small, residential",
    "image": "images/structures/walls/staticobj_wall_wood4_pole.jpg"
  },
  {
    "objectName": "StaticObj_Wall_WoodF_5",
    "inGameName": "-",
    "category": "structures",
    "modelType": "Config",
    "path": "dz/structures/walls",
    "usableOnConsole": true,
    "searchTags": "wooden, trail, fence, nature, small",
    "image": "images/structures/walls/staticobj_wall_woodf_5.jpg"
  },
  {
    "objectName": "StaticObj_Wall_WoodF_5_2",
    "inGameName": "-",
    "category": "structures",
    "modelType": "Config",
    "path": "dz/structures/walls",
    "usableOnConsole": true,
    "searchTags": "wooden, trail, fence, nature, medium",
    "image": "images/structures/walls/staticobj_wall_woodf_5_2.jpg"
  },
  {
    "objectName": "StaticObj_Wall_WoodF_5_END",
    "inGameName": "-",
    "category": "structures",
    "modelType": "Config",
    "path": "dz/structures/walls",
    "usableOnConsole": true,
    "searchTags": "wooden, trail, fence, nature, medium",
    "image": "images/structures/walls/staticobj_wall_woodf_5_end.jpg"
  },
  {
    "objectName": "StaticObj_Wall_WoodVil_4",
    "inGameName": "-",
    "category": "structures",
    "modelType": "Config",
    "path": "dz/structures/walls",
    "usableOnConsole": true,
    "searchTags": "wooden, medium, fence, residential",
    "image": "images/structures/walls/staticobj_wall_woodvil_4.jpg"
  },
  {
    "objectName": "StaticObj_Wall_WoodVil_4_2",
    "inGameName": "-",
    "category": "structures",
    "modelType": "Config",
    "path": "dz/structures/walls",
    "usableOnConsole": true,
    "searchTags": "wooden, medium, fence, residential",
    "image": "images/structures/walls/staticobj_wall_woodvil_4_2.jpg"
  },
  {
    "objectName": "StaticObj_Wall_WoodVil_4_pole",
    "inGameName": "-",
    "category": "structures",
    "modelType": "Config",
    "path": "dz/structures/walls",
    "usableOnConsole": true,
    "searchTags": "wooden, small, fence, residential",
    "image": "images/structures/walls/staticobj_wall_woodvil_4_pole.jpg"
  },
  {
    "objectName": "StaticObj_Walls_End",
    "inGameName": "-",
    "category": "structures",
    "modelType": "Config",
    "path": "dz/structures/walls",
    "usableOnConsole": true,
    "searchTags": "wall, brick, stone, small",
    "image": "images/structures/walls/staticobj_walls_end.jpg"
  },
  {
    "objectName": "StaticObj_Wall_Railing_1",
    "inGameName": "-",
    "category": "structures",
    "modelType": "Config",
    "path": "dz/structures/walls",
    "usableOnConsole": true,
    "searchTags": "metal, train, rail, small, white",
    "image": "images/structures/walls/staticobj_wall_railing_1.jpg"
  },
  {
    "objectName": "StaticObj_Wall_Railing_1_EndL",
    "inGameName": "-",
    "category": "structures",
    "modelType": "Config",
    "path": "dz/structures/walls",
    "usableOnConsole": true,
    "searchTags": "metal, train, rail, small, white",
    "image": "images/structures/walls/staticobj_wall_railing_1_endl.jpg"
  },
  {
    "objectName": "StaticObj_Wall_Railing_1_EndR",
    "inGameName": "-",
    "category": "structures",
    "modelType": "Config",
    "path": "dz/structures/walls",
    "usableOnConsole": true,
    "searchTags": "metal, train, rail, small, white",
    "image": "images/structures/walls/staticobj_wall_railing_1_endr.jpg"
  },
  {
    "objectName": "StaticObj_Wall_Railing_1_Slope",
    "inGameName": "-",
    "category": "structures",
    "modelType": "Config",
    "path": "dz/structures/walls",
    "usableOnConsole": true,
    "searchTags": "metal, train, rail, small, white",
    "image": "images/structures/walls/staticobj_wall_railing_1_slope.jpg"
  },
  {
    "objectName": "StaticObj_Wall_Railing_2",
    "inGameName": "-",
    "category": "structures",
    "modelType": "Config",
    "path": "dz/structures/walls",
    "usableOnConsole": true,
    "searchTags": "metal, train, rail, small, white, red",
    "image": "images/structures/walls/staticobj_wall_railing_2.jpg"
  },
  {
    "objectName": "StaticObj_Wall_Railing_2_Slope",
    "inGameName": "-",
    "category": "structures",
    "modelType": "Config",
    "path": "dz/structures/walls",
    "usableOnConsole": true,
    "searchTags": "metal, train, rail, small, white, red",
    "image": "images/structures/walls/staticobj_wall_railing_2_slope.jpg"
  },
  {
    "objectName": "StaticObj_Wall_Railing_EndL",
    "inGameName": "-",
    "category": "structures",
    "modelType": "Config",
    "path": "dz/structures/walls",
    "usableOnConsole": true,
    "searchTags": "metal, train, rail, small, white, red",
    "image": "images/structures/walls/staticobj_wall_railing_endl.jpg"
  },
  {
    "objectName": "StaticObj_Wall_Railing_EndR",
    "inGameName": "-",
    "category": "structures",
    "modelType": "Config",
    "path": "dz/structures/walls",
    "usableOnConsole": true,
    "searchTags": "metal, train, rail, small, white, red",
    "image": "images/structures/walls/staticobj_wall_railing_endr.jpg"
  },
  {
    "objectName": "StaticObj_Wall_Stone",
    "inGameName": "-",
    "category": "structures",
    "modelType": "Config",
    "path": "dz/structures/walls",
    "usableOnConsole": true,
    "searchTags": "old, rock, wall, large, nature, farm",
    "image": "images/structures/walls/staticobj_wall_stone.jpg"
  },
  {
    "objectName": "StaticObj_Wall_StoneD",
    "inGameName": "-",
    "category": "structures",
    "modelType": "Config",
    "path": "dz/structures/walls",
    "usableOnConsole": true,
    "searchTags": "old, rock, wall, large, nature, farm, broken",
    "image": "images/structures/walls/staticobj_wall_stoned.jpg"
  },
  {
    "objectName": "StaticObj_Wall_Tin_4",
    "inGameName": "-",
    "category": "structures",
    "modelType": "Config",
    "path": "dz/structures/walls",
    "usableOnConsole": true,
    "searchTags": "metal, fence, wall, medium, industrial, residential",
    "image": "images/structures/walls/staticobj_wall_tin_4.jpg"
  },
  {
    "objectName": "StaticObj_Wall_Tin_4_2",
    "inGameName": "-",
    "category": "structures",
    "modelType": "Config",
    "path": "dz/structures/walls",
    "usableOnConsole": true,
    "searchTags": "metal, fence, wall, medium, industrial, residential",
    "image": "images/structures/walls/staticobj_wall_tin_4_2.jpg"
  },
  {
    "objectName": "StaticObj_Wall_Tin_5",
    "inGameName": "-",
    "category": "structures",
    "modelType": "Config",
    "path": "dz/structures/walls",
    "usableOnConsole": true,
    "searchTags": "metal, fence, wall, medium, industrial, residential",
    "image": "images/structures/walls/staticobj_wall_tin_5.jpg"
  },
  {
    "objectName": "StaticObj_Wall_Tin_Pole",
    "inGameName": "-",
    "category": "structures",
    "modelType": "Config",
    "path": "dz/structures/walls",
    "usableOnConsole": true,
    "searchTags": "metal, fence, wall, small, industrial, residential",
    "image": "images/structures/walls/staticobj_wall_tin_pole.jpg"
  },
  {
    "objectName": "StaticObj_Wall_TinCom_3",
    "inGameName": "-",
    "category": "structures",
    "modelType": "Config",
    "path": "dz/structures/walls",
    "usableOnConsole": true,
    "searchTags": "metal, fence, wall, small, industrial",
    "image": "images/structures/walls/staticobj_wall_tincom_3.jpg"
  },
  {
    "objectName": "StaticObj_Wall_TinCom_9",
    "inGameName": "-",
    "category": "structures",
    "modelType": "Config",
    "path": "dz/structures/walls",
    "usableOnConsole": true,
    "searchTags": "metal, fence, wall, large, industrial",
    "image": "images/structures/walls/staticobj_wall_tincom_9.jpg"
  },
  {
    "objectName": "StaticObj_Wall_TinCom_9_2",
    "inGameName": "-",
    "category": "structures",
    "modelType": "Config",
    "path": "dz/structures/walls",
    "usableOnConsole": true,
    "searchTags": "metal, fence, wall, large, industrial, broken",
    "image": "images/structures/walls/staticobj_wall_tincom_9_2.jpg"
  },
  {
    "objectName": "StaticObj_Wall_TinCom_Pole",
    "inGameName": "-",
    "category": "structures",
    "modelType": "Config",
    "path": "dz/structures/walls",
    "usableOnConsole": true,
    "searchTags": "metal, fence, wall, small, industrial",
    "image": "images/structures/walls/staticobj_wall_tincom_pole.jpg"
  },
  {
    "objectName": "StaticObj_Wall_VilVar1_6",
    "inGameName": "-",
    "category": "structures",
    "modelType": "Config",
    "path": "dz/structures/walls",
    "usableOnConsole": true,
    "searchTags": "wooden, fence, large, residential, picket",
    "image": "images/structures/walls/staticobj_wall_vilvar1_6.jpg"
  },
  {
    "objectName": "StaticObj_Wall_VilVar1_Pole",
    "inGameName": "-",
    "category": "structures",
    "modelType": "Config",
    "path": "dz/structures/walls",
    "usableOnConsole": true,
    "searchTags": "wooden, fence, small, residential",
    "image": "images/structures/walls/staticobj_wall_vilvar1_pole.jpg"
  },
  {
    "objectName": "StaticObj_Wall_VilVar2_4",
    "inGameName": "-",
    "category": "structures",
    "modelType": "Config",
    "path": "dz/structures/walls",
    "usableOnConsole": true,
    "searchTags": "wooden, fence, medium, residential",
    "image": "images/structures/walls/staticobj_wall_vilvar2_4.jpg"
  },
  {
    "objectName": "walls_end.p3d",
    "inGameName": "-",
    "category": "structures",
    "modelType": "Raw P3D",
    "path": "dz/structures/walls",
    "usableOnConsole": false,
    "searchTags": "wall, brick, stone, small",
    "image": "images/structures/walls/staticobj_walls_end.jpg"
  },
  {
    "objectName": "wall_cbrk_5.p3d",
    "inGameName": "-",
    "category": "structures",
    "modelType": "Raw P3D",
    "path": "dz/structures/walls",
    "usableOnConsole": false,
    "searchTags": "red, brick, wall, medium, residential",
    "image": "images/structures/walls/staticobj_wall_cbrk_5.jpg"
  },
  {
    "objectName": "wall_cbrk_5_d.p3d",
    "inGameName": "-",
    "category": "structures",
    "modelType": "Raw P3D",
    "path": "dz/structures/walls",
    "usableOnConsole": false,
    "searchTags": "red, brick, wall, medium, broken, residential",
    "image": "images/structures/walls/staticobj_wall_cbrk_5_d.jpg"
  },
  {
    "objectName": "wall_cbrk_corner.p3d",
    "inGameName": "-",
    "category": "structures",
    "modelType": "Raw P3D",
    "path": "dz/structures/walls",
    "usableOnConsole": false,
    "searchTags": "red, brick, wall, small, residential",
    "image": "images/structures/walls/staticobj_wall_cbrk_corner.jpg"
  },
  {
    "objectName": "wall_cbrk_end.p3d",
    "inGameName": "-",
    "category": "structures",
    "modelType": "Raw P3D",
    "path": "dz/structures/walls",
    "usableOnConsole": false,
    "searchTags": "red, brick, wall, small, broken, residential",
    "image": "images/structures/walls/staticobj_wall_cbrk_end.jpg"
  },
  {
    "objectName": "wall_cbrk_pole.p3d",
    "inGameName": "-",
    "category": "structures",
    "modelType": "Raw P3D",
    "path": "dz/structures/walls",
    "usableOnConsole": false,
    "searchTags": "red, brick, wall, small, broken, residential",
    "image": "images/structures/walls/staticobj_wall_cbrk_pole.jpg"
  },
  {
    "objectName": "wall_cgrylow_5.p3d",
    "inGameName": "-",
    "category": "structures",
    "modelType": "Raw P3D",
    "path": "dz/structures/walls",
    "usableOnConsole": false,
    "searchTags": "white, tiled, wall, medium, residential, low",
    "image": "images/structures/walls/staticobj_wall_cgrylow_5.jpg"
  },
  {
    "objectName": "wall_cgrylow_end1.p3d",
    "inGameName": "-",
    "category": "structures",
    "modelType": "Raw P3D",
    "path": "dz/structures/walls",
    "usableOnConsole": false,
    "searchTags": "white, tiled, wall, medium, residential, low, broken",
    "image": "images/structures/walls/staticobj_wall_cgrylow_end1.jpg"
  },
  {
    "objectName": "wall_cgrylow_end2.p3d",
    "inGameName": "-",
    "category": "structures",
    "modelType": "Raw P3D",
    "path": "dz/structures/walls",
    "usableOnConsole": false,
    "searchTags": "white, tiled, wall, medium, residential, low, broken",
    "image": "images/structures/walls/staticobj_wall_cgrylow_end2.jpg"
  },
  {
    "objectName": "wall_cgry_5.p3d",
    "inGameName": "-",
    "category": "structures",
    "modelType": "Raw P3D",
    "path": "dz/structures/walls",
    "usableOnConsole": false,
    "searchTags": "white, tiled, wall, medium, residential",
    "image": "images/structures/walls/staticobj_wall_cgry_5.jpg"
  },
  {
    "objectName": "wall_cgry_5_d.p3d",
    "inGameName": "-",
    "category": "structures",
    "modelType": "Raw P3D",
    "path": "dz/structures/walls",
    "usableOnConsole": false,
    "searchTags": "barrier, walls",
    "image": "images/structures/walls/wall_cgry_5_d.p3d.jpg"
  },
  {
    "objectName": "wall_cgry_corner.p3d",
    "inGameName": "-",
    "category": "structures",
    "modelType": "Raw P3D",
    "path": "dz/structures/walls",
    "usableOnConsole": false,
    "searchTags": "white, tiled, wall, small, residential",
    "image": "images/structures/walls/staticobj_wall_cgry_corner.jpg"
  },
  {
    "objectName": "wall_cgry_corner_2.p3d",
    "inGameName": "-",
    "category": "structures",
    "modelType": "Raw P3D",
    "path": "dz/structures/walls",
    "usableOnConsole": false,
    "searchTags": "white, tiled, wall, small, residential",
    "image": "images/structures/walls/staticobj_wall_cgry_corner_2.jpg"
  },
  {
    "objectName": "wall_cgry_end.p3d",
    "inGameName": "-",
    "category": "structures",
    "modelType": "Raw P3D",
    "path": "dz/structures/walls",
    "usableOnConsole": false,
    "searchTags": "white, tiled, wall, small, broken, residential",
    "image": "images/structures/walls/staticobj_wall_cgry_end.jpg"
  },
  {
    "objectName": "wall_cncsmall_4.p3d",
    "inGameName": "-",
    "category": "structures",
    "modelType": "Raw P3D",
    "path": "dz/structures/walls",
    "usableOnConsole": false,
    "searchTags": "small, concrete, wall, slab, reenforced, foundations, vertical",
    "image": "images/structures/walls/staticobj_wall_cncsmall_4.jpg"
  },
  {
    "objectName": "wall_cncsmall_8.p3d",
    "inGameName": "-",
    "category": "structures",
    "modelType": "Raw P3D",
    "path": "dz/structures/walls",
    "usableOnConsole": false,
    "searchTags": "small, concrete, wall, slab, reenforced, medium, foundations, vertical",
    "image": "images/structures/walls/staticobj_wall_cncsmall_8.jpg"
  },
  {
    "objectName": "wall_cnc_5.p3d",
    "inGameName": "-",
    "category": "structures",
    "modelType": "Raw P3D",
    "path": "dz/structures/walls",
    "usableOnConsole": false,
    "searchTags": "large, concrete, wall, damaged, slab, reenforced, foundations, vertical",
    "image": "images/structures/walls/staticobj_wall_cnc_5.jpg"
  },
  {
    "objectName": "wall_cyel_5.p3d",
    "inGameName": "-",
    "category": "structures",
    "modelType": "Raw P3D",
    "path": "dz/structures/walls",
    "usableOnConsole": false,
    "searchTags": "medium, yellow, brick, plaster, wall, residential",
    "image": "images/structures/walls/staticobj_wall_cyel_5.jpg"
  },
  {
    "objectName": "wall_cyel_corner.p3d",
    "inGameName": "-",
    "category": "structures",
    "modelType": "Raw P3D",
    "path": "dz/structures/walls",
    "usableOnConsole": false,
    "searchTags": "small, yellow, brick, plaster, wall, residential",
    "image": "images/structures/walls/staticobj_wall_cyel_corner.jpg"
  },
  {
    "objectName": "wall_cyel_end.p3d",
    "inGameName": "-",
    "category": "structures",
    "modelType": "Raw P3D",
    "path": "dz/structures/walls",
    "usableOnConsole": false,
    "searchTags": "small, yellow, brick, plaster, wall, residential, broken",
    "image": "images/structures/walls/staticobj_wall_cyel_end.jpg"
  },
  {
    "objectName": "wall_cyel_end2.p3d",
    "inGameName": "-",
    "category": "structures",
    "modelType": "Raw P3D",
    "path": "dz/structures/walls",
    "usableOnConsole": false,
    "searchTags": "small, yellow, brick, plaster, wall, residential, broken",
    "image": "images/structures/walls/staticobj_wall_cyel_end2.jpg"
  },
  {
    "objectName": "wall_fen1_5.p3d",
    "inGameName": "-",
    "category": "structures",
    "modelType": "Raw P3D",
    "path": "dz/structures/walls",
    "usableOnConsole": false,
    "searchTags": "metal, wire, fence, small, residential",
    "image": "images/structures/walls/staticobj_wall_fen1_5.jpg"
  },
  {
    "objectName": "wall_fen1_5_2.p3d",
    "inGameName": "-",
    "category": "structures",
    "modelType": "Raw P3D",
    "path": "dz/structures/walls",
    "usableOnConsole": false,
    "searchTags": "metal, wire, fence, small, residential",
    "image": "images/structures/walls/staticobj_wall_fen1_5_2.jpg"
  },
  {
    "objectName": "wall_fen1_5_hole.p3d",
    "inGameName": "-",
    "category": "structures",
    "modelType": "Raw P3D",
    "path": "dz/structures/walls",
    "usableOnConsole": false,
    "searchTags": "metal, wire, fence, small, residential, broken",
    "image": "images/structures/walls/staticobj_wall_fen1_5_hole.jpg"
  },
  {
    "objectName": "wall_fen1_5_pole.p3d",
    "inGameName": "-",
    "category": "structures",
    "modelType": "Raw P3D",
    "path": "dz/structures/walls",
    "usableOnConsole": false,
    "searchTags": "metal, wire, fence, small, residential",
    "image": "images/structures/walls/staticobj_wall_fen1_5_pole.jpg"
  },
  {
    "objectName": "wall_fen2_6.p3d",
    "inGameName": "-",
    "category": "structures",
    "modelType": "Raw P3D",
    "path": "dz/structures/walls",
    "usableOnConsole": false,
    "searchTags": "metal, wire, fence, large, industrial, barbed wire",
    "image": "images/structures/walls/staticobj_wall_fen2_6.jpg"
  },
  {
    "objectName": "wall_fen2_6_hole.p3d",
    "inGameName": "-",
    "category": "structures",
    "modelType": "Raw P3D",
    "path": "dz/structures/walls",
    "usableOnConsole": false,
    "searchTags": "metal, wire, fence, large, industrial, barbed wire, broken",
    "image": "images/structures/walls/staticobj_wall_fen2_6_hole.jpg"
  },
  {
    "objectName": "wall_fen2_pole.p3d",
    "inGameName": "-",
    "category": "structures",
    "modelType": "Raw P3D",
    "path": "dz/structures/walls",
    "usableOnConsole": false,
    "searchTags": "metal, wire, fence, small, industrial, barbed wire",
    "image": "images/structures/walls/staticobj_wall_fen2_pole.jpg"
  },
  {
    "objectName": "wall_feng_3.p3d",
    "inGameName": "-",
    "category": "structures",
    "modelType": "Raw P3D",
    "path": "dz/structures/walls",
    "usableOnConsole": false,
    "searchTags": "metal, wire, stone, fence, medium, residential, green",
    "image": "images/structures/walls/staticobj_wall_feng_3.jpg"
  },
  {
    "objectName": "wall_feng_pole.p3d",
    "inGameName": "-",
    "category": "structures",
    "modelType": "Raw P3D",
    "path": "dz/structures/walls",
    "usableOnConsole": false,
    "searchTags": "metal, stone, fence, small, residential",
    "image": "images/structures/walls/staticobj_wall_feng_pole.jpg"
  },
  {
    "objectName": "wall_fenr_3.p3d",
    "inGameName": "-",
    "category": "structures",
    "modelType": "Raw P3D",
    "path": "dz/structures/walls",
    "usableOnConsole": false,
    "searchTags": "metal, wire, stone, fence, medium, residential, red",
    "image": "images/structures/walls/staticobj_wall_fenr_3.jpg"
  },
  {
    "objectName": "wall_fenr_pole.p3d",
    "inGameName": "-",
    "category": "structures",
    "modelType": "Raw P3D",
    "path": "dz/structures/walls",
    "usableOnConsole": false,
    "searchTags": "metal, stone, fence, small, residential",
    "image": "images/structures/walls/staticobj_wall_fenr_pole.jpg"
  },
  {
    "objectName": "wall_fenw_7.p3d",
    "inGameName": "-",
    "category": "structures",
    "modelType": "Raw P3D",
    "path": "dz/structures/walls",
    "usableOnConsole": false,
    "searchTags": "metal, fence, large, long, wire, broken, residential",
    "image": "images/structures/walls/staticobj_wall_fenw_7.jpg"
  },
  {
    "objectName": "wall_fenw_7_d.p3d",
    "inGameName": "-",
    "category": "structures",
    "modelType": "Raw P3D",
    "path": "dz/structures/walls",
    "usableOnConsole": false,
    "searchTags": "metal, fence, large, long, wire, broken, residential",
    "image": "images/structures/walls/staticobj_wall_fenw_7_d.jpg"
  },
  {
    "objectName": "wall_fenw_7_s.p3d",
    "inGameName": "-",
    "category": "structures",
    "modelType": "Raw P3D",
    "path": "dz/structures/walls",
    "usableOnConsole": false,
    "searchTags": "metal, fence, large, long, wire, broken, residential",
    "image": "images/structures/walls/staticobj_wall_fenw_7_s.jpg"
  },
  {
    "objectName": "wall_forfieldfen_1.p3d",
    "inGameName": "-",
    "category": "structures",
    "modelType": "Raw P3D",
    "path": "dz/structures/walls",
    "usableOnConsole": false,
    "searchTags": "wooden, fence, farm, industrial, small",
    "image": "images/structures/walls/staticobj_wall_forfieldfen_1.jpg"
  },
  {
    "objectName": "wall_forfieldfen_2.p3d",
    "inGameName": "-",
    "category": "structures",
    "modelType": "Raw P3D",
    "path": "dz/structures/walls",
    "usableOnConsole": false,
    "searchTags": "wooden, fence, farm, industrial, small",
    "image": "images/structures/walls/staticobj_wall_forfieldfen_2.jpg"
  },
  {
    "objectName": "wall_forfieldfen_end.p3d",
    "inGameName": "-",
    "category": "structures",
    "modelType": "Raw P3D",
    "path": "dz/structures/walls",
    "usableOnConsole": false,
    "searchTags": "wooden, fence, farm, industrial, small",
    "image": "images/structures/walls/staticobj_wall_forfieldfen_end.jpg"
  },
  {
    "objectName": "wall_garbcont.p3d",
    "inGameName": "-",
    "category": "structures",
    "modelType": "Raw P3D",
    "path": "dz/structures/walls",
    "usableOnConsole": false,
    "searchTags": "concrete, wall, industrial, white",
    "image": "images/structures/walls/staticobj_wall_garbcont.jpg"
  },
  {
    "objectName": "wall_garbcont_corner.p3d",
    "inGameName": "-",
    "category": "structures",
    "modelType": "Raw P3D",
    "path": "dz/structures/walls",
    "usableOnConsole": false,
    "searchTags": "concrete, wall, industrial, corner, white",
    "image": "images/structures/walls/staticobj_wall_garbcont_corner.jpg"
  },
  {
    "objectName": "wall_gate_cgry.p3d",
    "inGameName": "-",
    "category": "structures",
    "modelType": "Raw P3D",
    "path": "dz/structures/walls",
    "usableOnConsole": false,
    "searchTags": "stone, arch, archway, roman, greek, entrance, gate",
    "image": "images/structures/walls/staticobj_wall_gate_cgry.jpg"
  },
  {
    "objectName": "wall_gate_fenr_open.p3d",
    "inGameName": "-",
    "category": "structures",
    "modelType": "Raw P3D",
    "path": "dz/structures/walls",
    "usableOnConsole": false,
    "searchTags": "red, metal, stone, brick, gate, small, industrial",
    "image": "images/structures/walls/land_wall_gate_fenr_open.jpg"
  },
  {
    "objectName": "wall_gate_kolchoz.p3d",
    "inGameName": "-",
    "category": "structures",
    "modelType": "Raw P3D",
    "path": "dz/structures/walls",
    "usableOnConsole": false,
    "searchTags": "barrier, door, entry, walls",
    "image": "images/structures/walls/wall_gate_kolchoz.p3d.jpg"
  },
  {
    "objectName": "wall_gate_opendam.p3d",
    "inGameName": "-",
    "category": "structures",
    "modelType": "Raw P3D",
    "path": "dz/structures/walls",
    "usableOnConsole": false,
    "searchTags": "barrier, door, entry, walls",
    "image": "images/structures/walls/wall_gate_opendam.p3d.jpg"
  },
  {
    "objectName": "wall_indcnc2_3.p3d",
    "inGameName": "-",
    "category": "structures",
    "modelType": "Raw P3D",
    "path": "dz/structures/walls",
    "usableOnConsole": false,
    "searchTags": "concrete, wall, industrial, small",
    "image": "images/structures/walls/staticobj_wall_indcnc2_3.jpg"
  },
  {
    "objectName": "wall_indcnch_10.p3d",
    "inGameName": "-",
    "category": "structures",
    "modelType": "Raw P3D",
    "path": "dz/structures/walls",
    "usableOnConsole": false,
    "searchTags": "large, concrete, wall, damaged, slab, reenforced, foundations, horizontal, flat, square",
    "image": "images/structures/walls/staticobj_wall_indcnch_10.jpg"
  },
  {
    "objectName": "wall_indcnch_5.p3d",
    "inGameName": "-",
    "category": "structures",
    "modelType": "Raw P3D",
    "path": "dz/structures/walls",
    "usableOnConsole": false,
    "searchTags": "large, concrete, wall, damaged, slab, reenforced, foundations, horizontal, flat, rectangle",
    "image": "images/structures/walls/staticobj_wall_indcnch_5.jpg"
  },
  {
    "objectName": "wall_indcnc_10.p3d",
    "inGameName": "-",
    "category": "structures",
    "modelType": "Raw P3D",
    "path": "dz/structures/walls",
    "usableOnConsole": false,
    "searchTags": "large, concrete, wall, damaged, slab, reenforced, foundations, vertical",
    "image": "images/structures/walls/staticobj_wall_indcnc_10.jpg"
  },
  {
    "objectName": "wall_indcnc_4.p3d",
    "inGameName": "-",
    "category": "structures",
    "modelType": "Raw P3D",
    "path": "dz/structures/walls",
    "usableOnConsole": false,
    "searchTags": "concrete, panel, wall, military, medium",
    "image": "images/structures/walls/staticobj_wall_indcnc_4.jpg"
  },
  {
    "objectName": "wall_indcnc_4_d.p3d",
    "inGameName": "-",
    "category": "structures",
    "modelType": "Raw P3D",
    "path": "dz/structures/walls",
    "usableOnConsole": false,
    "searchTags": "concrete, panel, wall, military, broken, medium",
    "image": "images/structures/walls/staticobj_wall_indcnc_4_d.jpg"
  },
  {
    "objectName": "wall_indcnc_end_2.p3d",
    "inGameName": "-",
    "category": "structures",
    "modelType": "Raw P3D",
    "path": "dz/structures/walls",
    "usableOnConsole": false,
    "searchTags": "concrete, panel, wall, military, small, broken",
    "image": "images/structures/walls/staticobj_wall_indcnc_end_2.jpg"
  },
  {
    "objectName": "wall_indcnc_end_3.p3d",
    "inGameName": "-",
    "category": "structures",
    "modelType": "Raw P3D",
    "path": "dz/structures/walls",
    "usableOnConsole": false,
    "searchTags": "concrete, panel, wall, military, small",
    "image": "images/structures/walls/staticobj_wall_indcnc_end_3.jpg"
  },
  {
    "objectName": "wall_indcnc_pole.p3d",
    "inGameName": "-",
    "category": "structures",
    "modelType": "Raw P3D",
    "path": "dz/structures/walls",
    "usableOnConsole": false,
    "searchTags": "concrete, panel, wall, military, small",
    "image": "images/structures/walls/staticobj_wall_indcnc_pole.jpg"
  },
  {
    "objectName": "wall_indfnc_3.p3d",
    "inGameName": "-",
    "category": "structures",
    "modelType": "Raw P3D",
    "path": "dz/structures/walls",
    "usableOnConsole": false,
    "searchTags": "metal, wire, fence, military, barbed wire, small",
    "image": "images/structures/walls/staticobj_wall_indfnc_3.jpg"
  },
  {
    "objectName": "wall_indfnc_3_d.p3d",
    "inGameName": "-",
    "category": "structures",
    "modelType": "Raw P3D",
    "path": "dz/structures/walls",
    "usableOnConsole": false,
    "searchTags": "metal, wire, fence, military, broken, barbed wire, small",
    "image": "images/structures/walls/staticobj_wall_indfnc_3_d.jpg"
  },
  {
    "objectName": "wall_indfnc_3_hole.p3d",
    "inGameName": "-",
    "category": "structures",
    "modelType": "Raw P3D",
    "path": "dz/structures/walls",
    "usableOnConsole": false,
    "searchTags": "metal, wire, fence, military, broken, barbed wire, small",
    "image": "images/structures/walls/staticobj_wall_indfnc_3_hole.jpg"
  },
  {
    "objectName": "wall_indfnc_9.p3d",
    "inGameName": "-",
    "category": "structures",
    "modelType": "Raw P3D",
    "path": "dz/structures/walls",
    "usableOnConsole": false,
    "searchTags": "metal, wire, fence, military, barbed wire, large",
    "image": "images/structures/walls/staticobj_wall_indfnc_9.jpg"
  },
  {
    "objectName": "wall_indfnc_corner.p3d",
    "inGameName": "-",
    "category": "structures",
    "modelType": "Raw P3D",
    "path": "dz/structures/walls",
    "usableOnConsole": false,
    "searchTags": "metal, wire, fence, military, barbed wire, small",
    "image": "images/structures/walls/staticobj_wall_indfnc_corner.jpg"
  },
  {
    "objectName": "wall_indfnc_pole.p3d",
    "inGameName": "-",
    "category": "structures",
    "modelType": "Raw P3D",
    "path": "dz/structures/walls",
    "usableOnConsole": false,
    "searchTags": "metal, wire, fence, military, broken, barbed wire, small",
    "image": "images/structures/walls/staticobj_wall_indfnc_pole.jpg"
  },
  {
    "objectName": "wall_indvar1_5.p3d",
    "inGameName": "-",
    "category": "structures",
    "modelType": "Raw P3D",
    "path": "dz/structures/walls",
    "usableOnConsole": false,
    "searchTags": "small, brick, plaster, wall, residential",
    "image": "images/structures/walls/staticobj_wall_indvar1_5.jpg"
  },
  {
    "objectName": "wall_indvar1_5_2.p3d",
    "inGameName": "-",
    "category": "structures",
    "modelType": "Raw P3D",
    "path": "dz/structures/walls",
    "usableOnConsole": false,
    "searchTags": "brick, plaster, wall, residential, large",
    "image": "images/structures/walls/staticobj_wall_indvar1_5_2.jpg"
  },
  {
    "objectName": "wall_indvar1_5_d.p3d",
    "inGameName": "-",
    "category": "structures",
    "modelType": "Raw P3D",
    "path": "dz/structures/walls",
    "usableOnConsole": false,
    "searchTags": "brick, plaster, wall, residential, large, broken, end",
    "image": "images/structures/walls/staticobj_wall_indvar1_5_d.jpg"
  },
  {
    "objectName": "wall_indvar1_5_d_2.p3d",
    "inGameName": "-",
    "category": "structures",
    "modelType": "Raw P3D",
    "path": "dz/structures/walls",
    "usableOnConsole": false,
    "searchTags": "brick, plaster, wall, residential, large, broken, end",
    "image": "images/structures/walls/staticobj_wall_indvar1_5_d_2.jpg"
  },
  {
    "objectName": "wall_indvar1_pole.p3d",
    "inGameName": "-",
    "category": "structures",
    "modelType": "Raw P3D",
    "path": "dz/structures/walls",
    "usableOnConsole": false,
    "searchTags": "small, brick, plaster, wall, residential",
    "image": "images/structures/walls/staticobj_wall_indvar1_pole.jpg"
  },
  {
    "objectName": "wall_indvar2_5.p3d",
    "inGameName": "-",
    "category": "structures",
    "modelType": "Raw P3D",
    "path": "dz/structures/walls",
    "usableOnConsole": false,
    "searchTags": "brick, wall, broken, red, medium",
    "image": "images/structures/walls/staticobj_wall_indvar2_5.jpg"
  },
  {
    "objectName": "wall_indvar2_5_d.p3d",
    "inGameName": "-",
    "category": "structures",
    "modelType": "Raw P3D",
    "path": "dz/structures/walls",
    "usableOnConsole": false,
    "searchTags": "brick, wall, broken, red, small",
    "image": "images/structures/walls/staticobj_wall_indvar2_5_d.jpg"
  },
  {
    "objectName": "wall_indvar2_pole.p3d",
    "inGameName": "-",
    "category": "structures",
    "modelType": "Raw P3D",
    "path": "dz/structures/walls",
    "usableOnConsole": false,
    "searchTags": "brick, wall, broken, red, small",
    "image": "images/structures/walls/staticobj_wall_indvar2_pole.jpg"
  },
  {
    "objectName": "wall_railing_1.p3d",
    "inGameName": "-",
    "category": "structures",
    "modelType": "Raw P3D",
    "path": "dz/structures/walls",
    "usableOnConsole": false,
    "searchTags": "metal, train, rail, small, white",
    "image": "images/structures/walls/staticobj_wall_railing_1.jpg"
  },
  {
    "objectName": "wall_railing_1_endl.p3d",
    "inGameName": "-",
    "category": "structures",
    "modelType": "Raw P3D",
    "path": "dz/structures/walls",
    "usableOnConsole": false,
    "searchTags": "metal, train, rail, small, white",
    "image": "images/structures/walls/staticobj_wall_railing_1_endl.jpg"
  },
  {
    "objectName": "wall_railing_1_endr.p3d",
    "inGameName": "-",
    "category": "structures",
    "modelType": "Raw P3D",
    "path": "dz/structures/walls",
    "usableOnConsole": false,
    "searchTags": "metal, train, rail, small, white",
    "image": "images/structures/walls/staticobj_wall_railing_1_endr.jpg"
  },
  {
    "objectName": "wall_railing_1_slope.p3d",
    "inGameName": "-",
    "category": "structures",
    "modelType": "Raw P3D",
    "path": "dz/structures/walls",
    "usableOnConsole": false,
    "searchTags": "metal, train, rail, small, white",
    "image": "images/structures/walls/staticobj_wall_railing_1_slope.jpg"
  },
  {
    "objectName": "wall_railing_2.p3d",
    "inGameName": "-",
    "category": "structures",
    "modelType": "Raw P3D",
    "path": "dz/structures/walls",
    "usableOnConsole": false,
    "searchTags": "metal, train, rail, small, white, red",
    "image": "images/structures/walls/staticobj_wall_railing_2.jpg"
  },
  {
    "objectName": "wall_railing_2_slope.p3d",
    "inGameName": "-",
    "category": "structures",
    "modelType": "Raw P3D",
    "path": "dz/structures/walls",
    "usableOnConsole": false,
    "searchTags": "metal, train, rail, small, white, red",
    "image": "images/structures/walls/staticobj_wall_railing_2_slope.jpg"
  },
  {
    "objectName": "wall_railing_endl.p3d",
    "inGameName": "-",
    "category": "structures",
    "modelType": "Raw P3D",
    "path": "dz/structures/walls",
    "usableOnConsole": false,
    "searchTags": "metal, train, rail, small, white, red",
    "image": "images/structures/walls/staticobj_wall_railing_endl.jpg"
  },
  {
    "objectName": "wall_railing_endr.p3d",
    "inGameName": "-",
    "category": "structures",
    "modelType": "Raw P3D",
    "path": "dz/structures/walls",
    "usableOnConsole": false,
    "searchTags": "metal, train, rail, small, white, red",
    "image": "images/structures/walls/staticobj_wall_railing_endr.jpg"
  },
  {
    "objectName": "wall_stone.p3d",
    "inGameName": "-",
    "category": "structures",
    "modelType": "Raw P3D",
    "path": "dz/structures/walls",
    "usableOnConsole": false,
    "searchTags": "old, rock, wall, large, nature, farm",
    "image": "images/structures/walls/staticobj_wall_stone.jpg"
  },
  {
    "objectName": "wall_stoned.p3d",
    "inGameName": "-",
    "category": "structures",
    "modelType": "Raw P3D",
    "path": "dz/structures/walls",
    "usableOnConsole": false,
    "searchTags": "old, rock, wall, large, nature, farm, broken",
    "image": "images/structures/walls/staticobj_wall_stoned.jpg"
  },
  {
    "objectName": "wall_tincom_3.p3d",
    "inGameName": "-",
    "category": "structures",
    "modelType": "Raw P3D",
    "path": "dz/structures/walls",
    "usableOnConsole": false,
    "searchTags": "metal, fence, wall, small, industrial",
    "image": "images/structures/walls/staticobj_wall_tincom_3.jpg"
  },
  {
    "objectName": "wall_tincom_9.p3d",
    "inGameName": "-",
    "category": "structures",
    "modelType": "Raw P3D",
    "path": "dz/structures/walls",
    "usableOnConsole": false,
    "searchTags": "metal, fence, wall, large, industrial",
    "image": "images/structures/walls/staticobj_wall_tincom_9.jpg"
  },
  {
    "objectName": "wall_tincom_9_2.p3d",
    "inGameName": "-",
    "category": "structures",
    "modelType": "Raw P3D",
    "path": "dz/structures/walls",
    "usableOnConsole": false,
    "searchTags": "metal, fence, wall, large, industrial, broken",
    "image": "images/structures/walls/staticobj_wall_tincom_9_2.jpg"
  },
  {
    "objectName": "wall_tincom_pole.p3d",
    "inGameName": "-",
    "category": "structures",
    "modelType": "Raw P3D",
    "path": "dz/structures/walls",
    "usableOnConsole": false,
    "searchTags": "metal, fence, wall, small, industrial",
    "image": "images/structures/walls/staticobj_wall_tincom_pole.jpg"
  },
  {
    "objectName": "wall_tin_4.p3d",
    "inGameName": "-",
    "category": "structures",
    "modelType": "Raw P3D",
    "path": "dz/structures/walls",
    "usableOnConsole": false,
    "searchTags": "metal, fence, wall, medium, industrial, residential",
    "image": "images/structures/walls/staticobj_wall_tin_4.jpg"
  },
  {
    "objectName": "wall_tin_4_2.p3d",
    "inGameName": "-",
    "category": "structures",
    "modelType": "Raw P3D",
    "path": "dz/structures/walls",
    "usableOnConsole": false,
    "searchTags": "metal, fence, wall, medium, industrial, residential",
    "image": "images/structures/walls/staticobj_wall_tin_4_2.jpg"
  },
  {
    "objectName": "wall_tin_5.p3d",
    "inGameName": "-",
    "category": "structures",
    "modelType": "Raw P3D",
    "path": "dz/structures/walls",
    "usableOnConsole": false,
    "searchTags": "metal, fence, wall, medium, industrial, residential",
    "image": "images/structures/walls/staticobj_wall_tin_5.jpg"
  },
  {
    "objectName": "wall_tin_pole.p3d",
    "inGameName": "-",
    "category": "structures",
    "modelType": "Raw P3D",
    "path": "dz/structures/walls",
    "usableOnConsole": false,
    "searchTags": "metal, fence, wall, small, industrial, residential",
    "image": "images/structures/walls/staticobj_wall_tin_pole.jpg"
  },
  {
    "objectName": "wall_vilvar1_6.p3d",
    "inGameName": "-",
    "category": "structures",
    "modelType": "Raw P3D",
    "path": "dz/structures/walls",
    "usableOnConsole": false,
    "searchTags": "wooden, fence, large, residential, picket",
    "image": "images/structures/walls/staticobj_wall_vilvar1_6.jpg"
  },
  {
    "objectName": "wall_vilvar1_pole.p3d",
    "inGameName": "-",
    "category": "structures",
    "modelType": "Raw P3D",
    "path": "dz/structures/walls",
    "usableOnConsole": false,
    "searchTags": "wooden, fence, small, residential",
    "image": "images/structures/walls/staticobj_wall_vilvar1_pole.jpg"
  },
  {
    "objectName": "wall_vilvar2_4.p3d",
    "inGameName": "-",
    "category": "structures",
    "modelType": "Raw P3D",
    "path": "dz/structures/walls",
    "usableOnConsole": false,
    "searchTags": "wooden, fence, medium, residential",
    "image": "images/structures/walls/staticobj_wall_vilvar2_4.jpg"
  },
  {
    "objectName": "wall_vilvar2_4_2.p3d",
    "inGameName": "-",
    "category": "structures",
    "modelType": "Raw P3D",
    "path": "dz/structures/walls",
    "usableOnConsole": false,
    "searchTags": "wooden, fence, medium, residential",
    "image": "images/structures/walls/staticobj_wall_vilvar2_4_2.jpg"
  },
  {
    "objectName": "wall_vilvar2_4_d.p3d",
    "inGameName": "-",
    "category": "structures",
    "modelType": "Raw P3D",
    "path": "dz/structures/walls",
    "usableOnConsole": false,
    "searchTags": "wooden, fence, medium, broken, residential",
    "image": "images/structures/walls/staticobj_wall_vilvar2_4_d.jpg"
  },
  {
    "objectName": "wall_vilvar2_4_end.p3d",
    "inGameName": "-",
    "category": "structures",
    "modelType": "Raw P3D",
    "path": "dz/structures/walls",
    "usableOnConsole": false,
    "searchTags": "wooden, fence, medium, broken, residential",
    "image": "images/structures/walls/staticobj_wall_vilvar2_4_end.jpg"
  },
  {
    "objectName": "wall_vilvar2_pole.p3d",
    "inGameName": "-",
    "category": "structures",
    "modelType": "Raw P3D",
    "path": "dz/structures/walls",
    "usableOnConsole": false,
    "searchTags": "wooden, fence, small, broken, residential",
    "image": "images/structures/walls/staticobj_wall_vilvar2_pole.jpg"
  },
  {
    "objectName": "wall_wood1d_5.p3d",
    "inGameName": "-",
    "category": "structures",
    "modelType": "Raw P3D",
    "path": "dz/structures/walls",
    "usableOnConsole": false,
    "searchTags": "wooden, fence, medium, residential, broken",
    "image": "images/structures/walls/staticobj_wall_wood1d_5.jpg"
  },
  {
    "objectName": "wall_wood1d_5_2.p3d",
    "inGameName": "-",
    "category": "structures",
    "modelType": "Raw P3D",
    "path": "dz/structures/walls",
    "usableOnConsole": false,
    "searchTags": "wooden, fence, medium, residential, broken",
    "image": "images/structures/walls/staticobj_wall_wood1d_5_2.jpg"
  },
  {
    "objectName": "wall_wood1d_5_pole.p3d",
    "inGameName": "-",
    "category": "structures",
    "modelType": "Raw P3D",
    "path": "dz/structures/walls",
    "usableOnConsole": false,
    "searchTags": "wooden, fence, small, residential",
    "image": "images/structures/walls/staticobj_wall_wood1d_5_pole.jpg"
  },
  {
    "objectName": "wall_wood1_5.p3d",
    "inGameName": "-",
    "category": "structures",
    "modelType": "Raw P3D",
    "path": "dz/structures/walls",
    "usableOnConsole": false,
    "searchTags": "wooden, fence, medium, residential",
    "image": "images/structures/walls/staticobj_wall_wood1_5.jpg"
  },
  {
    "objectName": "wall_wood1_5_2.p3d",
    "inGameName": "-",
    "category": "structures",
    "modelType": "Raw P3D",
    "path": "dz/structures/walls",
    "usableOnConsole": false,
    "searchTags": "wooden, fence, medium, residential",
    "image": "images/structures/walls/staticobj_wall_wood1_5_2.jpg"
  },
  {
    "objectName": "wall_wood1_5_pole.p3d",
    "inGameName": "-",
    "category": "structures",
    "modelType": "Raw P3D",
    "path": "dz/structures/walls",
    "usableOnConsole": false,
    "searchTags": "wooden, fence, small, residential",
    "image": "images/structures/walls/staticobj_wall_wood1_5_pole.jpg"
  },
  {
    "objectName": "wall_wood2_5.p3d",
    "inGameName": "-",
    "category": "structures",
    "modelType": "Raw P3D",
    "path": "dz/structures/walls",
    "usableOnConsole": false,
    "searchTags": "wooden, fence, medium, residential",
    "image": "images/structures/walls/staticobj_wall_wood2_5.jpg"
  },
  {
    "objectName": "wall_wood2_5_d.p3d",
    "inGameName": "-",
    "category": "structures",
    "modelType": "Raw P3D",
    "path": "dz/structures/walls",
    "usableOnConsole": false,
    "searchTags": "wooden, fence, medium, residential, broken",
    "image": "images/structures/walls/staticobj_wall_wood2_5_d.jpg"
  },
  {
    "objectName": "wall_wood2_5_end.p3d",
    "inGameName": "-",
    "category": "structures",
    "modelType": "Raw P3D",
    "path": "dz/structures/walls",
    "usableOnConsole": false,
    "searchTags": "wooden, fence, small, residential, broken",
    "image": "images/structures/walls/staticobj_wall_wood2_5_end.jpg"
  },
  {
    "objectName": "wall_wood2_5_end_2.p3d",
    "inGameName": "-",
    "category": "structures",
    "modelType": "Raw P3D",
    "path": "dz/structures/walls",
    "usableOnConsole": false,
    "searchTags": "wooden, fence, small, residential, broken",
    "image": "images/structures/walls/staticobj_wall_wood2_5_end_2.jpg"
  },
  {
    "objectName": "wall_wood2_5_nolc.p3d",
    "inGameName": "-",
    "category": "structures",
    "modelType": "Raw P3D",
    "path": "dz/structures/walls",
    "usableOnConsole": false,
    "searchTags": "wooden, fence, medium, residential, no_land_contact",
    "image": "images/structures/walls/staticobj_wall_wood2_5_nolc.jpg"
  },
  {
    "objectName": "wall_wood2_5_pole.p3d",
    "inGameName": "-",
    "category": "structures",
    "modelType": "Raw P3D",
    "path": "dz/structures/walls",
    "usableOnConsole": false,
    "searchTags": "wooden, fence, small, residential",
    "image": "images/structures/walls/staticobj_wall_wood2_5_pole.jpg"
  },
  {
    "objectName": "wall_wood3_4.p3d",
    "inGameName": "-",
    "category": "structures",
    "modelType": "Raw P3D",
    "path": "dz/structures/walls",
    "usableOnConsole": false,
    "searchTags": "wooden, stone, brick, fence, medium, residential",
    "image": "images/structures/walls/staticobj_wall_wood3_4.jpg"
  },
  {
    "objectName": "wall_wood3_4_end.p3d",
    "inGameName": "-",
    "category": "structures",
    "modelType": "Raw P3D",
    "path": "dz/structures/walls",
    "usableOnConsole": false,
    "searchTags": "wooden, stone, brick, fence, medium, residential",
    "image": "images/structures/walls/staticobj_wall_wood3_4_end.jpg"
  },
  {
    "objectName": "wall_wood4_4.p3d",
    "inGameName": "-",
    "category": "structures",
    "modelType": "Raw P3D",
    "path": "dz/structures/walls",
    "usableOnConsole": false,
    "searchTags": "stone, brick, fence, medium, residential",
    "image": "images/structures/walls/staticobj_wall_wood4_4.jpg"
  },
  {
    "objectName": "wall_wood4_end1.p3d",
    "inGameName": "-",
    "category": "structures",
    "modelType": "Raw P3D",
    "path": "dz/structures/walls",
    "usableOnConsole": false,
    "searchTags": "stone, brick, fence, medium, residential",
    "image": "images/structures/walls/staticobj_wall_wood4_end1.jpg"
  },
  {
    "objectName": "wall_wood4_end2.p3d",
    "inGameName": "-",
    "category": "structures",
    "modelType": "Raw P3D",
    "path": "dz/structures/walls",
    "usableOnConsole": false,
    "searchTags": "stone, brick, fence, small, residential",
    "image": "images/structures/walls/staticobj_wall_wood4_end2.jpg"
  },
  {
    "objectName": "wall_wood4_pole.p3d",
    "inGameName": "-",
    "category": "structures",
    "modelType": "Raw P3D",
    "path": "dz/structures/walls",
    "usableOnConsole": false,
    "searchTags": "stone, brick, fence, small, residential",
    "image": "images/structures/walls/staticobj_wall_wood4_pole.jpg"
  },
  {
    "objectName": "wall_woodf_5.p3d",
    "inGameName": "-",
    "category": "structures",
    "modelType": "Raw P3D",
    "path": "dz/structures/walls",
    "usableOnConsole": false,
    "searchTags": "wooden, trail, fence, nature, small",
    "image": "images/structures/walls/staticobj_wall_woodf_5.jpg"
  },
  {
    "objectName": "wall_woodf_5_2.p3d",
    "inGameName": "-",
    "category": "structures",
    "modelType": "Raw P3D",
    "path": "dz/structures/walls",
    "usableOnConsole": false,
    "searchTags": "wooden, trail, fence, nature, medium",
    "image": "images/structures/walls/staticobj_wall_woodf_5_2.jpg"
  },
  {
    "objectName": "wall_woodf_5_end.p3d",
    "inGameName": "-",
    "category": "structures",
    "modelType": "Raw P3D",
    "path": "dz/structures/walls",
    "usableOnConsole": false,
    "searchTags": "wooden, trail, fence, nature, medium",
    "image": "images/structures/walls/staticobj_wall_woodf_5_end.jpg"
  },
  {
    "objectName": "wall_woodvil_4.p3d",
    "inGameName": "-",
    "category": "structures",
    "modelType": "Raw P3D",
    "path": "dz/structures/walls",
    "usableOnConsole": false,
    "searchTags": "wooden, medium, fence, residential",
    "image": "images/structures/walls/staticobj_wall_woodvil_4.jpg"
  },
  {
    "objectName": "wall_woodvil_4_2.p3d",
    "inGameName": "-",
    "category": "structures",
    "modelType": "Raw P3D",
    "path": "dz/structures/walls",
    "usableOnConsole": false,
    "searchTags": "wooden, medium, fence, residential",
    "image": "images/structures/walls/staticobj_wall_woodvil_4_2.jpg"
  },
  {
    "objectName": "wall_woodvil_4_pole.p3d",
    "inGameName": "-",
    "category": "structures",
    "modelType": "Raw P3D",
    "path": "dz/structures/walls",
    "usableOnConsole": false,
    "searchTags": "wooden, small, fence, residential",
    "image": "images/structures/walls/staticobj_wall_woodvil_4_pole.jpg"
  },
  {
    "objectName": "Land_Wall_Gate_FenG_Big",
    "category": "structures",
    "modelType": "Config",
    "path": "dz/structures/walls",
    "usableOnConsole": true,
    "searchTags": "green, metal, gate, double, large, industrial",
    "image": "images/structures/walls/land_wall_gate_feng_big.jpg"
  },
  {
    "objectName": "Land_Wall_Gate_FenG_Big_Open",
    "category": "structures",
    "modelType": "Config",
    "path": "dz/structures/walls",
    "usableOnConsole": true,
    "searchTags": "metal, gate, green, double, large, industrial",
    "image": "images/structures/walls/land_wall_gate_feng_big_open.jpg"
  },
  {
    "objectName": "Land_Wall_Gate_FenR_Big",
    "category": "structures",
    "modelType": "Config",
    "path": "dz/structures/walls",
    "usableOnConsole": true,
    "searchTags": "red, metal, gate, double, large, industrial",
    "image": "images/structures/walls/land_wall_gate_fenr_big.jpg"
  },
  {
    "objectName": "Land_Wall_Gate_FenR_Big_Open",
    "category": "structures",
    "modelType": "Config",
    "path": "dz/structures/walls",
    "usableOnConsole": true,
    "searchTags": "red, metal, gate, double, large, industrial",
    "image": "images/structures/walls/land_wall_gate_fenr_big_open.jpg"
  },
  {
    "objectName": "wall_gate_feng_big.p3d",
    "category": "structures",
    "modelType": "Raw P3D",
    "path": "dz/structures/walls",
    "usableOnConsole": false,
    "searchTags": "green, metal, gate, double, large, industrial",
    "image": "images/structures/walls/land_wall_gate_feng_big.jpg"
  },
  {
    "objectName": "wall_gate_feng_big_open.p3d",
    "category": "structures",
    "modelType": "Raw P3D",
    "path": "dz/structures/walls",
    "usableOnConsole": false,
    "searchTags": "metal, gate, green, double, large, industrial",
    "image": "images/structures/walls/land_wall_gate_feng_big_open.jpg"
  },
  {
    "objectName": "wall_gate_fenr_big.p3d",
    "category": "structures",
    "modelType": "Raw P3D",
    "path": "dz/structures/walls",
    "usableOnConsole": false,
    "searchTags": "red, metal, gate, double, large, industrial",
    "image": "images/structures/walls/land_wall_gate_fenr_big.jpg"
  },
  {
    "objectName": "wall_gate_fenr_big_open.p3d",
    "category": "structures",
    "modelType": "Raw P3D",
    "path": "dz/structures/walls",
    "usableOnConsole": false,
    "searchTags": "red, metal, gate, double, large, industrial",
    "image": "images/structures/walls/land_wall_gate_fenr_big_open.jpg"
  },
  {
    "objectName": "Land_Wall_Gate_Camp",
    "category": "structures",
    "modelType": "Config",
    "path": "dz/structures/walls",
    "usableOnConsole": true,
    "searchTags": "gate, summer camp, sign, metal, brown, large, double",
    "image": "images/structures/walls/land_wall_gate_camp.jpg"
  },
  {
    "objectName": "Land_Wall_Gate_Fen2_L",
    "category": "structures",
    "modelType": "Config",
    "path": "dz/structures/walls",
    "usableOnConsole": true,
    "searchTags": "metal, gate, wire, barbed wire, brown, single, industrial",
    "image": "images/structures/walls/land_wall_gate_fen2_l.jpg"
  },
  {
    "objectName": "Land_Wall_Gate_Fen2_R",
    "category": "structures",
    "modelType": "Config",
    "path": "dz/structures/walls",
    "usableOnConsole": true,
    "searchTags": "metal, gate, wire, barbed wire, brown, medium, single, industrial",
    "image": "images/structures/walls/land_wall_gate_fen2_r.jpg"
  },
  {
    "objectName": "Land_Wall_Gate_FenG",
    "category": "structures",
    "modelType": "Config",
    "path": "dz/structures/walls",
    "usableOnConsole": true,
    "searchTags": "green, metal, gate, single, small, industrial",
    "image": "images/structures/walls/land_wall_gate_feng.jpg"
  },
  {
    "objectName": "Land_Wall_Gate_FenG_Big_L",
    "category": "structures",
    "modelType": "Config",
    "path": "dz/structures/walls",
    "usableOnConsole": true,
    "searchTags": "metal, gate, green, medium, single, industrial",
    "image": "images/structures/walls/land_wall_gate_feng_big_l.jpg"
  },
  {
    "objectName": "Land_Wall_Gate_FenG_Big_R",
    "category": "structures",
    "modelType": "Config",
    "path": "dz/structures/walls",
    "usableOnConsole": true,
    "searchTags": "metal, gate, green, medium, single, industrial",
    "image": "images/structures/walls/land_wall_gate_feng_big_r.jpg"
  },
  {
    "objectName": "Land_Wall_Gate_FenG_Open",
    "category": "structures",
    "modelType": "Config",
    "path": "dz/structures/walls",
    "usableOnConsole": true,
    "searchTags": "green, metal, gate, double, large, industrial",
    "image": "images/structures/walls/land_wall_gate_feng_open.jpg"
  },
  {
    "objectName": "Land_Wall_Gate_FenR",
    "category": "structures",
    "modelType": "Config",
    "path": "dz/structures/walls",
    "usableOnConsole": true,
    "searchTags": "red, metal, stone, brick, gate, small, industrial",
    "image": "images/structures/walls/land_wall_gate_fenr.jpg"
  },
  {
    "objectName": "Land_Wall_Gate_FenR_Big_L",
    "category": "structures",
    "modelType": "Config",
    "path": "dz/structures/walls",
    "usableOnConsole": true,
    "searchTags": "metal, gate, red, medium, single, industrial",
    "image": "images/structures/walls/land_wall_gate_fenr_big_l.jpg"
  },
  {
    "objectName": "Land_Wall_Gate_FenR_Big_R",
    "category": "structures",
    "modelType": "Config",
    "path": "dz/structures/walls",
    "usableOnConsole": true,
    "searchTags": "red, metal, gate, single, medium, industrial",
    "image": "images/structures/walls/land_wall_gate_fenr_big_r.jpg"
  },
  {
    "objectName": "Land_Wall_Gate_Ind1_L",
    "category": "structures",
    "modelType": "Config",
    "path": "dz/structures/walls",
    "usableOnConsole": true,
    "searchTags": "green, red, metal, gate, large, industrial",
    "image": "images/structures/walls/land_wall_gate_ind1_l.jpg"
  },
  {
    "objectName": "Land_Wall_Gate_Ind1_R",
    "category": "structures",
    "modelType": "Config",
    "path": "dz/structures/walls",
    "usableOnConsole": true,
    "searchTags": "green, red, metal, gate, large, industrial",
    "image": "images/structures/walls/land_wall_gate_ind1_r.jpg"
  },
  {
    "objectName": "Land_Wall_Gate_Ind2A_L",
    "category": "structures",
    "modelType": "Config",
    "path": "dz/structures/walls",
    "usableOnConsole": true,
    "searchTags": "blue, metal, gate, large, industrial",
    "image": "images/structures/walls/land_wall_gate_ind2a_l.jpg"
  },
  {
    "objectName": "Land_Wall_Gate_Ind2A_R",
    "category": "structures",
    "modelType": "Config",
    "path": "dz/structures/walls",
    "usableOnConsole": true,
    "searchTags": "blue, metal, gate, large, industrial",
    "image": "images/structures/walls/land_wall_gate_ind2a_r.jpg"
  },
  {
    "objectName": "Land_Wall_Gate_Ind2B_L",
    "category": "structures",
    "modelType": "Config",
    "path": "dz/structures/walls",
    "usableOnConsole": true,
    "searchTags": "red, metal, gate, single, large, broken, industrial",
    "image": "images/structures/walls/land_wall_gate_ind2b_l.jpg"
  },
  {
    "objectName": "Land_Wall_Gate_Ind2B_R",
    "category": "structures",
    "modelType": "Config",
    "path": "dz/structures/walls",
    "usableOnConsole": true,
    "searchTags": "red, metal, gate, single, large, industrial",
    "image": "images/structures/walls/land_wall_gate_ind2b_r.jpg"
  },
  {
    "objectName": "Land_Wall_Gate_Ind2Rail_L",
    "category": "structures",
    "modelType": "Config",
    "path": "dz/structures/walls",
    "usableOnConsole": true,
    "searchTags": "blue, metal, gate, large, train, crossing, industrial",
    "image": "images/structures/walls/land_wall_gate_ind2rail_l.jpg"
  },
  {
    "objectName": "Land_Wall_Gate_Ind2Rail_R",
    "category": "structures",
    "modelType": "Config",
    "path": "dz/structures/walls",
    "usableOnConsole": true,
    "searchTags": "blue, metal, gate, large, train, crossing, industrial",
    "image": "images/structures/walls/land_wall_gate_ind2rail_r.jpg"
  },
  {
    "objectName": "Land_Wall_Gate_Village",
    "category": "structures",
    "modelType": "Config",
    "path": "dz/structures/walls",
    "usableOnConsole": true,
    "searchTags": "metal, gate, blue, single, small, residential",
    "image": "images/structures/walls/land_wall_gate_village.jpg"
  },
  {
    "objectName": "Land_Wall_Gate_Wood1",
    "category": "structures",
    "modelType": "Config",
    "path": "dz/structures/walls",
    "usableOnConsole": true,
    "searchTags": "wooden, gate, broken, single, small, residential",
    "image": "images/structures/walls/land_wall_gate_wood1.jpg"
  },
  {
    "objectName": "Land_Wall_Gate_Wood2",
    "category": "structures",
    "modelType": "Config",
    "path": "dz/structures/walls",
    "usableOnConsole": true,
    "searchTags": "wooden, gate, single, small, residential",
    "image": "images/structures/walls/land_wall_gate_wood2.jpg"
  },
  {
    "objectName": "Land_Wall_Gate_Wood3",
    "category": "structures",
    "modelType": "Config",
    "path": "dz/structures/walls",
    "usableOnConsole": true,
    "searchTags": "wooden, gate, single, small, residential",
    "image": "images/structures/walls/land_wall_gate_wood3.jpg"
  },
  {
    "objectName": "Land_Wall_Gate_Wood4",
    "category": "structures",
    "modelType": "Config",
    "path": "dz/structures/walls",
    "usableOnConsole": true,
    "searchTags": "wooden, gate, single, small, brick, stone, residential",
    "image": "images/structures/walls/land_wall_gate_wood4.jpg"
  }
]
