[
  {
    "objectName": "StaticObj_Bridge_Metal_25",
    "inGameName": "-",
    "category": "structures",
    "modelType": "Config",
    "path": "dz/structures/roads/bridges",
    "usableOnConsole": true,
    "searchTags": "bridge, metal, comcrete, highway, elevated, steel, high",
    "image": "images/structures/roads/bridges/staticobj_bridge_metal_25.jpg",
    "id": "dzobj_lnnskazf7h"
  },
  {
    "objectName": "StaticObj_Bridge_Metal_25_1",
    "inGameName": "-",
    "category": "structures",
    "modelType": "Config",
    "path": "dz/structures/roads/bridges",
    "usableOnConsole": true,
    "searchTags": "bridge, metal, comcrete, highway, elevated, steel, high",
    "image": "images/structures/roads/bridges/staticobj_bridge_metal_25_1.jpg",
    "id": "dzobj_76xamsxl71"
  },
  {
    "objectName": "StaticObj_Bridge_Stone_25",
    "inGameName": "-",
    "category": "structures",
    "modelType": "Config",
    "path": "dz/structures/roads/bridges",
    "usableOnConsole": true,
    "searchTags": "bridge, stone, arch, rural, cobble, road, archway",
    "image": "images/structures/roads/bridges/staticobj_bridge_stone_25.jpg",
    "id": "dzobj_bu5q4jaumq"
  },
  {
    "objectName": "StaticObj_Bridge_Wood_25",
    "inGameName": "-",
    "category": "structures",
    "modelType": "Config",
    "path": "dz/structures/roads/bridges",
    "usableOnConsole": true,
    "searchTags": "bridge, wooden, small, rural, planks, river, small",
    "image": "images/structures/roads/bridges/staticobj_bridge_wood_25.jpg",
    "id": "dzobj_u7r5g507jt"
  },
  {
    "objectName": "StaticObj_Bridge_Wood_50",
    "inGameName": "-",
    "category": "structures",
    "modelType": "Config",
    "path": "dz/structures/roads/bridges",
    "usableOnConsole": true,
    "searchTags": "bridge, wooden, small, rural, planks, river, large",
    "image": "images/structures/roads/bridges/staticobj_bridge_wood_50.jpg",
    "id": "dzobj_ovnbzhioyd"
  },
  {
    "objectName": "StaticObj_Bridge_Wood_50_1",
    "inGameName": "-",
    "category": "structures",
    "modelType": "Config",
    "path": "dz/structures/roads/bridges",
    "usableOnConsole": true,
    "searchTags": "bridge, wooden, small, rural, planks, river, medium",
    "image": "images/structures/roads/bridges/staticobj_bridge_wood_50_1.jpg",
    "id": "dzobj_i2pmep76q5"
  },
  {
    "objectName": "bridge_metal_25.p3d",
    "inGameName": "-",
    "category": "structures",
    "modelType": "Raw P3D",
    "path": "dz/structures/roads/bridges",
    "usableOnConsole": false,
    "searchTags": "bridge, metal, comcrete, highway, elevated, steel, high",
    "image": "images/structures/roads/bridges/staticobj_bridge_metal_25.jpg",
    "id": "dzobj_4swnfr1qii"
  },
  {
    "objectName": "bridge_metal_25_1.p3d",
    "inGameName": "-",
    "category": "structures",
    "modelType": "Raw P3D",
    "path": "dz/structures/roads/bridges",
    "usableOnConsole": false,
    "searchTags": "bridge, metal, comcrete, highway, elevated, steel, high",
    "image": "images/structures/roads/bridges/staticobj_bridge_metal_25_1.jpg",
    "id": "dzobj_8ce1vdcszk"
  },
  {
    "objectName": "bridge_stone_25.p3d",
    "inGameName": "-",
    "category": "structures",
    "modelType": "Raw P3D",
    "path": "dz/structures/roads/bridges",
    "usableOnConsole": false,
    "searchTags": "bridge, stone, arch, rural, cobble, road, archway",
    "image": "images/structures/roads/bridges/staticobj_bridge_stone_25.jpg",
    "id": "dzobj_abifruedwo"
  },
  {
    "objectName": "bridge_wood_25.p3d",
    "inGameName": "-",
    "category": "structures",
    "modelType": "Raw P3D",
    "path": "dz/structures/roads/bridges",
    "usableOnConsole": false,
    "searchTags": "bridge, wooden, small, rural, planks, river, small",
    "image": "images/structures/roads/bridges/staticobj_bridge_wood_25.jpg",
    "id": "dzobj_fzqy8f72ob"
  },
  {
    "objectName": "bridge_wood_50.p3d",
    "inGameName": "-",
    "category": "structures",
    "modelType": "Raw P3D",
    "path": "dz/structures/roads/bridges",
    "usableOnConsole": false,
    "searchTags": "bridge, wooden, small, rural, planks, river, large",
    "image": "images/structures/roads/bridges/staticobj_bridge_wood_50.jpg",
    "id": "dzobj_hmw5lvxjg6"
  },
  {
    "objectName": "bridge_wood_50_1.p3d",
    "inGameName": "-",
    "category": "structures",
    "modelType": "Raw P3D",
    "path": "dz/structures/roads/bridges",
    "usableOnConsole": false,
    "searchTags": "bridge, wooden, small, rural, planks, river, medium",
    "image": "images/structures/roads/bridges/staticobj_bridge_wood_50_1.jpg",
    "id": "dzobj_wmoyjghsqu"
  }
]
