[
  {
    "objectName": "Land_Train_742_Blue",
    "inGameName": "-",
    "category": "structures",
    "modelType": "Config",
    "path": "dz/structures/wrecks/trains",
    "usableOnConsole": true,
    "searchTags": "trains, wrecks",
    "image": "images/structures/wrecks/trains/land_train_742_blue.jpg",
    "id": "dzobj_yirn6t9b0u"
  },
  {
    "objectName": "Land_Train_742_Red",
    "inGameName": "-",
    "category": "structures",
    "modelType": "Config",
    "path": "dz/structures/wrecks/trains",
    "usableOnConsole": true,
    "searchTags": "trains, wrecks",
    "image": "images/structures/wrecks/trains/land_train_742_red.jpg",
    "id": "dzobj_3a4xk2dubm"
  },
  {
    "objectName": "StaticObj_Wreck_Train_742_Blue",
    "inGameName": "-",
    "category": "structures",
    "modelType": "Config",
    "path": "dz/structures/wrecks/trains",
    "usableOnConsole": true,
    "searchTags": "trains, wrecks",
    "image": "images/structures/wrecks/trains/staticobj_wreck_train_742_blue.jpg",
    "id": "dzobj_b12zrhqb9d"
  },
  {
    "objectName": "StaticObj_Wreck_Train_742_Red",
    "inGameName": "-",
    "category": "structures",
    "modelType": "Config",
    "path": "dz/structures/wrecks/trains",
    "usableOnConsole": true,
    "searchTags": "trains, wrecks",
    "image": "images/structures/wrecks/trains/staticobj_wreck_train_742_red.jpg",
    "id": "dzobj_ka3i4xejix"
  },
  {
    "objectName": "StaticObj_Wreck_Train_Wagon_Flat",
    "inGameName": "-",
    "category": "structures",
    "modelType": "Config",
    "path": "dz/structures/wrecks/trains",
    "usableOnConsole": true,
    "searchTags": "trains, wrecks, carriage",
    "image": "images/structures/wrecks/trains/staticobj_wreck_train_wagon_flat.jpg",
    "id": "dzobj_1ra5r0jxmi"
  },
  {
    "objectName": "StaticObj_Wreck_Train_Wagon_Tanker",
    "inGameName": "-",
    "category": "structures",
    "modelType": "Config",
    "path": "dz/structures/wrecks/trains",
    "usableOnConsole": true,
    "searchTags": "trains, wrecks, carriage",
    "image": "images/structures/wrecks/trains/staticobj_wreck_train_wagon_tanker.jpg",
    "id": "dzobj_334wwh6qf9"
  },
  {
    "objectName": "StaticObj_Wreck_Train_Wagon_Flat_DE",
    "inGameName": "-",
    "category": "structures",
    "modelType": "Config",
    "path": "dz/structures/wrecks/trains",
    "usableOnConsole": true,
    "searchTags": "trains, wrecks, carriage",
    "image": "images/structures/wrecks/trains/staticobj_wreck_train_wagon_flat_de.jpg",
    "id": "dzobj_7adh2u9i3q"
  },
  {
    "objectName": "StaticObj_Wreck_Train_Wagon_Flat_Mil_DE",
    "inGameName": "-",
    "category": "structures",
    "modelType": "Config",
    "path": "dz/structures/wrecks/trains",
    "usableOnConsole": true,
    "searchTags": "trains, wrecks, carriage",
    "image": "images/structures/wrecks/trains/staticobj_wreck_train_wagon_flat_mil_de.jpg",
    "id": "dzobj_ng5mm6ml58"
  },
  {
    "objectName": "StaticObj_Train_Wagon_Flat_Industrial_Planks_DE",
    "inGameName": "-",
    "category": "structures",
    "modelType": "Config",
    "path": "dz/structures/wrecks/trains",
    "usableOnConsole": true,
    "searchTags": "trains, wrecks, carriage",
    "image": "images/structures/wrecks/trains/staticobj_train_wagon_flat_industrial_planks_de.jpg",
    "id": "dzobj_qei7dd6fq3"
  },
  {
    "objectName": "StaticObj_Train_Wagon_Flat_Industrial_Barrels_DE",
    "inGameName": "-",
    "category": "structures",
    "modelType": "Config",
    "path": "dz/structures/wrecks/trains",
    "usableOnConsole": true,
    "searchTags": "trains, wrecks, carriage",
    "image": "images/structures/wrecks/trains/staticobj_train_wagon_flat_industrial_barrels_de.jpg",
    "id": "dzobj_asykewrtuz"
  },
  {
    "objectName": "StaticObj_Wreck_Train_Wagon_Tanker_DE",
    "inGameName": "-",
    "category": "structures",
    "modelType": "Config",
    "path": "dz/structures/wrecks/trains",
    "usableOnConsole": true,
    "searchTags": "trains, wrecks, carriage",
    "image": "images/structures/wrecks/trains/staticobj_wreck_train_wagon_tanker_de.jpg",
    "id": "dzobj_wbxcnm4vws"
  },
  {
    "objectName": "StaticObj_Wreck_Train_Wagon_Tanker_Mil_DE",
    "inGameName": "-",
    "category": "structures",
    "modelType": "Config",
    "path": "dz/structures/wrecks/trains",
    "usableOnConsole": true,
    "searchTags": "trains, wrecks, carriage",
    "image": "images/structures/wrecks/trains/staticobj_wreck_train_wagon_tanker_mil_de.jpg",
    "id": "dzobj_cjf4gqwzua"
  },
  {
    "objectName": "StaticObj_Wreck_Train_742_Blue_DE",
    "inGameName": "-",
    "category": "structures",
    "modelType": "Config",
    "path": "dz/structures/wrecks/trains",
    "usableOnConsole": true,
    "searchTags": "trains, wrecks, carriage",
    "image": "images/structures/wrecks/trains/staticobj_wreck_train_742_blue_de.jpg",
    "id": "dzobj_wjsuyxlv75"
  },
  {
    "objectName": "StaticObj_Wreck_Train_742_Red_DE",
    "inGameName": "-",
    "category": "structures",
    "modelType": "Config",
    "path": "dz/structures/wrecks/trains",
    "usableOnConsole": true,
    "searchTags": "trains, wrecks, carriage",
    "image": "images/structures/wrecks/trains/staticobj_wreck_train_742_red_de.jpg",
    "id": "dzobj_xlpmznzdz8"
  },
  {
    "objectName": "StaticObj_Wreck_Train_742_Blue_Mil_DE",
    "inGameName": "-",
    "category": "structures",
    "modelType": "Config",
    "path": "dz/structures/wrecks/trains",
    "usableOnConsole": true,
    "searchTags": "trains, wrecks, carriage",
    "image": "images/structures/wrecks/trains/staticobj_wreck_train_742_blue_mil_de.jpg",
    "id": "dzobj_nto7y5qsod"
  },
  {
    "objectName": "StaticObj_Wreck_Train_742_Red_Mil_DE",
    "inGameName": "-",
    "category": "structures",
    "modelType": "Config",
    "path": "dz/structures/wrecks/trains",
    "usableOnConsole": true,
    "searchTags": "trains, wrecks, carriage",
    "image": "images/structures/wrecks/trains/staticobj_wreck_train_742_red_mil_de.jpg",
    "id": "dzobj_1ik4iywyvh"
  },
  {
    "objectName": "train_742_blue.p3d",
    "inGameName": "-",
    "category": "structures",
    "modelType": "Raw P3D",
    "path": "dz/structures/wrecks/trains",
    "usableOnConsole": false,
    "searchTags": "trains, wrecks",
    "image": "images/structures/wrecks/trains/land_train_742_blue.jpg",
    "id": "dzobj_z51if71bgv"
  },
  {
    "objectName": "train_742_red.p3d",
    "inGameName": "-",
    "category": "structures",
    "modelType": "Raw P3D",
    "path": "dz/structures/wrecks/trains",
    "usableOnConsole": false,
    "searchTags": "trains, wrecks",
    "image": "images/structures/wrecks/trains/land_train_742_red.jpg",
    "id": "dzobj_docywb3gjq"
  },
  {
    "objectName": "train_wagon_flat.p3d",
    "inGameName": "-",
    "category": "structures",
    "modelType": "Raw P3D",
    "path": "dz/structures/wrecks/trains",
    "usableOnConsole": false,
    "searchTags": "trains, wrecks, carriage",
    "image": "images/structures/wrecks/trains/train_wagon_flat.p3d.jpg",
    "id": "dzobj_ix72s56nlt"
  },
  {
    "objectName": "train_wagon_tanker.p3d",
    "inGameName": "-",
    "category": "structures",
    "modelType": "Raw P3D",
    "path": "dz/structures/wrecks/trains",
    "usableOnConsole": false,
    "searchTags": "trains, wrecks, carriage",
    "image": "images/structures/wrecks/trains/train_wagon_tanker.p3d.jpg",
    "id": "dzobj_oe2lmqp9qe"
  },
  {
    "objectName": "Land_Train_Wagon_Box_DE",
    "inGameName": "-",
    "category": "structures",
    "modelType": "Config",
    "path": "dz/structures/wrecks/trains",
    "usableOnConsole": true,
    "searchTags": "trains, wrecks, carriage",
    "image": "images/structures/wrecks/trains/land_train_wagon_box_de.jpg",
    "id": "dzobj_ued03ww04e"
  },
  {
    "objectName": "Land_Train_Wagon_Box_Mil_DE",
    "inGameName": "-",
    "category": "structures",
    "modelType": "Config",
    "path": "dz/structures/wrecks/trains",
    "usableOnConsole": true,
    "searchTags": "trains, wrecks, carriage",
    "image": "images/structures/wrecks/trains/land_train_wagon_box_mil_de.jpg",
    "id": "dzobj_11dib5nkyk"
  },
  {
    "objectName": "Land_Train_Wagon_Box",
    "category": "structures",
    "modelType": "Config",
    "path": "dz/structures/wrecks/trains",
    "usableOnConsole": true,
    "searchTags": "trains, wrecks, carriage",
    "image": "images/structures/wrecks/trains/land_train_wagon_box.jpg",
    "id": "dzobj_7fla6e0mys"
  }
]
