[
  {
    "objectName": "enoch_50x50.p3d",
    "inGameName": "-",
    "category": "water_bliss",
    "modelType": "Raw P3D",
    "path": "dz/water_bliss/ponds",
    "usableOnConsole": false,
    "searchTags": "",
    "image": "images/water_bliss/ponds/enoch_50x50.p3d.jpg",
    "id": "dzobj_7yogu2tpwh"
  },
  {
    "objectName": "enoch_50x50_clear.p3d",
    "inGameName": "-",
    "category": "water_bliss",
    "modelType": "Raw P3D",
    "path": "dz/water_bliss/ponds",
    "usableOnConsole": false,
    "searchTags": "",
    "image": "images/water_bliss/ponds/enoch_50x50_clear.p3d.jpg",
    "id": "dzobj_0seswzkrq4"
  },
  {
    "objectName": "enoch_50x50_moss.p3d",
    "inGameName": "-",
    "category": "water_bliss",
    "modelType": "Raw P3D",
    "path": "dz/water_bliss/ponds",
    "usableOnConsole": false,
    "searchTags": "",
    "image": "images/water_bliss/ponds/enoch_50x50_moss.p3d.jpg",
    "id": "dzobj_7gwj3ge2vv"
  },
  {
    "objectName": "enoch_grabinskie_0.p3d",
    "inGameName": "-",
    "category": "water_bliss",
    "modelType": "Raw P3D",
    "path": "dz/water_bliss/ponds",
    "usableOnConsole": false,
    "searchTags": "",
    "image": "images/water_bliss/ponds/enoch_grabinskie_0.p3d.jpg",
    "id": "dzobj_taaxjhf5m2"
  },
  {
    "objectName": "enoch_grabinskie_1.p3d",
    "inGameName": "-",
    "category": "water_bliss",
    "modelType": "Raw P3D",
    "path": "dz/water_bliss/ponds",
    "usableOnConsole": false,
    "searchTags": "",
    "image": "images/water_bliss/ponds/enoch_grabinskie_1.p3d.jpg",
    "id": "dzobj_t1h95nca2z"
  },
  {
    "objectName": "enoch_grabinskie_10.p3d",
    "inGameName": "-",
    "category": "water_bliss",
    "modelType": "Raw P3D",
    "path": "dz/water_bliss/ponds",
    "usableOnConsole": false,
    "searchTags": "",
    "image": "images/water_bliss/ponds/enoch_grabinskie_10.p3d.jpg",
    "id": "dzobj_kftjgrqy1d"
  },
  {
    "objectName": "enoch_grabinskie_11.p3d",
    "inGameName": "-",
    "category": "water_bliss",
    "modelType": "Raw P3D",
    "path": "dz/water_bliss/ponds",
    "usableOnConsole": false,
    "searchTags": "",
    "image": "images/water_bliss/ponds/enoch_grabinskie_11.p3d.jpg",
    "id": "dzobj_d518w87xwd"
  },
  {
    "objectName": "enoch_grabinskie_12.p3d",
    "inGameName": "-",
    "category": "water_bliss",
    "modelType": "Raw P3D",
    "path": "dz/water_bliss/ponds",
    "usableOnConsole": false,
    "searchTags": "",
    "image": "images/water_bliss/ponds/enoch_grabinskie_12.p3d.jpg",
    "id": "dzobj_rjrmsaxux4"
  },
  {
    "objectName": "enoch_grabinskie_13.p3d",
    "inGameName": "-",
    "category": "water_bliss",
    "modelType": "Raw P3D",
    "path": "dz/water_bliss/ponds",
    "usableOnConsole": false,
    "searchTags": "",
    "image": "images/water_bliss/ponds/enoch_grabinskie_13.p3d.jpg",
    "id": "dzobj_7kmdwcdqes"
  },
  {
    "objectName": "enoch_grabinskie_14.p3d",
    "inGameName": "-",
    "category": "water_bliss",
    "modelType": "Raw P3D",
    "path": "dz/water_bliss/ponds",
    "usableOnConsole": false,
    "searchTags": "",
    "image": "images/water_bliss/ponds/enoch_grabinskie_14.p3d.jpg",
    "id": "dzobj_pth1avvkvw"
  },
  {
    "objectName": "enoch_grabinskie_15.p3d",
    "inGameName": "-",
    "category": "water_bliss",
    "modelType": "Raw P3D",
    "path": "dz/water_bliss/ponds",
    "usableOnConsole": false,
    "searchTags": "",
    "image": "images/water_bliss/ponds/enoch_grabinskie_15.p3d.jpg",
    "id": "dzobj_kl0dxkomy1"
  },
  {
    "objectName": "enoch_grabinskie_16.p3d",
    "inGameName": "-",
    "category": "water_bliss",
    "modelType": "Raw P3D",
    "path": "dz/water_bliss/ponds",
    "usableOnConsole": false,
    "searchTags": "",
    "image": "images/water_bliss/ponds/enoch_grabinskie_16.p3d.jpg",
    "id": "dzobj_teiyml8zfe"
  },
  {
    "objectName": "enoch_grabinskie_17.p3d",
    "inGameName": "-",
    "category": "water_bliss",
    "modelType": "Raw P3D",
    "path": "dz/water_bliss/ponds",
    "usableOnConsole": false,
    "searchTags": "",
    "image": "images/water_bliss/ponds/enoch_grabinskie_17.p3d.jpg",
    "id": "dzobj_10kzrtza44"
  },
  {
    "objectName": "enoch_grabinskie_18.p3d",
    "inGameName": "-",
    "category": "water_bliss",
    "modelType": "Raw P3D",
    "path": "dz/water_bliss/ponds",
    "usableOnConsole": false,
    "searchTags": "",
    "image": "images/water_bliss/ponds/enoch_grabinskie_18.p3d.jpg",
    "id": "dzobj_t9q5k489k5"
  },
  {
    "objectName": "enoch_grabinskie_19.p3d",
    "inGameName": "-",
    "category": "water_bliss",
    "modelType": "Raw P3D",
    "path": "dz/water_bliss/ponds",
    "usableOnConsole": false,
    "searchTags": "",
    "image": "images/water_bliss/ponds/enoch_grabinskie_19.p3d.jpg",
    "id": "dzobj_vodvy628p7"
  },
  {
    "objectName": "enoch_grabinskie_2.p3d",
    "inGameName": "-",
    "category": "water_bliss",
    "modelType": "Raw P3D",
    "path": "dz/water_bliss/ponds",
    "usableOnConsole": false,
    "searchTags": "",
    "image": "images/water_bliss/ponds/enoch_grabinskie_2.p3d.jpg",
    "id": "dzobj_4c7uc2ud11"
  },
  {
    "objectName": "enoch_grabinskie_20.p3d",
    "inGameName": "-",
    "category": "water_bliss",
    "modelType": "Raw P3D",
    "path": "dz/water_bliss/ponds",
    "usableOnConsole": false,
    "searchTags": "",
    "image": "images/water_bliss/ponds/enoch_grabinskie_20.p3d.jpg",
    "id": "dzobj_vva2l75vkq"
  },
  {
    "objectName": "enoch_grabinskie_21.p3d",
    "inGameName": "-",
    "category": "water_bliss",
    "modelType": "Raw P3D",
    "path": "dz/water_bliss/ponds",
    "usableOnConsole": false,
    "searchTags": "",
    "image": "images/water_bliss/ponds/enoch_grabinskie_21.p3d.jpg",
    "id": "dzobj_ioi4sci3uv"
  },
  {
    "objectName": "enoch_grabinskie_22.p3d",
    "inGameName": "-",
    "category": "water_bliss",
    "modelType": "Raw P3D",
    "path": "dz/water_bliss/ponds",
    "usableOnConsole": false,
    "searchTags": "",
    "image": "images/water_bliss/ponds/enoch_grabinskie_22.p3d.jpg",
    "id": "dzobj_ga77fqwmg4"
  },
  {
    "objectName": "enoch_grabinskie_23.p3d",
    "inGameName": "-",
    "category": "water_bliss",
    "modelType": "Raw P3D",
    "path": "dz/water_bliss/ponds",
    "usableOnConsole": false,
    "searchTags": "",
    "image": "images/water_bliss/ponds/enoch_grabinskie_23.p3d.jpg",
    "id": "dzobj_237n0izeq7"
  },
  {
    "objectName": "enoch_grabinskie_24.p3d",
    "inGameName": "-",
    "category": "water_bliss",
    "modelType": "Raw P3D",
    "path": "dz/water_bliss/ponds",
    "usableOnConsole": false,
    "searchTags": "",
    "image": "images/water_bliss/ponds/enoch_grabinskie_24.p3d.jpg",
    "id": "dzobj_kkv1876jht"
  },
  {
    "objectName": "enoch_grabinskie_25.p3d",
    "inGameName": "-",
    "category": "water_bliss",
    "modelType": "Raw P3D",
    "path": "dz/water_bliss/ponds",
    "usableOnConsole": false,
    "searchTags": "",
    "image": "images/water_bliss/ponds/enoch_grabinskie_25.p3d.jpg",
    "id": "dzobj_pkr2itlbe5"
  },
  {
    "objectName": "enoch_grabinskie_26.p3d",
    "inGameName": "-",
    "category": "water_bliss",
    "modelType": "Raw P3D",
    "path": "dz/water_bliss/ponds",
    "usableOnConsole": false,
    "searchTags": "",
    "image": "images/water_bliss/ponds/enoch_grabinskie_26.p3d.jpg",
    "id": "dzobj_dq1vz1tnxz"
  },
  {
    "objectName": "enoch_grabinskie_27.p3d",
    "inGameName": "-",
    "category": "water_bliss",
    "modelType": "Raw P3D",
    "path": "dz/water_bliss/ponds",
    "usableOnConsole": false,
    "searchTags": "",
    "image": "images/water_bliss/ponds/enoch_grabinskie_27.p3d.jpg",
    "id": "dzobj_a3j16ea95q"
  },
  {
    "objectName": "enoch_grabinskie_28.p3d",
    "inGameName": "-",
    "category": "water_bliss",
    "modelType": "Raw P3D",
    "path": "dz/water_bliss/ponds",
    "usableOnConsole": false,
    "searchTags": "",
    "image": "images/water_bliss/ponds/enoch_grabinskie_28.p3d.jpg",
    "id": "dzobj_1ff8nelni8"
  },
  {
    "objectName": "enoch_grabinskie_29.p3d",
    "inGameName": "-",
    "category": "water_bliss",
    "modelType": "Raw P3D",
    "path": "dz/water_bliss/ponds",
    "usableOnConsole": false,
    "searchTags": "",
    "image": "images/water_bliss/ponds/enoch_grabinskie_29.p3d.jpg",
    "id": "dzobj_tkpiev8wda"
  },
  {
    "objectName": "enoch_grabinskie_3.p3d",
    "inGameName": "-",
    "category": "water_bliss",
    "modelType": "Raw P3D",
    "path": "dz/water_bliss/ponds",
    "usableOnConsole": false,
    "searchTags": "",
    "image": "images/water_bliss/ponds/enoch_grabinskie_3.p3d.jpg",
    "id": "dzobj_096eakq3cf"
  },
  {
    "objectName": "enoch_grabinskie_30.p3d",
    "inGameName": "-",
    "category": "water_bliss",
    "modelType": "Raw P3D",
    "path": "dz/water_bliss/ponds",
    "usableOnConsole": false,
    "searchTags": "",
    "image": "images/water_bliss/ponds/enoch_grabinskie_30.p3d.jpg",
    "id": "dzobj_v12f32unkc"
  },
  {
    "objectName": "enoch_grabinskie_31.p3d",
    "inGameName": "-",
    "category": "water_bliss",
    "modelType": "Raw P3D",
    "path": "dz/water_bliss/ponds",
    "usableOnConsole": false,
    "searchTags": "",
    "image": "images/water_bliss/ponds/enoch_grabinskie_31.p3d.jpg",
    "id": "dzobj_yf679gvt2s"
  },
  {
    "objectName": "enoch_grabinskie_32.p3d",
    "inGameName": "-",
    "category": "water_bliss",
    "modelType": "Raw P3D",
    "path": "dz/water_bliss/ponds",
    "usableOnConsole": false,
    "searchTags": "",
    "image": "images/water_bliss/ponds/enoch_grabinskie_32.p3d.jpg",
    "id": "dzobj_8ziojo8gp1"
  },
  {
    "objectName": "enoch_grabinskie_33.p3d",
    "inGameName": "-",
    "category": "water_bliss",
    "modelType": "Raw P3D",
    "path": "dz/water_bliss/ponds",
    "usableOnConsole": false,
    "searchTags": "",
    "image": "images/water_bliss/ponds/enoch_grabinskie_33.p3d.jpg",
    "id": "dzobj_7kbw96aylh"
  },
  {
    "objectName": "enoch_grabinskie_34.p3d",
    "inGameName": "-",
    "category": "water_bliss",
    "modelType": "Raw P3D",
    "path": "dz/water_bliss/ponds",
    "usableOnConsole": false,
    "searchTags": "",
    "image": "images/water_bliss/ponds/enoch_grabinskie_34.p3d.jpg",
    "id": "dzobj_ktpg68t6uz"
  },
  {
    "objectName": "enoch_grabinskie_35.p3d",
    "inGameName": "-",
    "category": "water_bliss",
    "modelType": "Raw P3D",
    "path": "dz/water_bliss/ponds",
    "usableOnConsole": false,
    "searchTags": "",
    "image": "images/water_bliss/ponds/enoch_grabinskie_35.p3d.jpg",
    "id": "dzobj_cl7fysq30y"
  },
  {
    "objectName": "enoch_grabinskie_36.p3d",
    "inGameName": "-",
    "category": "water_bliss",
    "modelType": "Raw P3D",
    "path": "dz/water_bliss/ponds",
    "usableOnConsole": false,
    "searchTags": "",
    "image": "images/water_bliss/ponds/enoch_grabinskie_36.p3d.jpg",
    "id": "dzobj_4pnlitc31l"
  },
  {
    "objectName": "enoch_grabinskie_37.p3d",
    "inGameName": "-",
    "category": "water_bliss",
    "modelType": "Raw P3D",
    "path": "dz/water_bliss/ponds",
    "usableOnConsole": false,
    "searchTags": "",
    "image": "images/water_bliss/ponds/enoch_grabinskie_37.p3d.jpg",
    "id": "dzobj_el0974d6js"
  },
  {
    "objectName": "enoch_grabinskie_38.p3d",
    "inGameName": "-",
    "category": "water_bliss",
    "modelType": "Raw P3D",
    "path": "dz/water_bliss/ponds",
    "usableOnConsole": false,
    "searchTags": "",
    "image": "images/water_bliss/ponds/enoch_grabinskie_38.p3d.jpg",
    "id": "dzobj_0f22i159io"
  },
  {
    "objectName": "enoch_grabinskie_39.p3d",
    "inGameName": "-",
    "category": "water_bliss",
    "modelType": "Raw P3D",
    "path": "dz/water_bliss/ponds",
    "usableOnConsole": false,
    "searchTags": "",
    "image": "images/water_bliss/ponds/enoch_grabinskie_39.p3d.jpg",
    "id": "dzobj_0d04f61hw2"
  },
  {
    "objectName": "enoch_grabinskie_4.p3d",
    "inGameName": "-",
    "category": "water_bliss",
    "modelType": "Raw P3D",
    "path": "dz/water_bliss/ponds",
    "usableOnConsole": false,
    "searchTags": "",
    "image": "images/water_bliss/ponds/enoch_grabinskie_4.p3d.jpg",
    "id": "dzobj_nq4ndw281b"
  },
  {
    "objectName": "enoch_grabinskie_40.p3d",
    "inGameName": "-",
    "category": "water_bliss",
    "modelType": "Raw P3D",
    "path": "dz/water_bliss/ponds",
    "usableOnConsole": false,
    "searchTags": "",
    "image": "images/water_bliss/ponds/enoch_grabinskie_40.p3d.jpg",
    "id": "dzobj_4wu9c3hshf"
  },
  {
    "objectName": "enoch_grabinskie_41.p3d",
    "inGameName": "-",
    "category": "water_bliss",
    "modelType": "Raw P3D",
    "path": "dz/water_bliss/ponds",
    "usableOnConsole": false,
    "searchTags": "",
    "image": "images/water_bliss/ponds/enoch_grabinskie_41.p3d.jpg",
    "id": "dzobj_hk32z37uc2"
  },
  {
    "objectName": "enoch_grabinskie_42.p3d",
    "inGameName": "-",
    "category": "water_bliss",
    "modelType": "Raw P3D",
    "path": "dz/water_bliss/ponds",
    "usableOnConsole": false,
    "searchTags": "",
    "image": "images/water_bliss/ponds/enoch_grabinskie_42.p3d.jpg",
    "id": "dzobj_zo2lwupz3j"
  },
  {
    "objectName": "enoch_grabinskie_43.p3d",
    "inGameName": "-",
    "category": "water_bliss",
    "modelType": "Raw P3D",
    "path": "dz/water_bliss/ponds",
    "usableOnConsole": false,
    "searchTags": "",
    "image": "images/water_bliss/ponds/enoch_grabinskie_43.p3d.jpg",
    "id": "dzobj_yg6ta93npq"
  },
  {
    "objectName": "enoch_grabinskie_44.p3d",
    "inGameName": "-",
    "category": "water_bliss",
    "modelType": "Raw P3D",
    "path": "dz/water_bliss/ponds",
    "usableOnConsole": false,
    "searchTags": "",
    "image": "images/water_bliss/ponds/enoch_grabinskie_44.p3d.jpg",
    "id": "dzobj_lq7lyqwae4"
  },
  {
    "objectName": "enoch_grabinskie_45.p3d",
    "inGameName": "-",
    "category": "water_bliss",
    "modelType": "Raw P3D",
    "path": "dz/water_bliss/ponds",
    "usableOnConsole": false,
    "searchTags": "",
    "image": "images/water_bliss/ponds/enoch_grabinskie_45.p3d.jpg",
    "id": "dzobj_d39j7vn67x"
  },
  {
    "objectName": "enoch_grabinskie_46.p3d",
    "inGameName": "-",
    "category": "water_bliss",
    "modelType": "Raw P3D",
    "path": "dz/water_bliss/ponds",
    "usableOnConsole": false,
    "searchTags": "",
    "image": "images/water_bliss/ponds/enoch_grabinskie_46.p3d.jpg",
    "id": "dzobj_qaweeqz559"
  },
  {
    "objectName": "enoch_grabinskie_47.p3d",
    "inGameName": "-",
    "category": "water_bliss",
    "modelType": "Raw P3D",
    "path": "dz/water_bliss/ponds",
    "usableOnConsole": false,
    "searchTags": "",
    "image": "images/water_bliss/ponds/enoch_grabinskie_47.p3d.jpg",
    "id": "dzobj_qbtfwhqylr"
  },
  {
    "objectName": "enoch_grabinskie_48.p3d",
    "inGameName": "-",
    "category": "water_bliss",
    "modelType": "Raw P3D",
    "path": "dz/water_bliss/ponds",
    "usableOnConsole": false,
    "searchTags": "",
    "image": "images/water_bliss/ponds/enoch_grabinskie_48.p3d.jpg",
    "id": "dzobj_see8hg2b7k"
  },
  {
    "objectName": "enoch_grabinskie_49.p3d",
    "inGameName": "-",
    "category": "water_bliss",
    "modelType": "Raw P3D",
    "path": "dz/water_bliss/ponds",
    "usableOnConsole": false,
    "searchTags": "",
    "image": "images/water_bliss/ponds/enoch_grabinskie_49.p3d.jpg",
    "id": "dzobj_mmc1cz14ww"
  },
  {
    "objectName": "enoch_grabinskie_5.p3d",
    "inGameName": "-",
    "category": "water_bliss",
    "modelType": "Raw P3D",
    "path": "dz/water_bliss/ponds",
    "usableOnConsole": false,
    "searchTags": "",
    "image": "images/water_bliss/ponds/enoch_grabinskie_5.p3d.jpg",
    "id": "dzobj_5lvg9zg3t4"
  },
  {
    "objectName": "enoch_grabinskie_6.p3d",
    "inGameName": "-",
    "category": "water_bliss",
    "modelType": "Raw P3D",
    "path": "dz/water_bliss/ponds",
    "usableOnConsole": false,
    "searchTags": "",
    "image": "images/water_bliss/ponds/enoch_grabinskie_6.p3d.jpg",
    "id": "dzobj_zufya3mkva"
  },
  {
    "objectName": "enoch_grabinskie_7.p3d",
    "inGameName": "-",
    "category": "water_bliss",
    "modelType": "Raw P3D",
    "path": "dz/water_bliss/ponds",
    "usableOnConsole": false,
    "searchTags": "",
    "image": "images/water_bliss/ponds/enoch_grabinskie_7.p3d.jpg",
    "id": "dzobj_ydn9ryds9a"
  },
  {
    "objectName": "enoch_grabinskie_8.p3d",
    "inGameName": "-",
    "category": "water_bliss",
    "modelType": "Raw P3D",
    "path": "dz/water_bliss/ponds",
    "usableOnConsole": false,
    "searchTags": "",
    "image": "images/water_bliss/ponds/enoch_grabinskie_8.p3d.jpg",
    "id": "dzobj_46n9go6v50"
  },
  {
    "objectName": "enoch_grabinskie_9.p3d",
    "inGameName": "-",
    "category": "water_bliss",
    "modelType": "Raw P3D",
    "path": "dz/water_bliss/ponds",
    "usableOnConsole": false,
    "searchTags": "",
    "image": "images/water_bliss/ponds/enoch_grabinskie_9.p3d.jpg",
    "id": "dzobj_q5sokg1zbf"
  },
  {
    "objectName": "enoch_jantar_0.p3d",
    "inGameName": "-",
    "category": "water_bliss",
    "modelType": "Raw P3D",
    "path": "dz/water_bliss/ponds",
    "usableOnConsole": false,
    "searchTags": "",
    "image": "images/water_bliss/ponds/enoch_jantar_0.p3d.jpg",
    "id": "dzobj_5m3a5iqzxl"
  },
  {
    "objectName": "enoch_jantar_1.p3d",
    "inGameName": "-",
    "category": "water_bliss",
    "modelType": "Raw P3D",
    "path": "dz/water_bliss/ponds",
    "usableOnConsole": false,
    "searchTags": "",
    "image": "images/water_bliss/ponds/enoch_jantar_1.p3d.jpg",
    "id": "dzobj_0qf0j2rzzj"
  },
  {
    "objectName": "enoch_jantar_10.p3d",
    "inGameName": "-",
    "category": "water_bliss",
    "modelType": "Raw P3D",
    "path": "dz/water_bliss/ponds",
    "usableOnConsole": false,
    "searchTags": "",
    "image": "images/water_bliss/ponds/enoch_jantar_10.p3d.jpg",
    "id": "dzobj_eo2t77aywp"
  },
  {
    "objectName": "enoch_jantar_11.p3d",
    "inGameName": "-",
    "category": "water_bliss",
    "modelType": "Raw P3D",
    "path": "dz/water_bliss/ponds",
    "usableOnConsole": false,
    "searchTags": "",
    "image": "images/water_bliss/ponds/enoch_jantar_11.p3d.jpg",
    "id": "dzobj_0io66zzazb"
  },
  {
    "objectName": "enoch_jantar_12.p3d",
    "inGameName": "-",
    "category": "water_bliss",
    "modelType": "Raw P3D",
    "path": "dz/water_bliss/ponds",
    "usableOnConsole": false,
    "searchTags": "",
    "image": "images/water_bliss/ponds/enoch_jantar_12.p3d.jpg",
    "id": "dzobj_svwmqsgxa7"
  },
  {
    "objectName": "enoch_jantar_13.p3d",
    "inGameName": "-",
    "category": "water_bliss",
    "modelType": "Raw P3D",
    "path": "dz/water_bliss/ponds",
    "usableOnConsole": false,
    "searchTags": "",
    "image": "images/water_bliss/ponds/enoch_jantar_13.p3d.jpg",
    "id": "dzobj_5zaai39b5o"
  },
  {
    "objectName": "enoch_jantar_14.p3d",
    "inGameName": "-",
    "category": "water_bliss",
    "modelType": "Raw P3D",
    "path": "dz/water_bliss/ponds",
    "usableOnConsole": false,
    "searchTags": "",
    "image": "images/water_bliss/ponds/enoch_jantar_14.p3d.jpg",
    "id": "dzobj_ee7vett9m8"
  },
  {
    "objectName": "enoch_jantar_15.p3d",
    "inGameName": "-",
    "category": "water_bliss",
    "modelType": "Raw P3D",
    "path": "dz/water_bliss/ponds",
    "usableOnConsole": false,
    "searchTags": "",
    "image": "images/water_bliss/ponds/enoch_jantar_15.p3d.jpg",
    "id": "dzobj_9amif05j12"
  },
  {
    "objectName": "enoch_jantar_16.p3d",
    "inGameName": "-",
    "category": "water_bliss",
    "modelType": "Raw P3D",
    "path": "dz/water_bliss/ponds",
    "usableOnConsole": false,
    "searchTags": "",
    "image": "images/water_bliss/ponds/enoch_jantar_16.p3d.jpg",
    "id": "dzobj_uvkmidfy3f"
  },
  {
    "objectName": "enoch_jantar_17.p3d",
    "inGameName": "-",
    "category": "water_bliss",
    "modelType": "Raw P3D",
    "path": "dz/water_bliss/ponds",
    "usableOnConsole": false,
    "searchTags": "",
    "image": "images/water_bliss/ponds/enoch_jantar_17.p3d.jpg",
    "id": "dzobj_8aomit0mik"
  },
  {
    "objectName": "enoch_jantar_18.p3d",
    "inGameName": "-",
    "category": "water_bliss",
    "modelType": "Raw P3D",
    "path": "dz/water_bliss/ponds",
    "usableOnConsole": false,
    "searchTags": "",
    "image": "images/water_bliss/ponds/enoch_jantar_18.p3d.jpg",
    "id": "dzobj_ffmosb77ne"
  },
  {
    "objectName": "enoch_jantar_19.p3d",
    "inGameName": "-",
    "category": "water_bliss",
    "modelType": "Raw P3D",
    "path": "dz/water_bliss/ponds",
    "usableOnConsole": false,
    "searchTags": "",
    "image": "images/water_bliss/ponds/enoch_jantar_19.p3d.jpg",
    "id": "dzobj_8uvxzfr74m"
  },
  {
    "objectName": "enoch_jantar_2.p3d",
    "inGameName": "-",
    "category": "water_bliss",
    "modelType": "Raw P3D",
    "path": "dz/water_bliss/ponds",
    "usableOnConsole": false,
    "searchTags": "",
    "image": "images/water_bliss/ponds/enoch_jantar_2.p3d.jpg",
    "id": "dzobj_9zwjn9bnra"
  },
  {
    "objectName": "enoch_jantar_20.p3d",
    "inGameName": "-",
    "category": "water_bliss",
    "modelType": "Raw P3D",
    "path": "dz/water_bliss/ponds",
    "usableOnConsole": false,
    "searchTags": "",
    "image": "images/water_bliss/ponds/enoch_jantar_20.p3d.jpg",
    "id": "dzobj_gn43y9kjtp"
  },
  {
    "objectName": "enoch_jantar_21.p3d",
    "inGameName": "-",
    "category": "water_bliss",
    "modelType": "Raw P3D",
    "path": "dz/water_bliss/ponds",
    "usableOnConsole": false,
    "searchTags": "",
    "image": "images/water_bliss/ponds/enoch_jantar_21.p3d.jpg",
    "id": "dzobj_wnftjjsn7b"
  },
  {
    "objectName": "enoch_jantar_22.p3d",
    "inGameName": "-",
    "category": "water_bliss",
    "modelType": "Raw P3D",
    "path": "dz/water_bliss/ponds",
    "usableOnConsole": false,
    "searchTags": "",
    "image": "images/water_bliss/ponds/enoch_jantar_22.p3d.jpg",
    "id": "dzobj_q0d9bjtw7w"
  },
  {
    "objectName": "enoch_jantar_3.p3d",
    "inGameName": "-",
    "category": "water_bliss",
    "modelType": "Raw P3D",
    "path": "dz/water_bliss/ponds",
    "usableOnConsole": false,
    "searchTags": "",
    "image": "images/water_bliss/ponds/enoch_jantar_3.p3d.jpg",
    "id": "dzobj_n8m0wcx623"
  },
  {
    "objectName": "enoch_jantar_4.p3d",
    "inGameName": "-",
    "category": "water_bliss",
    "modelType": "Raw P3D",
    "path": "dz/water_bliss/ponds",
    "usableOnConsole": false,
    "searchTags": "",
    "image": "images/water_bliss/ponds/enoch_jantar_4.p3d.jpg",
    "id": "dzobj_xa4eabzxw8"
  },
  {
    "objectName": "enoch_jantar_5.p3d",
    "inGameName": "-",
    "category": "water_bliss",
    "modelType": "Raw P3D",
    "path": "dz/water_bliss/ponds",
    "usableOnConsole": false,
    "searchTags": "",
    "image": "images/water_bliss/ponds/enoch_jantar_5.p3d.jpg",
    "id": "dzobj_r5d5m24jyt"
  },
  {
    "objectName": "enoch_jantar_6.p3d",
    "inGameName": "-",
    "category": "water_bliss",
    "modelType": "Raw P3D",
    "path": "dz/water_bliss/ponds",
    "usableOnConsole": false,
    "searchTags": "",
    "image": "images/water_bliss/ponds/enoch_jantar_6.p3d.jpg",
    "id": "dzobj_f5s9cq8b4r"
  },
  {
    "objectName": "enoch_jantar_7.p3d",
    "inGameName": "-",
    "category": "water_bliss",
    "modelType": "Raw P3D",
    "path": "dz/water_bliss/ponds",
    "usableOnConsole": false,
    "searchTags": "",
    "image": "images/water_bliss/ponds/enoch_jantar_7.p3d.jpg",
    "id": "dzobj_ji7175hxep"
  },
  {
    "objectName": "enoch_jantar_8.p3d",
    "inGameName": "-",
    "category": "water_bliss",
    "modelType": "Raw P3D",
    "path": "dz/water_bliss/ponds",
    "usableOnConsole": false,
    "searchTags": "",
    "image": "images/water_bliss/ponds/enoch_jantar_8.p3d.jpg",
    "id": "dzobj_szsym5ojmx"
  },
  {
    "objectName": "enoch_jantar_9.p3d",
    "inGameName": "-",
    "category": "water_bliss",
    "modelType": "Raw P3D",
    "path": "dz/water_bliss/ponds",
    "usableOnConsole": false,
    "searchTags": "",
    "image": "images/water_bliss/ponds/enoch_jantar_9.p3d.jpg",
    "id": "dzobj_xa1vc03b3c"
  },
  {
    "objectName": "enoch_male_0.p3d",
    "inGameName": "-",
    "category": "water_bliss",
    "modelType": "Raw P3D",
    "path": "dz/water_bliss/ponds",
    "usableOnConsole": false,
    "searchTags": "",
    "image": "images/water_bliss/ponds/enoch_male_0.p3d.jpg",
    "id": "dzobj_2w95p2dcej"
  },
  {
    "objectName": "enoch_male_1.p3d",
    "inGameName": "-",
    "category": "water_bliss",
    "modelType": "Raw P3D",
    "path": "dz/water_bliss/ponds",
    "usableOnConsole": false,
    "searchTags": "",
    "image": "images/water_bliss/ponds/enoch_male_1.p3d.jpg",
    "id": "dzobj_mjqsr2244t"
  },
  {
    "objectName": "enoch_male_2.p3d",
    "inGameName": "-",
    "category": "water_bliss",
    "modelType": "Raw P3D",
    "path": "dz/water_bliss/ponds",
    "usableOnConsole": false,
    "searchTags": "",
    "image": "images/water_bliss/ponds/enoch_male_2.p3d.jpg",
    "id": "dzobj_qzfduzc1bk"
  },
  {
    "objectName": "enoch_male_3.p3d",
    "inGameName": "-",
    "category": "water_bliss",
    "modelType": "Raw P3D",
    "path": "dz/water_bliss/ponds",
    "usableOnConsole": false,
    "searchTags": "",
    "image": "images/water_bliss/ponds/enoch_male_3.p3d.jpg",
    "id": "dzobj_t7l86zbzq0"
  },
  {
    "objectName": "enoch_sitnicke_0.p3d",
    "inGameName": "-",
    "category": "water_bliss",
    "modelType": "Raw P3D",
    "path": "dz/water_bliss/ponds",
    "usableOnConsole": false,
    "searchTags": "",
    "image": "images/water_bliss/ponds/enoch_sitnicke_0.p3d.jpg",
    "id": "dzobj_ojrfoof3ir"
  },
  {
    "objectName": "enoch_sitnicke_1.p3d",
    "inGameName": "-",
    "category": "water_bliss",
    "modelType": "Raw P3D",
    "path": "dz/water_bliss/ponds",
    "usableOnConsole": false,
    "searchTags": "",
    "image": "images/water_bliss/ponds/enoch_sitnicke_1.p3d.jpg",
    "id": "dzobj_34wfc4ywrz"
  },
  {
    "objectName": "enoch_sitnicke_10.p3d",
    "inGameName": "-",
    "category": "water_bliss",
    "modelType": "Raw P3D",
    "path": "dz/water_bliss/ponds",
    "usableOnConsole": false,
    "searchTags": "",
    "image": "images/water_bliss/ponds/enoch_sitnicke_10.p3d.jpg",
    "id": "dzobj_ji6tkn8y4e"
  },
  {
    "objectName": "enoch_sitnicke_11.p3d",
    "inGameName": "-",
    "category": "water_bliss",
    "modelType": "Raw P3D",
    "path": "dz/water_bliss/ponds",
    "usableOnConsole": false,
    "searchTags": "",
    "image": "images/water_bliss/ponds/enoch_sitnicke_11.p3d.jpg",
    "id": "dzobj_hjbcqr1ad6"
  },
  {
    "objectName": "enoch_sitnicke_12.p3d",
    "inGameName": "-",
    "category": "water_bliss",
    "modelType": "Raw P3D",
    "path": "dz/water_bliss/ponds",
    "usableOnConsole": false,
    "searchTags": "",
    "image": "images/water_bliss/ponds/enoch_sitnicke_12.p3d.jpg",
    "id": "dzobj_zi014o6hhr"
  },
  {
    "objectName": "enoch_sitnicke_13.p3d",
    "inGameName": "-",
    "category": "water_bliss",
    "modelType": "Raw P3D",
    "path": "dz/water_bliss/ponds",
    "usableOnConsole": false,
    "searchTags": "",
    "image": "images/water_bliss/ponds/enoch_sitnicke_13.p3d.jpg",
    "id": "dzobj_0x1y9tvb7f"
  },
  {
    "objectName": "enoch_sitnicke_14.p3d",
    "inGameName": "-",
    "category": "water_bliss",
    "modelType": "Raw P3D",
    "path": "dz/water_bliss/ponds",
    "usableOnConsole": false,
    "searchTags": "",
    "image": "images/water_bliss/ponds/enoch_sitnicke_14.p3d.jpg",
    "id": "dzobj_dee8rxq736"
  },
  {
    "objectName": "enoch_sitnicke_15.p3d",
    "inGameName": "-",
    "category": "water_bliss",
    "modelType": "Raw P3D",
    "path": "dz/water_bliss/ponds",
    "usableOnConsole": false,
    "searchTags": "",
    "image": "images/water_bliss/ponds/enoch_sitnicke_15.p3d.jpg",
    "id": "dzobj_ugqldoci7z"
  },
  {
    "objectName": "enoch_sitnicke_16.p3d",
    "inGameName": "-",
    "category": "water_bliss",
    "modelType": "Raw P3D",
    "path": "dz/water_bliss/ponds",
    "usableOnConsole": false,
    "searchTags": "",
    "image": "images/water_bliss/ponds/enoch_sitnicke_16.p3d.jpg",
    "id": "dzobj_bpn77oi8vx"
  },
  {
    "objectName": "enoch_sitnicke_17.p3d",
    "inGameName": "-",
    "category": "water_bliss",
    "modelType": "Raw P3D",
    "path": "dz/water_bliss/ponds",
    "usableOnConsole": false,
    "searchTags": "",
    "image": "images/water_bliss/ponds/enoch_sitnicke_17.p3d.jpg",
    "id": "dzobj_9sz2p3y812"
  },
  {
    "objectName": "enoch_sitnicke_18.p3d",
    "inGameName": "-",
    "category": "water_bliss",
    "modelType": "Raw P3D",
    "path": "dz/water_bliss/ponds",
    "usableOnConsole": false,
    "searchTags": "",
    "image": "images/water_bliss/ponds/enoch_sitnicke_18.p3d.jpg",
    "id": "dzobj_f55mupl0hm"
  },
  {
    "objectName": "enoch_sitnicke_19.p3d",
    "inGameName": "-",
    "category": "water_bliss",
    "modelType": "Raw P3D",
    "path": "dz/water_bliss/ponds",
    "usableOnConsole": false,
    "searchTags": "",
    "image": "images/water_bliss/ponds/enoch_sitnicke_19.p3d.jpg",
    "id": "dzobj_03f4qfjcxu"
  },
  {
    "objectName": "enoch_sitnicke_2.p3d",
    "inGameName": "-",
    "category": "water_bliss",
    "modelType": "Raw P3D",
    "path": "dz/water_bliss/ponds",
    "usableOnConsole": false,
    "searchTags": "",
    "image": "images/water_bliss/ponds/enoch_sitnicke_2.p3d.jpg",
    "id": "dzobj_3usphn36xs"
  },
  {
    "objectName": "enoch_sitnicke_20.p3d",
    "inGameName": "-",
    "category": "water_bliss",
    "modelType": "Raw P3D",
    "path": "dz/water_bliss/ponds",
    "usableOnConsole": false,
    "searchTags": "",
    "image": "images/water_bliss/ponds/enoch_sitnicke_20.p3d.jpg",
    "id": "dzobj_ypy3gcvupl"
  },
  {
    "objectName": "enoch_sitnicke_21.p3d",
    "inGameName": "-",
    "category": "water_bliss",
    "modelType": "Raw P3D",
    "path": "dz/water_bliss/ponds",
    "usableOnConsole": false,
    "searchTags": "",
    "image": "images/water_bliss/ponds/enoch_sitnicke_21.p3d.jpg",
    "id": "dzobj_p5o49hg1ct"
  },
  {
    "objectName": "enoch_sitnicke_22.p3d",
    "inGameName": "-",
    "category": "water_bliss",
    "modelType": "Raw P3D",
    "path": "dz/water_bliss/ponds",
    "usableOnConsole": false,
    "searchTags": "",
    "image": "images/water_bliss/ponds/enoch_sitnicke_22.p3d.jpg",
    "id": "dzobj_k2b54mjdn5"
  },
  {
    "objectName": "enoch_sitnicke_23.p3d",
    "inGameName": "-",
    "category": "water_bliss",
    "modelType": "Raw P3D",
    "path": "dz/water_bliss/ponds",
    "usableOnConsole": false,
    "searchTags": "",
    "image": "images/water_bliss/ponds/enoch_sitnicke_23.p3d.jpg",
    "id": "dzobj_ajjdr8odl0"
  },
  {
    "objectName": "enoch_sitnicke_24.p3d",
    "inGameName": "-",
    "category": "water_bliss",
    "modelType": "Raw P3D",
    "path": "dz/water_bliss/ponds",
    "usableOnConsole": false,
    "searchTags": "",
    "image": "images/water_bliss/ponds/enoch_sitnicke_24.p3d.jpg",
    "id": "dzobj_42aw5n0x2j"
  },
  {
    "objectName": "enoch_sitnicke_25.p3d",
    "inGameName": "-",
    "category": "water_bliss",
    "modelType": "Raw P3D",
    "path": "dz/water_bliss/ponds",
    "usableOnConsole": false,
    "searchTags": "",
    "image": "images/water_bliss/ponds/enoch_sitnicke_25.p3d.jpg",
    "id": "dzobj_crosj3e7gf"
  },
  {
    "objectName": "enoch_sitnicke_26.p3d",
    "inGameName": "-",
    "category": "water_bliss",
    "modelType": "Raw P3D",
    "path": "dz/water_bliss/ponds",
    "usableOnConsole": false,
    "searchTags": "",
    "image": "images/water_bliss/ponds/enoch_sitnicke_26.p3d.jpg",
    "id": "dzobj_batap63vme"
  },
  {
    "objectName": "enoch_sitnicke_27.p3d",
    "inGameName": "-",
    "category": "water_bliss",
    "modelType": "Raw P3D",
    "path": "dz/water_bliss/ponds",
    "usableOnConsole": false,
    "searchTags": "",
    "image": "images/water_bliss/ponds/enoch_sitnicke_27.p3d.jpg",
    "id": "dzobj_hzgo8lw9ms"
  },
  {
    "objectName": "enoch_sitnicke_28.p3d",
    "inGameName": "-",
    "category": "water_bliss",
    "modelType": "Raw P3D",
    "path": "dz/water_bliss/ponds",
    "usableOnConsole": false,
    "searchTags": "",
    "image": "images/water_bliss/ponds/enoch_sitnicke_28.p3d.jpg",
    "id": "dzobj_69iynmlnmv"
  },
  {
    "objectName": "enoch_sitnicke_29.p3d",
    "inGameName": "-",
    "category": "water_bliss",
    "modelType": "Raw P3D",
    "path": "dz/water_bliss/ponds",
    "usableOnConsole": false,
    "searchTags": "",
    "image": "images/water_bliss/ponds/enoch_sitnicke_29.p3d.jpg",
    "id": "dzobj_ixsxql8bbx"
  },
  {
    "objectName": "enoch_sitnicke_3.p3d",
    "inGameName": "-",
    "category": "water_bliss",
    "modelType": "Raw P3D",
    "path": "dz/water_bliss/ponds",
    "usableOnConsole": false,
    "searchTags": "",
    "image": "images/water_bliss/ponds/enoch_sitnicke_3.p3d.jpg",
    "id": "dzobj_xvyvec8728"
  },
  {
    "objectName": "enoch_sitnicke_30.p3d",
    "inGameName": "-",
    "category": "water_bliss",
    "modelType": "Raw P3D",
    "path": "dz/water_bliss/ponds",
    "usableOnConsole": false,
    "searchTags": "",
    "image": "images/water_bliss/ponds/enoch_sitnicke_30.p3d.jpg",
    "id": "dzobj_5svh8gamxh"
  },
  {
    "objectName": "enoch_sitnicke_31.p3d",
    "inGameName": "-",
    "category": "water_bliss",
    "modelType": "Raw P3D",
    "path": "dz/water_bliss/ponds",
    "usableOnConsole": false,
    "searchTags": "",
    "image": "images/water_bliss/ponds/enoch_sitnicke_31.p3d.jpg",
    "id": "dzobj_m4y85qnsb2"
  },
  {
    "objectName": "enoch_sitnicke_32.p3d",
    "inGameName": "-",
    "category": "water_bliss",
    "modelType": "Raw P3D",
    "path": "dz/water_bliss/ponds",
    "usableOnConsole": false,
    "searchTags": "",
    "image": "images/water_bliss/ponds/enoch_sitnicke_32.p3d.jpg",
    "id": "dzobj_kue0ghjg5f"
  },
  {
    "objectName": "enoch_sitnicke_33.p3d",
    "inGameName": "-",
    "category": "water_bliss",
    "modelType": "Raw P3D",
    "path": "dz/water_bliss/ponds",
    "usableOnConsole": false,
    "searchTags": "",
    "image": "images/water_bliss/ponds/enoch_sitnicke_33.p3d.jpg",
    "id": "dzobj_pkkpyo4k15"
  },
  {
    "objectName": "enoch_sitnicke_34.p3d",
    "inGameName": "-",
    "category": "water_bliss",
    "modelType": "Raw P3D",
    "path": "dz/water_bliss/ponds",
    "usableOnConsole": false,
    "searchTags": "",
    "image": "images/water_bliss/ponds/enoch_sitnicke_34.p3d.jpg",
    "id": "dzobj_b3kl0tdpgn"
  },
  {
    "objectName": "enoch_sitnicke_35.p3d",
    "inGameName": "-",
    "category": "water_bliss",
    "modelType": "Raw P3D",
    "path": "dz/water_bliss/ponds",
    "usableOnConsole": false,
    "searchTags": "",
    "image": "images/water_bliss/ponds/enoch_sitnicke_35.p3d.jpg",
    "id": "dzobj_ns0icqf3ig"
  },
  {
    "objectName": "enoch_sitnicke_36.p3d",
    "inGameName": "-",
    "category": "water_bliss",
    "modelType": "Raw P3D",
    "path": "dz/water_bliss/ponds",
    "usableOnConsole": false,
    "searchTags": "",
    "image": "images/water_bliss/ponds/enoch_sitnicke_36.p3d.jpg",
    "id": "dzobj_hvw3b2is6v"
  },
  {
    "objectName": "enoch_sitnicke_37.p3d",
    "inGameName": "-",
    "category": "water_bliss",
    "modelType": "Raw P3D",
    "path": "dz/water_bliss/ponds",
    "usableOnConsole": false,
    "searchTags": "",
    "image": "images/water_bliss/ponds/enoch_sitnicke_37.p3d.jpg",
    "id": "dzobj_csqw1li0gd"
  },
  {
    "objectName": "enoch_sitnicke_38.p3d",
    "inGameName": "-",
    "category": "water_bliss",
    "modelType": "Raw P3D",
    "path": "dz/water_bliss/ponds",
    "usableOnConsole": false,
    "searchTags": "",
    "image": "images/water_bliss/ponds/enoch_sitnicke_38.p3d.jpg",
    "id": "dzobj_u8ol3uvui6"
  },
  {
    "objectName": "enoch_sitnicke_39.p3d",
    "inGameName": "-",
    "category": "water_bliss",
    "modelType": "Raw P3D",
    "path": "dz/water_bliss/ponds",
    "usableOnConsole": false,
    "searchTags": "",
    "image": "images/water_bliss/ponds/enoch_sitnicke_39.p3d.jpg",
    "id": "dzobj_makraje8vu"
  },
  {
    "objectName": "enoch_sitnicke_4.p3d",
    "inGameName": "-",
    "category": "water_bliss",
    "modelType": "Raw P3D",
    "path": "dz/water_bliss/ponds",
    "usableOnConsole": false,
    "searchTags": "",
    "image": "images/water_bliss/ponds/enoch_sitnicke_4.p3d.jpg",
    "id": "dzobj_nl0nj7d6e0"
  },
  {
    "objectName": "enoch_sitnicke_40.p3d",
    "inGameName": "-",
    "category": "water_bliss",
    "modelType": "Raw P3D",
    "path": "dz/water_bliss/ponds",
    "usableOnConsole": false,
    "searchTags": "",
    "image": "images/water_bliss/ponds/enoch_sitnicke_40.p3d.jpg",
    "id": "dzobj_6jdfhy8plp"
  },
  {
    "objectName": "enoch_sitnicke_41.p3d",
    "inGameName": "-",
    "category": "water_bliss",
    "modelType": "Raw P3D",
    "path": "dz/water_bliss/ponds",
    "usableOnConsole": false,
    "searchTags": "",
    "image": "images/water_bliss/ponds/enoch_sitnicke_41.p3d.jpg",
    "id": "dzobj_4vsdt1d0ac"
  },
  {
    "objectName": "enoch_sitnicke_42.p3d",
    "inGameName": "-",
    "category": "water_bliss",
    "modelType": "Raw P3D",
    "path": "dz/water_bliss/ponds",
    "usableOnConsole": false,
    "searchTags": "",
    "image": "images/water_bliss/ponds/enoch_sitnicke_42.p3d.jpg",
    "id": "dzobj_u19t186ue2"
  },
  {
    "objectName": "enoch_sitnicke_43.p3d",
    "inGameName": "-",
    "category": "water_bliss",
    "modelType": "Raw P3D",
    "path": "dz/water_bliss/ponds",
    "usableOnConsole": false,
    "searchTags": "",
    "image": "images/water_bliss/ponds/enoch_sitnicke_43.p3d.jpg",
    "id": "dzobj_8l3tuasr5g"
  },
  {
    "objectName": "enoch_sitnicke_44.p3d",
    "inGameName": "-",
    "category": "water_bliss",
    "modelType": "Raw P3D",
    "path": "dz/water_bliss/ponds",
    "usableOnConsole": false,
    "searchTags": "",
    "image": "images/water_bliss/ponds/enoch_sitnicke_44.p3d.jpg",
    "id": "dzobj_rimts6uajk"
  },
  {
    "objectName": "enoch_sitnicke_45.p3d",
    "inGameName": "-",
    "category": "water_bliss",
    "modelType": "Raw P3D",
    "path": "dz/water_bliss/ponds",
    "usableOnConsole": false,
    "searchTags": "",
    "image": "images/water_bliss/ponds/enoch_sitnicke_45.p3d.jpg",
    "id": "dzobj_o3xk8t7wq8"
  },
  {
    "objectName": "enoch_sitnicke_46.p3d",
    "inGameName": "-",
    "category": "water_bliss",
    "modelType": "Raw P3D",
    "path": "dz/water_bliss/ponds",
    "usableOnConsole": false,
    "searchTags": "",
    "image": "images/water_bliss/ponds/enoch_sitnicke_46.p3d.jpg",
    "id": "dzobj_33lok8sqkv"
  },
  {
    "objectName": "enoch_sitnicke_47.p3d",
    "inGameName": "-",
    "category": "water_bliss",
    "modelType": "Raw P3D",
    "path": "dz/water_bliss/ponds",
    "usableOnConsole": false,
    "searchTags": "",
    "image": "images/water_bliss/ponds/enoch_sitnicke_47.p3d.jpg",
    "id": "dzobj_ycblxnjnda"
  },
  {
    "objectName": "enoch_sitnicke_48.p3d",
    "inGameName": "-",
    "category": "water_bliss",
    "modelType": "Raw P3D",
    "path": "dz/water_bliss/ponds",
    "usableOnConsole": false,
    "searchTags": "",
    "image": "images/water_bliss/ponds/enoch_sitnicke_48.p3d.jpg",
    "id": "dzobj_kjs4wlvzdo"
  },
  {
    "objectName": "enoch_sitnicke_49.p3d",
    "inGameName": "-",
    "category": "water_bliss",
    "modelType": "Raw P3D",
    "path": "dz/water_bliss/ponds",
    "usableOnConsole": false,
    "searchTags": "",
    "image": "images/water_bliss/ponds/enoch_sitnicke_49.p3d.jpg",
    "id": "dzobj_5sle8h83fp"
  },
  {
    "objectName": "enoch_sitnicke_5.p3d",
    "inGameName": "-",
    "category": "water_bliss",
    "modelType": "Raw P3D",
    "path": "dz/water_bliss/ponds",
    "usableOnConsole": false,
    "searchTags": "",
    "image": "images/water_bliss/ponds/enoch_sitnicke_5.p3d.jpg",
    "id": "dzobj_nrl209r9dd"
  },
  {
    "objectName": "enoch_sitnicke_50.p3d",
    "inGameName": "-",
    "category": "water_bliss",
    "modelType": "Raw P3D",
    "path": "dz/water_bliss/ponds",
    "usableOnConsole": false,
    "searchTags": "",
    "image": "images/water_bliss/ponds/enoch_sitnicke_50.p3d.jpg",
    "id": "dzobj_yjjk4r5ww7"
  },
  {
    "objectName": "enoch_sitnicke_51.p3d",
    "inGameName": "-",
    "category": "water_bliss",
    "modelType": "Raw P3D",
    "path": "dz/water_bliss/ponds",
    "usableOnConsole": false,
    "searchTags": "",
    "image": "images/water_bliss/ponds/enoch_sitnicke_51.p3d.jpg",
    "id": "dzobj_ue320thijn"
  },
  {
    "objectName": "enoch_sitnicke_52.p3d",
    "inGameName": "-",
    "category": "water_bliss",
    "modelType": "Raw P3D",
    "path": "dz/water_bliss/ponds",
    "usableOnConsole": false,
    "searchTags": "",
    "image": "images/water_bliss/ponds/enoch_sitnicke_52.p3d.jpg",
    "id": "dzobj_2oejg9b08k"
  },
  {
    "objectName": "enoch_sitnicke_53.p3d",
    "inGameName": "-",
    "category": "water_bliss",
    "modelType": "Raw P3D",
    "path": "dz/water_bliss/ponds",
    "usableOnConsole": false,
    "searchTags": "",
    "image": "images/water_bliss/ponds/enoch_sitnicke_53.p3d.jpg",
    "id": "dzobj_x6xkxwi5e6"
  },
  {
    "objectName": "enoch_sitnicke_54.p3d",
    "inGameName": "-",
    "category": "water_bliss",
    "modelType": "Raw P3D",
    "path": "dz/water_bliss/ponds",
    "usableOnConsole": false,
    "searchTags": "",
    "image": "images/water_bliss/ponds/enoch_sitnicke_54.p3d.jpg",
    "id": "dzobj_mxh3sg9al8"
  },
  {
    "objectName": "enoch_sitnicke_55.p3d",
    "inGameName": "-",
    "category": "water_bliss",
    "modelType": "Raw P3D",
    "path": "dz/water_bliss/ponds",
    "usableOnConsole": false,
    "searchTags": "",
    "image": "images/water_bliss/ponds/enoch_sitnicke_55.p3d.jpg",
    "id": "dzobj_kxj9i7jj0y"
  },
  {
    "objectName": "enoch_sitnicke_56.p3d",
    "inGameName": "-",
    "category": "water_bliss",
    "modelType": "Raw P3D",
    "path": "dz/water_bliss/ponds",
    "usableOnConsole": false,
    "searchTags": "",
    "image": "images/water_bliss/ponds/enoch_sitnicke_56.p3d.jpg",
    "id": "dzobj_grbgu1shya"
  },
  {
    "objectName": "enoch_sitnicke_57.p3d",
    "inGameName": "-",
    "category": "water_bliss",
    "modelType": "Raw P3D",
    "path": "dz/water_bliss/ponds",
    "usableOnConsole": false,
    "searchTags": "",
    "image": "images/water_bliss/ponds/enoch_sitnicke_57.p3d.jpg",
    "id": "dzobj_yj11rkkmnt"
  },
  {
    "objectName": "enoch_sitnicke_58.p3d",
    "inGameName": "-",
    "category": "water_bliss",
    "modelType": "Raw P3D",
    "path": "dz/water_bliss/ponds",
    "usableOnConsole": false,
    "searchTags": "",
    "image": "images/water_bliss/ponds/enoch_sitnicke_58.p3d.jpg",
    "id": "dzobj_znctuzk5xq"
  },
  {
    "objectName": "enoch_sitnicke_59.p3d",
    "inGameName": "-",
    "category": "water_bliss",
    "modelType": "Raw P3D",
    "path": "dz/water_bliss/ponds",
    "usableOnConsole": false,
    "searchTags": "",
    "image": "images/water_bliss/ponds/enoch_sitnicke_59.p3d.jpg",
    "id": "dzobj_zn0bb9j2os"
  },
  {
    "objectName": "enoch_sitnicke_6.p3d",
    "inGameName": "-",
    "category": "water_bliss",
    "modelType": "Raw P3D",
    "path": "dz/water_bliss/ponds",
    "usableOnConsole": false,
    "searchTags": "",
    "image": "images/water_bliss/ponds/enoch_sitnicke_6.p3d.jpg",
    "id": "dzobj_k9uhiw3fcl"
  },
  {
    "objectName": "enoch_sitnicke_60.p3d",
    "inGameName": "-",
    "category": "water_bliss",
    "modelType": "Raw P3D",
    "path": "dz/water_bliss/ponds",
    "usableOnConsole": false,
    "searchTags": "",
    "image": "images/water_bliss/ponds/enoch_sitnicke_60.p3d.jpg",
    "id": "dzobj_wb800ze9vw"
  },
  {
    "objectName": "enoch_sitnicke_61.p3d",
    "inGameName": "-",
    "category": "water_bliss",
    "modelType": "Raw P3D",
    "path": "dz/water_bliss/ponds",
    "usableOnConsole": false,
    "searchTags": "",
    "image": "images/water_bliss/ponds/enoch_sitnicke_61.p3d.jpg",
    "id": "dzobj_n56zpawxfg"
  },
  {
    "objectName": "enoch_sitnicke_62.p3d",
    "inGameName": "-",
    "category": "water_bliss",
    "modelType": "Raw P3D",
    "path": "dz/water_bliss/ponds",
    "usableOnConsole": false,
    "searchTags": "",
    "image": "images/water_bliss/ponds/enoch_sitnicke_62.p3d.jpg",
    "id": "dzobj_5wlvnoqkkd"
  },
  {
    "objectName": "enoch_sitnicke_7.p3d",
    "inGameName": "-",
    "category": "water_bliss",
    "modelType": "Raw P3D",
    "path": "dz/water_bliss/ponds",
    "usableOnConsole": false,
    "searchTags": "",
    "image": "images/water_bliss/ponds/enoch_sitnicke_7.p3d.jpg",
    "id": "dzobj_xju0rvvpab"
  },
  {
    "objectName": "enoch_sitnicke_8.p3d",
    "inGameName": "-",
    "category": "water_bliss",
    "modelType": "Raw P3D",
    "path": "dz/water_bliss/ponds",
    "usableOnConsole": false,
    "searchTags": "",
    "image": "images/water_bliss/ponds/enoch_sitnicke_8.p3d.jpg",
    "id": "dzobj_woqzq52nme"
  },
  {
    "objectName": "enoch_sitnicke_9.p3d",
    "inGameName": "-",
    "category": "water_bliss",
    "modelType": "Raw P3D",
    "path": "dz/water_bliss/ponds",
    "usableOnConsole": false,
    "searchTags": "",
    "image": "images/water_bliss/ponds/enoch_sitnicke_9.p3d.jpg",
    "id": "dzobj_he3ob93ogv"
  },
  {
    "objectName": "enoch_wolisko_1.p3d",
    "inGameName": "-",
    "category": "water_bliss",
    "modelType": "Raw P3D",
    "path": "dz/water_bliss/ponds",
    "usableOnConsole": false,
    "searchTags": "",
    "image": "images/water_bliss/ponds/enoch_wolisko_1.p3d.jpg",
    "id": "dzobj_55hgvhx5bb"
  },
  {
    "objectName": "enoch_wolisko_10.p3d",
    "inGameName": "-",
    "category": "water_bliss",
    "modelType": "Raw P3D",
    "path": "dz/water_bliss/ponds",
    "usableOnConsole": false,
    "searchTags": "",
    "image": "images/water_bliss/ponds/enoch_wolisko_10.p3d.jpg",
    "id": "dzobj_xbp3cpe6ke"
  },
  {
    "objectName": "enoch_wolisko_11.p3d",
    "inGameName": "-",
    "category": "water_bliss",
    "modelType": "Raw P3D",
    "path": "dz/water_bliss/ponds",
    "usableOnConsole": false,
    "searchTags": "",
    "image": "images/water_bliss/ponds/enoch_wolisko_11.p3d.jpg",
    "id": "dzobj_pxe0rwwmi5"
  },
  {
    "objectName": "enoch_wolisko_12.p3d",
    "inGameName": "-",
    "category": "water_bliss",
    "modelType": "Raw P3D",
    "path": "dz/water_bliss/ponds",
    "usableOnConsole": false,
    "searchTags": "",
    "image": "images/water_bliss/ponds/enoch_wolisko_12.p3d.jpg",
    "id": "dzobj_ly737k83n8"
  },
  {
    "objectName": "enoch_wolisko_13.p3d",
    "inGameName": "-",
    "category": "water_bliss",
    "modelType": "Raw P3D",
    "path": "dz/water_bliss/ponds",
    "usableOnConsole": false,
    "searchTags": "",
    "image": "images/water_bliss/ponds/enoch_wolisko_13.p3d.jpg",
    "id": "dzobj_vqvlggiwpy"
  },
  {
    "objectName": "enoch_wolisko_14.p3d",
    "inGameName": "-",
    "category": "water_bliss",
    "modelType": "Raw P3D",
    "path": "dz/water_bliss/ponds",
    "usableOnConsole": false,
    "searchTags": "",
    "image": "images/water_bliss/ponds/enoch_wolisko_14.p3d.jpg",
    "id": "dzobj_8msd4n6qbc"
  },
  {
    "objectName": "enoch_wolisko_15.p3d",
    "inGameName": "-",
    "category": "water_bliss",
    "modelType": "Raw P3D",
    "path": "dz/water_bliss/ponds",
    "usableOnConsole": false,
    "searchTags": "",
    "image": "images/water_bliss/ponds/enoch_wolisko_15.p3d.jpg",
    "id": "dzobj_ajaunletn3"
  },
  {
    "objectName": "enoch_wolisko_16.p3d",
    "inGameName": "-",
    "category": "water_bliss",
    "modelType": "Raw P3D",
    "path": "dz/water_bliss/ponds",
    "usableOnConsole": false,
    "searchTags": "",
    "image": "images/water_bliss/ponds/enoch_wolisko_16.p3d.jpg",
    "id": "dzobj_s20046qr5h"
  },
  {
    "objectName": "enoch_wolisko_17.p3d",
    "inGameName": "-",
    "category": "water_bliss",
    "modelType": "Raw P3D",
    "path": "dz/water_bliss/ponds",
    "usableOnConsole": false,
    "searchTags": "",
    "image": "images/water_bliss/ponds/enoch_wolisko_17.p3d.jpg",
    "id": "dzobj_4nqzv289hz"
  },
  {
    "objectName": "enoch_wolisko_18.p3d",
    "inGameName": "-",
    "category": "water_bliss",
    "modelType": "Raw P3D",
    "path": "dz/water_bliss/ponds",
    "usableOnConsole": false,
    "searchTags": "",
    "image": "images/water_bliss/ponds/enoch_wolisko_18.p3d.jpg",
    "id": "dzobj_ip0n0464xx"
  },
  {
    "objectName": "enoch_wolisko_19.p3d",
    "inGameName": "-",
    "category": "water_bliss",
    "modelType": "Raw P3D",
    "path": "dz/water_bliss/ponds",
    "usableOnConsole": false,
    "searchTags": "",
    "image": "images/water_bliss/ponds/enoch_wolisko_19.p3d.jpg",
    "id": "dzobj_lnp8kjs6bv"
  },
  {
    "objectName": "enoch_wolisko_2.p3d",
    "inGameName": "-",
    "category": "water_bliss",
    "modelType": "Raw P3D",
    "path": "dz/water_bliss/ponds",
    "usableOnConsole": false,
    "searchTags": "",
    "image": "images/water_bliss/ponds/enoch_wolisko_2.p3d.jpg",
    "id": "dzobj_rup5u2btln"
  },
  {
    "objectName": "enoch_wolisko_20.p3d",
    "inGameName": "-",
    "category": "water_bliss",
    "modelType": "Raw P3D",
    "path": "dz/water_bliss/ponds",
    "usableOnConsole": false,
    "searchTags": "",
    "image": "images/water_bliss/ponds/enoch_wolisko_20.p3d.jpg",
    "id": "dzobj_dir7qnpi47"
  },
  {
    "objectName": "enoch_wolisko_21.p3d",
    "inGameName": "-",
    "category": "water_bliss",
    "modelType": "Raw P3D",
    "path": "dz/water_bliss/ponds",
    "usableOnConsole": false,
    "searchTags": "",
    "image": "images/water_bliss/ponds/enoch_wolisko_21.p3d.jpg",
    "id": "dzobj_a9x1ftsxhb"
  },
  {
    "objectName": "enoch_wolisko_22.p3d",
    "inGameName": "-",
    "category": "water_bliss",
    "modelType": "Raw P3D",
    "path": "dz/water_bliss/ponds",
    "usableOnConsole": false,
    "searchTags": "",
    "image": "images/water_bliss/ponds/enoch_wolisko_22.p3d.jpg",
    "id": "dzobj_0i51lq2ccp"
  },
  {
    "objectName": "enoch_wolisko_23.p3d",
    "inGameName": "-",
    "category": "water_bliss",
    "modelType": "Raw P3D",
    "path": "dz/water_bliss/ponds",
    "usableOnConsole": false,
    "searchTags": "",
    "image": "images/water_bliss/ponds/enoch_wolisko_23.p3d.jpg",
    "id": "dzobj_e4negsumw7"
  },
  {
    "objectName": "enoch_wolisko_24.p3d",
    "inGameName": "-",
    "category": "water_bliss",
    "modelType": "Raw P3D",
    "path": "dz/water_bliss/ponds",
    "usableOnConsole": false,
    "searchTags": "",
    "image": "images/water_bliss/ponds/enoch_wolisko_24.p3d.jpg",
    "id": "dzobj_9whhbury5g"
  },
  {
    "objectName": "enoch_wolisko_25.p3d",
    "inGameName": "-",
    "category": "water_bliss",
    "modelType": "Raw P3D",
    "path": "dz/water_bliss/ponds",
    "usableOnConsole": false,
    "searchTags": "",
    "image": "images/water_bliss/ponds/enoch_wolisko_25.p3d.jpg",
    "id": "dzobj_iyqv4vq6n2"
  },
  {
    "objectName": "enoch_wolisko_26.p3d",
    "inGameName": "-",
    "category": "water_bliss",
    "modelType": "Raw P3D",
    "path": "dz/water_bliss/ponds",
    "usableOnConsole": false,
    "searchTags": "",
    "image": "images/water_bliss/ponds/enoch_wolisko_26.p3d.jpg",
    "id": "dzobj_5gnxr6fxxx"
  },
  {
    "objectName": "enoch_wolisko_27.p3d",
    "inGameName": "-",
    "category": "water_bliss",
    "modelType": "Raw P3D",
    "path": "dz/water_bliss/ponds",
    "usableOnConsole": false,
    "searchTags": "",
    "image": "images/water_bliss/ponds/enoch_wolisko_27.p3d.jpg",
    "id": "dzobj_m1zd9quf5o"
  },
  {
    "objectName": "enoch_wolisko_28.p3d",
    "inGameName": "-",
    "category": "water_bliss",
    "modelType": "Raw P3D",
    "path": "dz/water_bliss/ponds",
    "usableOnConsole": false,
    "searchTags": "",
    "image": "images/water_bliss/ponds/enoch_wolisko_28.p3d.jpg",
    "id": "dzobj_bwcj37274s"
  },
  {
    "objectName": "enoch_wolisko_29.p3d",
    "inGameName": "-",
    "category": "water_bliss",
    "modelType": "Raw P3D",
    "path": "dz/water_bliss/ponds",
    "usableOnConsole": false,
    "searchTags": "",
    "image": "images/water_bliss/ponds/enoch_wolisko_29.p3d.jpg",
    "id": "dzobj_vwkzlrke31"
  },
  {
    "objectName": "enoch_wolisko_3.p3d",
    "inGameName": "-",
    "category": "water_bliss",
    "modelType": "Raw P3D",
    "path": "dz/water_bliss/ponds",
    "usableOnConsole": false,
    "searchTags": "",
    "image": "images/water_bliss/ponds/enoch_wolisko_3.p3d.jpg",
    "id": "dzobj_x7xivbaah8"
  },
  {
    "objectName": "enoch_wolisko_30.p3d",
    "inGameName": "-",
    "category": "water_bliss",
    "modelType": "Raw P3D",
    "path": "dz/water_bliss/ponds",
    "usableOnConsole": false,
    "searchTags": "",
    "image": "images/water_bliss/ponds/enoch_wolisko_30.p3d.jpg",
    "id": "dzobj_lxxubhtg0s"
  },
  {
    "objectName": "enoch_wolisko_31.p3d",
    "inGameName": "-",
    "category": "water_bliss",
    "modelType": "Raw P3D",
    "path": "dz/water_bliss/ponds",
    "usableOnConsole": false,
    "searchTags": "",
    "image": "images/water_bliss/ponds/enoch_wolisko_31.p3d.jpg",
    "id": "dzobj_o2qv8yq9so"
  },
  {
    "objectName": "enoch_wolisko_32.p3d",
    "inGameName": "-",
    "category": "water_bliss",
    "modelType": "Raw P3D",
    "path": "dz/water_bliss/ponds",
    "usableOnConsole": false,
    "searchTags": "",
    "image": "images/water_bliss/ponds/enoch_wolisko_32.p3d.jpg",
    "id": "dzobj_npazvbmhxh"
  },
  {
    "objectName": "enoch_wolisko_33.p3d",
    "inGameName": "-",
    "category": "water_bliss",
    "modelType": "Raw P3D",
    "path": "dz/water_bliss/ponds",
    "usableOnConsole": false,
    "searchTags": "",
    "image": "images/water_bliss/ponds/enoch_wolisko_33.p3d.jpg",
    "id": "dzobj_q3xxaptumt"
  },
  {
    "objectName": "enoch_wolisko_34.p3d",
    "inGameName": "-",
    "category": "water_bliss",
    "modelType": "Raw P3D",
    "path": "dz/water_bliss/ponds",
    "usableOnConsole": false,
    "searchTags": "",
    "image": "images/water_bliss/ponds/enoch_wolisko_34.p3d.jpg",
    "id": "dzobj_hs25fr3uu3"
  },
  {
    "objectName": "enoch_wolisko_35.p3d",
    "inGameName": "-",
    "category": "water_bliss",
    "modelType": "Raw P3D",
    "path": "dz/water_bliss/ponds",
    "usableOnConsole": false,
    "searchTags": "",
    "image": "images/water_bliss/ponds/enoch_wolisko_35.p3d.jpg",
    "id": "dzobj_l483brjdqd"
  },
  {
    "objectName": "enoch_wolisko_36.p3d",
    "inGameName": "-",
    "category": "water_bliss",
    "modelType": "Raw P3D",
    "path": "dz/water_bliss/ponds",
    "usableOnConsole": false,
    "searchTags": "",
    "image": "images/water_bliss/ponds/enoch_wolisko_36.p3d.jpg",
    "id": "dzobj_nfzo0jfexg"
  },
  {
    "objectName": "enoch_wolisko_38.p3d",
    "inGameName": "-",
    "category": "water_bliss",
    "modelType": "Raw P3D",
    "path": "dz/water_bliss/ponds",
    "usableOnConsole": false,
    "searchTags": "",
    "image": "images/water_bliss/ponds/enoch_wolisko_38.p3d.jpg",
    "id": "dzobj_1ibw1e0dbx"
  },
  {
    "objectName": "enoch_wolisko_39.p3d",
    "inGameName": "-",
    "category": "water_bliss",
    "modelType": "Raw P3D",
    "path": "dz/water_bliss/ponds",
    "usableOnConsole": false,
    "searchTags": "",
    "image": "images/water_bliss/ponds/enoch_wolisko_39.p3d.jpg",
    "id": "dzobj_hjupyid3ox"
  },
  {
    "objectName": "enoch_wolisko_4.p3d",
    "inGameName": "-",
    "category": "water_bliss",
    "modelType": "Raw P3D",
    "path": "dz/water_bliss/ponds",
    "usableOnConsole": false,
    "searchTags": "",
    "image": "images/water_bliss/ponds/enoch_wolisko_4.p3d.jpg",
    "id": "dzobj_bqnymp3rhk"
  },
  {
    "objectName": "enoch_wolisko_40.p3d",
    "inGameName": "-",
    "category": "water_bliss",
    "modelType": "Raw P3D",
    "path": "dz/water_bliss/ponds",
    "usableOnConsole": false,
    "searchTags": "",
    "image": "images/water_bliss/ponds/enoch_wolisko_40.p3d.jpg",
    "id": "dzobj_k39e0uskur"
  },
  {
    "objectName": "enoch_wolisko_41.p3d",
    "inGameName": "-",
    "category": "water_bliss",
    "modelType": "Raw P3D",
    "path": "dz/water_bliss/ponds",
    "usableOnConsole": false,
    "searchTags": "",
    "image": "images/water_bliss/ponds/enoch_wolisko_41.p3d.jpg",
    "id": "dzobj_nfmrd4whfy"
  },
  {
    "objectName": "enoch_wolisko_42.p3d",
    "inGameName": "-",
    "category": "water_bliss",
    "modelType": "Raw P3D",
    "path": "dz/water_bliss/ponds",
    "usableOnConsole": false,
    "searchTags": "",
    "image": "images/water_bliss/ponds/enoch_wolisko_42.p3d.jpg",
    "id": "dzobj_qy555eeits"
  },
  {
    "objectName": "enoch_wolisko_43.p3d",
    "inGameName": "-",
    "category": "water_bliss",
    "modelType": "Raw P3D",
    "path": "dz/water_bliss/ponds",
    "usableOnConsole": false,
    "searchTags": "",
    "image": "images/water_bliss/ponds/enoch_wolisko_43.p3d.jpg",
    "id": "dzobj_6vhtlhbju3"
  },
  {
    "objectName": "enoch_wolisko_5.p3d",
    "inGameName": "-",
    "category": "water_bliss",
    "modelType": "Raw P3D",
    "path": "dz/water_bliss/ponds",
    "usableOnConsole": false,
    "searchTags": "",
    "image": "images/water_bliss/ponds/enoch_wolisko_5.p3d.jpg",
    "id": "dzobj_ec0algl3gq"
  },
  {
    "objectName": "enoch_wolisko_6.p3d",
    "inGameName": "-",
    "category": "water_bliss",
    "modelType": "Raw P3D",
    "path": "dz/water_bliss/ponds",
    "usableOnConsole": false,
    "searchTags": "",
    "image": "images/water_bliss/ponds/enoch_wolisko_6.p3d.jpg",
    "id": "dzobj_ewon96eqmd"
  },
  {
    "objectName": "enoch_wolisko_7.p3d",
    "inGameName": "-",
    "category": "water_bliss",
    "modelType": "Raw P3D",
    "path": "dz/water_bliss/ponds",
    "usableOnConsole": false,
    "searchTags": "",
    "image": "images/water_bliss/ponds/enoch_wolisko_7.p3d.jpg",
    "id": "dzobj_7bpyww136e"
  },
  {
    "objectName": "enoch_wolisko_8.p3d",
    "inGameName": "-",
    "category": "water_bliss",
    "modelType": "Raw P3D",
    "path": "dz/water_bliss/ponds",
    "usableOnConsole": false,
    "searchTags": "",
    "image": "images/water_bliss/ponds/enoch_wolisko_8.p3d.jpg",
    "id": "dzobj_v9qe0xykjm"
  },
  {
    "objectName": "enoch_wolisko_9.p3d",
    "inGameName": "-",
    "category": "water_bliss",
    "modelType": "Raw P3D",
    "path": "dz/water_bliss/ponds",
    "usableOnConsole": false,
    "searchTags": "",
    "image": "images/water_bliss/ponds/enoch_wolisko_9.p3d.jpg",
    "id": "dzobj_sul7kctxox"
  }
]
