[
  {
    "objectName": "StaticObj_Furniture_table_umakart",
    "inGameName": "-",
    "category": "structures",
    "modelType": "Config",
    "path": "dz/structures/furniture/tables/table_umakart",
    "usableOnConsole": true,
    "searchTags": "desk, tables",
    "image": "images/structures/furniture/tables/table_umakart/staticobj_furniture_table_umakart.jpg"
  },
  {
    "objectName": "table_umakart.p3d",
    "inGameName": "-",
    "category": "structures",
    "modelType": "Raw P3D",
    "path": "dz/structures/furniture/tables/table_umakart",
    "usableOnConsole": false,
    "searchTags": "desk, furniture, tables",
    "image": "images/structures/furniture/tables/table_umakart/table_umakart.p3d.jpg"
  }
]
