[
  {
    "objectName": "Land_Chapel2_White_Dam",
    "inGameName": "-",
    "category": "structures_bliss",
    "modelType": "Config",
    "path": "dz/structures_bliss/specific/cultural",
    "usableOnConsole": true,
    "searchTags": "livoniaa, cultural, specific, church",
    "image": "images/structures_bliss/specific/cultural/land_chapel2_white_dam.jpg",
    "id": "dzobj_hh4z3l6j6t"
  },
  {
    "objectName": "Land_Chapel2_Yellow_Dam",
    "inGameName": "-",
    "category": "structures_bliss",
    "modelType": "Config",
    "path": "dz/structures_bliss/specific/cultural",
    "usableOnConsole": true,
    "searchTags": "livoniaa, cultural, specific, church",
    "image": "images/structures_bliss/specific/cultural/land_chapel2_yellow_dam.jpg",
    "id": "dzobj_s60vqm8byj"
  },
  {
    "objectName": "Land_Misc_Calvary1",
    "inGameName": "-",
    "category": "structures_bliss",
    "modelType": "Config",
    "path": "dz/structures_bliss/specific/cultural",
    "usableOnConsole": true,
    "searchTags": "livoniaa, cultural, specific, cross, jesus, statue, religious",
    "image": "images/structures_bliss/specific/cultural/land_misc_calvary1.jpg",
    "id": "dzobj_cgsi6budd9"
  },
  {
    "objectName": "StaticObj_Monument_Enoch1",
    "inGameName": "-",
    "category": "structures_bliss",
    "modelType": "Config",
    "path": "dz/structures_bliss/specific/cultural",
    "usableOnConsole": true,
    "searchTags": "livoniaa, cultural, specific, cross, grave, statue, religious, memorial",
    "image": "images/structures_bliss/specific/cultural/staticobj_monument_enoch1.jpg",
    "id": "dzobj_h3zf7yg8q6"
  },
  {
    "objectName": "StaticObj_Monument_Enoch2",
    "inGameName": "-",
    "category": "structures_bliss",
    "modelType": "Config",
    "path": "dz/structures_bliss/specific/cultural",
    "usableOnConsole": true,
    "searchTags": "livoniaa, cultural, specific, cross, grave, statue, religious, memorial",
    "image": "images/structures_bliss/specific/cultural/staticobj_monument_enoch2.jpg",
    "id": "dzobj_qcdb1q39a1"
  },
  {
    "objectName": "StaticObj_Statue_Enoch1",
    "inGameName": "-",
    "category": "structures_bliss",
    "modelType": "Config",
    "path": "dz/structures_bliss/specific/cultural",
    "usableOnConsole": true,
    "searchTags": "livoniaa, cultural, specific, cross, grave, statue, religious, memorial",
    "image": "images/structures_bliss/specific/cultural/staticobj_statue_enoch1.jpg",
    "id": "dzobj_bt6b257hbu"
  },
  {
    "objectName": "chapel2_white_dam.p3d",
    "inGameName": "-",
    "category": "structures_bliss",
    "modelType": "Raw P3D",
    "path": "dz/structures_bliss/specific/cultural",
    "usableOnConsole": false,
    "searchTags": "livonia, cultural, specific, church",
    "image": "images/structures_bliss/specific/cultural/land_chapel2_white_dam.jpg",
    "id": "dzobj_6pxsxmn8on"
  },
  {
    "objectName": "chapel2_yellow_dam.p3d",
    "inGameName": "-",
    "category": "structures_bliss",
    "modelType": "Raw P3D",
    "path": "dz/structures_bliss/specific/cultural",
    "usableOnConsole": false,
    "searchTags": "livonia, cultural, specific, church",
    "image": "images/structures_bliss/specific/cultural/land_chapel2_yellow_dam.jpg",
    "id": "dzobj_supm19b11z"
  },
  {
    "objectName": "church5.p3d",
    "inGameName": "-",
    "category": "structures_bliss",
    "modelType": "Raw P3D",
    "path": "dz/structures_bliss/specific/cultural",
    "usableOnConsole": false,
    "searchTags": "",
    "image": "images/structures_bliss/specific/cultural/church5.jpg",
    "id": "dzobj_6qccbg92bf"
  },
  {
    "objectName": "church5_dam.p3d",
    "inGameName": "-",
    "category": "structures_bliss",
    "modelType": "Raw P3D",
    "path": "dz/structures_bliss/specific/cultural",
    "usableOnConsole": false,
    "searchTags": "livonia, cultural, specific, church",
    "image": "images/structures_bliss/specific/cultural/church5_dam.jpg",
    "id": "dzobj_7dzgbb31ce"
  },
  {
    "objectName": "church5_red_dam.p3d",
    "inGameName": "-",
    "category": "structures_bliss",
    "modelType": "Raw P3D",
    "path": "dz/structures_bliss/specific/cultural",
    "usableOnConsole": false,
    "searchTags": "livonia, cultural, specific, church",
    "image": "images/structures_bliss/specific/cultural/church5_red_dam.jpg",
    "id": "dzobj_n962uv5p8z"
  },
  {
    "objectName": "church5_white.p3d",
    "inGameName": "-",
    "category": "structures_bliss",
    "modelType": "Raw P3D",
    "path": "dz/structures_bliss/specific/cultural",
    "usableOnConsole": false,
    "searchTags": "livonia, cultural, specific, church",
    "image": "images/structures_bliss/specific/cultural/church5_white.jpg",
    "id": "dzobj_we15hkv7ov"
  },
  {
    "objectName": "church5_white_dam.p3d",
    "inGameName": "-",
    "category": "structures_bliss",
    "modelType": "Raw P3D",
    "path": "dz/structures_bliss/specific/cultural",
    "usableOnConsole": false,
    "searchTags": "livonia, cultural, specific, church",
    "image": "images/structures_bliss/specific/cultural/church5_white_dam.jpg",
    "id": "dzobj_p96qxbr5f7"
  },
  {
    "objectName": "church5_yellow_dam.p3d",
    "inGameName": "-",
    "category": "structures_bliss",
    "modelType": "Raw P3D",
    "path": "dz/structures_bliss/specific/cultural",
    "usableOnConsole": false,
    "searchTags": "livonia, cultural, specific, church",
    "image": "images/structures_bliss/specific/cultural/church5_yellow_dam.jpg",
    "id": "dzobj_hzks1av5x2"
  },
  {
    "objectName": "misc_calvary1.p3d",
    "inGameName": "-",
    "category": "structures_bliss",
    "modelType": "Raw P3D",
    "path": "dz/structures_bliss/specific/cultural",
    "usableOnConsole": false,
    "searchTags": "livonia, cultural, specific, cross, jesus, statue, religious",
    "image": "images/structures_bliss/specific/cultural/land_misc_calvary1.jpg",
    "id": "dzobj_gk8bt380wy"
  },
  {
    "objectName": "misc_calvary2.p3d",
    "inGameName": "-",
    "category": "structures_bliss",
    "modelType": "Raw P3D",
    "path": "dz/structures_bliss/specific/cultural",
    "usableOnConsole": false,
    "searchTags": "livonia, cultural, specific, cross, jesus, statue, religious",
    "image": "images/structures_bliss/specific/cultural/misc_calvary2.jpg",
    "id": "dzobj_arel7vf71i"
  },
  {
    "objectName": "misc_calvary3.p3d",
    "inGameName": "-",
    "category": "structures_bliss",
    "modelType": "Raw P3D",
    "path": "dz/structures_bliss/specific/cultural",
    "usableOnConsole": false,
    "searchTags": "livonia, cultural, specific, cross, jesus, statue, religious",
    "image": "images/structures_bliss/specific/cultural/misc_calvary3.jpg",
    "id": "dzobj_fwo80fksrg"
  },
  {
    "objectName": "monument_enoch1.p3d",
    "inGameName": "-",
    "category": "structures_bliss",
    "modelType": "Raw P3D",
    "path": "dz/structures_bliss/specific/cultural",
    "usableOnConsole": false,
    "searchTags": "livonia, cultural, specific, cross, grave, statue, religious, memorial",
    "image": "images/structures_bliss/specific/cultural/staticobj_monument_enoch1.jpg",
    "id": "dzobj_11bpb912iw"
  },
  {
    "objectName": "monument_enoch2.p3d",
    "inGameName": "-",
    "category": "structures_bliss",
    "modelType": "Raw P3D",
    "path": "dz/structures_bliss/specific/cultural",
    "usableOnConsole": false,
    "searchTags": "livonia, cultural, specific, cross, grave, statue, religious, memorial",
    "image": "images/structures_bliss/specific/cultural/staticobj_monument_enoch2.jpg",
    "id": "dzobj_le79ppow1i"
  },
  {
    "objectName": "statue_enoch1.p3d",
    "inGameName": "-",
    "category": "structures_bliss",
    "modelType": "Raw P3D",
    "path": "dz/structures_bliss/specific/cultural",
    "usableOnConsole": false,
    "searchTags": "livonia, cultural, specific, cross, grave, statue, religious, memorial",
    "image": "images/structures_bliss/specific/cultural/staticobj_statue_enoch1.jpg",
    "id": "dzobj_432t7t3fhu"
  },
  {
    "objectName": "church4.p3d",
    "category": "structures_bliss",
    "modelType": "Raw P3D",
    "path": "dz/structures_bliss/specific/cultural",
    "usableOnConsole": false,
    "searchTags": "livonia, cultural, religious, specific",
    "image": "images/structures_bliss/specific/cultural/land_church4.jpg",
    "id": "dzobj_zf6kn40xk0"
  },
  {
    "objectName": "church4_dam.p3d",
    "category": "structures_bliss",
    "modelType": "Raw P3D",
    "path": "dz/structures_bliss/specific/cultural",
    "usableOnConsole": false,
    "searchTags": "livonia, cultural, religious, specific",
    "image": "images/structures_bliss/specific/cultural/land_church4_dam.jpg",
    "id": "dzobj_alc7g9pt9v"
  },
  {
    "objectName": "church4_lightblue.p3d",
    "category": "structures_bliss",
    "modelType": "Raw P3D",
    "path": "dz/structures_bliss/specific/cultural",
    "usableOnConsole": false,
    "searchTags": "livonia, cultural, religious, specific",
    "image": "images/structures_bliss/specific/cultural/land_church4_lightblue.jpg",
    "id": "dzobj_5lgp1lqvlb"
  },
  {
    "objectName": "church4_red.p3d",
    "category": "structures_bliss",
    "modelType": "Raw P3D",
    "path": "dz/structures_bliss/specific/cultural",
    "usableOnConsole": false,
    "searchTags": "livonia, cultural, religious, specific",
    "image": "images/structures_bliss/specific/cultural/land_church4_red.jpg",
    "id": "dzobj_vpnl9ten5u"
  },
  {
    "objectName": "church4_white.p3d",
    "category": "structures_bliss",
    "modelType": "Raw P3D",
    "path": "dz/structures_bliss/specific/cultural",
    "usableOnConsole": false,
    "searchTags": "livonia, cultural, religious, specific",
    "image": "images/structures_bliss/specific/cultural/land_church4_white.jpg",
    "id": "dzobj_tu7yray3ka"
  },
  {
    "objectName": "church4_yellow_dam.p3d",
    "category": "structures_bliss",
    "modelType": "Raw P3D",
    "path": "dz/structures_bliss/specific/cultural",
    "usableOnConsole": false,
    "searchTags": "livonia, cultural, religious, specific",
    "image": "images/structures_bliss/specific/cultural/land_church4_yellow_dam.jpg",
    "id": "dzobj_5vk5opbjh1"
  },
  {
    "objectName": "Land_Church4",
    "category": "structures_bliss",
    "modelType": "Config",
    "path": "dz/structures_bliss/specific/cultural",
    "usableOnConsole": true,
    "searchTags": "livoniaa, cultural, religious, specific",
    "image": "images/structures_bliss/specific/cultural/land_church4.jpg",
    "id": "dzobj_guhu7rzwme"
  },
  {
    "objectName": "Land_Church4_Dam",
    "category": "structures_bliss",
    "modelType": "Config",
    "path": "dz/structures_bliss/specific/cultural",
    "usableOnConsole": true,
    "searchTags": "livoniaa, cultural, religious, specific",
    "image": "images/structures_bliss/specific/cultural/land_church4_dam.jpg",
    "id": "dzobj_o9fnrnb487"
  },
  {
    "objectName": "Land_Church4_Lightblue",
    "category": "structures_bliss",
    "modelType": "Config",
    "path": "dz/structures_bliss/specific/cultural",
    "usableOnConsole": true,
    "searchTags": "livoniaa, cultural, religious, specific",
    "image": "images/structures_bliss/specific/cultural/land_church4_lightblue.jpg",
    "id": "dzobj_0k2mtcpfhw"
  },
  {
    "objectName": "Land_Church4_Red",
    "category": "structures_bliss",
    "modelType": "Config",
    "path": "dz/structures_bliss/specific/cultural",
    "usableOnConsole": true,
    "searchTags": "livoniaa, cultural, religious, specific",
    "image": "images/structures_bliss/specific/cultural/land_church4_red.jpg",
    "id": "dzobj_eyo9v1zpds"
  },
  {
    "objectName": "Land_Church4_White",
    "category": "structures_bliss",
    "modelType": "Config",
    "path": "dz/structures_bliss/specific/cultural",
    "usableOnConsole": true,
    "searchTags": "livoniaa, cultural, religious, specific",
    "image": "images/structures_bliss/specific/cultural/land_church4_white.jpg",
    "id": "dzobj_iug0q7s3dt"
  },
  {
    "objectName": "Land_Church4_Yellow_Dam",
    "category": "structures_bliss",
    "modelType": "Config",
    "path": "dz/structures_bliss/specific/cultural",
    "usableOnConsole": true,
    "searchTags": "livoniaa, cultural, religious, specific",
    "image": "images/structures_bliss/specific/cultural/land_church4_yellow_dam.jpg",
    "id": "dzobj_azbc1v8126"
  },
  {
    "objectName": "chapel2_white.p3d",
    "category": "structures_bliss",
    "modelType": "Raw P3D",
    "path": "dz/structures_bliss/specific/cultural",
    "usableOnConsole": false,
    "searchTags": "livoniaa, cultural, specific",
    "image": "images/structures_bliss/specific/cultural/land_chapel2_white.jpg",
    "id": "dzobj_dlog6q7maj"
  },
  {
    "objectName": "chapel2_yellow.p3d",
    "category": "structures_bliss",
    "modelType": "Raw P3D",
    "path": "dz/structures_bliss/specific/cultural",
    "usableOnConsole": false,
    "searchTags": "livoniaa, cultural, specific",
    "image": "images/structures_bliss/specific/cultural/land_chapel2_yellow.jpg",
    "id": "dzobj_l3r0odi2mr"
  },
  {
    "objectName": "Land_Chapel2_White",
    "category": "structures_bliss",
    "modelType": "Config",
    "path": "dz/structures_bliss/specific/cultural",
    "usableOnConsole": true,
    "searchTags": "livoniaa, cultural, specific",
    "image": "images/structures_bliss/specific/cultural/land_chapel2_white.jpg",
    "id": "dzobj_buwyx09caw"
  },
  {
    "objectName": "Land_Chapel2_Yellow",
    "category": "structures_bliss",
    "modelType": "Config",
    "path": "dz/structures_bliss/specific/cultural",
    "usableOnConsole": true,
    "searchTags": "livoniaa, cultural, specific",
    "image": "images/structures_bliss/specific/cultural/land_chapel2_yellow.jpg",
    "id": "dzobj_grf2z4yho1"
  }
]
