[
  {
    "objectName": "Land_Chapel2_White_Dam",
    "inGameName": "-",
    "category": "structures_bliss",
    "modelType": "Config",
    "path": "dz/structures_bliss/specific/cultural",
    "usableOnConsole": true,
    "searchTags": "livoniaa, cultural, specific, church",
    "image": "images/structures_bliss/specific/cultural/land_chapel2_white_dam.jpg"
  },
  {
    "objectName": "Land_Chapel2_Yellow_Dam",
    "inGameName": "-",
    "category": "structures_bliss",
    "modelType": "Config",
    "path": "dz/structures_bliss/specific/cultural",
    "usableOnConsole": true,
    "searchTags": "livoniaa, cultural, specific, church",
    "image": "images/structures_bliss/specific/cultural/land_chapel2_yellow_dam.jpg"
  },
  {
    "objectName": "Land_Misc_Calvary1",
    "inGameName": "-",
    "category": "structures_bliss",
    "modelType": "Config",
    "path": "dz/structures_bliss/specific/cultural",
    "usableOnConsole": true,
    "searchTags": "livoniaa, cultural, specific, cross, jesus, statue, religious",
    "image": "images/structures_bliss/specific/cultural/land_misc_calvary1.jpg"
  },
  {
    "objectName": "StaticObj_Monument_Enoch1",
    "inGameName": "-",
    "category": "structures_bliss",
    "modelType": "Config",
    "path": "dz/structures_bliss/specific/cultural",
    "usableOnConsole": true,
    "searchTags": "livoniaa, cultural, specific, cross, grave, statue, religious, memorial",
    "image": "images/structures_bliss/specific/cultural/staticobj_monument_enoch1.jpg"
  },
  {
    "objectName": "StaticObj_Monument_Enoch2",
    "inGameName": "-",
    "category": "structures_bliss",
    "modelType": "Config",
    "path": "dz/structures_bliss/specific/cultural",
    "usableOnConsole": true,
    "searchTags": "livoniaa, cultural, specific, cross, grave, statue, religious, memorial",
    "image": "images/structures_bliss/specific/cultural/staticobj_monument_enoch2.jpg"
  },
  {
    "objectName": "StaticObj_Statue_Enoch1",
    "inGameName": "-",
    "category": "structures_bliss",
    "modelType": "Config",
    "path": "dz/structures_bliss/specific/cultural",
    "usableOnConsole": true,
    "searchTags": "livoniaa, cultural, specific, cross, grave, statue, religious, memorial",
    "image": "images/structures_bliss/specific/cultural/staticobj_statue_enoch1.jpg"
  },
  {
    "objectName": "chapel2_white_dam.p3d",
    "inGameName": "-",
    "category": "structures_bliss",
    "modelType": "Raw P3D",
    "path": "dz/structures_bliss/specific/cultural",
    "usableOnConsole": false,
    "searchTags": "livonia, cultural, specific, church",
    "image": "images/structures_bliss/specific/cultural/land_chapel2_white_dam.jpg"
  },
  {
    "objectName": "chapel2_yellow_dam.p3d",
    "inGameName": "-",
    "category": "structures_bliss",
    "modelType": "Raw P3D",
    "path": "dz/structures_bliss/specific/cultural",
    "usableOnConsole": false,
    "searchTags": "livonia, cultural, specific, church",
    "image": "images/structures_bliss/specific/cultural/land_chapel2_yellow_dam.jpg"
  },
  {
    "objectName": "church5.p3d",
    "inGameName": "-",
    "category": "structures_bliss",
    "modelType": "Raw P3D",
    "path": "dz/structures_bliss/specific/cultural",
    "usableOnConsole": false,
    "searchTags": "",
    "image": "images/structures_bliss/specific/cultural/church5.jpg"
  },
  {
    "objectName": "church5_dam.p3d",
    "inGameName": "-",
    "category": "structures_bliss",
    "modelType": "Raw P3D",
    "path": "dz/structures_bliss/specific/cultural",
    "usableOnConsole": false,
    "searchTags": "livonia, cultural, specific, church",
    "image": "images/structures_bliss/specific/cultural/church5_dam.jpg"
  },
  {
    "objectName": "church5_red_dam.p3d",
    "inGameName": "-",
    "category": "structures_bliss",
    "modelType": "Raw P3D",
    "path": "dz/structures_bliss/specific/cultural",
    "usableOnConsole": false,
    "searchTags": "livonia, cultural, specific, church",
    "image": "images/structures_bliss/specific/cultural/church5_red_dam.jpg"
  },
  {
    "objectName": "church5_white.p3d",
    "inGameName": "-",
    "category": "structures_bliss",
    "modelType": "Raw P3D",
    "path": "dz/structures_bliss/specific/cultural",
    "usableOnConsole": false,
    "searchTags": "livonia, cultural, specific, church",
    "image": "images/structures_bliss/specific/cultural/church5_white.jpg"
  },
  {
    "objectName": "church5_white_dam.p3d",
    "inGameName": "-",
    "category": "structures_bliss",
    "modelType": "Raw P3D",
    "path": "dz/structures_bliss/specific/cultural",
    "usableOnConsole": false,
    "searchTags": "livonia, cultural, specific, church",
    "image": "images/structures_bliss/specific/cultural/church5_white_dam.jpg"
  },
  {
    "objectName": "church5_yellow_dam.p3d",
    "inGameName": "-",
    "category": "structures_bliss",
    "modelType": "Raw P3D",
    "path": "dz/structures_bliss/specific/cultural",
    "usableOnConsole": false,
    "searchTags": "livonia, cultural, specific, church",
    "image": "images/structures_bliss/specific/cultural/church5_yellow_dam.jpg"
  },
  {
    "objectName": "misc_calvary1.p3d",
    "inGameName": "-",
    "category": "structures_bliss",
    "modelType": "Raw P3D",
    "path": "dz/structures_bliss/specific/cultural",
    "usableOnConsole": false,
    "searchTags": "livonia, cultural, specific, cross, jesus, statue, religious",
    "image": "images/structures_bliss/specific/cultural/land_misc_calvary1.jpg"
  },
  {
    "objectName": "misc_calvary2.p3d",
    "inGameName": "-",
    "category": "structures_bliss",
    "modelType": "Raw P3D",
    "path": "dz/structures_bliss/specific/cultural",
    "usableOnConsole": false,
    "searchTags": "livonia, cultural, specific, cross, jesus, statue, religious",
    "image": "images/structures_bliss/specific/cultural/misc_calvary2.jpg"
  },
  {
    "objectName": "misc_calvary3.p3d",
    "inGameName": "-",
    "category": "structures_bliss",
    "modelType": "Raw P3D",
    "path": "dz/structures_bliss/specific/cultural",
    "usableOnConsole": false,
    "searchTags": "livonia, cultural, specific, cross, jesus, statue, religious",
    "image": "images/structures_bliss/specific/cultural/misc_calvary3.jpg"
  },
  {
    "objectName": "monument_enoch1.p3d",
    "inGameName": "-",
    "category": "structures_bliss",
    "modelType": "Raw P3D",
    "path": "dz/structures_bliss/specific/cultural",
    "usableOnConsole": false,
    "searchTags": "livonia, cultural, specific, cross, grave, statue, religious, memorial",
    "image": "images/structures_bliss/specific/cultural/staticobj_monument_enoch1.jpg"
  },
  {
    "objectName": "monument_enoch2.p3d",
    "inGameName": "-",
    "category": "structures_bliss",
    "modelType": "Raw P3D",
    "path": "dz/structures_bliss/specific/cultural",
    "usableOnConsole": false,
    "searchTags": "livonia, cultural, specific, cross, grave, statue, religious, memorial",
    "image": "images/structures_bliss/specific/cultural/staticobj_monument_enoch2.jpg"
  },
  {
    "objectName": "statue_enoch1.p3d",
    "inGameName": "-",
    "category": "structures_bliss",
    "modelType": "Raw P3D",
    "path": "dz/structures_bliss/specific/cultural",
    "usableOnConsole": false,
    "searchTags": "livonia, cultural, specific, cross, grave, statue, religious, memorial",
    "image": "images/structures_bliss/specific/cultural/staticobj_statue_enoch1.jpg"
  },
  {
    "objectName": "church4.p3d",
    "category": "structures_bliss",
    "modelType": "Raw P3D",
    "path": "dz/structures_bliss/specific/cultural",
    "usableOnConsole": false,
    "searchTags": "livonia, cultural, religious, specific",
    "image": "images/structures_bliss/specific/cultural/land_church4.jpg"
  },
  {
    "objectName": "church4_dam.p3d",
    "category": "structures_bliss",
    "modelType": "Raw P3D",
    "path": "dz/structures_bliss/specific/cultural",
    "usableOnConsole": false,
    "searchTags": "livonia, cultural, religious, specific",
    "image": "images/structures_bliss/specific/cultural/land_church4_dam.jpg"
  },
  {
    "objectName": "church4_lightblue.p3d",
    "category": "structures_bliss",
    "modelType": "Raw P3D",
    "path": "dz/structures_bliss/specific/cultural",
    "usableOnConsole": false,
    "searchTags": "livonia, cultural, religious, specific",
    "image": "images/structures_bliss/specific/cultural/land_church4_lightblue.jpg"
  },
  {
    "objectName": "church4_red.p3d",
    "category": "structures_bliss",
    "modelType": "Raw P3D",
    "path": "dz/structures_bliss/specific/cultural",
    "usableOnConsole": false,
    "searchTags": "livonia, cultural, religious, specific",
    "image": "images/structures_bliss/specific/cultural/land_church4_red.jpg"
  },
  {
    "objectName": "church4_white.p3d",
    "category": "structures_bliss",
    "modelType": "Raw P3D",
    "path": "dz/structures_bliss/specific/cultural",
    "usableOnConsole": false,
    "searchTags": "livonia, cultural, religious, specific",
    "image": "images/structures_bliss/specific/cultural/land_church4_white.jpg"
  },
  {
    "objectName": "church4_yellow_dam.p3d",
    "category": "structures_bliss",
    "modelType": "Raw P3D",
    "path": "dz/structures_bliss/specific/cultural",
    "usableOnConsole": false,
    "searchTags": "livonia, cultural, religious, specific",
    "image": "images/structures_bliss/specific/cultural/land_church4_yellow_dam.jpg"
  },
  {
    "objectName": "Land_Church4",
    "category": "structures_bliss",
    "modelType": "Config",
    "path": "dz/structures_bliss/specific/cultural",
    "usableOnConsole": true,
    "searchTags": "livoniaa, cultural, religious, specific",
    "image": "images/structures_bliss/specific/cultural/land_church4.jpg"
  },
  {
    "objectName": "Land_Church4_Dam",
    "category": "structures_bliss",
    "modelType": "Config",
    "path": "dz/structures_bliss/specific/cultural",
    "usableOnConsole": true,
    "searchTags": "livoniaa, cultural, religious, specific",
    "image": "images/structures_bliss/specific/cultural/land_church4_dam.jpg"
  },
  {
    "objectName": "Land_Church4_Lightblue",
    "category": "structures_bliss",
    "modelType": "Config",
    "path": "dz/structures_bliss/specific/cultural",
    "usableOnConsole": true,
    "searchTags": "livoniaa, cultural, religious, specific",
    "image": "images/structures_bliss/specific/cultural/land_church4_lightblue.jpg"
  },
  {
    "objectName": "Land_Church4_Red",
    "category": "structures_bliss",
    "modelType": "Config",
    "path": "dz/structures_bliss/specific/cultural",
    "usableOnConsole": true,
    "searchTags": "livoniaa, cultural, religious, specific",
    "image": "images/structures_bliss/specific/cultural/land_church4_red.jpg"
  },
  {
    "objectName": "Land_Church4_White",
    "category": "structures_bliss",
    "modelType": "Config",
    "path": "dz/structures_bliss/specific/cultural",
    "usableOnConsole": true,
    "searchTags": "livoniaa, cultural, religious, specific",
    "image": "images/structures_bliss/specific/cultural/land_church4_white.jpg"
  },
  {
    "objectName": "Land_Church4_Yellow_Dam",
    "category": "structures_bliss",
    "modelType": "Config",
    "path": "dz/structures_bliss/specific/cultural",
    "usableOnConsole": true,
    "searchTags": "livoniaa, cultural, religious, specific",
    "image": "images/structures_bliss/specific/cultural/land_church4_yellow_dam.jpg"
  },
  {
    "objectName": "chapel2_white.p3d",
    "category": "structures_bliss",
    "modelType": "Raw P3D",
    "path": "dz/structures_bliss/specific/cultural",
    "usableOnConsole": false,
    "searchTags": "livoniaa, cultural, specific",
    "image": "images/structures_bliss/specific/cultural/land_chapel2_white.jpg"
  },
  {
    "objectName": "chapel2_yellow.p3d",
    "category": "structures_bliss",
    "modelType": "Raw P3D",
    "path": "dz/structures_bliss/specific/cultural",
    "usableOnConsole": false,
    "searchTags": "livoniaa, cultural, specific",
    "image": "images/structures_bliss/specific/cultural/land_chapel2_yellow.jpg"
  },
  {
    "objectName": "Land_Chapel2_White",
    "category": "structures_bliss",
    "modelType": "Config",
    "path": "dz/structures_bliss/specific/cultural",
    "usableOnConsole": true,
    "searchTags": "livoniaa, cultural, specific",
    "image": "images/structures_bliss/specific/cultural/land_chapel2_white.jpg"
  },
  {
    "objectName": "Land_Chapel2_Yellow",
    "category": "structures_bliss",
    "modelType": "Config",
    "path": "dz/structures_bliss/specific/cultural",
    "usableOnConsole": true,
    "searchTags": "livoniaa, cultural, specific",
    "image": "images/structures_bliss/specific/cultural/land_chapel2_yellow.jpg"
  }
]
