[
  {
    "objectName": "StaticObj_Furniture_Kitchen_desk_A",
    "inGameName": "-",
    "category": "structures",
    "modelType": "Config",
    "path": "dz/structures/furniture/kitchen/kitchendesk",
    "usableOnConsole": true,
    "searchTags": "cooking, interior, kitchendesk",
    "image": "images/structures/furniture/kitchen/kitchendesk/staticobj_furniture_kitchen_desk_a.jpg"
  },
  {
    "objectName": "StaticObj_Furniture_Kitchen_desk_B",
    "inGameName": "-",
    "category": "structures",
    "modelType": "Config",
    "path": "dz/structures/furniture/kitchen/kitchendesk",
    "usableOnConsole": true,
    "searchTags": "cooking, interior, kitchendesk",
    "image": "images/structures/furniture/kitchen/kitchendesk/staticobj_furniture_kitchen_desk_b.jpg"
  },
  {
    "objectName": "kicthen_desk_a.p3d",
    "inGameName": "-",
    "category": "structures",
    "modelType": "Raw P3D",
    "path": "dz/structures/furniture/kitchen/kitchendesk",
    "usableOnConsole": false,
    "searchTags": "cooking, furniture, interior, kitchen, kitchendesk",
    "image": "images/structures/furniture/kitchen/kitchendesk/kicthen_desk_a.p3d.jpg"
  },
  {
    "objectName": "kicthen_desk_a_cupboards.p3d",
    "inGameName": "-",
    "category": "structures",
    "modelType": "Raw P3D",
    "path": "dz/structures/furniture/kitchen/kitchendesk",
    "usableOnConsole": false,
    "searchTags": "cooking, furniture, interior, kitchen, kitchendesk",
    "image": "images/structures/furniture/kitchen/kitchendesk/kicthen_desk_a_cupboards.p3d.jpg"
  },
  {
    "objectName": "kicthen_desk_a_nocupboards.p3d",
    "inGameName": "-",
    "category": "structures",
    "modelType": "Raw P3D",
    "path": "dz/structures/furniture/kitchen/kitchendesk",
    "usableOnConsole": false,
    "searchTags": "cooking, furniture, interior, kitchen, kitchendesk",
    "image": "images/structures/furniture/kitchen/kitchendesk/kicthen_desk_a_nocupboards.p3d.jpg"
  },
  {
    "objectName": "kicthen_desk_b.p3d",
    "inGameName": "-",
    "category": "structures",
    "modelType": "Raw P3D",
    "path": "dz/structures/furniture/kitchen/kitchendesk",
    "usableOnConsole": false,
    "searchTags": "cooking, furniture, interior, kitchen, kitchendesk",
    "image": "images/structures/furniture/kitchen/kitchendesk/kicthen_desk_b.p3d.jpg"
  },
  {
    "objectName": "kicthen_desk_c.p3d",
    "inGameName": "-",
    "category": "structures",
    "modelType": "Raw P3D",
    "path": "dz/structures/furniture/kitchen/kitchendesk",
    "usableOnConsole": false,
    "searchTags": "cooking, furniture, interior, kitchen, kitchendesk",
    "image": "images/structures/furniture/kitchen/kitchendesk/kicthen_desk_c.p3d.jpg"
  },
  {
    "objectName": "kicthen_desk_single_cupboard_closed.p3d",
    "inGameName": "-",
    "category": "structures",
    "modelType": "Raw P3D",
    "path": "dz/structures/furniture/kitchen/kitchendesk",
    "usableOnConsole": false,
    "searchTags": "cooking, furniture, interior, kitchen, kitchendesk",
    "image": "images/structures/furniture/kitchen/kitchendesk/kicthen_desk_single_cupboard_closed.p3d.jpg"
  },
  {
    "objectName": "kicthen_desk_single_cupboard_open.p3d",
    "inGameName": "-",
    "category": "structures",
    "modelType": "Raw P3D",
    "path": "dz/structures/furniture/kitchen/kitchendesk",
    "usableOnConsole": false,
    "searchTags": "cooking, furniture, interior, kitchen, kitchendesk",
    "image": "images/structures/furniture/kitchen/kitchendesk/kicthen_desk_single_cupboard_open.p3d.jpg"
  }
]
