[
  {
    "objectName": "StaticObj_Furniture_Kitchen_desk_A",
    "inGameName": "-",
    "category": "structures",
    "modelType": "Config",
    "path": "dz/structures/furniture/kitchen/kitchendesk",
    "usableOnConsole": true,
    "searchTags": "cooking, interior, kitchendesk",
    "image": "images/structures/furniture/kitchen/kitchendesk/staticobj_furniture_kitchen_desk_a.jpg",
    "id": "dzobj_h7shr10ibz"
  },
  {
    "objectName": "StaticObj_Furniture_Kitchen_desk_B",
    "inGameName": "-",
    "category": "structures",
    "modelType": "Config",
    "path": "dz/structures/furniture/kitchen/kitchendesk",
    "usableOnConsole": true,
    "searchTags": "cooking, interior, kitchendesk",
    "image": "images/structures/furniture/kitchen/kitchendesk/staticobj_furniture_kitchen_desk_b.jpg",
    "id": "dzobj_clmf7a5yiv"
  },
  {
    "objectName": "kicthen_desk_a.p3d",
    "inGameName": "-",
    "category": "structures",
    "modelType": "Raw P3D",
    "path": "dz/structures/furniture/kitchen/kitchendesk",
    "usableOnConsole": false,
    "searchTags": "cooking, furniture, interior, kitchen, kitchendesk",
    "image": "images/structures/furniture/kitchen/kitchendesk/kicthen_desk_a.p3d.jpg",
    "id": "dzobj_j5cd8zvamm"
  },
  {
    "objectName": "kicthen_desk_a_cupboards.p3d",
    "inGameName": "-",
    "category": "structures",
    "modelType": "Raw P3D",
    "path": "dz/structures/furniture/kitchen/kitchendesk",
    "usableOnConsole": false,
    "searchTags": "cooking, furniture, interior, kitchen, kitchendesk",
    "image": "images/structures/furniture/kitchen/kitchendesk/kicthen_desk_a_cupboards.p3d.jpg",
    "id": "dzobj_594fcdpi7g"
  },
  {
    "objectName": "kicthen_desk_a_nocupboards.p3d",
    "inGameName": "-",
    "category": "structures",
    "modelType": "Raw P3D",
    "path": "dz/structures/furniture/kitchen/kitchendesk",
    "usableOnConsole": false,
    "searchTags": "cooking, furniture, interior, kitchen, kitchendesk",
    "image": "images/structures/furniture/kitchen/kitchendesk/kicthen_desk_a_nocupboards.p3d.jpg",
    "id": "dzobj_hec7xpjtc0"
  },
  {
    "objectName": "kicthen_desk_b.p3d",
    "inGameName": "-",
    "category": "structures",
    "modelType": "Raw P3D",
    "path": "dz/structures/furniture/kitchen/kitchendesk",
    "usableOnConsole": false,
    "searchTags": "cooking, furniture, interior, kitchen, kitchendesk",
    "image": "images/structures/furniture/kitchen/kitchendesk/kicthen_desk_b.p3d.jpg",
    "id": "dzobj_3qdut4pcpq"
  },
  {
    "objectName": "kicthen_desk_c.p3d",
    "inGameName": "-",
    "category": "structures",
    "modelType": "Raw P3D",
    "path": "dz/structures/furniture/kitchen/kitchendesk",
    "usableOnConsole": false,
    "searchTags": "cooking, furniture, interior, kitchen, kitchendesk",
    "image": "images/structures/furniture/kitchen/kitchendesk/kicthen_desk_c.p3d.jpg",
    "id": "dzobj_r50paihymh"
  },
  {
    "objectName": "kicthen_desk_single_cupboard_closed.p3d",
    "inGameName": "-",
    "category": "structures",
    "modelType": "Raw P3D",
    "path": "dz/structures/furniture/kitchen/kitchendesk",
    "usableOnConsole": false,
    "searchTags": "cooking, furniture, interior, kitchen, kitchendesk",
    "image": "images/structures/furniture/kitchen/kitchendesk/kicthen_desk_single_cupboard_closed.p3d.jpg",
    "id": "dzobj_vkykyd85uv"
  },
  {
    "objectName": "kicthen_desk_single_cupboard_open.p3d",
    "inGameName": "-",
    "category": "structures",
    "modelType": "Raw P3D",
    "path": "dz/structures/furniture/kitchen/kitchendesk",
    "usableOnConsole": false,
    "searchTags": "cooking, furniture, interior, kitchen, kitchendesk",
    "image": "images/structures/furniture/kitchen/kitchendesk/kicthen_desk_single_cupboard_open.p3d.jpg",
    "id": "dzobj_32lw6e35sq"
  }
]
