[
  {
    "objectName": "Animal_GallusGallusDomesticusF_Brown",
    "inGameName": "Chicken",
    "category": "animal",
    "modelType": "Config",
    "path": "dz/animals/gallus_gallus_domesticus_feminam",
    "usableOnConsole": true,
    "searchTags": "chicken, farmyard, domestic, poultry, female, hen",
    "image": "images/animals/gallus_gallus_domesticus_feminam/animal_gallusgallusdomesticusf_brown/animal_gallusgallusdomesticusf_brown.jpg",
    "id": "dzobj_ki9d5qj1c4"
  },
  {
    "objectName": "Animal_GallusGallusDomesticusF_Spotted",
    "inGameName": "Chicken",
    "category": "animal",
    "modelType": "Config",
    "path": "dz/animals/gallus_gallus_domesticus_feminam",
    "usableOnConsole": true,
    "searchTags": "chicken, farmyard, domestic, poultry, female, hen",
    "image": "images/animals/gallus_gallus_domesticus_feminam/animal_gallusgallusdomesticusf_spotted/animal_gallusgallusdomesticusf_spotted.jpg",
    "id": "dzobj_40y9uzj084"
  },
  {
    "objectName": "Animal_GallusGallusDomesticusF_White",
    "inGameName": "Chicken",
    "category": "animal",
    "modelType": "Config",
    "path": "dz/animals/gallus_gallus_domesticus_feminam",
    "usableOnConsole": true,
    "searchTags": "chicken, farmyard, domestic, poultry, female, hen",
    "image": "images/animals/gallus_gallus_domesticus_feminam/animal_gallusgallusdomesticusf_white/animal_gallusgallusdomesticusf_white.jpg",
    "id": "dzobj_lkh1fg1ju0"
  }
]
