[
  {
    "objectName": "Land_Rail_Station_Small",
    "category": "structures",
    "modelType": "Config",
    "path": "dz/structures/rail/houses",
    "usableOnConsole": true,
    "searchTags": "rail, station, small, train, railway, building, platform, depot, railway, brick",
    "image": "images/structures/rail/houses/land_rail_station_small.jpg",
    "id": "dzobj_rui1gad4up"
  },
  {
    "objectName": "rail_station_small.p3d",
    "category": "structures",
    "modelType": "Raw P3D",
    "path": "dz/structures/rail/houses",
    "usableOnConsole": false,
    "searchTags": "rail, station, small, train, railway, building, platform, depot, brick",
    "image": "images/structures/rail/houses/land_rail_station_small.jpg",
    "id": "dzobj_am19ocfyqh"
  },
  {
    "objectName": "Land_Rail_Station_Big",
    "category": "structures",
    "modelType": "Config",
    "path": "dz/structures/rail/houses",
    "usableOnConsole": true,
    "searchTags": "rail, station, large, train, railway, building, platform, depot, railway, brick",
    "image": "images/structures/rail/houses/land_rail_station_big.jpg",
    "id": "dzobj_bg1wla4xxc"
  },
  {
    "objectName": "Land_Rail_Warehouse_Small",
    "category": "structures",
    "modelType": "Config",
    "path": "dz/structures/rail/houses",
    "usableOnConsole": true,
    "searchTags": "rail, warehouse, small, train, railway, depot, storage, building, wooden, old, damaged, industrial",
    "image": "images/structures/rail/houses/land_rail_warehouse_small.jpg",
    "id": "dzobj_m1zlkdi4hd"
  },
  {
    "objectName": "rail_station_big.p3d",
    "category": "structures",
    "modelType": "Raw P3D",
    "path": "dz/structures/rail/houses",
    "usableOnConsole": false,
    "searchTags": "rail, station, large, train, railway, building, platform, depot, brick",
    "image": "images/structures/rail/houses/land_rail_station_big.jpg",
    "id": "dzobj_8v2gkckxie"
  },
  {
    "objectName": "rail_warehouse_small.p3d",
    "category": "structures",
    "modelType": "Raw P3D",
    "path": "dz/structures/rail/houses",
    "usableOnConsole": false,
    "searchTags": "rail, warehouse, small, train, railway, depot, storage, building, wooden, old, damaged, industrial",
    "image": "images/structures/rail/houses/land_rail_warehouse_small.jpg",
    "id": "dzobj_pej3t6bzqw"
  }
]
