[
  {
    "objectName": "MaleTorso_Base",
    "inGameName": "Underwear top",
    "category": "characters",
    "modelType": "Config",
    "path": "dz/characters/tops",
    "usableOnConsole": true,
    "searchTags": "player, pc, character, survivor, bodies, loot, clothing, clothes",
    "image": "images/characters/tops/maletorso_base/maletorso_base.jpg",
    "id": "dzobj_p7dkm161qe"
  },
  {
    "objectName": "FemaleTorso_Base",
    "inGameName": "Underwear top",
    "category": "characters",
    "modelType": "Config",
    "path": "dz/characters/tops",
    "usableOnConsole": true,
    "searchTags": "player, pc, character, survivor, bodies, loot, clothing, clothes",
    "image": "images/characters/tops/femaletorso_base/femaletorso_base.jpg",
    "id": "dzobj_ui4ot4id6f"
  },
  {
    "objectName": "DownJacket_Blue",
    "inGameName": "Down Jacket",
    "category": "characters",
    "modelType": "Config",
    "path": "dz/characters/tops",
    "usableOnConsole": true,
    "searchTags": "tops, warm, coat, winter, loot, clothing, clothes",
    "image": "images/characters/tops/downjacket_blue/downjacket_blue.jpg",
    "id": "dzobj_dbpchvqnc8"
  },
  {
    "objectName": "DownJacket_Green",
    "inGameName": "Down Jacket",
    "category": "characters",
    "modelType": "Config",
    "path": "dz/characters/tops",
    "usableOnConsole": true,
    "searchTags": "tops, warm, coat, winter, loot, clothing, clothes",
    "image": "images/characters/tops/downjacket_green/downjacket_green.jpg",
    "id": "dzobj_ulpekrm3w8"
  },
  {
    "objectName": "DownJacket_Orange",
    "inGameName": "Down Jacket",
    "category": "characters",
    "modelType": "Config",
    "path": "dz/characters/tops",
    "usableOnConsole": true,
    "searchTags": "tops, warm, coat, winter, loot, clothing, clothes",
    "image": "images/characters/tops/downjacket_orange/downjacket_orange.jpg",
    "id": "dzobj_lsbtts6s5n"
  },
  {
    "objectName": "DownJacket_Red",
    "inGameName": "Down Jacket",
    "category": "characters",
    "modelType": "Config",
    "path": "dz/characters/tops",
    "usableOnConsole": true,
    "searchTags": "tops, warm, coat, winter, loot, clothing, clothes",
    "image": "images/characters/tops/downjacket_red/downjacket_red.jpg",
    "id": "dzobj_scq7mg8lgc"
  },
  {
    "objectName": "Armband_Altis",
    "inGameName": "Armband",
    "category": "characters",
    "modelType": "Config",
    "path": "dz/characters/tops",
    "usableOnConsole": true,
    "searchTags": "arm, team, loot, clothing, clothes",
    "image": "images/characters/tops/armband_altis/armband_altis.jpg",
    "id": "dzobj_53fvwjfjyn"
  },
  {
    "objectName": "Armband_APA",
    "inGameName": "Armband",
    "category": "characters",
    "modelType": "Config",
    "path": "dz/characters/tops",
    "usableOnConsole": true,
    "searchTags": "arm, team, loot, clothing, clothes",
    "image": "images/characters/tops/armband_apa/armband_apa.jpg",
    "id": "dzobj_bcnasbvish"
  },
  {
    "objectName": "Armband_BabyDeer",
    "inGameName": "Armband",
    "category": "characters",
    "modelType": "Config",
    "path": "dz/characters/tops",
    "usableOnConsole": true,
    "searchTags": "arm, team, loot, clothing, clothes",
    "image": "images/characters/tops/armband_babydeer/armband_babydeer.jpg",
    "id": "dzobj_xc945mq9dn"
  },
  {
    "objectName": "Armband_Bear",
    "inGameName": "Armband",
    "category": "characters",
    "modelType": "Config",
    "path": "dz/characters/tops",
    "usableOnConsole": true,
    "searchTags": "arm, team, loot, clothing, clothes",
    "image": "images/characters/tops/armband_bear/armband_bear.jpg",
    "id": "dzobj_12nrrbcnkj"
  },
  {
    "objectName": "Armband_Black",
    "inGameName": "Armband",
    "category": "characters",
    "modelType": "Config",
    "path": "dz/characters/tops",
    "usableOnConsole": true,
    "searchTags": "arm, team, loot, clothing, clothes",
    "image": "images/characters/tops/armband_black/armband_black.jpg",
    "id": "dzobj_7nx4g6po1q"
  },
  {
    "objectName": "Armband_Blue",
    "inGameName": "Armband",
    "category": "characters",
    "modelType": "Config",
    "path": "dz/characters/tops",
    "usableOnConsole": true,
    "searchTags": "arm, team, loot, clothing, clothes",
    "image": "images/characters/tops/armband_blue/armband_blue.jpg",
    "id": "dzobj_hm0gy6d4fv"
  },
  {
    "objectName": "Armband_Bohemia",
    "inGameName": "Armband",
    "category": "characters",
    "modelType": "Config",
    "path": "dz/characters/tops",
    "usableOnConsole": true,
    "searchTags": "arm, team, loot, clothing, clothes",
    "image": "images/characters/tops/armband_bohemia/armband_bohemia.jpg",
    "id": "dzobj_6umier1i3i"
  },
  {
    "objectName": "Armband_BrainZ",
    "inGameName": "Armband",
    "category": "characters",
    "modelType": "Config",
    "path": "dz/characters/tops",
    "usableOnConsole": true,
    "searchTags": "arm, team, loot, clothing, clothes",
    "image": "images/characters/tops/armband_brainz/armband_brainz.jpg",
    "id": "dzobj_z51v0l9psl"
  },
  {
    "objectName": "Armband_Cannibals",
    "inGameName": "Armband",
    "category": "characters",
    "modelType": "Config",
    "path": "dz/characters/tops",
    "usableOnConsole": true,
    "searchTags": "arm, team, loot, clothing, clothes",
    "image": "images/characters/tops/armband_cannibals/armband_cannibals.jpg",
    "id": "dzobj_75exhwl2ks"
  },
  {
    "objectName": "Armband_CDF",
    "inGameName": "Armband",
    "category": "characters",
    "modelType": "Config",
    "path": "dz/characters/tops",
    "usableOnConsole": true,
    "searchTags": "arm, team, loot, clothing, clothes",
    "image": "images/characters/tops/armband_cdf/armband_cdf.jpg",
    "id": "dzobj_xogdu5jsb4"
  },
  {
    "objectName": "Armband_Chedaki",
    "inGameName": "Armband",
    "category": "characters",
    "modelType": "Config",
    "path": "dz/characters/tops",
    "usableOnConsole": true,
    "searchTags": "arm, team, loot, clothing, clothes",
    "image": "images/characters/tops/armband_chedaki/armband_chedaki.jpg",
    "id": "dzobj_cciik8jo86"
  },
  {
    "objectName": "Armband_CHEL",
    "inGameName": "Armband",
    "category": "characters",
    "modelType": "Config",
    "path": "dz/characters/tops",
    "usableOnConsole": true,
    "searchTags": "arm, team, loot, clothing, clothes",
    "image": "images/characters/tops/armband_chel/armband_chel.jpg",
    "id": "dzobj_uc31jh9l1g"
  },
  {
    "objectName": "Armband_Chernarus",
    "inGameName": "Armband",
    "category": "characters",
    "modelType": "Config",
    "path": "dz/characters/tops",
    "usableOnConsole": true,
    "searchTags": "arm, team, loot, clothing, clothes",
    "image": "images/characters/tops/armband_chernarus/armband_chernarus.jpg",
    "id": "dzobj_4ye63478jk"
  },
  {
    "objectName": "Armband_CMC",
    "inGameName": "Armband",
    "category": "characters",
    "modelType": "Config",
    "path": "dz/characters/tops",
    "usableOnConsole": true,
    "searchTags": "arm, team, loot, clothing, clothes",
    "image": "images/characters/tops/armband_cmc/armband_cmc.jpg",
    "id": "dzobj_mthljelbyo"
  },
  {
    "objectName": "Armband_Crook",
    "inGameName": "Armband",
    "category": "characters",
    "modelType": "Config",
    "path": "dz/characters/tops",
    "usableOnConsole": true,
    "searchTags": "arm, team, loot, clothing, clothes",
    "image": "images/characters/tops/armband_crook/armband_crook.jpg",
    "id": "dzobj_6ktzka0o1g"
  },
  {
    "objectName": "Armband_DayZ",
    "inGameName": "Armband",
    "category": "characters",
    "modelType": "Config",
    "path": "dz/characters/tops",
    "usableOnConsole": true,
    "searchTags": "arm, team, loot, clothing, clothes",
    "image": "images/characters/tops/armband_dayz/armband_dayz.jpg",
    "id": "dzobj_1fn38x6lbb"
  },
  {
    "objectName": "Armband_Green",
    "inGameName": "Armband",
    "category": "characters",
    "modelType": "Config",
    "path": "dz/characters/tops",
    "usableOnConsole": true,
    "searchTags": "arm, team, loot, clothing, clothes",
    "image": "images/characters/tops/armband_green/armband_green.jpg",
    "id": "dzobj_qhw8lq7dl4"
  },
  {
    "objectName": "Armband_HunterZ",
    "inGameName": "Armband",
    "category": "characters",
    "modelType": "Config",
    "path": "dz/characters/tops",
    "usableOnConsole": true,
    "searchTags": "arm, team, loot, clothing, clothes",
    "image": "images/characters/tops/armband_hunterz/armband_hunterz.jpg",
    "id": "dzobj_w1drbs6x6u"
  },
  {
    "objectName": "Armband_Livonia",
    "inGameName": "Armband",
    "category": "characters",
    "modelType": "Config",
    "path": "dz/characters/tops",
    "usableOnConsole": true,
    "searchTags": "arm, team, loot, clothing, clothes",
    "image": "images/characters/tops/armband_livonia/armband_livonia.jpg",
    "id": "dzobj_u0i3qkhsy8"
  },
  {
    "objectName": "Armband_LivoniaArmy",
    "inGameName": "Armband",
    "category": "characters",
    "modelType": "Config",
    "path": "dz/characters/tops",
    "usableOnConsole": true,
    "searchTags": "arm, team, loot, clothing, clothes",
    "image": "images/characters/tops/armband_livoniaarmy/armband_livoniaarmy.jpg",
    "id": "dzobj_l16s122i2z"
  },
  {
    "objectName": "Armband_LivoniaPolice",
    "inGameName": "Armband",
    "category": "characters",
    "modelType": "Config",
    "path": "dz/characters/tops",
    "usableOnConsole": true,
    "searchTags": "arm, team, loot, clothing, clothes",
    "image": "images/characters/tops/armband_livoniapolice/armband_livoniapolice.jpg",
    "id": "dzobj_t9zd6epjbu"
  },
  {
    "objectName": "Armband_NAPA",
    "inGameName": "Armband",
    "category": "characters",
    "modelType": "Config",
    "path": "dz/characters/tops",
    "usableOnConsole": true,
    "searchTags": "arm, team, loot, clothing, clothes",
    "image": "images/characters/tops/armband_napa/armband_napa.jpg",
    "id": "dzobj_0e9db8mouf"
  },
  {
    "objectName": "Armband_NSahrani",
    "inGameName": "Armband",
    "category": "characters",
    "modelType": "Config",
    "path": "dz/characters/tops",
    "usableOnConsole": true,
    "searchTags": "arm, team, loot, clothing, clothes",
    "image": "images/characters/tops/armband_nsahrani/armband_nsahrani.jpg",
    "id": "dzobj_g6apgwldl0"
  },
  {
    "objectName": "Armband_Orange",
    "inGameName": "Armband",
    "category": "characters",
    "modelType": "Config",
    "path": "dz/characters/tops",
    "usableOnConsole": true,
    "searchTags": "arm, team, loot, clothing, clothes",
    "image": "images/characters/tops/armband_orange/armband_orange.jpg",
    "id": "dzobj_18k9r78eqi"
  },
  {
    "objectName": "Armband_Pink",
    "inGameName": "Armband",
    "category": "characters",
    "modelType": "Config",
    "path": "dz/characters/tops",
    "usableOnConsole": true,
    "searchTags": "arm, team, loot, clothing, clothes",
    "image": "images/characters/tops/armband_pink/armband_pink.jpg",
    "id": "dzobj_pkfzolut94"
  },
  {
    "objectName": "Armband_Pirates",
    "inGameName": "Armband",
    "category": "characters",
    "modelType": "Config",
    "path": "dz/characters/tops",
    "usableOnConsole": true,
    "searchTags": "arm, team, loot, clothing, clothes",
    "image": "images/characters/tops/armband_pirates/armband_pirates.jpg",
    "id": "dzobj_sfu23qudbx"
  },
  {
    "objectName": "Armband_Red",
    "inGameName": "Armband",
    "category": "characters",
    "modelType": "Config",
    "path": "dz/characters/tops",
    "usableOnConsole": true,
    "searchTags": "arm, team, loot, clothing, clothes",
    "image": "images/characters/tops/armband_red/armband_red.jpg",
    "id": "dzobj_9x97rog7ni"
  },
  {
    "objectName": "Armband_Refuge",
    "inGameName": "Armband",
    "category": "characters",
    "modelType": "Config",
    "path": "dz/characters/tops",
    "usableOnConsole": true,
    "searchTags": "arm, team, loot, clothing, clothes",
    "image": "images/characters/tops/armband_refuge/armband_refuge.jpg",
    "id": "dzobj_4r7jefn31n"
  },
  {
    "objectName": "Armband_Rex",
    "inGameName": "Armband",
    "category": "characters",
    "modelType": "Config",
    "path": "dz/characters/tops",
    "usableOnConsole": true,
    "searchTags": "arm, team, loot, clothing, clothes",
    "image": "images/characters/tops/armband_rex/armband_rex.jpg",
    "id": "dzobj_5tf6atlb0o"
  },
  {
    "objectName": "Armband_Rooster",
    "inGameName": "Armband",
    "category": "characters",
    "modelType": "Config",
    "path": "dz/characters/tops",
    "usableOnConsole": true,
    "searchTags": "arm, team, loot, clothing, clothes",
    "image": "images/characters/tops/armband_rooster/armband_rooster.jpg",
    "id": "dzobj_2g4uwz54r1"
  },
  {
    "objectName": "Armband_RSTA",
    "inGameName": "Armband",
    "category": "characters",
    "modelType": "Config",
    "path": "dz/characters/tops",
    "usableOnConsole": true,
    "searchTags": "arm, team, loot, clothing, clothes",
    "image": "images/characters/tops/armband_rsta/armband_rsta.jpg",
    "id": "dzobj_sds9mqgggb"
  },
  {
    "objectName": "Armband_Snake",
    "inGameName": "Armband",
    "category": "characters",
    "modelType": "Config",
    "path": "dz/characters/tops",
    "usableOnConsole": true,
    "searchTags": "arm, team, loot, clothing, clothes",
    "image": "images/characters/tops/armband_snake/armband_snake.jpg",
    "id": "dzobj_0p8vlrfhv4"
  },
  {
    "objectName": "Armband_SSahrani",
    "inGameName": "Armband",
    "category": "characters",
    "modelType": "Config",
    "path": "dz/characters/tops",
    "usableOnConsole": true,
    "searchTags": "arm, team, loot, clothing, clothes",
    "image": "images/characters/tops/armband_ssahrani/armband_ssahrani.jpg",
    "id": "dzobj_3yx2agixa4"
  },
  {
    "objectName": "Armband_TEC",
    "inGameName": "Armband",
    "category": "characters",
    "modelType": "Config",
    "path": "dz/characters/tops",
    "usableOnConsole": true,
    "searchTags": "arm, team, loot, clothing, clothes",
    "image": "images/characters/tops/armband_tec/armband_tec.jpg",
    "id": "dzobj_83m8btoxx3"
  },
  {
    "objectName": "Armband_UEC",
    "inGameName": "Armband",
    "category": "characters",
    "modelType": "Config",
    "path": "dz/characters/tops",
    "usableOnConsole": true,
    "searchTags": "arm, team, loot, clothing, clothes",
    "image": "images/characters/tops/armband_uec/armband_uec.jpg",
    "id": "dzobj_ed0ve93zig"
  },
  {
    "objectName": "Armband_White",
    "inGameName": "Armband",
    "category": "characters",
    "modelType": "Config",
    "path": "dz/characters/tops",
    "usableOnConsole": true,
    "searchTags": "arm, team, loot, clothing, clothes",
    "image": "images/characters/tops/armband_white/armband_white.jpg",
    "id": "dzobj_aekvr4lcka"
  },
  {
    "objectName": "Armband_Wolf",
    "inGameName": "Armband",
    "category": "characters",
    "modelType": "Config",
    "path": "dz/characters/tops",
    "usableOnConsole": true,
    "searchTags": "arm, team, loot, clothing, clothes",
    "image": "images/characters/tops/armband_wolf/armband_wolf.jpg",
    "id": "dzobj_kon7tvjja6"
  },
  {
    "objectName": "Armband_Yellow",
    "inGameName": "Armband",
    "category": "characters",
    "modelType": "Config",
    "path": "dz/characters/tops",
    "usableOnConsole": true,
    "searchTags": "arm, team, loot, clothing, clothes",
    "image": "images/characters/tops/armband_yellow/armband_yellow.jpg",
    "id": "dzobj_9u5v45fbv1"
  },
  {
    "objectName": "Armband_Zagorky",
    "inGameName": "Armband",
    "category": "characters",
    "modelType": "Config",
    "path": "dz/characters/tops",
    "usableOnConsole": true,
    "searchTags": "arm, team, loot, clothing, clothes",
    "image": "images/characters/tops/armband_zagorky/armband_zagorky.jpg",
    "id": "dzobj_by586swqdh"
  },
  {
    "objectName": "Armband_Zenit",
    "inGameName": "Armband",
    "category": "characters",
    "modelType": "Config",
    "path": "dz/characters/tops",
    "usableOnConsole": true,
    "searchTags": "arm, team, loot, clothing, clothes",
    "image": "images/characters/tops/armband_zenit/armband_zenit.jpg",
    "id": "dzobj_aijym6kmjb"
  },
  {
    "objectName": "Sweater_Blue",
    "inGameName": "Sweater",
    "category": "characters",
    "modelType": "Config",
    "path": "dz/characters/tops",
    "usableOnConsole": true,
    "searchTags": "tops, jumper, warm, loot, clothing, clothes",
    "image": "images/characters/tops/sweater_blue/sweater_blue.jpg",
    "id": "dzobj_i72f7o8dsv"
  },
  {
    "objectName": "Sweater_Gray",
    "inGameName": "Sweater",
    "category": "characters",
    "modelType": "Config",
    "path": "dz/characters/tops",
    "usableOnConsole": true,
    "searchTags": "tops, jumper, warm, loot, clothing, clothes",
    "image": "images/characters/tops/sweater_gray/sweater_gray.jpg",
    "id": "dzobj_88q0c4ohds"
  },
  {
    "objectName": "Sweater_Green",
    "inGameName": "Sweater",
    "category": "characters",
    "modelType": "Config",
    "path": "dz/characters/tops",
    "usableOnConsole": true,
    "searchTags": "tops, jumper, warm, loot, clothing, clothes",
    "image": "images/characters/tops/sweater_green/sweater_green.jpg",
    "id": "dzobj_634cj64n9g"
  },
  {
    "objectName": "Sweater_Red",
    "inGameName": "Sweater",
    "category": "characters",
    "modelType": "Config",
    "path": "dz/characters/tops",
    "usableOnConsole": true,
    "searchTags": "tops, jumper, warm, loot, clothing, clothes",
    "image": "images/characters/tops/sweater_red/sweater_red.jpg",
    "id": "dzobj_hwsuc7tzw6"
  },
  {
    "objectName": "Shirt_BlueCheck",
    "inGameName": "Shirt",
    "category": "characters",
    "modelType": "Config",
    "path": "dz/characters/tops",
    "usableOnConsole": true,
    "searchTags": "tops, t shirt, clothing, clothes, loot",
    "image": "images/characters/tops/shirt_bluecheck/shirt_bluecheck.jpg",
    "id": "dzobj_6am3kk83gp"
  },
  {
    "objectName": "Shirt_BlueCheckBright",
    "inGameName": "Shirt",
    "category": "characters",
    "modelType": "Config",
    "path": "dz/characters/tops",
    "usableOnConsole": true,
    "searchTags": "tops, t shirt, clothing, clothes, loot",
    "image": "images/characters/tops/shirt_bluecheckbright/shirt_bluecheckbright.jpg",
    "id": "dzobj_9nmzp34b5q"
  },
  {
    "objectName": "Shirt_GreenCheck",
    "inGameName": "Shirt",
    "category": "characters",
    "modelType": "Config",
    "path": "dz/characters/tops",
    "usableOnConsole": true,
    "searchTags": "tops, t shirt, clothing, clothes, loot",
    "image": "images/characters/tops/shirt_greencheck/shirt_greencheck.jpg",
    "id": "dzobj_9ztve7nwrh"
  },
  {
    "objectName": "Shirt_PlaneBlack",
    "inGameName": "Shirt",
    "category": "characters",
    "modelType": "Config",
    "path": "dz/characters/tops",
    "usableOnConsole": true,
    "searchTags": "tops, t shirt, clothing, clothes, loot",
    "image": "images/characters/tops/shirt_planeblack/shirt_planeblack.jpg",
    "id": "dzobj_uyfqlsjooc"
  },
  {
    "objectName": "Shirt_RedCheck",
    "inGameName": "Shirt",
    "category": "characters",
    "modelType": "Config",
    "path": "dz/characters/tops",
    "usableOnConsole": true,
    "searchTags": "tops, t shirt, clothing, clothes, loot",
    "image": "images/characters/tops/shirt_redcheck/shirt_redcheck.jpg",
    "id": "dzobj_ojwmx9hze0"
  },
  {
    "objectName": "Shirt_WhiteCheck",
    "inGameName": "Shirt",
    "category": "characters",
    "modelType": "Config",
    "path": "dz/characters/tops",
    "usableOnConsole": true,
    "searchTags": "tops, t shirt, clothing, clothes, loot",
    "image": "images/characters/tops/shirt_whitecheck/shirt_whitecheck.jpg",
    "id": "dzobj_9xs46h2pke"
  },
  {
    "objectName": "Tshirt_10thAnniversary",
    "inGameName": "T-Shirt",
    "category": "characters",
    "modelType": "Config",
    "path": "dz/characters/tops",
    "usableOnConsole": true,
    "searchTags": "tops, bohemia interactive, loot, clothing, clothes, t shirt",
    "image": "images/characters/tops/tshirt_10thanniversary/tshirt_10thanniversary.jpg",
    "id": "dzobj_tftxea6wnm"
  },
  {
    "objectName": "TShirt_Beige",
    "inGameName": "T-Shirt",
    "category": "characters",
    "modelType": "Config",
    "path": "dz/characters/tops",
    "usableOnConsole": true,
    "searchTags": "tops, t shirt, clothing, clothes, loot",
    "image": "images/characters/tops/tshirt_beige/tshirt_beige.jpg",
    "id": "dzobj_xs2zow5stj"
  },
  {
    "objectName": "TShirt_Black",
    "inGameName": "T-Shirt",
    "category": "characters",
    "modelType": "Config",
    "path": "dz/characters/tops",
    "usableOnConsole": true,
    "searchTags": "tops, t shirt, clothing, clothes, loot",
    "image": "images/characters/tops/tshirt_black/tshirt_black.jpg",
    "id": "dzobj_rktk0teevm"
  },
  {
    "objectName": "TShirt_Blue",
    "inGameName": "T-Shirt",
    "category": "characters",
    "modelType": "Config",
    "path": "dz/characters/tops",
    "usableOnConsole": true,
    "searchTags": "tops, t shirt, clothing, clothes, loot",
    "image": "images/characters/tops/tshirt_blue/tshirt_blue.jpg",
    "id": "dzobj_f1bn32w0w8"
  },
  {
    "objectName": "TShirt_Dyed",
    "inGameName": "T-Shirt",
    "category": "characters",
    "modelType": "Config",
    "path": "dz/characters/tops",
    "usableOnConsole": true,
    "searchTags": "tops, t shirt, clothing, clothes, loot",
    "image": "images/characters/tops/tshirt_dyed/tshirt_dyed.jpg",
    "id": "dzobj_tkd2bsmdqn"
  },
  {
    "objectName": "TShirt_Green",
    "inGameName": "T-Shirt",
    "category": "characters",
    "modelType": "Config",
    "path": "dz/characters/tops",
    "usableOnConsole": true,
    "searchTags": "tops, t shirt, clothing, clothes, loot",
    "image": "images/characters/tops/tshirt_green/tshirt_green.jpg",
    "id": "dzobj_0i58l102ik"
  },
  {
    "objectName": "TShirt_Grey",
    "inGameName": "T-Shirt",
    "category": "characters",
    "modelType": "Config",
    "path": "dz/characters/tops",
    "usableOnConsole": true,
    "searchTags": "tops, t shirt, clothing, clothes, loot",
    "image": "images/characters/tops/tshirt_grey/tshirt_grey.jpg",
    "id": "dzobj_b8gfgngivi"
  },
  {
    "objectName": "TShirt_OrangeWhiteStripes",
    "inGameName": "T-Shirt",
    "category": "characters",
    "modelType": "Config",
    "path": "dz/characters/tops",
    "usableOnConsole": true,
    "searchTags": "tops, t shirt, clothing, clothes, loot",
    "image": "images/characters/tops/tshirt_orangewhitestripes/tshirt_orangewhitestripes.jpg",
    "id": "dzobj_hzhrrr7z9t"
  },
  {
    "objectName": "TShirt_Red",
    "inGameName": "T-Shirt",
    "category": "characters",
    "modelType": "Config",
    "path": "dz/characters/tops",
    "usableOnConsole": true,
    "searchTags": "tops, t shirt, clothing, clothes, loot",
    "image": "images/characters/tops/tshirt_red/tshirt_red.jpg",
    "id": "dzobj_p52gb9n7kd"
  },
  {
    "objectName": "TShirt_RedBlackStripes",
    "inGameName": "T-Shirt",
    "category": "characters",
    "modelType": "Config",
    "path": "dz/characters/tops",
    "usableOnConsole": true,
    "searchTags": "tops, t shirt, clothing, clothes, loot",
    "image": "images/characters/tops/tshirt_redblackstripes/tshirt_redblackstripes.jpg",
    "id": "dzobj_nor47af6dh"
  },
  {
    "objectName": "TShirt_White",
    "inGameName": "T-Shirt",
    "category": "characters",
    "modelType": "Config",
    "path": "dz/characters/tops",
    "usableOnConsole": true,
    "searchTags": "tops, t shirt, clothing, clothes, loot",
    "image": "images/characters/tops/tshirt_white/tshirt_white.jpg",
    "id": "dzobj_nro186d1b8"
  },
  {
    "objectName": "Hoodie_Black",
    "inGameName": "Hoodie",
    "category": "characters",
    "modelType": "Config",
    "path": "dz/characters/tops",
    "usableOnConsole": true,
    "searchTags": "tops, jumper, warm, loot, clothing, clothes",
    "image": "images/characters/tops/hoodie_black/hoodie_black.jpg",
    "id": "dzobj_qot7j0vj4z"
  },
  {
    "objectName": "Hoodie_Blue",
    "inGameName": "Hoodie",
    "category": "characters",
    "modelType": "Config",
    "path": "dz/characters/tops",
    "usableOnConsole": true,
    "searchTags": "tops, jumper, warm, loot, clothing, clothes",
    "image": "images/characters/tops/hoodie_blue/hoodie_blue.jpg",
    "id": "dzobj_0yz3xj2naq"
  },
  {
    "objectName": "Hoodie_Brown",
    "inGameName": "Hoodie",
    "category": "characters",
    "modelType": "Config",
    "path": "dz/characters/tops",
    "usableOnConsole": true,
    "searchTags": "tops, jumper, warm, loot, clothing, clothes",
    "image": "images/characters/tops/hoodie_brown/hoodie_brown.jpg",
    "id": "dzobj_iq497asoly"
  },
  {
    "objectName": "Hoodie_Green",
    "inGameName": "Hoodie",
    "category": "characters",
    "modelType": "Config",
    "path": "dz/characters/tops",
    "usableOnConsole": true,
    "searchTags": "tops, jumper, warm, loot, clothing, clothes",
    "image": "images/characters/tops/hoodie_green/hoodie_green.jpg",
    "id": "dzobj_gnb96gabhm"
  },
  {
    "objectName": "Hoodie_Grey",
    "inGameName": "Hoodie",
    "category": "characters",
    "modelType": "Config",
    "path": "dz/characters/tops",
    "usableOnConsole": true,
    "searchTags": "tops, jumper, warm, loot, clothing, clothes",
    "image": "images/characters/tops/hoodie_grey/hoodie_grey.jpg",
    "id": "dzobj_80a1qmwvn3"
  },
  {
    "objectName": "Hoodie_Red",
    "inGameName": "Hoodie",
    "category": "characters",
    "modelType": "Config",
    "path": "dz/characters/tops",
    "usableOnConsole": true,
    "searchTags": "tops, jumper, warm, loot, clothing, clothes",
    "image": "images/characters/tops/hoodie_red/hoodie_red.jpg",
    "id": "dzobj_qog88df5cl"
  },
  {
    "objectName": "TacticalShirt_Black",
    "inGameName": "Tactical Shirt",
    "category": "characters",
    "modelType": "Config",
    "path": "dz/characters/tops",
    "usableOnConsole": true,
    "searchTags": "tops, military, army, combat, loot, clothing, clothes",
    "image": "images/characters/tops/tacticalshirt_black/tacticalshirt_black.jpg",
    "id": "dzobj_u8sjms4f2a"
  },
  {
    "objectName": "TacticalShirt_Grey",
    "inGameName": "Tactical Shirt",
    "category": "characters",
    "modelType": "Config",
    "path": "dz/characters/tops",
    "usableOnConsole": true,
    "searchTags": "tops, military, army, combat, loot, clothing, clothes",
    "image": "images/characters/tops/tacticalshirt_grey/tacticalshirt_grey.jpg",
    "id": "dzobj_d5rolipwyy"
  },
  {
    "objectName": "TacticalShirt_Olive",
    "inGameName": "Tactical Shirt",
    "category": "characters",
    "modelType": "Config",
    "path": "dz/characters/tops",
    "usableOnConsole": true,
    "searchTags": "tops, military, army, combat, loot, clothing, clothes",
    "image": "images/characters/tops/tacticalshirt_olive/tacticalshirt_olive.jpg",
    "id": "dzobj_xmjcxh7ckt"
  },
  {
    "objectName": "TacticalShirt_Tan",
    "inGameName": "Tactical Shirt",
    "category": "characters",
    "modelType": "Config",
    "path": "dz/characters/tops",
    "usableOnConsole": true,
    "searchTags": "tops, military, army, combat, loot, clothing, clothes",
    "image": "images/characters/tops/tacticalshirt_tan/tacticalshirt_tan.jpg",
    "id": "dzobj_xzordfq1no"
  },
  {
    "objectName": "HikingJacket_Black",
    "inGameName": "Hiking Jacket",
    "category": "characters",
    "modelType": "Config",
    "path": "dz/characters/tops",
    "usableOnConsole": true,
    "searchTags": "tops, trail, walking, woods, loot, clothing, clothes",
    "image": "images/characters/tops/hikingjacket_black/hikingjacket_black.jpg",
    "id": "dzobj_i6d6hz8odx"
  },
  {
    "objectName": "HikingJacket_Blue",
    "inGameName": "Hiking Jacket",
    "category": "characters",
    "modelType": "Config",
    "path": "dz/characters/tops",
    "usableOnConsole": true,
    "searchTags": "tops, trail, walking, woods, loot, clothing, clothes",
    "image": "images/characters/tops/hikingjacket_blue/hikingjacket_blue.jpg",
    "id": "dzobj_hvjyfo6x1r"
  },
  {
    "objectName": "HikingJacket_Green",
    "inGameName": "Hiking Jacket",
    "category": "characters",
    "modelType": "Config",
    "path": "dz/characters/tops",
    "usableOnConsole": true,
    "searchTags": "tops, trail, walking, woods, loot, clothing, clothes",
    "image": "images/characters/tops/hikingjacket_green/hikingjacket_green.jpg",
    "id": "dzobj_2sj02adtwg"
  },
  {
    "objectName": "HikingJacket_Red",
    "inGameName": "Hiking Jacket",
    "category": "characters",
    "modelType": "Config",
    "path": "dz/characters/tops",
    "usableOnConsole": true,
    "searchTags": "tops, trail, walking, woods, loot, clothing, clothes",
    "image": "images/characters/tops/hikingjacket_red/hikingjacket_red.jpg",
    "id": "dzobj_kycuze81x9"
  },
  {
    "objectName": "Raincoat_Black",
    "inGameName": "Raincoat",
    "category": "characters",
    "modelType": "Config",
    "path": "dz/characters/tops",
    "usableOnConsole": true,
    "searchTags": "tops, waterproof, cagoule, loot, clothing, clothes",
    "image": "images/characters/tops/raincoat_black/raincoat_black.jpg",
    "id": "dzobj_tpd3zj250u"
  },
  {
    "objectName": "Raincoat_Blue",
    "inGameName": "Raincoat",
    "category": "characters",
    "modelType": "Config",
    "path": "dz/characters/tops",
    "usableOnConsole": true,
    "searchTags": "tops, waterproof, cagoule, loot, clothing, clothes",
    "image": "images/characters/tops/raincoat_blue/raincoat_blue.jpg",
    "id": "dzobj_l9wc01dki1"
  },
  {
    "objectName": "Raincoat_Green",
    "inGameName": "Raincoat",
    "category": "characters",
    "modelType": "Config",
    "path": "dz/characters/tops",
    "usableOnConsole": true,
    "searchTags": "tops, waterproof, cagoule, loot, clothing, clothes",
    "image": "images/characters/tops/raincoat_green/raincoat_green.jpg",
    "id": "dzobj_zl381hei88"
  },
  {
    "objectName": "Raincoat_Orange",
    "inGameName": "Raincoat",
    "category": "characters",
    "modelType": "Config",
    "path": "dz/characters/tops",
    "usableOnConsole": true,
    "searchTags": "tops, waterproof, cagoule, loot, clothing, clothes",
    "image": "images/characters/tops/raincoat_orange/raincoat_orange.jpg",
    "id": "dzobj_omrd8lebgj"
  },
  {
    "objectName": "Raincoat_Pink",
    "inGameName": "Raincoat",
    "category": "characters",
    "modelType": "Config",
    "path": "dz/characters/tops",
    "usableOnConsole": true,
    "searchTags": "tops, waterproof, cagoule, loot, clothing, clothes",
    "image": "images/characters/tops/raincoat_pink/raincoat_pink.jpg",
    "id": "dzobj_av4a33yav0"
  },
  {
    "objectName": "Raincoat_Red",
    "inGameName": "Raincoat",
    "category": "characters",
    "modelType": "Config",
    "path": "dz/characters/tops",
    "usableOnConsole": true,
    "searchTags": "tops, waterproof, cagoule, loot, clothing, clothes",
    "image": "images/characters/tops/raincoat_red/raincoat_red.jpg",
    "id": "dzobj_2ov0sjjn83"
  },
  {
    "objectName": "Raincoat_Yellow",
    "inGameName": "Raincoat",
    "category": "characters",
    "modelType": "Config",
    "path": "dz/characters/tops",
    "usableOnConsole": true,
    "searchTags": "tops, waterproof, cagoule, loot, clothing, clothes",
    "image": "images/characters/tops/raincoat_yellow/raincoat_yellow.jpg",
    "id": "dzobj_y27gty0a01"
  },
  {
    "objectName": "TorsoCover_Improvised",
    "inGameName": "Improvised Torso Wrapping",
    "category": "characters",
    "modelType": "Config",
    "path": "dz/characters/tops",
    "usableOnConsole": true,
    "searchTags": "tops, wrapping, rags, loot, clothing, clothes",
    "image": "images/characters/tops/torsocover_improvised/torsocover_improvised.jpg",
    "id": "dzobj_w0egcs2s3q"
  },
  {
    "objectName": "M65Jacket_Black",
    "inGameName": "Field Jacket",
    "category": "characters",
    "modelType": "Config",
    "path": "dz/characters/tops",
    "usableOnConsole": true,
    "searchTags": "field, tops, military, combat, loot, clothing, clothes",
    "image": "images/characters/tops/m65jacket_black/m65jacket_black.jpg",
    "id": "dzobj_r45nvwquf5"
  },
  {
    "objectName": "M65Jacket_Khaki",
    "inGameName": "Field Jacket",
    "category": "characters",
    "modelType": "Config",
    "path": "dz/characters/tops",
    "usableOnConsole": true,
    "searchTags": "field, tops, military, combat, loot, clothing, clothes",
    "image": "images/characters/tops/m65jacket_khaki/m65jacket_khaki.jpg",
    "id": "dzobj_5mxct7xlty"
  },
  {
    "objectName": "M65Jacket_Olive",
    "inGameName": "Field Jacket",
    "category": "characters",
    "modelType": "Config",
    "path": "dz/characters/tops",
    "usableOnConsole": true,
    "searchTags": "field, tops, military, combat, loot, clothing, clothes",
    "image": "images/characters/tops/m65jacket_olive/m65jacket_olive.jpg",
    "id": "dzobj_9xtccv2lma"
  },
  {
    "objectName": "M65Jacket_Tan",
    "inGameName": "Field Jacket",
    "category": "characters",
    "modelType": "Config",
    "path": "dz/characters/tops",
    "usableOnConsole": true,
    "searchTags": "field, tops, military, combat, loot, clothing, clothes",
    "image": "images/characters/tops/m65jacket_tan/m65jacket_tan.jpg",
    "id": "dzobj_65a171xipn"
  },
  {
    "objectName": "TTsKOJacket_Camo",
    "inGameName": "Combat Jacket",
    "category": "characters",
    "modelType": "Config",
    "path": "dz/characters/tops",
    "usableOnConsole": true,
    "searchTags": "field, tops, military, combat, loot, clothing, clothes",
    "image": "images/characters/tops/ttskojacket_camo/ttskojacket_camo.jpg",
    "id": "dzobj_1vw3w4jh5f"
  },
  {
    "objectName": "GorkaEJacket_Autumn",
    "inGameName": "Patrol Jacket",
    "category": "characters",
    "modelType": "Config",
    "path": "dz/characters/tops",
    "usableOnConsole": true,
    "searchTags": "field, tops, military, combat, loot, clothing, clothes",
    "image": "images/characters/tops/gorkaejacket_autumn/gorkaejacket_autumn.jpg",
    "id": "dzobj_y6gs6n5nff"
  },
  {
    "objectName": "GorkaEJacket_Flat",
    "inGameName": "Patrol Jacket",
    "category": "characters",
    "modelType": "Config",
    "path": "dz/characters/tops",
    "usableOnConsole": true,
    "searchTags": "field, tops, military, combat, loot, clothing, clothes",
    "image": "images/characters/tops/gorkaejacket_flat/gorkaejacket_flat.jpg",
    "id": "dzobj_gra9xh605d"
  },
  {
    "objectName": "GorkaEJacket_PautRev",
    "inGameName": "Patrol Jacket",
    "category": "characters",
    "modelType": "Config",
    "path": "dz/characters/tops",
    "usableOnConsole": true,
    "searchTags": "field, tops, military, combat, loot, clothing, clothes",
    "image": "images/characters/tops/gorkaejacket_pautrev/gorkaejacket_pautrev.jpg",
    "id": "dzobj_akn5hztill"
  },
  {
    "objectName": "GorkaEJacket_Summer",
    "inGameName": "Patrol Jacket",
    "category": "characters",
    "modelType": "Config",
    "path": "dz/characters/tops",
    "usableOnConsole": true,
    "searchTags": "field, tops, military, combat, loot, clothing, clothes",
    "image": "images/characters/tops/gorkaejacket_summer/gorkaejacket_summer.jpg",
    "id": "dzobj_7grs7a643b"
  },
  {
    "objectName": "GorkaEJacket_Winter",
    "inGameName": "Patrol Jacket",
    "category": "characters",
    "modelType": "Config",
    "path": "dz/characters/tops",
    "usableOnConsole": true,
    "searchTags": "field, tops, military, combat, snow, loot, clothing, clothes",
    "image": "images/characters/tops/gorkaejacket_winter/gorkaejacket_winter.jpg",
    "id": "dzobj_8jvagrifct"
  },
  {
    "objectName": "RidersJacket_Black",
    "inGameName": "Rider Jacket",
    "category": "characters",
    "modelType": "Config",
    "path": "dz/characters/tops",
    "usableOnConsole": true,
    "searchTags": "rider, tops, motorbike, leather, loot, clothing, clothes",
    "image": "images/characters/tops/ridersjacket_black/ridersjacket_black.jpg",
    "id": "dzobj_n2lavyv6a3"
  },
  {
    "objectName": "NavyUniformJacket",
    "inGameName": "Pea Coat",
    "category": "characters",
    "modelType": "Config",
    "path": "dz/characters/tops",
    "usableOnConsole": true,
    "searchTags": "coat, pea, tops, military, combat, loot, clothing, clothes",
    "image": "images/characters/tops/navyuniformjacket/navyuniformjacket.jpg",
    "id": "dzobj_vihcvz6eq2"
  },
  {
    "objectName": "WoolCoat_Beige",
    "inGameName": "Pea Coat",
    "category": "characters",
    "modelType": "Config",
    "path": "dz/characters/tops",
    "usableOnConsole": true,
    "searchTags": "pea, tops, warm, woollen, loot, clothing, clothes",
    "image": "images/characters/tops/woolcoat_beige/woolcoat_beige.jpg",
    "id": "dzobj_sm90gpr8g1"
  },
  {
    "objectName": "WoolCoat_Black",
    "inGameName": "Pea Coat",
    "category": "characters",
    "modelType": "Config",
    "path": "dz/characters/tops",
    "usableOnConsole": true,
    "searchTags": "pea, tops, warm, woollen, loot, clothing, clothes",
    "image": "images/characters/tops/woolcoat_black/woolcoat_black.jpg",
    "id": "dzobj_pbt57vb4vs"
  },
  {
    "objectName": "WoolCoat_BlackCheck",
    "inGameName": "Pea Coat",
    "category": "characters",
    "modelType": "Config",
    "path": "dz/characters/tops",
    "usableOnConsole": true,
    "searchTags": "pea, tops, warm, woollen, loot, clothing, clothes",
    "image": "images/characters/tops/woolcoat_blackcheck/woolcoat_blackcheck.jpg",
    "id": "dzobj_mewyedc2ub"
  },
  {
    "objectName": "WoolCoat_Blue",
    "inGameName": "Pea Coat",
    "category": "characters",
    "modelType": "Config",
    "path": "dz/characters/tops",
    "usableOnConsole": true,
    "searchTags": "pea, tops, warm, woollen, loot, clothing, clothes",
    "image": "images/characters/tops/woolcoat_blue/woolcoat_blue.jpg",
    "id": "dzobj_f9df3cezgj"
  },
  {
    "objectName": "WoolCoat_BlueCheck",
    "inGameName": "Pea Coat",
    "category": "characters",
    "modelType": "Config",
    "path": "dz/characters/tops",
    "usableOnConsole": true,
    "searchTags": "pea, tops, warm, woollen, loot, clothing, clothes",
    "image": "images/characters/tops/woolcoat_bluecheck/woolcoat_bluecheck.jpg",
    "id": "dzobj_8yjs239xl7"
  },
  {
    "objectName": "WoolCoat_BrownCheck",
    "inGameName": "Pea Coat",
    "category": "characters",
    "modelType": "Config",
    "path": "dz/characters/tops",
    "usableOnConsole": true,
    "searchTags": "pea, tops, warm, woollen, loot, clothing, clothes",
    "image": "images/characters/tops/woolcoat_browncheck/woolcoat_browncheck.jpg",
    "id": "dzobj_xlj88qqzvr"
  },
  {
    "objectName": "WoolCoat_Green",
    "inGameName": "Pea Coat",
    "category": "characters",
    "modelType": "Config",
    "path": "dz/characters/tops",
    "usableOnConsole": true,
    "searchTags": "pea, tops, warm, woollen, loot, clothing, clothes",
    "image": "images/characters/tops/woolcoat_green/woolcoat_green.jpg",
    "id": "dzobj_1rx2etyes9"
  },
  {
    "objectName": "WoolCoat_GreyCheck",
    "inGameName": "Pea Coat",
    "category": "characters",
    "modelType": "Config",
    "path": "dz/characters/tops",
    "usableOnConsole": true,
    "searchTags": "pea, tops, warm, woollen, loot, clothing, clothes",
    "image": "images/characters/tops/woolcoat_greycheck/woolcoat_greycheck.jpg",
    "id": "dzobj_lskw03uqhp"
  },
  {
    "objectName": "WoolCoat_Red",
    "inGameName": "Pea Coat",
    "category": "characters",
    "modelType": "Config",
    "path": "dz/characters/tops",
    "usableOnConsole": true,
    "searchTags": "pea, tops, warm, woollen, loot, clothing, clothes",
    "image": "images/characters/tops/woolcoat_red/woolcoat_red.jpg",
    "id": "dzobj_t1pxpk6kpj"
  },
  {
    "objectName": "WoolCoat_RedCheck",
    "inGameName": "Pea Coat",
    "category": "characters",
    "modelType": "Config",
    "path": "dz/characters/tops",
    "usableOnConsole": true,
    "searchTags": "pea, tops, warm, woollen, loot, clothing, clothes",
    "image": "images/characters/tops/woolcoat_redcheck/woolcoat_redcheck.jpg",
    "id": "dzobj_btnmt40cli"
  },
  {
    "objectName": "TrackSuitJacket_Black",
    "inGameName": "Tracksuit Jacket",
    "category": "characters",
    "modelType": "Config",
    "path": "dz/characters/tops",
    "usableOnConsole": true,
    "searchTags": "tops, tracksuit, loot, clothing, clothes",
    "image": "images/characters/tops/tracksuitjacket_black/tracksuitjacket_black.jpg",
    "id": "dzobj_5cb822wjdm"
  },
  {
    "objectName": "TrackSuitJacket_Blue",
    "inGameName": "Tracksuit Jacket",
    "category": "characters",
    "modelType": "Config",
    "path": "dz/characters/tops",
    "usableOnConsole": true,
    "searchTags": "tops, tracksuit, loot, clothing, clothes",
    "image": "images/characters/tops/tracksuitjacket_blue/tracksuitjacket_blue.jpg",
    "id": "dzobj_jgps438ko2"
  },
  {
    "objectName": "TrackSuitJacket_Green",
    "inGameName": "Tracksuit Jacket",
    "category": "characters",
    "modelType": "Config",
    "path": "dz/characters/tops",
    "usableOnConsole": true,
    "searchTags": "tops, tracksuit, loot, clothing, clothes",
    "image": "images/characters/tops/tracksuitjacket_green/tracksuitjacket_green.jpg",
    "id": "dzobj_7kaoit5gwt"
  },
  {
    "objectName": "TrackSuitJacket_LightBlue",
    "inGameName": "Tracksuit Jacket",
    "category": "characters",
    "modelType": "Config",
    "path": "dz/characters/tops",
    "usableOnConsole": true,
    "searchTags": "lamp, lighting, tops, tracksuit, loot, clothing, clothes",
    "image": "images/characters/tops/tracksuitjacket_lightblue/tracksuitjacket_lightblue.jpg",
    "id": "dzobj_u3xqjannrj"
  },
  {
    "objectName": "TrackSuitJacket_Red",
    "inGameName": "Tracksuit Jacket",
    "category": "characters",
    "modelType": "Config",
    "path": "dz/characters/tops",
    "usableOnConsole": true,
    "searchTags": "tops, tracksuit, loot, clothing, clothes",
    "image": "images/characters/tops/tracksuitjacket_red/tracksuitjacket_red.jpg",
    "id": "dzobj_svjdogyswh"
  },
  {
    "objectName": "PoliceJacket",
    "inGameName": "Police Jacket",
    "category": "characters",
    "modelType": "Config",
    "path": "dz/characters/tops",
    "usableOnConsole": true,
    "searchTags": "tops, law enforcement, workware, loot, clothing, clothes",
    "image": "images/characters/tops/policejacket/policejacket.jpg",
    "id": "dzobj_cftl6qady2"
  },
  {
    "objectName": "PoliceJacketOrel",
    "inGameName": "OREL Police Jacket",
    "category": "characters",
    "modelType": "Config",
    "path": "dz/characters/tops",
    "usableOnConsole": true,
    "searchTags": "tops, law enforcement, workware, loot, clothing, clothes",
    "image": "images/characters/tops/policejacketorel/policejacketorel.jpg",
    "id": "dzobj_0e5zq40y29"
  },
  {
    "objectName": "BushlatPoliceJacket_Blue",
    "inGameName": "Bushlat Jacket",
    "category": "characters",
    "modelType": "Config",
    "path": "dz/characters/tops",
    "usableOnConsole": true,
    "searchTags": "tops, law enforcement, workware, warm, coat, loot, clothing, clothes",
    "image": "images/characters/tops/bushlatpolicejacket_blue/bushlatpolicejacket_blue.jpg",
    "id": "dzobj_q4ey9imwu9"
  },
  {
    "objectName": "ParamedicJacket_Blue",
    "inGameName": "Paramedic Jacket",
    "category": "characters",
    "modelType": "Config",
    "path": "dz/characters/tops",
    "usableOnConsole": true,
    "searchTags": "tops, ambulance, hospital, loot, clothing, clothes",
    "image": "images/characters/tops/paramedicjacket_blue/paramedicjacket_blue.jpg",
    "id": "dzobj_kspy847h02"
  },
  {
    "objectName": "ParamedicJacket_Crimson",
    "inGameName": "Paramedic Jacket",
    "category": "characters",
    "modelType": "Config",
    "path": "dz/characters/tops",
    "usableOnConsole": true,
    "searchTags": "tops, ambulance, hospital, loot, clothing, clothes",
    "image": "images/characters/tops/paramedicjacket_crimson/paramedicjacket_crimson.jpg",
    "id": "dzobj_iy4kbxhara"
  },
  {
    "objectName": "ParamedicJacket_Green",
    "inGameName": "Paramedic Jacket",
    "category": "characters",
    "modelType": "Config",
    "path": "dz/characters/tops",
    "usableOnConsole": true,
    "searchTags": "tops, ambulance, hospital, loot, clothing, clothes",
    "image": "images/characters/tops/paramedicjacket_green/paramedicjacket_green.jpg",
    "id": "dzobj_bqf2om77q4"
  },
  {
    "objectName": "FirefighterJacket_Beige",
    "inGameName": "Firefighter Jacket",
    "category": "characters",
    "modelType": "Config",
    "path": "dz/characters/tops",
    "usableOnConsole": true,
    "searchTags": "tops, waorkware, fire, loot, clothing, clothes",
    "image": "images/characters/tops/firefighterjacket_beige/firefighterjacket_beige.jpg",
    "id": "dzobj_cfegqphd8a"
  },
  {
    "objectName": "FirefighterJacket_Black",
    "inGameName": "Firefighter Jacket",
    "category": "characters",
    "modelType": "Config",
    "path": "dz/characters/tops",
    "usableOnConsole": true,
    "searchTags": "tops, waorkware, fire, loot, clothing, clothes",
    "image": "images/characters/tops/firefighterjacket_black/firefighterjacket_black.jpg",
    "id": "dzobj_1tehczmilq"
  },
  {
    "objectName": "PrisonUniformJacket",
    "inGameName": "Prisoner Jacket",
    "category": "characters",
    "modelType": "Config",
    "path": "dz/characters/tops",
    "usableOnConsole": true,
    "searchTags": "prisoner, tops, inmate, loot, clothing, clothes",
    "image": "images/characters/tops/prisonuniformjacket/prisonuniformjacket.jpg",
    "id": "dzobj_mrj7br6mss"
  },
  {
    "objectName": "MiniDress_BlueChecker",
    "inGameName": "Collar Dress",
    "category": "characters",
    "modelType": "Config",
    "path": "dz/characters/tops",
    "usableOnConsole": true,
    "searchTags": "collar, tops, loot, clothing, clothes",
    "image": "images/characters/tops/minidress_bluechecker/minidress_bluechecker.jpg",
    "id": "dzobj_ja6el2iw71"
  },
  {
    "objectName": "MiniDress_BlueWithDots",
    "inGameName": "Collar Dress",
    "category": "characters",
    "modelType": "Config",
    "path": "dz/characters/tops",
    "usableOnConsole": true,
    "searchTags": "collar, tops, loot, clothing, clothes",
    "image": "images/characters/tops/minidress_bluewithdots/minidress_bluewithdots.jpg",
    "id": "dzobj_thutoos841"
  },
  {
    "objectName": "MiniDress_BrownChecker",
    "inGameName": "Collar Dress",
    "category": "characters",
    "modelType": "Config",
    "path": "dz/characters/tops",
    "usableOnConsole": true,
    "searchTags": "collar, tops, loot, clothing, clothes",
    "image": "images/characters/tops/minidress_brownchecker/minidress_brownchecker.jpg",
    "id": "dzobj_ca6ols633z"
  },
  {
    "objectName": "MiniDress_GreenChecker",
    "inGameName": "Collar Dress",
    "category": "characters",
    "modelType": "Config",
    "path": "dz/characters/tops",
    "usableOnConsole": true,
    "searchTags": "collar, tops, loot, clothing, clothes",
    "image": "images/characters/tops/minidress_greenchecker/minidress_greenchecker.jpg",
    "id": "dzobj_vf3s163l1f"
  },
  {
    "objectName": "MiniDress_Pink",
    "inGameName": "Collar Dress",
    "category": "characters",
    "modelType": "Config",
    "path": "dz/characters/tops",
    "usableOnConsole": true,
    "searchTags": "collar, tops, loot, clothing, clothes",
    "image": "images/characters/tops/minidress_pink/minidress_pink.jpg",
    "id": "dzobj_wry5jjqqgj"
  },
  {
    "objectName": "MiniDress_PinkChecker",
    "inGameName": "Collar Dress",
    "category": "characters",
    "modelType": "Config",
    "path": "dz/characters/tops",
    "usableOnConsole": true,
    "searchTags": "collar, tops, loot, clothing, clothes",
    "image": "images/characters/tops/minidress_pinkchecker/minidress_pinkchecker.jpg",
    "id": "dzobj_h4vn0fcr28"
  },
  {
    "objectName": "MiniDress_RedChecker",
    "inGameName": "Collar Dress",
    "category": "characters",
    "modelType": "Config",
    "path": "dz/characters/tops",
    "usableOnConsole": true,
    "searchTags": "collar, tops, loot, clothing, clothes",
    "image": "images/characters/tops/minidress_redchecker/minidress_redchecker.jpg",
    "id": "dzobj_t6t6cnc66l"
  },
  {
    "objectName": "MiniDress_WhiteChecker",
    "inGameName": "Collar Dress",
    "category": "characters",
    "modelType": "Config",
    "path": "dz/characters/tops",
    "usableOnConsole": true,
    "searchTags": "collar, tops, loot, clothing, clothes",
    "image": "images/characters/tops/minidress_whitechecker/minidress_whitechecker.jpg",
    "id": "dzobj_qlzmdputf9"
  },
  {
    "objectName": "QuiltedJacket_Black",
    "inGameName": "Quilted Jacket",
    "category": "characters",
    "modelType": "Config",
    "path": "dz/characters/tops",
    "usableOnConsole": true,
    "searchTags": "tops, coat, warm, loot, clothing, clothes",
    "image": "images/characters/tops/quiltedjacket_black/quiltedjacket_black.jpg",
    "id": "dzobj_sbp6uti4u5"
  },
  {
    "objectName": "QuiltedJacket_Blue",
    "inGameName": "Quilted Jacket",
    "category": "characters",
    "modelType": "Config",
    "path": "dz/characters/tops",
    "usableOnConsole": true,
    "searchTags": "tops, coat, warm, loot, clothing, clothes",
    "image": "images/characters/tops/quiltedjacket_blue/quiltedjacket_blue.jpg",
    "id": "dzobj_uvrkdk6aqt"
  },
  {
    "objectName": "QuiltedJacket_Green",
    "inGameName": "Quilted Jacket",
    "category": "characters",
    "modelType": "Config",
    "path": "dz/characters/tops",
    "usableOnConsole": true,
    "searchTags": "tops, coat, warm, loot, clothing, clothes",
    "image": "images/characters/tops/quiltedjacket_green/quiltedjacket_green.jpg",
    "id": "dzobj_74rspkkpl7"
  },
  {
    "objectName": "QuiltedJacket_Grey",
    "inGameName": "Quilted Jacket",
    "category": "characters",
    "modelType": "Config",
    "path": "dz/characters/tops",
    "usableOnConsole": true,
    "searchTags": "tops, coat, warm, loot, clothing, clothes",
    "image": "images/characters/tops/quiltedjacket_grey/quiltedjacket_grey.jpg",
    "id": "dzobj_n12okevo1r"
  },
  {
    "objectName": "QuiltedJacket_Orange",
    "inGameName": "Quilted Jacket",
    "category": "characters",
    "modelType": "Config",
    "path": "dz/characters/tops",
    "usableOnConsole": true,
    "searchTags": "tops, coat, warm, loot, clothing, clothes",
    "image": "images/characters/tops/quiltedjacket_orange/quiltedjacket_orange.jpg",
    "id": "dzobj_pxzktnbm4b"
  },
  {
    "objectName": "QuiltedJacket_Red",
    "inGameName": "Quilted Jacket",
    "category": "characters",
    "modelType": "Config",
    "path": "dz/characters/tops",
    "usableOnConsole": true,
    "searchTags": "tops, coat, warm, loot, clothing, clothes",
    "image": "images/characters/tops/quiltedjacket_red/quiltedjacket_red.jpg",
    "id": "dzobj_zu6xjyz3s4"
  },
  {
    "objectName": "QuiltedJacket_Violet",
    "inGameName": "Quilted Jacket",
    "category": "characters",
    "modelType": "Config",
    "path": "dz/characters/tops",
    "usableOnConsole": true,
    "searchTags": "tops, coat, warm, loot, clothing, clothes",
    "image": "images/characters/tops/quiltedjacket_violet/quiltedjacket_violet.jpg",
    "id": "dzobj_dsj9enjp9j"
  },
  {
    "objectName": "QuiltedJacket_Yellow",
    "inGameName": "Quilted Jacket",
    "category": "characters",
    "modelType": "Config",
    "path": "dz/characters/tops",
    "usableOnConsole": true,
    "searchTags": "tops, coat, warm, loot, clothing, clothes",
    "image": "images/characters/tops/quiltedjacket_yellow/quiltedjacket_yellow.jpg",
    "id": "dzobj_pf7iizaixd"
  },
  {
    "objectName": "BomberJacket_Black",
    "inGameName": "Bomber Jacket",
    "category": "characters",
    "modelType": "Config",
    "path": "dz/characters/tops",
    "usableOnConsole": true,
    "searchTags": "tops, coats, air, flying, loot, clothing, clothes",
    "image": "images/characters/tops/bomberjacket_black/bomberjacket_black.jpg",
    "id": "dzobj_bjgyu96drb"
  },
  {
    "objectName": "BomberJacket_Blue",
    "inGameName": "Bomber Jacket",
    "category": "characters",
    "modelType": "Config",
    "path": "dz/characters/tops",
    "usableOnConsole": true,
    "searchTags": "tops, coats, air, flying, loot, clothing, clothes",
    "image": "images/characters/tops/bomberjacket_blue/bomberjacket_blue.jpg",
    "id": "dzobj_em55owkysa"
  },
  {
    "objectName": "BomberJacket_Brown",
    "inGameName": "Bomber Jacket",
    "category": "characters",
    "modelType": "Config",
    "path": "dz/characters/tops",
    "usableOnConsole": true,
    "searchTags": "tops, coats, air, flying, loot, clothing, clothes",
    "image": "images/characters/tops/bomberjacket_brown/bomberjacket_brown.jpg",
    "id": "dzobj_h2zopdi7uy"
  },
  {
    "objectName": "BomberJacket_Grey",
    "inGameName": "Bomber Jacket",
    "category": "characters",
    "modelType": "Config",
    "path": "dz/characters/tops",
    "usableOnConsole": true,
    "searchTags": "tops, coats, air, flying, loot, clothing, clothes",
    "image": "images/characters/tops/bomberjacket_grey/bomberjacket_grey.jpg",
    "id": "dzobj_x84glazz8e"
  },
  {
    "objectName": "BomberJacket_Maroon",
    "inGameName": "Bomber Jacket",
    "category": "characters",
    "modelType": "Config",
    "path": "dz/characters/tops",
    "usableOnConsole": true,
    "searchTags": "tops, coats, air, flying, loot, clothing, clothes",
    "image": "images/characters/tops/bomberjacket_maroon/bomberjacket_maroon.jpg",
    "id": "dzobj_2fxmjf3bpq"
  },
  {
    "objectName": "BomberJacket_Olive",
    "inGameName": "Bomber Jacket",
    "category": "characters",
    "modelType": "Config",
    "path": "dz/characters/tops",
    "usableOnConsole": true,
    "searchTags": "tops, coats, air, flying, loot, clothing, clothes",
    "image": "images/characters/tops/bomberjacket_olive/bomberjacket_olive.jpg",
    "id": "dzobj_b290x02t4k"
  },
  {
    "objectName": "BomberJacket_SkyBlue",
    "inGameName": "Bomber Jacket",
    "category": "characters",
    "modelType": "Config",
    "path": "dz/characters/tops",
    "usableOnConsole": true,
    "searchTags": "tops, coats, air, flying, loot, clothing, clothes",
    "image": "images/characters/tops/bomberjacket_skyblue/bomberjacket_skyblue.jpg",
    "id": "dzobj_fqf0mjurra"
  },
  {
    "objectName": "LeatherJacket_Beige",
    "inGameName": "Leather Jacket",
    "category": "characters",
    "modelType": "Config",
    "path": "dz/characters/tops",
    "usableOnConsole": true,
    "searchTags": "tops, crafted, coats, loot, clothing, clothes",
    "image": "images/characters/tops/leatherjacket_beige/leatherjacket_beige.jpg",
    "id": "dzobj_p68iyjlvl6"
  },
  {
    "objectName": "LeatherJacket_Black",
    "inGameName": "Leather Jacket",
    "category": "characters",
    "modelType": "Config",
    "path": "dz/characters/tops",
    "usableOnConsole": true,
    "searchTags": "tops, crafted, loot, clothing, clothes",
    "image": "images/characters/tops/leatherjacket_black/leatherjacket_black.jpg",
    "id": "dzobj_d7q1nhkhzd"
  },
  {
    "objectName": "LeatherJacket_Brown",
    "inGameName": "Leather Jacket",
    "category": "characters",
    "modelType": "Config",
    "path": "dz/characters/tops",
    "usableOnConsole": true,
    "searchTags": "tops, crafted, loot, clothing, clothes",
    "image": "images/characters/tops/leatherjacket_brown/leatherjacket_brown.jpg",
    "id": "dzobj_krr5415zv5"
  },
  {
    "objectName": "LeatherJacket_Natural",
    "inGameName": "Leather Jacket",
    "category": "characters",
    "modelType": "Config",
    "path": "dz/characters/tops",
    "usableOnConsole": true,
    "searchTags": "tops, crafted, loot, clothing, clothes",
    "image": "images/characters/tops/leatherjacket_natural/leatherjacket_natural.jpg",
    "id": "dzobj_3fhvg9mai3"
  },
  {
    "objectName": "HuntingJacket_Autumn",
    "inGameName": "Hunter Jacket",
    "category": "characters",
    "modelType": "Config",
    "path": "dz/characters/tops",
    "usableOnConsole": true,
    "searchTags": "hunter, tops, trail, woods, loot, clothing, clothes",
    "image": "images/characters/tops/huntingjacket_autumn/huntingjacket_autumn.jpg",
    "id": "dzobj_k6jinzyvei"
  },
  {
    "objectName": "HuntingJacket_Brown",
    "inGameName": "Hunter Jacket",
    "category": "characters",
    "modelType": "Config",
    "path": "dz/characters/tops",
    "usableOnConsole": true,
    "searchTags": "hunter, tops, trail, woods, loot, clothing, clothes",
    "image": "images/characters/tops/huntingjacket_brown/huntingjacket_brown.jpg",
    "id": "dzobj_j670hpdh5l"
  },
  {
    "objectName": "HuntingJacket_Spring",
    "inGameName": "Hunter Jacket",
    "category": "characters",
    "modelType": "Config",
    "path": "dz/characters/tops",
    "usableOnConsole": true,
    "searchTags": "hunter, tops, trail, woods, loot, clothing, clothes",
    "image": "images/characters/tops/huntingjacket_spring/huntingjacket_spring.jpg",
    "id": "dzobj_2buuqd4zub"
  },
  {
    "objectName": "HuntingJacket_Summer",
    "inGameName": "Hunter Jacket",
    "category": "characters",
    "modelType": "Config",
    "path": "dz/characters/tops",
    "usableOnConsole": true,
    "searchTags": "hunter, tops, trail, woods, loot, clothing, clothes",
    "image": "images/characters/tops/huntingjacket_summer/huntingjacket_summer.jpg",
    "id": "dzobj_upshep2d1c"
  },
  {
    "objectName": "HuntingJacket_Winter",
    "inGameName": "Hunter Jacket",
    "category": "characters",
    "modelType": "Config",
    "path": "dz/characters/tops",
    "usableOnConsole": true,
    "searchTags": "hunter, tops, trail, woods, loot, clothing, clothes",
    "image": "images/characters/tops/huntingjacket_winter/huntingjacket_winter.jpg",
    "id": "dzobj_w11gl7nhyt"
  },
  {
    "objectName": "MedicalScrubsShirt_Blue",
    "inGameName": "Scrub T-Shirt",
    "category": "characters",
    "modelType": "Config",
    "path": "dz/characters/tops",
    "usableOnConsole": true,
    "searchTags": "health, hospital, scrub, ambulance, workware, loot, clothing, clothes",
    "image": "images/characters/tops/medicalscrubsshirt_blue/medicalscrubsshirt_blue.jpg",
    "id": "dzobj_zgd8zajakf"
  },
  {
    "objectName": "MedicalScrubsShirt_Green",
    "inGameName": "Scrub T-Shirt",
    "category": "characters",
    "modelType": "Config",
    "path": "dz/characters/tops",
    "usableOnConsole": true,
    "searchTags": "health, hospital, scrub, ambulance, workware, loot, clothing, clothes",
    "image": "images/characters/tops/medicalscrubsshirt_green/medicalscrubsshirt_green.jpg",
    "id": "dzobj_lh7j1wt6nj"
  },
  {
    "objectName": "MedicalScrubsShirt_White",
    "inGameName": "Scrub T-Shirt",
    "category": "characters",
    "modelType": "Config",
    "path": "dz/characters/tops",
    "usableOnConsole": true,
    "searchTags": "health, hospital, scrub, ambulance, workware, loot, clothing, clothes",
    "image": "images/characters/tops/medicalscrubsshirt_white/medicalscrubsshirt_white.jpg",
    "id": "dzobj_1neq2o9hid"
  },
  {
    "objectName": "LabCoat",
    "inGameName": "Lab Coat",
    "category": "characters",
    "modelType": "Config",
    "path": "dz/characters/tops",
    "usableOnConsole": true,
    "searchTags": "tops, scientist, workfare, medical, ambulance, hospital, loot, clothing, clothes",
    "image": "images/characters/tops/labcoat/labcoat.jpg",
    "id": "dzobj_9aoym0ei60"
  },
  {
    "objectName": "NurseDress_Blue",
    "inGameName": "Nurse Dress",
    "category": "characters",
    "modelType": "Config",
    "path": "dz/characters/tops",
    "usableOnConsole": true,
    "searchTags": "tops, workfare, medical, ambulance, hospital, loot, clothing, clothes",
    "image": "images/characters/tops/nursedress_blue/nursedress_blue.jpg",
    "id": "dzobj_z8dydn050n"
  },
  {
    "objectName": "NurseDress_White",
    "inGameName": "Nurse Dress",
    "category": "characters",
    "modelType": "Config",
    "path": "dz/characters/tops",
    "usableOnConsole": true,
    "searchTags": "tops, workfare, medical, ambulance, hospital, loot, clothing, clothes",
    "image": "images/characters/tops/nursedress_white/nursedress_white.jpg",
    "id": "dzobj_ensjjvqz7f"
  },
  {
    "objectName": "USMCJacket_Desert",
    "inGameName": "CUU Jacket",
    "category": "characters",
    "modelType": "Config",
    "path": "dz/characters/tops",
    "usableOnConsole": true,
    "searchTags": "cuu, tops, military, army, combat, loot, clothing, clothes",
    "image": "images/characters/tops/usmcjacket_desert/usmcjacket_desert.jpg",
    "id": "dzobj_wrru9spr0e"
  },
  {
    "objectName": "USMCJacket_Woodland",
    "inGameName": "CUU Jacket",
    "category": "characters",
    "modelType": "Config",
    "path": "dz/characters/tops",
    "usableOnConsole": true,
    "searchTags": "cuu, tops, military, army, combat, loot, clothing, clothes",
    "image": "images/characters/tops/usmcjacket_woodland/usmcjacket_woodland.jpg",
    "id": "dzobj_eram83sxu7"
  },
  {
    "objectName": "OMKJacket_Navy",
    "inGameName": "OMK Jacket",
    "category": "characters",
    "modelType": "Config",
    "path": "dz/characters/tops",
    "usableOnConsole": true,
    "searchTags": "cuu, tops, military, army, combat, loot, clothing, clothes",
    "image": "images/characters/tops/omkjacket_navy/omkjacket_navy.jpg",
    "id": "dzobj_7jhygyxw8p"
  },
  {
    "objectName": "Blouse_Blue",
    "inGameName": "Blouse",
    "category": "characters",
    "modelType": "Config",
    "path": "dz/characters/tops",
    "usableOnConsole": true,
    "searchTags": "tops, loot, clothing, clothes",
    "image": "images/characters/tops/blouse_blue/blouse_blue.jpg",
    "id": "dzobj_puja2s23zf"
  },
  {
    "objectName": "Blouse_Green",
    "inGameName": "Blouse",
    "category": "characters",
    "modelType": "Config",
    "path": "dz/characters/tops",
    "usableOnConsole": true,
    "searchTags": "tops, loot, clothing, clothes",
    "image": "images/characters/tops/blouse_green/blouse_green.jpg",
    "id": "dzobj_b1nfh6m197"
  },
  {
    "objectName": "Blouse_Violet",
    "inGameName": "Blouse",
    "category": "characters",
    "modelType": "Config",
    "path": "dz/characters/tops",
    "usableOnConsole": true,
    "searchTags": "tops, loot, clothing, clothes",
    "image": "images/characters/tops/blouse_violet/blouse_violet.jpg",
    "id": "dzobj_tfbsunnz8e"
  },
  {
    "objectName": "Blouse_White",
    "inGameName": "Blouse",
    "category": "characters",
    "modelType": "Config",
    "path": "dz/characters/tops",
    "usableOnConsole": true,
    "searchTags": "tops, loot, clothing, clothes",
    "image": "images/characters/tops/blouse_white/blouse_white.jpg",
    "id": "dzobj_w20hh64264"
  },
  {
    "objectName": "DenimJacket",
    "inGameName": "Denim Jacket",
    "category": "characters",
    "modelType": "Config",
    "path": "dz/characters/tops",
    "usableOnConsole": true,
    "searchTags": "tops, loot, clothing, clothes",
    "image": "images/characters/tops/denimjacket/denimjacket.jpg",
    "id": "dzobj_15gh62zyan"
  },
  {
    "objectName": "TelnyashkaShirt",
    "inGameName": "Telnyashka",
    "category": "characters",
    "modelType": "Config",
    "path": "dz/characters/tops",
    "usableOnConsole": true,
    "searchTags": "tops, striped, loot, clothing, clothes",
    "image": "images/characters/tops/telnyashkashirt/telnyashkashirt.jpg",
    "id": "dzobj_8kcj7mlcaf"
  },
  {
    "objectName": "ChernarusSportShirt",
    "inGameName": "Sports Shirt",
    "category": "characters",
    "modelType": "Config",
    "path": "dz/characters/tops",
    "usableOnConsole": true,
    "searchTags": "sports, tops, fitness, athletic, loot, clothing, clothes",
    "image": "images/characters/tops/chernarussportshirt/chernarussportshirt.jpg",
    "id": "dzobj_5ts8jor3kf"
  },
  {
    "objectName": "JumpsuitJacket_Blue",
    "inGameName": "Jumpsuit Jacket",
    "category": "characters",
    "modelType": "Config",
    "path": "dz/characters/tops",
    "usableOnConsole": true,
    "searchTags": "tops, coat, loot, clothing, clothes",
    "image": "images/characters/tops/jumpsuitjacket_blue/jumpsuitjacket_blue.jpg",
    "id": "dzobj_o4lc6sbt1e"
  },
  {
    "objectName": "JumpsuitJacket_Gray",
    "inGameName": "Jumpsuit Jacket",
    "category": "characters",
    "modelType": "Config",
    "path": "dz/characters/tops",
    "usableOnConsole": true,
    "searchTags": "tops, coat, loot, clothing, clothes",
    "image": "images/characters/tops/jumpsuitjacket_gray/jumpsuitjacket_gray.jpg",
    "id": "dzobj_gbzen5z721"
  },
  {
    "objectName": "JumpsuitJacket_Green",
    "inGameName": "Jumpsuit Jacket",
    "category": "characters",
    "modelType": "Config",
    "path": "dz/characters/tops",
    "usableOnConsole": true,
    "searchTags": "tops, coat, loot, clothing, clothes",
    "image": "images/characters/tops/jumpsuitjacket_green/jumpsuitjacket_green.jpg",
    "id": "dzobj_l3opiroqjh"
  },
  {
    "objectName": "JumpsuitJacket_Red",
    "inGameName": "Jumpsuit Jacket",
    "category": "characters",
    "modelType": "Config",
    "path": "dz/characters/tops",
    "usableOnConsole": true,
    "searchTags": "tops, coat, loot, clothing, clothes",
    "image": "images/characters/tops/jumpsuitjacket_red/jumpsuitjacket_red.jpg",
    "id": "dzobj_k3uzjs6uum"
  },
  {
    "objectName": "BDUJacket",
    "inGameName": "BDU Jacket",
    "category": "characters",
    "modelType": "Config",
    "path": "dz/characters/tops",
    "usableOnConsole": true,
    "searchTags": "tops, coat, loot, clothing, clothes",
    "image": "images/characters/tops/bdujacket/bdujacket.jpg",
    "id": "dzobj_byti3z43v6"
  },
  {
    "objectName": "ManSuit_Beige",
    "inGameName": "Mens Suit Jacket",
    "category": "characters",
    "modelType": "Config",
    "path": "dz/characters/tops",
    "usableOnConsole": true,
    "searchTags": "jacket, mens, tops, formal, loot, clothing, clothes",
    "image": "images/characters/tops/mansuit_beige/mansuit_beige.jpg",
    "id": "dzobj_jup5277i44"
  },
  {
    "objectName": "ManSuit_Black",
    "inGameName": "Mens Suit Jacket",
    "category": "characters",
    "modelType": "Config",
    "path": "dz/characters/tops",
    "usableOnConsole": true,
    "searchTags": "jacket, mens, tops, formal, loot, clothing, clothes",
    "image": "images/characters/tops/mansuit_black/mansuit_black.jpg",
    "id": "dzobj_hmoyfnp435"
  },
  {
    "objectName": "ManSuit_Blue",
    "inGameName": "Mens Suit Jacket",
    "category": "characters",
    "modelType": "Config",
    "path": "dz/characters/tops",
    "usableOnConsole": true,
    "searchTags": "jacket, mens, tops, formal, loot, clothing, clothes",
    "image": "images/characters/tops/mansuit_blue/mansuit_blue.jpg",
    "id": "dzobj_blbwfirzcd"
  },
  {
    "objectName": "ManSuit_Brown",
    "inGameName": "Mens Suit Jacket",
    "category": "characters",
    "modelType": "Config",
    "path": "dz/characters/tops",
    "usableOnConsole": true,
    "searchTags": "jacket, mens, tops, formal, loot, clothing, clothes",
    "image": "images/characters/tops/mansuit_brown/mansuit_brown.jpg",
    "id": "dzobj_haquy9ewxf"
  },
  {
    "objectName": "ManSuit_DarkGrey",
    "inGameName": "Mens Suit Jacket",
    "category": "characters",
    "modelType": "Config",
    "path": "dz/characters/tops",
    "usableOnConsole": true,
    "searchTags": "jacket, mens, tops, formal, loot, clothing, clothes",
    "image": "images/characters/tops/mansuit_darkgrey/mansuit_darkgrey.jpg",
    "id": "dzobj_m52jhdslmr"
  },
  {
    "objectName": "ManSuit_Khaki",
    "inGameName": "Mens Suit Jacket",
    "category": "characters",
    "modelType": "Config",
    "path": "dz/characters/tops",
    "usableOnConsole": true,
    "searchTags": "jacket, mens, tops, formal, loot, clothing, clothes",
    "image": "images/characters/tops/mansuit_khaki/mansuit_khaki.jpg",
    "id": "dzobj_x8wypph9jv"
  },
  {
    "objectName": "ManSuit_LightGrey",
    "inGameName": "Mens Suit Jacket",
    "category": "characters",
    "modelType": "Config",
    "path": "dz/characters/tops",
    "usableOnConsole": true,
    "searchTags": "jacket, mens, tops, formal, loot, clothing, clothes",
    "image": "images/characters/tops/mansuit_lightgrey/mansuit_lightgrey.jpg",
    "id": "dzobj_4p28kz9qyt"
  },
  {
    "objectName": "ManSuit_White",
    "inGameName": "Mens Suit Jacket",
    "category": "characters",
    "modelType": "Config",
    "path": "dz/characters/tops",
    "usableOnConsole": true,
    "searchTags": "jacket, mens, tops, formal, loot, clothing, clothes",
    "image": "images/characters/tops/mansuit_white/mansuit_white.jpg",
    "id": "dzobj_z826uwhdmn"
  },
  {
    "objectName": "WomanSuit_Beige",
    "inGameName": "Womens Suit Jacket",
    "category": "characters",
    "modelType": "Config",
    "path": "dz/characters/tops",
    "usableOnConsole": true,
    "searchTags": "jacket, tops, womens, formal, loot, clothing, clothes",
    "image": "images/characters/tops/womansuit_beige/womansuit_beige.jpg",
    "id": "dzobj_52bj1m0vi7"
  },
  {
    "objectName": "WomanSuit_Black",
    "inGameName": "Womens Suit Jacket",
    "category": "characters",
    "modelType": "Config",
    "path": "dz/characters/tops",
    "usableOnConsole": true,
    "searchTags": "jacket, tops, womens, formal, loot, clothing, clothes",
    "image": "images/characters/tops/womansuit_black/womansuit_black.jpg",
    "id": "dzobj_md1lbbjob6"
  },
  {
    "objectName": "WomanSuit_Blue",
    "inGameName": "Womens Suit Jacket",
    "category": "characters",
    "modelType": "Config",
    "path": "dz/characters/tops",
    "usableOnConsole": true,
    "searchTags": "jacket, tops, womens, formal, loot, clothing, clothes",
    "image": "images/characters/tops/womansuit_blue/womansuit_blue.jpg",
    "id": "dzobj_u64oqzn1cf"
  },
  {
    "objectName": "WomanSuit_Brown",
    "inGameName": "Womens Suit Jacket",
    "category": "characters",
    "modelType": "Config",
    "path": "dz/characters/tops",
    "usableOnConsole": true,
    "searchTags": "jacket, tops, womens, formal, loot, clothing, clothes",
    "image": "images/characters/tops/womansuit_brown/womansuit_brown.jpg",
    "id": "dzobj_0b15bthsao"
  },
  {
    "objectName": "WomanSuit_DarkGrey",
    "inGameName": "Womens Suit Jacket",
    "category": "characters",
    "modelType": "Config",
    "path": "dz/characters/tops",
    "usableOnConsole": true,
    "searchTags": "jacket, tops, womens, formal, loot, clothing, clothes",
    "image": "images/characters/tops/womansuit_darkgrey/womansuit_darkgrey.jpg",
    "id": "dzobj_fckh7ff35q"
  },
  {
    "objectName": "WomanSuit_Khaki",
    "inGameName": "Womens Suit Jacket",
    "category": "characters",
    "modelType": "Config",
    "path": "dz/characters/tops",
    "usableOnConsole": true,
    "searchTags": "jacket, tops, womens, formal, loot, clothing, clothes",
    "image": "images/characters/tops/womansuit_khaki/womansuit_khaki.jpg",
    "id": "dzobj_dcezz0ri7i"
  },
  {
    "objectName": "WomanSuit_LightGrey",
    "inGameName": "Womens Suit Jacket",
    "category": "characters",
    "modelType": "Config",
    "path": "dz/characters/tops",
    "usableOnConsole": true,
    "searchTags": "jacket, tops, womens, formal, loot, clothing, clothes",
    "image": "images/characters/tops/womansuit_lightgrey/womansuit_lightgrey.jpg",
    "id": "dzobj_vux18kcn5q"
  },
  {
    "objectName": "WomanSuit_White",
    "inGameName": "Womens Suit Jacket",
    "category": "characters",
    "modelType": "Config",
    "path": "dz/characters/tops",
    "usableOnConsole": true,
    "searchTags": "jacket, tops, womens, formal, loot, clothing, clothes",
    "image": "images/characters/tops/womansuit_white/womansuit_white.jpg",
    "id": "dzobj_hm9s2llgky"
  },
  {
    "objectName": "LeatherShirt_Natural",
    "inGameName": "Leather Shirt",
    "category": "characters",
    "modelType": "Config",
    "path": "dz/characters/tops",
    "usableOnConsole": true,
    "searchTags": "tops, crafted, loot, clothing, clothes",
    "image": "images/characters/tops/leathershirt_natural/leathershirt_natural.jpg",
    "id": "dzobj_cr24l3xi1b"
  },
  {
    "objectName": "Chainmail",
    "inGameName": "Chainmail",
    "category": "characters",
    "modelType": "Config",
    "path": "dz/characters/tops",
    "usableOnConsole": true,
    "searchTags": "tops, medieval, castle, armour, armor, loot, clothing, clothes",
    "image": "images/characters/tops/chainmail/chainmail.jpg",
    "id": "dzobj_96fi6kh39z"
  },
  {
    "objectName": "armbends_g.p3d",
    "inGameName": "Armband",
    "category": "characters",
    "modelType": "Raw P3D",
    "path": "dz/characters/tops",
    "usableOnConsole": false,
    "searchTags": "arm, team, loot, clothing, clothes",
    "image": "images/characters/tops/armband_altis/armband_altis.jpg",
    "id": "dzobj_wkihznjrde"
  },
  {
    "objectName": "armbend_g.p3d",
    "inGameName": "Armband",
    "category": "characters",
    "modelType": "Raw P3D",
    "path": "dz/characters/tops",
    "usableOnConsole": false,
    "searchTags": "arm, team, loot, clothing, clothes",
    "image": "images/characters/tops/armband_altis/armband_altis.jpg",
    "id": "dzobj_5j8ds5l6h2"
  },
  {
    "objectName": "bdu_jacket_g.p3d",
    "inGameName": "BDU Jacket",
    "category": "characters",
    "modelType": "Raw P3D",
    "path": "dz/characters/tops",
    "usableOnConsole": false,
    "searchTags": "tops, coat, loot, clothing, clothes",
    "image": "images/characters/tops/bdujacket/bdujacket.jpg",
    "id": "dzobj_597w8rcqyk"
  },
  {
    "objectName": "blouse_g.p3d",
    "inGameName": "Blouse",
    "category": "characters",
    "modelType": "Raw P3D",
    "path": "dz/characters/tops",
    "usableOnConsole": false,
    "searchTags": "tops, loot, clothing, clothes",
    "image": "images/characters/tops/blouse_blue/blouse_blue.jpg",
    "id": "dzobj_2zz327b2ck"
  },
  {
    "objectName": "bomberjacket_g.p3d",
    "inGameName": "Bomber Jacket",
    "category": "characters",
    "modelType": "Raw P3D",
    "path": "dz/characters/tops",
    "usableOnConsole": false,
    "searchTags": "tops, coats, air, flying, loot, clothing, clothes",
    "image": "images/characters/tops/bomberjacket_black/bomberjacket_black.jpg",
    "id": "dzobj_etzbog5a7o"
  },
  {
    "objectName": "bushlatpolicejacket_g.p3d",
    "inGameName": "Police Jacket",
    "category": "characters",
    "modelType": "Raw P3D",
    "path": "dz/characters/tops",
    "usableOnConsole": false,
    "searchTags": "tops, law enforcement, workware, loot, clothing, clothes",
    "image": "images/characters/tops/policejacket/policejacket.jpg",
    "id": "dzobj_wzagv1vxd3"
  },
  {
    "objectName": "chainmail_g.p3d",
    "inGameName": "Chainmail",
    "category": "characters",
    "modelType": "Raw P3D",
    "path": "dz/characters/tops",
    "usableOnConsole": false,
    "searchTags": "tops, medieval, castle, armour, armor, loot, clothing, clothes",
    "image": "images/characters/tops/chainmail/chainmail.jpg",
    "id": "dzobj_i0uajt691a"
  },
  {
    "objectName": "chernarus_sport_shirt_g.p3d",
    "inGameName": "Sports Shirt",
    "category": "characters",
    "modelType": "Raw P3D",
    "path": "dz/characters/tops",
    "usableOnConsole": false,
    "searchTags": "sports, tops, fitness, athletic, loot, clothing, clothes",
    "image": "images/characters/tops/chernarussportshirt/chernarussportshirt.jpg",
    "id": "dzobj_g0jm31nacl"
  },
  {
    "objectName": "denim_jacket_g.p3d",
    "inGameName": "Denim Jacket",
    "category": "characters",
    "modelType": "Raw P3D",
    "path": "dz/characters/tops",
    "usableOnConsole": false,
    "searchTags": "tops, loot, clothing, clothes",
    "image": "images/characters/tops/denimjacket/denimjacket.jpg",
    "id": "dzobj_z6vyt2r2bu"
  },
  {
    "objectName": "downjacket_g.p3d",
    "inGameName": "Down Jacket",
    "category": "characters",
    "modelType": "Raw P3D",
    "path": "dz/characters/tops",
    "usableOnConsole": false,
    "searchTags": "tops, warm, coat, winter, loot, clothing, clothes",
    "image": "images/characters/tops/downjacket_blue/downjacket_blue.jpg",
    "id": "dzobj_u6940vpuol"
  },
  {
    "objectName": "firefighter_g.p3d",
    "inGameName": "Firefighter Jacket",
    "category": "characters",
    "modelType": "Raw P3D",
    "path": "dz/characters/tops",
    "usableOnConsole": false,
    "searchTags": "tops, waorkware, fire, loot, clothing, clothes",
    "image": "images/characters/tops/firefighterjacket_beige/firefighterjacket_beige.jpg",
    "id": "dzobj_lp98wetsxy"
  },
  {
    "objectName": "gorka_up_g.p3d",
    "inGameName": "Patrol Jacket",
    "category": "characters",
    "modelType": "Raw P3D",
    "path": "dz/characters/tops",
    "usableOnConsole": false,
    "searchTags": "field, tops, military, combat, loot, clothing, clothes",
    "image": "images/characters/tops/gorkaejacket_autumn/gorkaejacket_autumn.jpg",
    "id": "dzobj_mc3kwwtpvb"
  },
  {
    "objectName": "hoodie_ground.p3d",
    "inGameName": "Hoodie",
    "category": "characters",
    "modelType": "Raw P3D",
    "path": "dz/characters/tops",
    "usableOnConsole": false,
    "searchTags": "tops, jumper, warm, loot, clothing, clothes",
    "image": "images/characters/tops/hoodie_black/hoodie_black.jpg",
    "id": "dzobj_abehb7z7j7"
  },
  {
    "objectName": "hoodie_g_new.p3d",
    "inGameName": "Hoodie",
    "category": "characters",
    "modelType": "Raw P3D",
    "path": "dz/characters/tops",
    "usableOnConsole": false,
    "searchTags": "tops, jumper, warm, loot, clothing, clothes",
    "image": "images/characters/tops/hoodie_black/hoodie_black.jpg",
    "id": "dzobj_y4ww8mtyw5"
  },
  {
    "objectName": "hunting_jacket_g.p3d",
    "inGameName": "Hunter Jacket",
    "category": "characters",
    "modelType": "Raw P3D",
    "path": "dz/characters/tops",
    "usableOnConsole": false,
    "searchTags": "hunter, tops, trail, woods, loot, clothing, clothes",
    "image": "images/characters/tops/huntingjacket_autumn/huntingjacket_autumn.jpg",
    "id": "dzobj_lmmwhoxxt0"
  },
  {
    "objectName": "jumpsuit_top_g.p3d",
    "inGameName": "Jumpsuit Jacket",
    "category": "characters",
    "modelType": "Raw P3D",
    "path": "dz/characters/tops",
    "usableOnConsole": false,
    "searchTags": "tops, coat, loot, clothing, clothes",
    "image": "images/characters/tops/jumpsuitjacket_blue/jumpsuitjacket_blue.jpg",
    "id": "dzobj_h8xuoqxpq9"
  },
  {
    "objectName": "labcoat_g.p3d",
    "inGameName": "Lab Coat",
    "category": "characters",
    "modelType": "Raw P3D",
    "path": "dz/characters/tops",
    "usableOnConsole": false,
    "searchTags": "tops, scientist, workfare, medical, ambulance, hospital, loot, clothing, clothes",
    "image": "images/characters/tops/labcoat/labcoat.jpg",
    "id": "dzobj_hj88c4cvxc"
  },
  {
    "objectName": "long_sleeve_shirt_g.p3d",
    "inGameName": "Leather Shirt",
    "category": "characters",
    "modelType": "Raw P3D",
    "path": "dz/characters/tops",
    "usableOnConsole": false,
    "searchTags": "tops, crafted, loot, clothing, clothes",
    "image": "images/characters/tops/leathershirt_natural/leathershirt_natural.jpg",
    "id": "dzobj_u3gb78cnlu"
  },
  {
    "objectName": "m65_jacket_g.p3d",
    "inGameName": "Field Jacket",
    "category": "characters",
    "modelType": "Raw P3D",
    "path": "dz/characters/tops",
    "usableOnConsole": false,
    "searchTags": "field, tops, military, combat, loot, clothing, clothes",
    "image": "images/characters/tops/m65jacket_black/m65jacket_black.jpg",
    "id": "dzobj_q8ay5bv1pa"
  },
  {
    "objectName": "man_suit_g.p3d",
    "inGameName": "Mens Suit Jacket",
    "category": "characters",
    "modelType": "Raw P3D",
    "path": "dz/characters/tops",
    "usableOnConsole": false,
    "searchTags": "jacket, mens, tops, formal, loot, clothing, clothes",
    "image": "images/characters/tops/mansuit_beige/mansuit_beige.jpg",
    "id": "dzobj_nwib0a8jvq"
  },
  {
    "objectName": "medicalscrubs_shirt_g.p3d",
    "inGameName": "Scrub T-Shirt",
    "category": "characters",
    "modelType": "Raw P3D",
    "path": "dz/characters/tops",
    "usableOnConsole": false,
    "searchTags": "health, hospital, scrub, ambulance, workware, loot, clothing, clothes",
    "image": "images/characters/tops/medicalscrubsshirt_blue/medicalscrubsshirt_blue.jpg",
    "id": "dzobj_u18qz9op5e"
  },
  {
    "objectName": "minidress_g.p3d",
    "inGameName": "Collar Dress",
    "category": "characters",
    "modelType": "Raw P3D",
    "path": "dz/characters/tops",
    "usableOnConsole": false,
    "searchTags": "collar, tops, loot, clothing, clothes",
    "image": "images/characters/tops/minidress_bluechecker/minidress_bluechecker.jpg",
    "id": "dzobj_r4ur6n0wxm"
  },
  {
    "objectName": "nbc_jacket_g.p3d",
    "inGameName": "Pea Coat",
    "category": "characters",
    "modelType": "Raw P3D",
    "path": "dz/characters/tops",
    "usableOnConsole": false,
    "searchTags": "tops, NBC, protection, loot, clothing, clothes",
    "image": "images/characters/tops/navyuniformjacket/navyuniformjacket.jpg",
    "id": "dzobj_22hka1v7cg"
  },
  {
    "objectName": "nursedress_g.p3d",
    "inGameName": "Nurse Dress",
    "category": "characters",
    "modelType": "Raw P3D",
    "path": "dz/characters/tops",
    "usableOnConsole": false,
    "searchTags": "tops, workfare, medical, ambulance, hospital, loot, clothing, clothes",
    "image": "images/characters/tops/nursedress_blue/nursedress_blue.jpg",
    "id": "dzobj_1xmqb79c6w"
  },
  {
    "objectName": "paramedic_jacket_g.p3d",
    "inGameName": "Paramedic Jacket",
    "category": "characters",
    "modelType": "Raw P3D",
    "path": "dz/characters/tops",
    "usableOnConsole": false,
    "searchTags": "tops, ambulance, hospital, loot, clothing, clothes",
    "image": "images/characters/tops/paramedicjacket_blue/paramedicjacket_blue.jpg",
    "id": "dzobj_txndw55qy0"
  },
  {
    "objectName": "pcu5jacket_f_nopatches.p3d",
    "inGameName": "Hiking Jacket",
    "category": "characters",
    "modelType": "Raw P3D",
    "path": "dz/characters/tops",
    "usableOnConsole": false,
    "searchTags": "tops, trail, walking, woods, loot, clothing, clothes",
    "image": "images/characters/tops/hikingjacket_black/hikingjacket_black.jpg",
    "id": "dzobj_ne38jve6ob"
  },
  {
    "objectName": "pcu5jacket_ground.p3d",
    "inGameName": "Hiking Jacket",
    "category": "characters",
    "modelType": "Raw P3D",
    "path": "dz/characters/tops",
    "usableOnConsole": false,
    "searchTags": "tops, trail, walking, woods, loot, clothing, clothes",
    "image": "images/characters/tops/hikingjacket_black/hikingjacket_black.jpg",
    "id": "dzobj_q7m8ha36ih"
  },
  {
    "objectName": "pcu5jacket_m_nopatches.p3d",
    "inGameName": "Hiking Jacket",
    "category": "characters",
    "modelType": "Raw P3D",
    "path": "dz/characters/tops",
    "usableOnConsole": false,
    "searchTags": "tops, trail, walking, woods, loot, clothing, clothes",
    "image": "images/characters/tops/hikingjacket_black/hikingjacket_black.jpg",
    "id": "dzobj_io42c9xf9g"
  },
  {
    "objectName": "policejacket_g.p3d",
    "inGameName": "Police Jacket",
    "category": "characters",
    "modelType": "Raw P3D",
    "path": "dz/characters/tops",
    "usableOnConsole": false,
    "searchTags": "tops, law enforcement, workware, loot, clothing, clothes",
    "image": "images/characters/tops/policejacket/policejacket.jpg",
    "id": "dzobj_9xumjw3kys"
  },
  {
    "objectName": "prison_top_g.p3d",
    "inGameName": "Prisoner Jacket",
    "category": "characters",
    "modelType": "Raw P3D",
    "path": "dz/characters/tops",
    "usableOnConsole": false,
    "searchTags": "prisoner, tops, inmate, loot, clothing, clothes",
    "image": "images/characters/tops/prisonuniformjacket/prisonuniformjacket.jpg",
    "id": "dzobj_w1i489ytci"
  },
  {
    "objectName": "quiltedjacket_g.p3d",
    "inGameName": "Quilted Jacket",
    "category": "characters",
    "modelType": "Raw P3D",
    "path": "dz/characters/tops",
    "usableOnConsole": false,
    "searchTags": "tops, coat, warm, loot, clothing, clothes",
    "image": "images/characters/tops/quiltedjacket_black/quiltedjacket_black.jpg",
    "id": "dzobj_roo0d7b0di"
  },
  {
    "objectName": "raincoat_g.p3d",
    "inGameName": "Raincoat",
    "category": "characters",
    "modelType": "Raw P3D",
    "path": "dz/characters/tops",
    "usableOnConsole": false,
    "searchTags": "tops, waterproof, cagoule, loot, clothing, clothes",
    "image": "images/characters/tops/raincoat_black/raincoat_black.jpg",
    "id": "dzobj_utfv6k98ga"
  },
  {
    "objectName": "riders_jacket_g.p3d",
    "inGameName": "Rider Jacket",
    "category": "characters",
    "modelType": "Raw P3D",
    "path": "dz/characters/tops",
    "usableOnConsole": false,
    "searchTags": "rider, tops, motorbike, leather, loot, clothing, clothes",
    "image": "images/characters/tops/ridersjacket_black/ridersjacket_black.jpg",
    "id": "dzobj_xib058w99g"
  },
  {
    "objectName": "shirt_f_new_anim_system.p3d",
    "inGameName": "Shirt",
    "category": "characters",
    "modelType": "Raw P3D",
    "path": "dz/characters/tops",
    "usableOnConsole": false,
    "searchTags": "tops, t shirt, clothing, clothes, loot",
    "image": "images/characters/tops/shirt_bluecheck/shirt_bluecheck.jpg",
    "id": "dzobj_fpyfz59yf1"
  },
  {
    "objectName": "shirt_ground.p3d",
    "inGameName": "Shirt",
    "category": "characters",
    "modelType": "Raw P3D",
    "path": "dz/characters/tops",
    "usableOnConsole": false,
    "searchTags": "tops, t shirt, clothing, clothes, loot",
    "image": "images/characters/tops/shirt_bluecheck/shirt_bluecheck.jpg",
    "id": "dzobj_mg5pp5dacj"
  },
  {
    "objectName": "shirt_m_new_anim_system.p3d",
    "inGameName": "Shirt",
    "category": "characters",
    "modelType": "Raw P3D",
    "path": "dz/characters/tops",
    "usableOnConsole": false,
    "searchTags": "tops, t shirt, clothing, clothes, loot",
    "image": "images/characters/tops/shirt_bluecheck/shirt_bluecheck.jpg",
    "id": "dzobj_jrj48vz1zh"
  },
  {
    "objectName": "sweater_g.p3d",
    "inGameName": "Sweater",
    "category": "characters",
    "modelType": "Raw P3D",
    "path": "dz/characters/tops",
    "usableOnConsole": false,
    "searchTags": "tops, jumper, warm, loot, clothing, clothes",
    "image": "images/characters/tops/sweater_blue/sweater_blue.jpg",
    "id": "dzobj_4xivf83dkv"
  },
  {
    "objectName": "telnyashka_g.p3d",
    "inGameName": "Telnyashka",
    "category": "characters",
    "modelType": "Raw P3D",
    "path": "dz/characters/tops",
    "usableOnConsole": false,
    "searchTags": "tops, striped, loot, clothing, clothes",
    "image": "images/characters/tops/telnyashkashirt/telnyashkashirt.jpg",
    "id": "dzobj_0ckgz01uuh"
  },
  {
    "objectName": "top_leatherjacket_g.p3d",
    "inGameName": "Leather Jacket",
    "category": "characters",
    "modelType": "Raw P3D",
    "path": "dz/characters/tops",
    "usableOnConsole": false,
    "searchTags": "tops, crafted, coats, loot, clothing, clothes",
    "image": "images/characters/tops/leatherjacket_beige/leatherjacket_beige.jpg",
    "id": "dzobj_urjyoh83j0"
  },
  {
    "objectName": "torsocover_improvised_g.p3d",
    "inGameName": "Improvised Torso Wrapping",
    "category": "characters",
    "modelType": "Raw P3D",
    "path": "dz/characters/tops",
    "usableOnConsole": false,
    "searchTags": "tops, wrapping, rags, loot, clothing, clothes",
    "image": "images/characters/tops/torsocover_improvised/torsocover_improvised.jpg",
    "id": "dzobj_wuq99r1y88"
  },
  {
    "objectName": "torso_m_above0.p3d",
    "inGameName": "Underwear top",
    "category": "characters",
    "modelType": "Raw P3D",
    "path": "dz/characters/tops",
    "usableOnConsole": false,
    "searchTags": "player, pc, character, survivor, bodies, loot, clothing, clothes",
    "image": "images/characters/tops/maletorso_base/maletorso_base.jpg",
    "id": "dzobj_nvw8fvkyko"
  },
  {
    "objectName": "tracksuit_jacket_g.p3d",
    "inGameName": "Tracksuit Jacket",
    "category": "characters",
    "modelType": "Raw P3D",
    "path": "dz/characters/tops",
    "usableOnConsole": false,
    "searchTags": "tops, tracksuit, loot, clothing, clothes",
    "image": "images/characters/tops/tracksuitjacket_black/tracksuitjacket_black.jpg",
    "id": "dzobj_cgrw7emo3f"
  },
  {
    "objectName": "tshirt_ground.p3d",
    "inGameName": "T-Shirt",
    "category": "characters",
    "modelType": "Raw P3D",
    "path": "dz/characters/tops",
    "usableOnConsole": false,
    "searchTags": "tops, bohemia interactive, loot, clothing, clothes, t shirt",
    "image": "images/characters/tops/tshirt_10thanniversary/tshirt_10thanniversary.jpg",
    "id": "dzobj_hygbnh2kwy"
  },
  {
    "objectName": "tshirt_m_above0.p3d",
    "inGameName": "T-Shirt",
    "category": "characters",
    "modelType": "Raw P3D",
    "path": "dz/characters/tops",
    "usableOnConsole": false,
    "searchTags": "tops, bohemia interactive, loot, clothing, clothes, t shirt",
    "image": "images/characters/tops/tshirt_10thanniversary/tshirt_10thanniversary.jpg",
    "id": "dzobj_z98sb0cp5k"
  },
  {
    "objectName": "ttsko_jacket_g.p3d",
    "inGameName": "Combat Jacket",
    "category": "characters",
    "modelType": "Raw P3D",
    "path": "dz/characters/tops",
    "usableOnConsole": false,
    "searchTags": "field, tops, military, combat, loot, clothing, clothes",
    "image": "images/characters/tops/ttskojacket_camo/ttskojacket_camo.jpg",
    "id": "dzobj_2zno97g4mm"
  },
  {
    "objectName": "usmc_jacket_g.p3d",
    "inGameName": "CUU Jacket",
    "category": "characters",
    "modelType": "Raw P3D",
    "path": "dz/characters/tops",
    "usableOnConsole": false,
    "searchTags": "cuu, tops, military, army, combat, loot, clothing, clothes",
    "image": "images/characters/tops/usmcjacket_desert/usmcjacket_desert.jpg",
    "id": "dzobj_5fwkhc2eo1"
  },
  {
    "objectName": "woman_suit_g.p3d",
    "inGameName": "Womens Suit Jacket",
    "category": "characters",
    "modelType": "Raw P3D",
    "path": "dz/characters/tops",
    "usableOnConsole": false,
    "searchTags": "jacket, tops, womens, formal, loot, clothing, clothes",
    "image": "images/characters/tops/womansuit_beige/womansuit_beige.jpg",
    "id": "dzobj_zv3wgdv4yc"
  },
  {
    "objectName": "woolcoat_g.p3d",
    "inGameName": "Pea Coat",
    "category": "characters",
    "modelType": "Raw P3D",
    "path": "dz/characters/tops",
    "usableOnConsole": false,
    "searchTags": "pea, tops, warm, woollen, loot, clothing, clothes",
    "image": "images/characters/tops/navyuniformjacket/navyuniformjacket.jpg",
    "id": "dzobj_i31m5ta3gc"
  },
  {
    "objectName": "NBCJacketGray",
    "inGameName": "Pea Coat",
    "category": "characters",
    "modelType": "Config",
    "path": "dz/characters/tops",
    "usableOnConsole": true,
    "searchTags": "tops, NBC, protection, loot, clothing, clothes",
    "image": "images/characters/tops/nbcjacketgray/nbcjacketgray.jpg",
    "id": "dzobj_yf2azbsbpu"
  },
  {
    "objectName": "NBCJacketWhite",
    "inGameName": "Pea Coat",
    "category": "characters",
    "modelType": "Config",
    "path": "dz/characters/tops",
    "usableOnConsole": true,
    "searchTags": "tops, NBC, protection, loot, clothing, clothes",
    "image": "images/characters/tops/nbcjacketwhite/nbcjacketwhite.jpg",
    "id": "dzobj_51qwohwg8f"
  },
  {
    "objectName": "NBCJacketYellow",
    "inGameName": "Pea Coat",
    "category": "characters",
    "modelType": "Config",
    "path": "dz/characters/tops",
    "usableOnConsole": true,
    "searchTags": "tops, NBC, protection, loot, clothing, clothes",
    "image": "images/characters/tops/nbcjacketyellow/nbcjacketyellow.jpg",
    "id": "dzobj_89n4ocaxi8"
  },
  {
    "objectName": "Sweater_ChristmasBlue",
    "inGameName": "Sweater",
    "category": "characters",
    "modelType": "Config",
    "path": "dz/characters/tops",
    "usableOnConsole": true,
    "searchTags": "tops, festive, santa, christmas, loot, clothing, clothes",
    "image": "images/characters/tops/sweater_christmasblue/sweater_christmasblue.jpg",
    "id": "dzobj_5nvd3ux86n"
  },
  {
    "objectName": "Sweater_ChristmasGreen",
    "inGameName": "Sweater",
    "category": "characters",
    "modelType": "Config",
    "path": "dz/characters/tops",
    "usableOnConsole": true,
    "searchTags": "tops, festive, santa, christmas, loot, clothing, clothes",
    "image": "images/characters/tops/sweater_christmasgreen/sweater_christmasgreen.jpg",
    "id": "dzobj_yyl7oga22y"
  },
  {
    "objectName": "Sweater_ChristmasRed",
    "inGameName": "Sweater",
    "category": "characters",
    "modelType": "Config",
    "path": "dz/characters/tops",
    "usableOnConsole": true,
    "searchTags": "tops, festive, santa, christmas, loot, clothing, clothes",
    "image": "images/characters/tops/sweater_christmasred/sweater_christmasred.jpg",
    "id": "dzobj_ijk0ddhy26"
  }
]
