[
  {
    "objectName": "StaticObj_Furniture_hospital_transport_bed",
    "inGameName": "-",
    "category": "structures",
    "modelType": "Config",
    "path": "dz/structures/furniture/hospital_transport_bed",
    "usableOnConsole": true,
    "searchTags": "building, medical, sleep",
    "image": "images/structures/furniture/hospital_transport_bed/staticobj_furniture_hospital_transport_bed.jpg",
    "id": "dzobj_5k5k2ak68s"
  },
  {
    "objectName": "hospital_transport_bed.p3d",
    "inGameName": "-",
    "category": "structures",
    "modelType": "Raw P3D",
    "path": "dz/structures/furniture/hospital_transport_bed",
    "usableOnConsole": false,
    "searchTags": "building, furniture, medical, sleep",
    "image": "images/structures/furniture/hospital_transport_bed/hospital_transport_bed.p3d.jpg",
    "id": "dzobj_2btlz0y0kn"
  }
]
