[
  {
    "objectName": "Land_Submarine_Back",
    "inGameName": "-",
    "category": "structures_sakhal",
    "modelType": "Config",
    "path": "dz/structures_sakhal/wrecks",
    "usableOnConsole": true,
    "searchTags": "sakhal, wrecks",
    "image": "images/structures_sakhal/wrecks/land_submarine_back.jpg"
  },
  {
    "objectName": "Land_Submarine_Front",
    "inGameName": "-",
    "category": "structures_sakhal",
    "modelType": "Config",
    "path": "dz/structures_sakhal/wrecks",
    "usableOnConsole": true,
    "searchTags": "sakhal, wrecks",
    "image": "images/structures_sakhal/wrecks/land_submarine_front.jpg"
  },
  {
    "objectName": "Land_Submarine_Middle",
    "inGameName": "-",
    "category": "structures_sakhal",
    "modelType": "Config",
    "path": "dz/structures_sakhal/wrecks",
    "usableOnConsole": true,
    "searchTags": "sakhal, wrecks, water, ship",
    "image": "images/structures_sakhal/wrecks/land_submarine_middle.jpg"
  },
  {
    "objectName": "Land_Boat_Small7",
    "inGameName": "-",
    "category": "structures_sakhal",
    "modelType": "Config",
    "path": "dz/structures_sakhal/wrecks",
    "usableOnConsole": true,
    "searchTags": "sakhal, transport, vehicle, watercraft, wrecks",
    "image": "images/structures_sakhal/wrecks/land_boat_small7.jpg"
  },
  {
    "objectName": "Land_Boat_Small8_Blue",
    "inGameName": "-",
    "category": "structures_sakhal",
    "modelType": "Config",
    "path": "dz/structures_sakhal/wrecks",
    "usableOnConsole": true,
    "searchTags": "sakhal, transport, vehicle, watercraft, wrecks",
    "image": "images/structures_sakhal/wrecks/land_boat_small8_blue.jpg"
  },
  {
    "objectName": "Land_Boat_Small8_Red",
    "inGameName": "-",
    "category": "structures_sakhal",
    "modelType": "Config",
    "path": "dz/structures_sakhal/wrecks",
    "usableOnConsole": true,
    "searchTags": "sakhal, transport, vehicle, watercraft, wrecks",
    "image": "images/structures_sakhal/wrecks/land_boat_small8_red.jpg"
  },
  {
    "objectName": "Land_Boat_Small10_Blue",
    "inGameName": "-",
    "category": "structures_sakhal",
    "modelType": "Config",
    "path": "dz/structures_sakhal/wrecks",
    "usableOnConsole": true,
    "searchTags": "sakhal, transport, vehicle, watercraft, wrecks",
    "image": "images/structures_sakhal/wrecks/land_boat_small10_blue.jpg"
  },
  {
    "objectName": "Land_Boat_Small10_Red",
    "inGameName": "-",
    "category": "structures_sakhal",
    "modelType": "Config",
    "path": "dz/structures_sakhal/wrecks",
    "usableOnConsole": true,
    "searchTags": "sakhal, transport, vehicle, watercraft, wrecks",
    "image": "images/structures_sakhal/wrecks/land_boat_small10_red.jpg"
  },
  {
    "objectName": "Land_Static_An2",
    "inGameName": "-",
    "category": "structures_sakhal",
    "modelType": "Config",
    "path": "dz/structures_sakhal/wrecks",
    "usableOnConsole": true,
    "searchTags": "sakhal, wrecks",
    "image": "images/structures_sakhal/wrecks/land_static_an2.jpg"
  },
  {
    "objectName": "Land_Static_Mi8_Civilian",
    "inGameName": "-",
    "category": "structures_sakhal",
    "modelType": "Config",
    "path": "dz/structures_sakhal/wrecks",
    "usableOnConsole": true,
    "searchTags": "sakhal, wrecks, helicopter, aviation",
    "image": "images/structures_sakhal/wrecks/land_static_mi8_civilian.jpg"
  },
  {
    "objectName": "Land_Wreck_Mi8_Civilian",
    "inGameName": "-",
    "category": "structures_sakhal",
    "modelType": "Config",
    "path": "dz/structures_sakhal/wrecks",
    "usableOnConsole": true,
    "searchTags": "sakhal, wrecks, helicopter, aviation",
    "image": "images/structures_sakhal/wrecks/land_wreck_mi8_civilian.jpg"
  },
  {
    "objectName": "StaticObj_PatrolBoat_Military_DE",
    "inGameName": "-",
    "category": "structures_sakhal",
    "modelType": "Config",
    "path": "dz/structures_sakhal/wrecks",
    "usableOnConsole": true,
    "searchTags": "sakhal, transport, vehicle, watercraft, wrecks",
    "image": "images/structures_sakhal/wrecks/staticobj_patrolboat_military_de.jpg"
  },
  {
    "objectName": "boat_small10_blue.p3d",
    "inGameName": "-",
    "category": "structures_sakhal",
    "modelType": "Raw P3D",
    "path": "dz/structures_sakhal/wrecks",
    "usableOnConsole": false,
    "searchTags": "sakhal, transport, vehicle, watercraft, wrecks",
    "image": "images/structures_sakhal/wrecks/land_boat_small10_blue.jpg"
  },
  {
    "objectName": "boat_small10_red.p3d",
    "inGameName": "-",
    "category": "structures_sakhal",
    "modelType": "Raw P3D",
    "path": "dz/structures_sakhal/wrecks",
    "usableOnConsole": false,
    "searchTags": "sakhal, transport, vehicle, watercraft, wrecks",
    "image": "images/structures_sakhal/wrecks/land_boat_small10_red.jpg"
  },
  {
    "objectName": "boat_small7.p3d",
    "inGameName": "-",
    "category": "structures_sakhal",
    "modelType": "Raw P3D",
    "path": "dz/structures_sakhal/wrecks",
    "usableOnConsole": false,
    "searchTags": "sakhal, transport, vehicle, watercraft, wrecks",
    "image": "images/structures_sakhal/wrecks/land_boat_small7.jpg"
  },
  {
    "objectName": "boat_small8_blue.p3d",
    "inGameName": "-",
    "category": "structures_sakhal",
    "modelType": "Raw P3D",
    "path": "dz/structures_sakhal/wrecks",
    "usableOnConsole": false,
    "searchTags": "sakhal, transport, vehicle, watercraft, wrecks",
    "image": "images/structures_sakhal/wrecks/boat_small8_blue.p3d.jpg"
  },
  {
    "objectName": "boat_small8_red.p3d",
    "inGameName": "-",
    "category": "structures_sakhal",
    "modelType": "Raw P3D",
    "path": "dz/structures_sakhal/wrecks",
    "usableOnConsole": false,
    "searchTags": "sakhal, transport, vehicle, watercraft, wrecks",
    "image": "images/structures_sakhal/wrecks/boat_small8_red.p3d.jpg"
  },
  {
    "objectName": "patrolboat_military.p3d",
    "inGameName": "-",
    "category": "structures_sakhal",
    "modelType": "Raw P3D",
    "path": "dz/structures_sakhal/wrecks",
    "usableOnConsole": false,
    "searchTags": "sakhal, wrecks, ship, military",
    "image": "images/structures_sakhal/wrecks/patrolboat_military.p3d.jpg"
  },
  {
    "objectName": "static_an2.p3d",
    "inGameName": "-",
    "category": "structures_sakhal",
    "modelType": "Raw P3D",
    "path": "dz/structures_sakhal/wrecks",
    "usableOnConsole": false,
    "searchTags": "sakhal, wrecks",
    "image": "images/structures_sakhal/wrecks/static_an2.p3d.jpg"
  },
  {
    "objectName": "static_mi8_civilian.p3d",
    "inGameName": "-",
    "category": "structures_sakhal",
    "modelType": "Raw P3D",
    "path": "dz/structures_sakhal/wrecks",
    "usableOnConsole": false,
    "searchTags": "sakhal, wrecks, helicopter, aviation",
    "image": "images/structures_sakhal/wrecks/land_static_mi8_civilian.jpg"
  },
  {
    "objectName": "submarine_back.p3d",
    "inGameName": "-",
    "category": "structures_sakhal",
    "modelType": "Raw P3D",
    "path": "dz/structures_sakhal/wrecks",
    "usableOnConsole": false,
    "searchTags": "sakhal, wrecks, ship",
    "image": "images/structures_sakhal/wrecks/submarine_back.p3d.jpg"
  },
  {
    "objectName": "submarine_front.p3d",
    "inGameName": "-",
    "category": "structures_sakhal",
    "modelType": "Raw P3D",
    "path": "dz/structures_sakhal/wrecks",
    "usableOnConsole": false,
    "searchTags": "sakhal, wrecks, ship",
    "image": "images/structures_sakhal/wrecks/submarine_front.p3d.jpg"
  },
  {
    "objectName": "submarine_middle.p3d",
    "inGameName": "-",
    "category": "structures_sakhal",
    "modelType": "Raw P3D",
    "path": "dz/structures_sakhal/wrecks",
    "usableOnConsole": false,
    "searchTags": "sakhal, wrecks, ship",
    "image": "images/structures_sakhal/wrecks/submarine_middle.p3d.jpg"
  },
  {
    "objectName": "wreck_mi8_civilian.p3d",
    "inGameName": "-",
    "category": "structures_sakhal",
    "modelType": "Raw P3D",
    "path": "dz/structures_sakhal/wrecks",
    "usableOnConsole": false,
    "searchTags": "sakhal, wrecks, helicopter, aviation",
    "image": "images/structures_sakhal/wrecks/land_wreck_mi8_civilian.jpg"
  },
  {
    "objectName": "boat_small9.p3d",
    "category": "structures_sakhal",
    "modelType": "Raw P3D",
    "path": "dz/structures_sakhal/wrecks",
    "usableOnConsole": false,
    "searchTags": "sakhal, transport, vehicle, watercraft, wrecks",
    "image": "images/structures_sakhal/wrecks/land_boat_small9.jpg"
  },
  {
    "objectName": "Land_Boat_Small9",
    "category": "structures_sakhal",
    "modelType": "Config",
    "path": "dz/structures_sakhal/wrecks",
    "usableOnConsole": true,
    "searchTags": "sakhal, transport, vehicle, watercraft, wrecks",
    "image": "images/structures_sakhal/wrecks/land_boat_small9.jpg"
  },
  {
    "objectName": "Land_Ship_Medium2",
    "category": "structures_sakhal",
    "modelType": "Config",
    "path": "dz/structures_sakhal/wrecks",
    "usableOnConsole": true,
    "searchTags": "sakhal, wrecks",
    "image": "images/structures_sakhal/wrecks/land_ship_medium2.jpg"
  },
  {
    "objectName": "Land_wreck_sed02_aban1_police",
    "category": "structures_sakhal",
    "modelType": "Config",
    "path": "dz/structures_sakhal/wrecks",
    "usableOnConsole": true,
    "searchTags": "sakhal, wrecks",
    "image": "images/structures_sakhal/wrecks/land_wreck_sed02_aban1_police.jpg"
  },
  {
    "objectName": "Land_wreck_sed02_aban1_police_DE",
    "category": "structures_sakhal",
    "modelType": "Config",
    "path": "dz/structures_sakhal/wrecks",
    "usableOnConsole": true,
    "searchTags": "sakhal, wrecks",
    "image": "images/structures_sakhal/wrecks/land_wreck_sed02_aban1_police_de.jpg"
  },
  {
    "objectName": "Land_wreck_sed02_aban2_police",
    "category": "structures_sakhal",
    "modelType": "Config",
    "path": "dz/structures_sakhal/wrecks",
    "usableOnConsole": true,
    "searchTags": "sakhal, wrecks",
    "image": "images/structures_sakhal/wrecks/land_wreck_sed02_aban2_police.jpg"
  },
  {
    "objectName": "Land_wreck_sed02_aban2_police_DE",
    "category": "structures_sakhal",
    "modelType": "Config",
    "path": "dz/structures_sakhal/wrecks",
    "usableOnConsole": true,
    "searchTags": "sakhal, wrecks",
    "image": "images/structures_sakhal/wrecks/land_wreck_sed02_aban2_police_de.jpg"
  },
  {
    "objectName": "ship_medium2.p3d",
    "category": "structures_sakhal",
    "modelType": "Raw P3D",
    "path": "dz/structures_sakhal/wrecks",
    "usableOnConsole": false,
    "searchTags": "sakhal, wrecks",
    "image": "images/structures_sakhal/wrecks/land_ship_medium2.jpg"
  }
]
