[
  {
    "objectName": "StaticObj_Furniture_picture_b_02",
    "inGameName": "-",
    "category": "structures",
    "modelType": "Config",
    "path": "dz/structures/furniture/decoration/wallboards/picture_b_02",
    "usableOnConsole": true,
    "searchTags": "decoration, wallboards",
    "image": "images/structures/furniture/decoration/wallboards/picture_b_02/staticobj_furniture_picture_b_02.jpg",
    "id": "dzobj_zoyrvw0f9q"
  },
  {
    "objectName": "picture_b_02.p3d",
    "inGameName": "-",
    "category": "structures",
    "modelType": "Raw P3D",
    "path": "dz/structures/furniture/decoration/wallboards/picture_b_02",
    "usableOnConsole": false,
    "searchTags": "decoration, furniture, wallboards",
    "image": "images/structures/furniture/decoration/wallboards/picture_b_02/picture_b_02.p3d.jpg",
    "id": "dzobj_20uj9p3fis"
  }
]
