[
  {
    "objectName": "Longhorn",
    "inGameName": "Longhorn",
    "category": "weapons",
    "modelType": "Config",
    "path": "dz/weapons/pistols/longhorn",
    "usableOnConsole": true,
    "searchTags": "pistols, weapon, weapons",
    "image": "images/weapons/pistols/longhorn/longhorn.jpg",
    "id": "dzobj_95iajajq71"
  },
  {
    "objectName": "ProxyLongHorn",
    "inGameName": "-",
    "category": "weapons",
    "modelType": "Config",
    "path": "dz/weapons/pistols/longhorn",
    "usableOnConsole": true,
    "searchTags": "longhorn, pistols, weapon, weapons",
    "image": "images/weapons/pistols/longhorn/proxylonghorn.jpg",
    "id": "dzobj_zmb869tdl8"
  },
  {
    "objectName": "longhorn.p3d",
    "inGameName": "-",
    "category": "weapons",
    "modelType": "Raw P3D",
    "path": "dz/weapons/pistols/longhorn",
    "usableOnConsole": false,
    "searchTags": "pistols, weapon, weapons",
    "image": "images/weapons/pistols/longhorn/longhorn.p3d.jpg",
    "id": "dzobj_0icw2b5x1v"
  }
]
