[
  {
    "objectName": "StaticObj_Ice_Sea_Piece_1",
    "inGameName": "-",
    "category": "water_sakhal",
    "modelType": "Config",
    "path": "dz/water_sakhal/ice_sea",
    "usableOnConsole": true,
    "searchTags": "",
    "image": "images/water_sakhal/ice_sea/staticobj_ice_sea_piece_1.jpg",
    "id": "dzobj_jvhvddzqih"
  },
  {
    "objectName": "StaticObj_Ice_Sea_Piece_2",
    "inGameName": "-",
    "category": "water_sakhal",
    "modelType": "Config",
    "path": "dz/water_sakhal/ice_sea",
    "usableOnConsole": true,
    "searchTags": "",
    "image": "images/water_sakhal/ice_sea/staticobj_ice_sea_piece_2.jpg",
    "id": "dzobj_5piucb3kko"
  },
  {
    "objectName": "StaticObj_Ice_Sea_Piece_3",
    "inGameName": "-",
    "category": "water_sakhal",
    "modelType": "Config",
    "path": "dz/water_sakhal/ice_sea",
    "usableOnConsole": true,
    "searchTags": "",
    "image": "images/water_sakhal/ice_sea/staticobj_ice_sea_piece_3.jpg",
    "id": "dzobj_fm2rmecbx4"
  },
  {
    "objectName": "StaticObj_Ice_Sea_Piece_4",
    "inGameName": "-",
    "category": "water_sakhal",
    "modelType": "Config",
    "path": "dz/water_sakhal/ice_sea",
    "usableOnConsole": true,
    "searchTags": "",
    "image": "images/water_sakhal/ice_sea/staticobj_ice_sea_piece_4.jpg",
    "id": "dzobj_3yenq26hf8"
  },
  {
    "objectName": "StaticObj_Ice_Sea_Piece_5",
    "inGameName": "-",
    "category": "water_sakhal",
    "modelType": "Config",
    "path": "dz/water_sakhal/ice_sea",
    "usableOnConsole": true,
    "searchTags": "",
    "image": "images/water_sakhal/ice_sea/staticobj_ice_sea_piece_5.jpg",
    "id": "dzobj_22gthbboa7"
  },
  {
    "objectName": "StaticObj_Ice_Sea_Piece_6",
    "inGameName": "-",
    "category": "water_sakhal",
    "modelType": "Config",
    "path": "dz/water_sakhal/ice_sea",
    "usableOnConsole": true,
    "searchTags": "",
    "image": "images/water_sakhal/ice_sea/staticobj_ice_sea_piece_6.jpg",
    "id": "dzobj_d3vcvuj8nt"
  },
  {
    "objectName": "StaticObj_Ice_Sea_Piece_7",
    "inGameName": "-",
    "category": "water_sakhal",
    "modelType": "Config",
    "path": "dz/water_sakhal/ice_sea",
    "usableOnConsole": true,
    "searchTags": "",
    "image": "images/water_sakhal/ice_sea/staticobj_ice_sea_piece_7.jpg",
    "id": "dzobj_893l5f9kw1"
  },
  {
    "objectName": "StaticObj_Ice_Sea_Piece_8",
    "inGameName": "-",
    "category": "water_sakhal",
    "modelType": "Config",
    "path": "dz/water_sakhal/ice_sea",
    "usableOnConsole": true,
    "searchTags": "",
    "image": "images/water_sakhal/ice_sea/staticobj_ice_sea_piece_8.jpg",
    "id": "dzobj_hqrj07b0hi"
  },
  {
    "objectName": "StaticObj_Ice_Sea_Square_50m",
    "inGameName": "-",
    "category": "water_sakhal",
    "modelType": "Config",
    "path": "dz/water_sakhal/ice_sea",
    "usableOnConsole": true,
    "searchTags": "",
    "image": "images/water_sakhal/ice_sea/staticobj_ice_sea_square_50m.jpg",
    "id": "dzobj_6bkvkndoqr"
  },
  {
    "objectName": "StaticObj_Ice_Sea_Square_Box_50m",
    "inGameName": "-",
    "category": "water_sakhal",
    "modelType": "Config",
    "path": "dz/water_sakhal/ice_sea",
    "usableOnConsole": true,
    "searchTags": "",
    "image": "images/water_sakhal/ice_sea/staticobj_ice_sea_square_box_50m.jpg",
    "id": "dzobj_a8012iwbb6"
  },
  {
    "objectName": "StaticObj_Ice_Sea_Triangle_1",
    "inGameName": "-",
    "category": "water_sakhal",
    "modelType": "Config",
    "path": "dz/water_sakhal/ice_sea",
    "usableOnConsole": true,
    "searchTags": "",
    "image": "images/water_sakhal/ice_sea/staticobj_ice_sea_triangle_1.jpg",
    "id": "dzobj_uqyiz03vf3"
  },
  {
    "objectName": "StaticObj_Ice_Sea_Triangle_2",
    "inGameName": "-",
    "category": "water_sakhal",
    "modelType": "Config",
    "path": "dz/water_sakhal/ice_sea",
    "usableOnConsole": true,
    "searchTags": "",
    "image": "images/water_sakhal/ice_sea/staticobj_ice_sea_triangle_2.jpg",
    "id": "dzobj_scerxg8hkr"
  },
  {
    "objectName": "ice_sea_piece_1.p3d",
    "inGameName": "-",
    "category": "water_sakhal",
    "modelType": "Raw P3D",
    "path": "dz/water_sakhal/ice_sea",
    "usableOnConsole": false,
    "searchTags": "",
    "image": "images/water_sakhal/ice_sea/ice_sea_piece_1.p3d.jpg",
    "id": "dzobj_1iw4u1231g"
  },
  {
    "objectName": "ice_sea_piece_2.p3d",
    "inGameName": "-",
    "category": "water_sakhal",
    "modelType": "Raw P3D",
    "path": "dz/water_sakhal/ice_sea",
    "usableOnConsole": false,
    "searchTags": "",
    "image": "images/water_sakhal/ice_sea/ice_sea_piece_2.p3d.jpg",
    "id": "dzobj_v1lca2tce8"
  },
  {
    "objectName": "ice_sea_piece_3.p3d",
    "inGameName": "-",
    "category": "water_sakhal",
    "modelType": "Raw P3D",
    "path": "dz/water_sakhal/ice_sea",
    "usableOnConsole": false,
    "searchTags": "",
    "image": "images/water_sakhal/ice_sea/ice_sea_piece_3.p3d.jpg",
    "id": "dzobj_wmofb1kof6"
  },
  {
    "objectName": "ice_sea_piece_4.p3d",
    "inGameName": "-",
    "category": "water_sakhal",
    "modelType": "Raw P3D",
    "path": "dz/water_sakhal/ice_sea",
    "usableOnConsole": false,
    "searchTags": "",
    "image": "images/water_sakhal/ice_sea/ice_sea_piece_4.p3d.jpg",
    "id": "dzobj_ghx51byags"
  },
  {
    "objectName": "ice_sea_piece_5.p3d",
    "inGameName": "-",
    "category": "water_sakhal",
    "modelType": "Raw P3D",
    "path": "dz/water_sakhal/ice_sea",
    "usableOnConsole": false,
    "searchTags": "",
    "image": "images/water_sakhal/ice_sea/ice_sea_piece_5.p3d.jpg",
    "id": "dzobj_q27cz45hfk"
  },
  {
    "objectName": "ice_sea_piece_6.p3d",
    "inGameName": "-",
    "category": "water_sakhal",
    "modelType": "Raw P3D",
    "path": "dz/water_sakhal/ice_sea",
    "usableOnConsole": false,
    "searchTags": "",
    "image": "images/water_sakhal/ice_sea/ice_sea_piece_6.p3d.jpg",
    "id": "dzobj_0rgdwqe4f5"
  },
  {
    "objectName": "ice_sea_piece_7.p3d",
    "inGameName": "-",
    "category": "water_sakhal",
    "modelType": "Raw P3D",
    "path": "dz/water_sakhal/ice_sea",
    "usableOnConsole": false,
    "searchTags": "",
    "image": "images/water_sakhal/ice_sea/ice_sea_piece_7.p3d.jpg",
    "id": "dzobj_dhngu645in"
  },
  {
    "objectName": "ice_sea_piece_8.p3d",
    "inGameName": "-",
    "category": "water_sakhal",
    "modelType": "Raw P3D",
    "path": "dz/water_sakhal/ice_sea",
    "usableOnConsole": false,
    "searchTags": "",
    "image": "images/water_sakhal/ice_sea/ice_sea_piece_8.p3d.jpg",
    "id": "dzobj_vnic6mskeu"
  },
  {
    "objectName": "ice_sea_square_50m.p3d",
    "inGameName": "-",
    "category": "water_sakhal",
    "modelType": "Raw P3D",
    "path": "dz/water_sakhal/ice_sea",
    "usableOnConsole": false,
    "searchTags": "",
    "image": "images/water_sakhal/ice_sea/ice_sea_square_50m.p3d.jpg",
    "id": "dzobj_14zwexgrxe"
  },
  {
    "objectName": "ice_sea_square_box_50m.p3d",
    "inGameName": "-",
    "category": "water_sakhal",
    "modelType": "Raw P3D",
    "path": "dz/water_sakhal/ice_sea",
    "usableOnConsole": false,
    "searchTags": "",
    "image": "images/water_sakhal/ice_sea/ice_sea_square_box_50m.p3d.jpg",
    "id": "dzobj_2q77rbz0mc"
  },
  {
    "objectName": "ice_sea_triangle_1.p3d",
    "inGameName": "-",
    "category": "water_sakhal",
    "modelType": "Raw P3D",
    "path": "dz/water_sakhal/ice_sea",
    "usableOnConsole": false,
    "searchTags": "",
    "image": "images/water_sakhal/ice_sea/ice_sea_triangle_1.p3d.jpg",
    "id": "dzobj_q14vqvpq3u"
  },
  {
    "objectName": "ice_sea_triangle_2.p3d",
    "inGameName": "-",
    "category": "water_sakhal",
    "modelType": "Raw P3D",
    "path": "dz/water_sakhal/ice_sea",
    "usableOnConsole": false,
    "searchTags": "",
    "image": "images/water_sakhal/ice_sea/ice_sea_triangle_2.p3d.jpg",
    "id": "dzobj_dfv8wihylp"
  }
]
