[
  {
    "objectName": "StaticObj_Furniture_lekarnicka",
    "inGameName": "-",
    "category": "structures",
    "modelType": "Config",
    "path": "dz/structures/furniture/decoration/lekarnicka",
    "usableOnConsole": true,
    "searchTags": "decoration",
    "image": "images/structures/furniture/decoration/lekarnicka/staticobj_furniture_lekarnicka.jpg"
  },
  {
    "objectName": "lekarnicka.p3d",
    "inGameName": "-",
    "category": "structures",
    "modelType": "Raw P3D",
    "path": "dz/structures/furniture/decoration/lekarnicka",
    "usableOnConsole": false,
    "searchTags": "decoration, furniture",
    "image": "images/structures/furniture/decoration/lekarnicka/lekarnicka.p3d.jpg"
  }
]
