[
  {
    "objectName": "StaticObj_Furniture_washing_machine",
    "inGameName": "-",
    "category": "structures",
    "modelType": "Config",
    "path": "dz/structures/furniture/eletrical_appliances/washing_machine",
    "usableOnConsole": true,
    "searchTags": "appliances, eletrical",
    "image": "images/structures/furniture/eletrical_appliances/washing_machine/staticobj_furniture_washing_machine.jpg"
  },
  {
    "objectName": "washing_machine.p3d",
    "inGameName": "-",
    "category": "structures",
    "modelType": "Raw P3D",
    "path": "dz/structures/furniture/eletrical_appliances/washing_machine",
    "usableOnConsole": false,
    "searchTags": "appliances, eletrical, furniture",
    "image": "images/structures/furniture/eletrical_appliances/washing_machine/washing_machine.p3d.jpg"
  }
]
