[
  {
    "objectName": "Land_Tower_TC5",
    "inGameName": "-",
    "category": "structures_bliss",
    "modelType": "Config",
    "path": "dz/structures_bliss/specific/towers",
    "usableOnConsole": true,
    "searchTags": "livoniaa, specific, towers, watch, radio",
    "image": "images/structures_bliss/specific/towers/land_tower_tc5.jpg",
    "id": "dzobj_brfcvo0mtq"
  },
  {
    "objectName": "Land_Tower_TC6",
    "inGameName": "-",
    "category": "structures_bliss",
    "modelType": "Config",
    "path": "dz/structures_bliss/specific/towers",
    "usableOnConsole": true,
    "searchTags": "livoniaa, specific, towers, watch, radio",
    "image": "images/structures_bliss/specific/towers/land_tower_tc6.jpg",
    "id": "dzobj_j3cr3hbwyf"
  },
  {
    "objectName": "StaticObj_Transmitter_Box",
    "inGameName": "-",
    "category": "structures_bliss",
    "modelType": "Config",
    "path": "dz/structures_bliss/specific/towers",
    "usableOnConsole": true,
    "searchTags": "livoniaa, crate, specific, storage, towers, radio",
    "image": "images/structures_bliss/specific/towers/staticobj_transmitter_box.jpg",
    "id": "dzobj_etu2dc5jgb"
  },
  {
    "objectName": "StaticObj_Transmitter_Small1",
    "inGameName": "-",
    "category": "structures_bliss",
    "modelType": "Config",
    "path": "dz/structures_bliss/specific/towers",
    "usableOnConsole": true,
    "searchTags": "livoniaa, specific, towers",
    "image": "images/structures_bliss/specific/towers/staticobj_transmitter_small1.jpg",
    "id": "dzobj_ecb4cxubaq"
  },
  {
    "objectName": "StaticObj_Transmitter_Small2",
    "inGameName": "-",
    "category": "structures_bliss",
    "modelType": "Config",
    "path": "dz/structures_bliss/specific/towers",
    "usableOnConsole": true,
    "searchTags": "livoniaa, specific, towers",
    "image": "images/structures_bliss/specific/towers/staticobj_transmitter_small2.jpg",
    "id": "dzobj_wycm2cdhcf"
  },
  {
    "objectName": "tower_tc5.p3d",
    "inGameName": "-",
    "category": "structures_bliss",
    "modelType": "Raw P3D",
    "path": "dz/structures_bliss/specific/towers",
    "usableOnConsole": false,
    "searchTags": "livoniaa, specific, towers, watch",
    "image": "images/structures_bliss/specific/towers/land_tower_tc5.jpg",
    "id": "dzobj_npy89ic2rx"
  },
  {
    "objectName": "tower_tc6.p3d",
    "inGameName": "-",
    "category": "structures_bliss",
    "modelType": "Raw P3D",
    "path": "dz/structures_bliss/specific/towers",
    "usableOnConsole": false,
    "searchTags": "livoniaa, specific, towers, watch",
    "image": "images/structures_bliss/specific/towers/land_tower_tc6.jpg",
    "id": "dzobj_3via4kbuyf"
  },
  {
    "objectName": "transmitter_box.p3d",
    "inGameName": "-",
    "category": "structures_bliss",
    "modelType": "Raw P3D",
    "path": "dz/structures_bliss/specific/towers",
    "usableOnConsole": false,
    "searchTags": "livoniaa, crate, specific, storage, towers",
    "image": "images/structures_bliss/specific/towers/staticobj_transmitter_box.jpg",
    "id": "dzobj_wipzo2e8g1"
  },
  {
    "objectName": "transmitter_small1.p3d",
    "inGameName": "-",
    "category": "structures_bliss",
    "modelType": "Raw P3D",
    "path": "dz/structures_bliss/specific/towers",
    "usableOnConsole": false,
    "searchTags": "livoniaa, specific, towers",
    "image": "images/structures_bliss/specific/towers/staticobj_transmitter_small1.jpg",
    "id": "dzobj_6nwskz5ugp"
  },
  {
    "objectName": "transmitter_small2.p3d",
    "inGameName": "-",
    "category": "structures_bliss",
    "modelType": "Raw P3D",
    "path": "dz/structures_bliss/specific/towers",
    "usableOnConsole": false,
    "searchTags": "livoniaa, specific, towers",
    "image": "images/structures_bliss/specific/towers/staticobj_transmitter_small2.jpg",
    "id": "dzobj_t58f1ab4cp"
  }
]
