[
  {
    "objectName": "SportGlasses_Black",
    "inGameName": "Athletic Sunglasses",
    "category": "characters",
    "modelType": "Config",
    "path": "dz/characters/glasses",
    "usableOnConsole": true,
    "searchTags": "glasses, sport, wraparound, athletic, eyewear",
    "image": "images/characters/glasses/sportglasses_black/sportglasses_black.jpg",
    "id": "dzobj_7geuliboml"
  },
  {
    "objectName": "SportGlasses_Blue",
    "inGameName": "Athletic Sunglasses",
    "category": "characters",
    "modelType": "Config",
    "path": "dz/characters/glasses",
    "usableOnConsole": true,
    "searchTags": "glasses, sport, wraparound, athletic, eyewear",
    "image": "images/characters/glasses/sportglasses_blue/sportglasses_blue.jpg",
    "id": "dzobj_fdwx9ifype"
  },
  {
    "objectName": "SportGlasses_Green",
    "inGameName": "Athletic Sunglasses",
    "category": "characters",
    "modelType": "Config",
    "path": "dz/characters/glasses",
    "usableOnConsole": true,
    "searchTags": "glasses, sport, wraparound, athletic, eyewear",
    "image": "images/characters/glasses/sportglasses_green/sportglasses_green.jpg",
    "id": "dzobj_u695r8dkc3"
  },
  {
    "objectName": "SportGlasses_Orange",
    "inGameName": "Athletic Sunglasses",
    "category": "characters",
    "modelType": "Config",
    "path": "dz/characters/glasses",
    "usableOnConsole": true,
    "searchTags": "glasses, sport, wraparound, athletic, eyewear",
    "image": "images/characters/glasses/sportglasses_orange/sportglasses_orange.jpg",
    "id": "dzobj_u2er2vzwt8"
  },
  {
    "objectName": "AviatorGlasses",
    "inGameName": "Aviator Sunglasses",
    "category": "characters",
    "modelType": "Config",
    "path": "dz/characters/glasses",
    "usableOnConsole": true,
    "searchTags": "glasses, sunglasses, aviator, pilot, eyewear",
    "image": "images/characters/glasses/aviatorglasses/aviatorglasses.jpg",
    "id": "dzobj_qo3trx0jks"
  },
  {
    "objectName": "DesignerGlasses",
    "inGameName": "Casual Sunglasses",
    "category": "characters",
    "modelType": "Config",
    "path": "dz/characters/glasses",
    "usableOnConsole": true,
    "searchTags": "glasses, sunglasses, designer, casual, eyewear",
    "image": "images/characters/glasses/designerglasses/designerglasses.jpg",
    "id": "dzobj_i03br5y65r"
  },
  {
    "objectName": "ThickFramesGlasses",
    "inGameName": "Classic Glasses",
    "category": "characters",
    "modelType": "Config",
    "path": "dz/characters/glasses",
    "usableOnConsole": true,
    "searchTags": "glasses, eyeglasses, thick frame, nerd, classic",
    "image": "images/characters/glasses/thickframesglasses/thickframesglasses.jpg",
    "id": "dzobj_ogtu2flojj"
  },
  {
    "objectName": "ThinFramesGlasses",
    "inGameName": "Slim Glasses",
    "category": "characters",
    "modelType": "Config",
    "path": "dz/characters/glasses",
    "usableOnConsole": true,
    "searchTags": "glasses, eyeglasses, thin frame, slim, light",
    "image": "images/characters/glasses/thinframesglasses/thinframesglasses.jpg",
    "id": "dzobj_cks5uqwzqb"
  },
  {
    "objectName": "TacticalGoggles",
    "inGameName": "Tactical Goggles",
    "category": "characters",
    "modelType": "Config",
    "path": "dz/characters/glasses",
    "usableOnConsole": true,
    "searchTags": "goggles, tactical, military, protective, eyewear",
    "image": "images/characters/glasses/tacticalgoggles/tacticalgoggles.jpg",
    "id": "dzobj_1osisyamzi"
  },
  {
    "objectName": "EyePatch_Improvised",
    "inGameName": "Improvised Eye Patch",
    "category": "characters",
    "modelType": "Config",
    "path": "dz/characters/glasses",
    "usableOnConsole": true,
    "searchTags": "eye patch, improvised, bandage, pirate, medical",
    "image": "images/characters/glasses/eyepatch_improvised/eyepatch_improvised.jpg",
    "id": "dzobj_kpnq0xny4z"
  },
  {
    "objectName": "NVGHeadstrap",
    "inGameName": "NVG Headstrap",
    "category": "characters",
    "modelType": "Config",
    "path": "dz/characters/glasses",
    "usableOnConsole": true,
    "searchTags": "nvg, night vision, headstrap, mount, goggles",
    "image": "images/characters/glasses/nvgheadstrap/nvgheadstrap.jpg",
    "id": "dzobj_32g7shc53m"
  },
  {
    "objectName": "NVGoggles",
    "inGameName": "Night Vision Goggles",
    "category": "characters",
    "modelType": "Config",
    "path": "dz/characters/glasses",
    "usableOnConsole": true,
    "searchTags": "nvg, night vision, goggles, military, stealth",
    "image": "images/characters/glasses/nvgoggles/nvgoggles.jpg",
    "id": "dzobj_9pgf0a8zot"
  },
  {
    "objectName": "EyeMask_Black",
    "inGameName": "Carnival Mask",
    "category": "characters",
    "modelType": "Config",
    "path": "dz/characters/glasses",
    "usableOnConsole": true,
    "searchTags": "mask, carnival, costume, festival, party",
    "image": "images/characters/glasses/eyemask_black/eyemask_black.jpg",
    "id": "dzobj_ehczaddu5r"
  },
  {
    "objectName": "EyeMask_Blue",
    "inGameName": "Carnival Mask",
    "category": "characters",
    "modelType": "Config",
    "path": "dz/characters/glasses",
    "usableOnConsole": true,
    "searchTags": "mask, carnival, costume, festival, party",
    "image": "images/characters/glasses/eyemask_blue/eyemask_blue.jpg",
    "id": "dzobj_qz5p4mzzet"
  },
  {
    "objectName": "EyeMask_Christmas",
    "inGameName": "Carnival Mask",
    "category": "characters",
    "modelType": "Config",
    "path": "dz/characters/glasses",
    "usableOnConsole": true,
    "searchTags": "mask, carnival, costume, festival, party",
    "image": "images/characters/glasses/eyemask_christmas/eyemask_christmas.jpg",
    "id": "dzobj_8hjv5ys5pb"
  },
  {
    "objectName": "EyeMask_Dead",
    "inGameName": "Carnival Mask",
    "category": "characters",
    "modelType": "Config",
    "path": "dz/characters/glasses",
    "usableOnConsole": true,
    "searchTags": "mask, carnival, costume, festival, party",
    "image": "images/characters/glasses/eyemask_dead/eyemask_dead.jpg",
    "id": "dzobj_0q60s79v75"
  },
  {
    "objectName": "EyeMask_NewYears",
    "inGameName": "Carnival Mask",
    "category": "characters",
    "modelType": "Config",
    "path": "dz/characters/glasses",
    "usableOnConsole": true,
    "searchTags": "mask, carnival, costume, festival, party",
    "image": "images/characters/glasses/eyemask_newyears/eyemask_newyears.jpg",
    "id": "dzobj_u7gkofbx22"
  },
  {
    "objectName": "EyeMask_Red",
    "inGameName": "Carnival Mask",
    "category": "characters",
    "modelType": "Config",
    "path": "dz/characters/glasses",
    "usableOnConsole": true,
    "searchTags": "mask, carnival, costume, festival, party",
    "image": "images/characters/glasses/eyemask_red/eyemask_red.jpg",
    "id": "dzobj_axbrlavpd1"
  },
  {
    "objectName": "EyeMask_Valentines",
    "inGameName": "Carnival Mask",
    "category": "characters",
    "modelType": "Config",
    "path": "dz/characters/glasses",
    "usableOnConsole": true,
    "searchTags": "mask, carnival, costume, festival, party",
    "image": "images/characters/glasses/eyemask_valentines/eyemask_valentines.jpg",
    "id": "dzobj_s3loy1pmu5"
  },
  {
    "objectName": "EyeMask_Yellow",
    "inGameName": "Carnival Mask",
    "category": "characters",
    "modelType": "Config",
    "path": "dz/characters/glasses",
    "usableOnConsole": true,
    "searchTags": "mask, carnival, costume, festival, party",
    "image": "images/characters/glasses/eyemask_yellow/eyemask_yellow.jpg",
    "id": "dzobj_i8r1xpr8y5"
  },
  {
    "objectName": "SkiGoggles_WhiteClear",
    "inGameName": "Ski Goggles",
    "category": "characters",
    "modelType": "Config",
    "path": "dz/characters/glasses",
    "usableOnConsole": true,
    "searchTags": "goggles, ski, snow, winter, sports",
    "image": "images/characters/glasses/skigoggles_whiteclear/skigoggles_whiteclear.jpg",
    "id": "dzobj_7n0qrvfvxo"
  },
  {
    "objectName": "SkiGoggles_WhiteDark",
    "inGameName": "Ski Goggles",
    "category": "characters",
    "modelType": "Config",
    "path": "dz/characters/glasses",
    "usableOnConsole": true,
    "searchTags": "goggles, ski, snow, winter, sports",
    "image": "images/characters/glasses/skigoggles_whitedark/skigoggles_whitedark.jpg",
    "id": "dzobj_e35xvnctll"
  },
  {
    "objectName": "SkiGoggles_BlackYellow",
    "inGameName": "Ski Goggles",
    "category": "characters",
    "modelType": "Config",
    "path": "dz/characters/glasses",
    "usableOnConsole": true,
    "searchTags": "goggles, ski, snow, winter, sports",
    "image": "images/characters/glasses/skigoggles_blackyellow/skigoggles_blackyellow.jpg",
    "id": "dzobj_ntvvf5r8gb"
  },
  {
    "objectName": "aviator_glasses_g.p3d",
    "inGameName": "Aviator Sunglasses",
    "category": "characters",
    "modelType": "Raw P3D",
    "path": "dz/characters/glasses",
    "usableOnConsole": false,
    "searchTags": "glasses, sunglasses, aviator, pilot, eyewear",
    "image": "images/characters/glasses/aviator_glasses_g/aviator_glasses_g.jpg",
    "id": "dzobj_qm1g74oepk"
  },
  {
    "objectName": "eyemask_g.p3d",
    "inGameName": "Carnival Mask",
    "category": "characters",
    "modelType": "Raw P3D",
    "path": "dz/characters/glasses",
    "usableOnConsole": false,
    "searchTags": "mask, carnival, costume, festival, party",
    "image": "images/characters/glasses/eyemask_g/eyemask_g.jpg",
    "id": "dzobj_iic81kza4e"
  },
  {
    "objectName": "eyepatch_g.p3d",
    "inGameName": "Improvised Eye Patch",
    "category": "characters",
    "modelType": "Raw P3D",
    "path": "dz/characters/glasses",
    "usableOnConsole": false,
    "searchTags": "eye patch, improvised, bandage, pirate, medical",
    "image": "images/characters/glasses/eyepatch_g/eyepatch_g.jpg",
    "id": "dzobj_obhhfnuhsq"
  },
  {
    "objectName": "glasses_thick_frame_g.p3d",
    "inGameName": "Classic Glasses",
    "category": "characters",
    "modelType": "Raw P3D",
    "path": "dz/characters/glasses",
    "usableOnConsole": false,
    "searchTags": "glasses, eyeglasses, thick frame, nerd, classic",
    "image": "images/characters/glasses/glasses_thick_frame_g/glasses_thick_frame_g.jpg",
    "id": "dzobj_cxhtooe793"
  },
  {
    "objectName": "glasses_thin_frame_g.p3d",
    "inGameName": "Slim Glasses",
    "category": "characters",
    "modelType": "Raw P3D",
    "path": "dz/characters/glasses",
    "usableOnConsole": false,
    "searchTags": "glasses, eyeglasses, thin frame, slim, light",
    "image": "images/characters/glasses/glasses_thin_frame_g/glasses_thin_frame_g.jpg",
    "id": "dzobj_w2fkviqhz1"
  },
  {
    "objectName": "nvg.p3d",
    "inGameName": "-",
    "category": "characters",
    "modelType": "Raw P3D",
    "path": "dz/characters/glasses",
    "usableOnConsole": false,
    "searchTags": "nvg, night vision, goggles, military, stealth",
    "image": "images/characters/glasses/nvg/nvg.jpg",
    "id": "dzobj_0b1xfo7w0y"
  },
  {
    "objectName": "nvg_headstrap_g.p3d",
    "inGameName": "NVG Headstrap",
    "category": "characters",
    "modelType": "Raw P3D",
    "path": "dz/characters/glasses",
    "usableOnConsole": false,
    "searchTags": "nvg, night vision, headstrap, mount, goggles",
    "image": "images/characters/glasses/nvg_headstrap_g/nvg_headstrap_g.jpg",
    "id": "dzobj_swqxvx8c2j"
  },
  {
    "objectName": "skigoggles_g.p3d",
    "inGameName": "-",
    "category": "characters",
    "modelType": "Raw P3D",
    "path": "dz/characters/glasses",
    "usableOnConsole": false,
    "searchTags": "goggles, ski, snow, winter, sports",
    "image": "images/characters/glasses/skigoggles_g/skigoggles_g.jpg",
    "id": "dzobj_qpi7dww6jj"
  },
  {
    "objectName": "sport_glasses_g.p3d",
    "inGameName": "-",
    "category": "characters",
    "modelType": "Raw P3D",
    "path": "dz/characters/glasses",
    "usableOnConsole": false,
    "searchTags": "glasses, sport, wraparound, athletic, eyewear",
    "image": "images/characters/glasses/sport_glasses_g/sport_glasses_g.jpg",
    "id": "dzobj_yb0gbz20sm"
  },
  {
    "objectName": "sunglasses_designer_g.p3d",
    "inGameName": "Casual Sunglasses",
    "category": "characters",
    "modelType": "Raw P3D",
    "path": "dz/characters/glasses",
    "usableOnConsole": false,
    "searchTags": "glasses, sunglasses, designer, casual, eyewear",
    "image": "images/characters/glasses/sunglasses_designer_g/sunglasses_designer_g.jpg",
    "id": "dzobj_fr12r8lpr3"
  },
  {
    "objectName": "tacgoggles_g.p3d",
    "inGameName": "Tactical Goggles",
    "category": "characters",
    "modelType": "Raw P3D",
    "path": "dz/characters/glasses",
    "usableOnConsole": false,
    "searchTags": "goggles, tactical, military, protective, eyewear",
    "image": "images/characters/glasses/tacgoggles_g/tacgoggles_g.jpg",
    "id": "dzobj_vr48xbppmr"
  }
]
