[
  {
    "objectName": "StaticObj_Decal_CaveInterior_Square",
    "inGameName": "-",
    "category": "structures_sakhal",
    "modelType": "Config",
    "path": "dz/structures_sakhal/roads/decals",
    "usableOnConsole": true,
    "searchTags": "",
    "image": "images/structures_sakhal/roads/decals/staticobj_decal_caveinterior_square.jpg",
    "id": "dzobj_kg1c1f8t9p"
  },
  {
    "objectName": "StaticObj_Decal_Crosswalk_East",
    "inGameName": "-",
    "category": "structures_sakhal",
    "modelType": "Config",
    "path": "dz/structures_sakhal/roads/decals",
    "usableOnConsole": true,
    "searchTags": "",
    "image": "images/structures_sakhal/roads/decals/staticobj_decal_crosswalk_east.jpg",
    "id": "dzobj_axsegq0isn"
  },
  {
    "objectName": "StaticObj_Decal_Sakhal_Snow_01",
    "inGameName": "-",
    "category": "structures_sakhal",
    "modelType": "Config",
    "path": "dz/structures_sakhal/roads/decals",
    "usableOnConsole": true,
    "searchTags": "",
    "image": "images/structures_sakhal/roads/decals/staticobj_decal_sakhal_snow_01.jpg",
    "id": "dzobj_5uiriyygif"
  },
  {
    "objectName": "StaticObj_Decal_Sakhal_Snow_01_noLC",
    "inGameName": "-",
    "category": "structures_sakhal",
    "modelType": "Config",
    "path": "dz/structures_sakhal/roads/decals",
    "usableOnConsole": true,
    "searchTags": "",
    "image": "images/structures_sakhal/roads/decals/staticobj_decal_sakhal_snow_01_nolc.jpg",
    "id": "dzobj_7wcd0hdoub"
  },
  {
    "objectName": "StaticObj_Decal_Sakhal_Snow_02",
    "inGameName": "-",
    "category": "structures_sakhal",
    "modelType": "Config",
    "path": "dz/structures_sakhal/roads/decals",
    "usableOnConsole": true,
    "searchTags": "",
    "image": "images/structures_sakhal/roads/decals/staticobj_decal_sakhal_snow_02.jpg",
    "id": "dzobj_j0i1096wc7"
  },
  {
    "objectName": "StaticObj_Decal_Sakhal_Snow_02_noLC",
    "inGameName": "-",
    "category": "structures_sakhal",
    "modelType": "Config",
    "path": "dz/structures_sakhal/roads/decals",
    "usableOnConsole": true,
    "searchTags": "",
    "image": "images/structures_sakhal/roads/decals/staticobj_decal_sakhal_snow_02_nolc.jpg",
    "id": "dzobj_6ztpzb5lpk"
  },
  {
    "objectName": "StaticObj_Decal_Sakhal_Snow_03",
    "inGameName": "-",
    "category": "structures_sakhal",
    "modelType": "Config",
    "path": "dz/structures_sakhal/roads/decals",
    "usableOnConsole": true,
    "searchTags": "",
    "image": "images/structures_sakhal/roads/decals/staticobj_decal_sakhal_snow_03.jpg",
    "id": "dzobj_ivy11exemi"
  },
  {
    "objectName": "StaticObj_Decal_Sakhal_Snow_03_noLC",
    "inGameName": "-",
    "category": "structures_sakhal",
    "modelType": "Config",
    "path": "dz/structures_sakhal/roads/decals",
    "usableOnConsole": true,
    "searchTags": "",
    "image": "images/structures_sakhal/roads/decals/staticobj_decal_sakhal_snow_03_nolc.jpg",
    "id": "dzobj_l55z7do99y"
  },
  {
    "objectName": "StaticObj_Decal_Sakhal_Snow_05",
    "inGameName": "-",
    "category": "structures_sakhal",
    "modelType": "Config",
    "path": "dz/structures_sakhal/roads/decals",
    "usableOnConsole": true,
    "searchTags": "",
    "image": "images/structures_sakhal/roads/decals/staticobj_decal_sakhal_snow_05.jpg",
    "id": "dzobj_hsz6la55oy"
  },
  {
    "objectName": "StaticObj_Decal_Sakhal_Snow_05_noLC",
    "inGameName": "-",
    "category": "structures_sakhal",
    "modelType": "Config",
    "path": "dz/structures_sakhal/roads/decals",
    "usableOnConsole": true,
    "searchTags": "",
    "image": "images/structures_sakhal/roads/decals/staticobj_decal_sakhal_snow_05_nolc.jpg",
    "id": "dzobj_vr5cuj61u5"
  },
  {
    "objectName": "StaticObj_Decal_Sakhal_Snow_06",
    "inGameName": "-",
    "category": "structures_sakhal",
    "modelType": "Config",
    "path": "dz/structures_sakhal/roads/decals",
    "usableOnConsole": true,
    "searchTags": "",
    "image": "images/structures_sakhal/roads/decals/staticobj_decal_sakhal_snow_06.jpg",
    "id": "dzobj_q9059o2aso"
  },
  {
    "objectName": "StaticObj_Decal_Sakhal_Snow_06_noLC",
    "inGameName": "-",
    "category": "structures_sakhal",
    "modelType": "Config",
    "path": "dz/structures_sakhal/roads/decals",
    "usableOnConsole": true,
    "searchTags": "",
    "image": "images/structures_sakhal/roads/decals/staticobj_decal_sakhal_snow_06_nolc.jpg",
    "id": "dzobj_4h9l6z8s83"
  },
  {
    "objectName": "StaticObj_Decal_Sakhal_snow_long1",
    "inGameName": "-",
    "category": "structures_sakhal",
    "modelType": "Config",
    "path": "dz/structures_sakhal/roads/decals",
    "usableOnConsole": true,
    "searchTags": "",
    "image": "images/structures_sakhal/roads/decals/staticobj_decal_sakhal_snow_long1.jpg",
    "id": "dzobj_2uqk68dzmh"
  },
  {
    "objectName": "StaticObj_Decal_Sakhal_snow_long1_noLC",
    "inGameName": "-",
    "category": "structures_sakhal",
    "modelType": "Config",
    "path": "dz/structures_sakhal/roads/decals",
    "usableOnConsole": true,
    "searchTags": "",
    "image": "images/structures_sakhal/roads/decals/staticobj_decal_sakhal_snow_long1_nolc.jpg",
    "id": "dzobj_jrygwm4751"
  },
  {
    "objectName": "decal_caveinterior_square.p3d",
    "inGameName": "-",
    "category": "structures_sakhal",
    "modelType": "Raw P3D",
    "path": "dz/structures_sakhal/roads/decals",
    "usableOnConsole": false,
    "searchTags": "",
    "image": "images/structures_sakhal/roads/decals/decal_caveinterior_square.p3d.jpg",
    "id": "dzobj_xhg0w1w72g"
  },
  {
    "objectName": "decal_crosswalk_east.p3d",
    "inGameName": "-",
    "category": "structures_sakhal",
    "modelType": "Raw P3D",
    "path": "dz/structures_sakhal/roads/decals",
    "usableOnConsole": false,
    "searchTags": "",
    "image": "images/structures_sakhal/roads/decals/decal_crosswalk_east.p3d.jpg",
    "id": "dzobj_ajea0luu2h"
  },
  {
    "objectName": "decal_sakhal_snow_01.p3d",
    "inGameName": "-",
    "category": "structures_sakhal",
    "modelType": "Raw P3D",
    "path": "dz/structures_sakhal/roads/decals",
    "usableOnConsole": false,
    "searchTags": "",
    "image": "images/structures_sakhal/roads/decals/decal_sakhal_snow_01.p3d.jpg",
    "id": "dzobj_wrtnz58jg0"
  },
  {
    "objectName": "decal_sakhal_snow_01_nolc.p3d",
    "inGameName": "-",
    "category": "structures_sakhal",
    "modelType": "Raw P3D",
    "path": "dz/structures_sakhal/roads/decals",
    "usableOnConsole": false,
    "searchTags": "",
    "image": "images/structures_sakhal/roads/decals/decal_sakhal_snow_01_nolc.p3d.jpg",
    "id": "dzobj_yal1sdfe07"
  },
  {
    "objectName": "decal_sakhal_snow_02.p3d",
    "inGameName": "-",
    "category": "structures_sakhal",
    "modelType": "Raw P3D",
    "path": "dz/structures_sakhal/roads/decals",
    "usableOnConsole": false,
    "searchTags": "",
    "image": "images/structures_sakhal/roads/decals/decal_sakhal_snow_02.p3d.jpg",
    "id": "dzobj_cjloxavwr3"
  },
  {
    "objectName": "decal_sakhal_snow_02_nolc.p3d",
    "inGameName": "-",
    "category": "structures_sakhal",
    "modelType": "Raw P3D",
    "path": "dz/structures_sakhal/roads/decals",
    "usableOnConsole": false,
    "searchTags": "",
    "image": "images/structures_sakhal/roads/decals/decal_sakhal_snow_02_nolc.p3d.jpg",
    "id": "dzobj_mvyegcjlsz"
  },
  {
    "objectName": "decal_sakhal_snow_03.p3d",
    "inGameName": "-",
    "category": "structures_sakhal",
    "modelType": "Raw P3D",
    "path": "dz/structures_sakhal/roads/decals",
    "usableOnConsole": false,
    "searchTags": "",
    "image": "images/structures_sakhal/roads/decals/decal_sakhal_snow_03.p3d.jpg",
    "id": "dzobj_z9146n02jj"
  },
  {
    "objectName": "decal_sakhal_snow_03_nolc.p3d",
    "inGameName": "-",
    "category": "structures_sakhal",
    "modelType": "Raw P3D",
    "path": "dz/structures_sakhal/roads/decals",
    "usableOnConsole": false,
    "searchTags": "",
    "image": "images/structures_sakhal/roads/decals/decal_sakhal_snow_03_nolc.p3d.jpg",
    "id": "dzobj_xzmupulr9z"
  },
  {
    "objectName": "decal_sakhal_snow_04.p3d",
    "inGameName": "-",
    "category": "structures_sakhal",
    "modelType": "Raw P3D",
    "path": "dz/structures_sakhal/roads/decals",
    "usableOnConsole": false,
    "searchTags": "",
    "image": "images/structures_sakhal/roads/decals/decal_sakhal_snow_04.p3d.jpg",
    "id": "dzobj_8nvcg1zmzy"
  },
  {
    "objectName": "decal_sakhal_snow_04_nolc.p3d",
    "inGameName": "-",
    "category": "structures_sakhal",
    "modelType": "Raw P3D",
    "path": "dz/structures_sakhal/roads/decals",
    "usableOnConsole": false,
    "searchTags": "",
    "image": "images/structures_sakhal/roads/decals/decal_sakhal_snow_04_nolc.p3d.jpg",
    "id": "dzobj_goq0pqfyt8"
  },
  {
    "objectName": "decal_sakhal_snow_05.p3d",
    "inGameName": "-",
    "category": "structures_sakhal",
    "modelType": "Raw P3D",
    "path": "dz/structures_sakhal/roads/decals",
    "usableOnConsole": false,
    "searchTags": "",
    "image": "images/structures_sakhal/roads/decals/decal_sakhal_snow_05.p3d.jpg",
    "id": "dzobj_w267snzki5"
  },
  {
    "objectName": "decal_sakhal_snow_05_nolc.p3d",
    "inGameName": "-",
    "category": "structures_sakhal",
    "modelType": "Raw P3D",
    "path": "dz/structures_sakhal/roads/decals",
    "usableOnConsole": false,
    "searchTags": "",
    "image": "images/structures_sakhal/roads/decals/decal_sakhal_snow_05_nolc.p3d.jpg",
    "id": "dzobj_8rx17sk0sk"
  },
  {
    "objectName": "decal_sakhal_snow_06.p3d",
    "inGameName": "-",
    "category": "structures_sakhal",
    "modelType": "Raw P3D",
    "path": "dz/structures_sakhal/roads/decals",
    "usableOnConsole": false,
    "searchTags": "",
    "image": "images/structures_sakhal/roads/decals/decal_sakhal_snow_06.p3d.jpg",
    "id": "dzobj_6wjt1tcps5"
  },
  {
    "objectName": "decal_sakhal_snow_06_nolc.p3d",
    "inGameName": "-",
    "category": "structures_sakhal",
    "modelType": "Raw P3D",
    "path": "dz/structures_sakhal/roads/decals",
    "usableOnConsole": false,
    "searchTags": "",
    "image": "images/structures_sakhal/roads/decals/decal_sakhal_snow_06_nolc.p3d.jpg",
    "id": "dzobj_d5vxxfneba"
  },
  {
    "objectName": "decal_sakhal_snow_long1.p3d",
    "inGameName": "-",
    "category": "structures_sakhal",
    "modelType": "Raw P3D",
    "path": "dz/structures_sakhal/roads/decals",
    "usableOnConsole": false,
    "searchTags": "",
    "image": "images/structures_sakhal/roads/decals/decal_sakhal_snow_long1.p3d.jpg",
    "id": "dzobj_8cu8use2r5"
  },
  {
    "objectName": "decal_sakhal_snow_long1_nolc.p3d",
    "inGameName": "-",
    "category": "structures_sakhal",
    "modelType": "Raw P3D",
    "path": "dz/structures_sakhal/roads/decals",
    "usableOnConsole": false,
    "searchTags": "",
    "image": "images/structures_sakhal/roads/decals/decal_sakhal_snow_long1_nolc.p3d.jpg",
    "id": "dzobj_l370ey21zt"
  }
]
