[
  {
    "objectName": "Land_Village_PoliceStation_East",
    "inGameName": "-",
    "category": "structures_sakhal",
    "modelType": "Config",
    "path": "dz/structures_sakhal/residential/police",
    "usableOnConsole": true,
    "searchTags": "residential, sakhal",
    "image": "images/structures_sakhal/residential/police/land_village_policestation_east.jpg",
    "id": "dzobj_o6os445lsx"
  },
  {
    "objectName": "village_policestation_east.p3d",
    "inGameName": "-",
    "category": "structures_sakhal",
    "modelType": "Raw P3D",
    "path": "dz/structures_sakhal/residential/police",
    "usableOnConsole": false,
    "searchTags": "police, residential, sakhal",
    "image": "images/structures_sakhal/residential/police/land_village_policestation_east.jpg",
    "id": "dzobj_91sghzrjaz"
  }
]
