[
  {
    "objectName": "AntiPestsSpray",
    "inGameName": "Insecticide Spray",
    "category": "gear",
    "modelType": "Config",
    "path": "dz/gear/medical",
    "usableOnConsole": true,
    "searchTags": "gear, health, hospital, insecticide, medical",
    "image": "images/gear/medical/antipestsspray.jpg"
  },
  {
    "objectName": "BandageDressing",
    "inGameName": "Bandage",
    "category": "gear",
    "modelType": "Config",
    "path": "dz/gear/medical",
    "usableOnConsole": true,
    "searchTags": "gear, health, hospital, medical",
    "image": "images/gear/medical/bandagedressing.jpg"
  },
  {
    "objectName": "Bandage_end",
    "inGameName": "Disinfectant Spray",
    "category": "gear",
    "modelType": "Config",
    "path": "dz/gear/medical",
    "usableOnConsole": true,
    "searchTags": "disinfectant, gear, health, hospital, medical, spray",
    "image": "images/gear/medical/bandage_end.jpg"
  },
  {
    "objectName": "DisinfectantSpray",
    "inGameName": "Disinfectant Spray",
    "category": "gear",
    "modelType": "Config",
    "path": "dz/gear/medical",
    "usableOnConsole": true,
    "searchTags": "gear, health, hospital, medical",
    "image": "images/gear/medical/disinfectantspray.jpg"
  },
  {
    "objectName": "DisinfectantAlcohol",
    "inGameName": "Alcoholic Tincture",
    "category": "gear",
    "modelType": "Config",
    "path": "dz/gear/medical",
    "usableOnConsole": true,
    "searchTags": "alcoholic, gear, health, hospital, medical, tincture",
    "image": "images/gear/medical/disinfectantalcohol.jpg"
  },
  {
    "objectName": "PurificationTablets",
    "inGameName": "Chlorine Tablets",
    "category": "gear",
    "modelType": "Config",
    "path": "dz/gear/medical",
    "usableOnConsole": true,
    "searchTags": "chlorine, gear, health, hospital, medical",
    "image": "images/gear/medical/purificationtablets.jpg"
  },
  {
    "objectName": "CharcoalTablets",
    "inGameName": "Charcoal Tablets",
    "category": "gear",
    "modelType": "Config",
    "path": "dz/gear/medical",
    "usableOnConsole": true,
    "searchTags": "gear, health, hospital, medical",
    "image": "images/gear/medical/charcoaltablets.jpg"
  },
  {
    "objectName": "PainkillerTablets",
    "inGameName": "Codeine Pills",
    "category": "gear",
    "modelType": "Config",
    "path": "dz/gear/medical",
    "usableOnConsole": true,
    "searchTags": "codeine, gear, health, hospital, medical, pills",
    "image": "images/gear/medical/painkillertablets.jpg"
  },
  {
    "objectName": "VitaminBottle",
    "inGameName": "Multivitamin Pills",
    "category": "gear",
    "modelType": "Config",
    "path": "dz/gear/medical",
    "usableOnConsole": true,
    "searchTags": "gear, health, hospital, medical, multivitamin, pills",
    "image": "images/gear/medical/vitaminbottle.jpg"
  },
  {
    "objectName": "ChelatingTablets",
    "inGameName": "Chelating Tablets",
    "category": "gear",
    "modelType": "Config",
    "path": "dz/gear/medical",
    "usableOnConsole": true,
    "searchTags": "gear, health, hospital, medical",
    "image": "images/gear/medical/chelatingtablets.jpg"
  },
  {
    "objectName": "IodineTincture",
    "inGameName": "Iodine Tincture",
    "category": "gear",
    "modelType": "Config",
    "path": "dz/gear/medical",
    "usableOnConsole": true,
    "searchTags": "gear, health, hospital, medical",
    "image": "images/gear/medical/iodinetincture.jpg"
  },
  {
    "objectName": "TetracyclineAntibiotics",
    "inGameName": "Tetracycline Pills",
    "category": "gear",
    "modelType": "Config",
    "path": "dz/gear/medical",
    "usableOnConsole": true,
    "searchTags": "gear, health, hospital, medical, pills",
    "image": "images/gear/medical/tetracyclineantibiotics.jpg"
  },
  {
    "objectName": "Epinephrine",
    "inGameName": "Epinephrine Auto-Injector",
    "category": "gear",
    "modelType": "Config",
    "path": "dz/gear/medical",
    "usableOnConsole": true,
    "searchTags": "auto, gear, health, hospital, injector, medical",
    "image": "images/gear/medical/epinephrine.jpg"
  },
  {
    "objectName": "Morphine",
    "inGameName": "Morphine Auto-Injector",
    "category": "gear",
    "modelType": "Config",
    "path": "dz/gear/medical",
    "usableOnConsole": true,
    "searchTags": "auto, gear, health, hospital, injector, medical",
    "image": "images/gear/medical/morphine.jpg"
  },
  {
    "objectName": "AntiChemInjector",
    "inGameName": "PO-X Antidote",
    "category": "gear",
    "modelType": "Config",
    "path": "dz/gear/medical",
    "usableOnConsole": true,
    "searchTags": "antidote, gear, health, hospital, medical, pox",
    "image": "images/gear/medical/anticheminjector.jpg"
  },
  {
    "objectName": "Syringe",
    "inGameName": "Syringe",
    "category": "gear",
    "modelType": "Config",
    "path": "dz/gear/medical",
    "usableOnConsole": true,
    "searchTags": "gear, health, hospital, medical",
    "image": "images/gear/medical/syringe.jpg"
  },
  {
    "objectName": "ClearSyringe",
    "inGameName": "Syringe",
    "category": "gear",
    "modelType": "Config",
    "path": "dz/gear/medical",
    "usableOnConsole": true,
    "searchTags": "gear, health, hospital, medical",
    "image": "images/gear/medical/clearsyringe.jpg"
  },
  {
    "objectName": "BloodSyringe",
    "inGameName": "Syringe",
    "category": "gear",
    "modelType": "Config",
    "path": "dz/gear/medical",
    "usableOnConsole": true,
    "searchTags": "gear, health, hospital, medical",
    "image": "images/gear/medical/bloodsyringe.jpg"
  },
  {
    "objectName": "InjectionVial",
    "inGameName": "Sodium Bicarbonate Vial",
    "category": "gear",
    "modelType": "Config",
    "path": "dz/gear/medical",
    "usableOnConsole": true,
    "searchTags": "bicarbonate, gear, health, hospital, medical, sodium",
    "image": "images/gear/medical/injectionvial.jpg"
  },
  {
    "objectName": "SalineBag",
    "inGameName": "Saline Bag",
    "category": "gear",
    "modelType": "Config",
    "path": "dz/gear/medical",
    "usableOnConsole": true,
    "searchTags": "backpack, gear, health, hospital, medical, storage",
    "image": "images/gear/medical/salinebag.jpg"
  },
  {
    "objectName": "StartKitIV",
    "inGameName": "IV Start Kit",
    "category": "gear",
    "modelType": "Config",
    "path": "dz/gear/medical",
    "usableOnConsole": true,
    "searchTags": "gear, health, hospital, medical, blood, saline",
    "image": "images/gear/medical/startkitiv.jpg"
  },
  {
    "objectName": "SalineBagIV",
    "inGameName": "IV Saline Bag",
    "category": "gear",
    "modelType": "Config",
    "path": "dz/gear/medical",
    "usableOnConsole": true,
    "searchTags": "backpack, gear, health, hospital, medical, blood",
    "image": "images/gear/medical/salinebagiv.jpg"
  },
  {
    "objectName": "BloodBagEmpty",
    "inGameName": "Blood Collection Kit",
    "category": "gear",
    "modelType": "Config",
    "path": "dz/gear/medical",
    "usableOnConsole": true,
    "searchTags": "backpack, collection, gear, health, hospital, kit, medical, storage",
    "image": "images/gear/medical/bloodbagempty.jpg"
  },
  {
    "objectName": "BloodBagFull",
    "inGameName": "Blood Bag",
    "category": "gear",
    "modelType": "Config",
    "path": "dz/gear/medical",
    "usableOnConsole": true,
    "searchTags": "backpack, gear, health, hospital, medical, storage",
    "image": "images/gear/medical/bloodbagfull.jpg"
  },
  {
    "objectName": "BloodBagIV",
    "inGameName": "IV Blood Bag",
    "category": "gear",
    "modelType": "Config",
    "path": "dz/gear/medical",
    "usableOnConsole": true,
    "searchTags": "backpack, gear, health, hospital, medical, storage",
    "image": "images/gear/medical/bloodbagiv.jpg"
  },
  {
    "objectName": "BloodTestKit",
    "inGameName": "Blood Test Kit",
    "category": "gear",
    "modelType": "Config",
    "path": "dz/gear/medical",
    "usableOnConsole": true,
    "searchTags": "gear, health, hospital, medical",
    "image": "images/gear/medical/bloodtestkit.jpg"
  },
  {
    "objectName": "Splint_Applied",
    "inGameName": "Splint",
    "category": "gear",
    "modelType": "Config",
    "path": "dz/gear/medical",
    "usableOnConsole": true,
    "searchTags": "gear, health, hospital, medical",
    "image": "images/gear/medical/splint_applied.jpg"
  },
  {
    "objectName": "Splint",
    "inGameName": "Splint",
    "category": "gear",
    "modelType": "Config",
    "path": "dz/gear/medical",
    "usableOnConsole": true,
    "searchTags": "gear, health, hospital, medical",
    "image": "images/gear/medical/splint.jpg"
  },
  {
    "objectName": "Thermometer",
    "inGameName": "Medical Thermometer",
    "category": "gear",
    "modelType": "Config",
    "path": "dz/gear/medical",
    "usableOnConsole": true,
    "searchTags": "gear, health, hospital, medical",
    "image": "images/gear/medical/thermometer.jpg"
  },
  {
    "objectName": "Defibrillator",
    "inGameName": "Defibrillator",
    "category": "gear",
    "modelType": "Config",
    "path": "dz/gear/medical",
    "usableOnConsole": true,
    "searchTags": "gear, health, hospital, medical",
    "image": "images/gear/medical/defibrillator.jpg"
  },
  {
    "objectName": "CigarettePack_Chernamorka",
    "inGameName": "Pack of Cigarettes",
    "category": "gear",
    "modelType": "Config",
    "path": "dz/gear/medical",
    "usableOnConsole": true,
    "searchTags": "cigarettes, gear, health",
    "image": "images/gear/medical/cigarettepack_colorbase.jpg"
  },
  {
    "objectName": "CigarettePack_Merkur",
    "inGameName": "Pack of Cigarettes",
    "category": "gear",
    "modelType": "Config",
    "path": "dz/gear/medical",
    "usableOnConsole": true,
    "searchTags": "cigarettes, gear, health",
    "image": "images/gear/medical/cigarettepack_colorbase.jpg"
  },
  {
    "objectName": "CigarettePack_Partyzanka",
    "inGameName": "Pack of Cigarettes",
    "category": "gear",
    "modelType": "Config",
    "path": "dz/gear/medical",
    "usableOnConsole": true,
    "searchTags": "cigarettes, gear, health",
    "image": "images/gear/medical/cigarettepack_colorbase.jpg"
  },
  {
    "objectName": "Proxyimprovised_fixture",
    "inGameName": "-",
    "category": "gear",
    "modelType": "Config",
    "path": "dz/gear/medical",
    "usableOnConsole": true,
    "searchTags": "cigarettes, gear, health",
    "image": "images/gear/medical/proxyimprovised_fixture.jpg"
  },
  {
    "objectName": "alfa.p3d",
    "inGameName": "Alcoholic Tincture",
    "category": "gear",
    "modelType": "Raw P3D",
    "path": "dz/gear/medical",
    "usableOnConsole": false,
    "searchTags": "gear, health, hospital, insecticide, medical",
    "image": "images/gear/medical/alfa.p3d.jpg"
  },
  {
    "objectName": "bandage.p3d",
    "inGameName": "-",
    "category": "gear",
    "modelType": "Raw P3D",
    "path": "dz/gear/medical",
    "usableOnConsole": false,
    "searchTags": "disinfectant, gear, health, hospital, medical, spray",
    "image": "images/gear/medical/bandage.p3d.jpg"
  },
  {
    "objectName": "bandage_dressing.p3d",
    "inGameName": "Bandage",
    "category": "gear",
    "modelType": "Raw P3D",
    "path": "dz/gear/medical",
    "usableOnConsole": false,
    "searchTags": "gear, health, hospital, medical",
    "image": "images/gear/medical/bandage_dressing.p3d.jpg"
  },
  {
    "objectName": "bloodbag_full.p3d",
    "inGameName": "Blood Bag",
    "category": "gear",
    "modelType": "Raw P3D",
    "path": "dz/gear/medical",
    "usableOnConsole": false,
    "searchTags": "backpack, gear, health, hospital, medical, storage",
    "image": "images/gear/medical/bloodbag_full.p3d.jpg"
  },
  {
    "objectName": "bloodbag_full_iv.p3d",
    "inGameName": "IV Blood Bag",
    "category": "gear",
    "modelType": "Raw P3D",
    "path": "dz/gear/medical",
    "usableOnConsole": false,
    "searchTags": "backpack, gear, health, hospital, medical, storage",
    "image": "images/gear/medical/bloodbag_full_iv.p3d.jpg"
  },
  {
    "objectName": "bloodbag_sealed.p3d",
    "inGameName": "Blood Collection Kit",
    "category": "gear",
    "modelType": "Raw P3D",
    "path": "dz/gear/medical",
    "usableOnConsole": false,
    "searchTags": "",
    "image": "images/gear/medical/bloodbag_sealed.p3d.jpg"
  },
  {
    "objectName": "bloodtest_kit.p3d",
    "inGameName": "Blood Test Kit",
    "category": "gear",
    "modelType": "Raw P3D",
    "path": "dz/gear/medical",
    "usableOnConsole": false,
    "searchTags": "gear, health, hospital, medical",
    "image": "images/gear/medical/bloodtest_kit.p3d.jpg"
  },
  {
    "objectName": "charcoal_tablets.p3d",
    "inGameName": "Charcoal Tablets",
    "category": "gear",
    "modelType": "Raw P3D",
    "path": "dz/gear/medical",
    "usableOnConsole": false,
    "searchTags": "gear, health, hospital, medical",
    "image": "images/gear/medical/charcoal_tablets.p3d.jpg"
  },
  {
    "objectName": "chelatingtablets.p3d",
    "inGameName": "Chelating Tablets",
    "category": "gear",
    "modelType": "Raw P3D",
    "path": "dz/gear/medical",
    "usableOnConsole": false,
    "searchTags": "gear, health, hospital, medical",
    "image": "images/gear/medical/chelatingtablets.p3d.jpg"
  },
  {
    "objectName": "cigarettes_lit.p3d",
    "inGameName": "-",
    "category": "gear",
    "modelType": "Raw P3D",
    "path": "dz/gear/medical",
    "usableOnConsole": false,
    "searchTags": "cigarettes, gear, health",
    "image": "images/gear/medical/cigarettes_lit.p3d.jpg"
  },
  {
    "objectName": "cigarettes_unlit.p3d",
    "inGameName": "-",
    "category": "gear",
    "modelType": "Raw P3D",
    "path": "dz/gear/medical",
    "usableOnConsole": false,
    "searchTags": "cigarettes, gear, health",
    "image": "images/gear/medical/cigarettes_unlit.p3d.jpg"
  },
  {
    "objectName": "cigarette_pack.p3d",
    "inGameName": "Pack of Cigarettes",
    "category": "gear",
    "modelType": "Raw P3D",
    "path": "dz/gear/medical",
    "usableOnConsole": false,
    "searchTags": "cigarettes, gear, health",
    "image": "images/gear/medical/cigarette_pack.p3d.jpg"
  },
  {
    "objectName": "defibrillator.p3d",
    "inGameName": "Defibrillator",
    "category": "gear",
    "modelType": "Raw P3D",
    "path": "dz/gear/medical",
    "usableOnConsole": false,
    "searchTags": "gear, health, hospital, medical",
    "image": "images/gear/medical/defibrillator.p3d.jpg"
  },
  {
    "objectName": "dexamphetamine.p3d",
    "inGameName": "-",
    "category": "gear",
    "modelType": "Raw P3D",
    "path": "dz/gear/medical",
    "usableOnConsole": false,
    "searchTags": "",
    "image": "images/gear/medical/dexamphetamine.p3d.jpg"
  },
  {
    "objectName": "disinfectantspray.p3d",
    "inGameName": "Disinfectant Spray",
    "category": "gear",
    "modelType": "Raw P3D",
    "path": "dz/gear/medical",
    "usableOnConsole": false,
    "searchTags": "gear, health, hospital, medical",
    "image": "images/gear/medical/disinfectantspray.p3d.jpg"
  },
  {
    "objectName": "epinephrine.p3d",
    "inGameName": "PO-X Antidote",
    "category": "gear",
    "modelType": "Raw P3D",
    "path": "dz/gear/medical",
    "usableOnConsole": false,
    "searchTags": "auto, gear, health, hospital, injector, medical",
    "image": "images/gear/medical/epinephrine.p3d.jpg"
  },
  {
    "objectName": "improvised_fixture.p3d",
    "inGameName": "-",
    "category": "gear",
    "modelType": "Raw P3D",
    "path": "dz/gear/medical",
    "usableOnConsole": false,
    "searchTags": "",
    "image": "images/gear/medical/improvised_fixture.p3d.jpg"
  },
  {
    "objectName": "improvised_fixture_f.p3d",
    "inGameName": "-",
    "category": "gear",
    "modelType": "Raw P3D",
    "path": "dz/gear/medical",
    "usableOnConsole": false,
    "searchTags": "",
    "image": "images/gear/medical/improvised_fixture_f.p3d.jpg"
  },
  {
    "objectName": "improvised_fixture_m.p3d",
    "inGameName": "-",
    "category": "gear",
    "modelType": "Raw P3D",
    "path": "dz/gear/medical",
    "usableOnConsole": false,
    "searchTags": "",
    "image": "images/gear/medical/improvised_fixture_m.p3d.jpg"
  },
  {
    "objectName": "injectionvial.p3d",
    "inGameName": "Sodium Bicarbonate Vial",
    "category": "gear",
    "modelType": "Raw P3D",
    "path": "dz/gear/medical",
    "usableOnConsole": false,
    "searchTags": "bicarbonate, gear, health, hospital, medical, sodium",
    "image": "images/gear/medical/injectionvial.p3d.jpg"
  },
  {
    "objectName": "iodinetincture.p3d",
    "inGameName": "Iodine Tincture",
    "category": "gear",
    "modelType": "Raw P3D",
    "path": "dz/gear/medical",
    "usableOnConsole": false,
    "searchTags": "gear, health, hospital, medical",
    "image": "images/gear/medical/iodinetincture.p3d.jpg"
  },
  {
    "objectName": "med_tmeter.p3d",
    "inGameName": "Medical Thermometer",
    "category": "gear",
    "modelType": "Raw P3D",
    "path": "dz/gear/medical",
    "usableOnConsole": false,
    "searchTags": "",
    "image": "images/gear/medical/med_tmeter.p3d.jpg"
  },
  {
    "objectName": "morphine.p3d",
    "inGameName": "Morphine Auto-Injector",
    "category": "gear",
    "modelType": "Raw P3D",
    "path": "dz/gear/medical",
    "usableOnConsole": false,
    "searchTags": "auto, gear, health, hospital, injector, medical",
    "image": "images/gear/medical/morphine.p3d.jpg"
  },
  {
    "objectName": "painkillers2.p3d",
    "inGameName": "Codeine Pills",
    "category": "gear",
    "modelType": "Raw P3D",
    "path": "dz/gear/medical",
    "usableOnConsole": false,
    "searchTags": "codeine, gear, health, hospital, medical, pills",
    "image": "images/gear/medical/painkillers2.p3d.jpg"
  },
  {
    "objectName": "salinebag.p3d",
    "inGameName": "Saline Bag",
    "category": "gear",
    "modelType": "Raw P3D",
    "path": "dz/gear/medical",
    "usableOnConsole": false,
    "searchTags": "backpack, gear, health, hospital, medical, storage",
    "image": "images/gear/medical/salinebag.p3d.jpg"
  },
  {
    "objectName": "startkit.p3d",
    "inGameName": "IV Start Kit",
    "category": "gear",
    "modelType": "Raw P3D",
    "path": "dz/gear/medical",
    "usableOnConsole": false,
    "searchTags": "gear, health, hospital, medical, blood, saline",
    "image": "images/gear/medical/startkit.p3d.jpg"
  },
  {
    "objectName": "syringe_empty.p3d",
    "inGameName": "Syringe",
    "category": "gear",
    "modelType": "Raw P3D",
    "path": "dz/gear/medical",
    "usableOnConsole": false,
    "searchTags": "gear, health, hospital, medical",
    "image": "images/gear/medical/syringe_empty.p3d.jpg"
  },
  {
    "objectName": "syringe_full.p3d",
    "inGameName": "Syringe",
    "category": "gear",
    "modelType": "Raw P3D",
    "path": "dz/gear/medical",
    "usableOnConsole": false,
    "searchTags": "gear, health, hospital, medical",
    "image": "images/gear/medical/syringe_full.p3d.jpg"
  },
  {
    "objectName": "tetracycline.p3d",
    "inGameName": "Tetracycline Pills",
    "category": "gear",
    "modelType": "Raw P3D",
    "path": "dz/gear/medical",
    "usableOnConsole": false,
    "searchTags": "gear, health, hospital, medical, pills",
    "image": "images/gear/medical/tetracycline.p3d.jpg"
  },
  {
    "objectName": "transfusionkit.p3d",
    "inGameName": "IV Saline Bag",
    "category": "gear",
    "modelType": "Raw P3D",
    "path": "dz/gear/medical",
    "usableOnConsole": false,
    "searchTags": "",
    "image": "images/gear/medical/transfusionkit.p3d.jpg"
  },
  {
    "objectName": "vitaminbottle.p3d",
    "inGameName": "Multivitamin Pills",
    "category": "gear",
    "modelType": "Raw P3D",
    "path": "dz/gear/medical",
    "usableOnConsole": false,
    "searchTags": "gear, health, hospital, medical, multivitamin, pills",
    "image": "images/gear/medical/vitaminbottle.p3d.jpg"
  },
  {
    "objectName": "water_purification_tablets.p3d",
    "inGameName": "Chlorine Tablets",
    "category": "gear",
    "modelType": "Raw P3D",
    "path": "dz/gear/medical",
    "usableOnConsole": false,
    "searchTags": "",
    "image": "images/gear/medical/water_purification_tablets.p3d.jpg"
  }
]
