[
  {
    "objectName": "AntiPestsSpray",
    "inGameName": "Insecticide Spray",
    "category": "gear",
    "modelType": "Config",
    "path": "dz/gear/medical",
    "usableOnConsole": true,
    "searchTags": "gear, health, hospital, insecticide, medical",
    "image": "images/gear/medical/antipestsspray.jpg",
    "id": "dzobj_2wr8bv6zix"
  },
  {
    "objectName": "BandageDressing",
    "inGameName": "Bandage",
    "category": "gear",
    "modelType": "Config",
    "path": "dz/gear/medical",
    "usableOnConsole": true,
    "searchTags": "gear, health, hospital, medical",
    "image": "images/gear/medical/bandagedressing.jpg",
    "id": "dzobj_10xmk8d2ee"
  },
  {
    "objectName": "Bandage_end",
    "inGameName": "Disinfectant Spray",
    "category": "gear",
    "modelType": "Config",
    "path": "dz/gear/medical",
    "usableOnConsole": true,
    "searchTags": "disinfectant, gear, health, hospital, medical, spray",
    "image": "images/gear/medical/bandage_end.jpg",
    "id": "dzobj_2g32641zii"
  },
  {
    "objectName": "DisinfectantSpray",
    "inGameName": "Disinfectant Spray",
    "category": "gear",
    "modelType": "Config",
    "path": "dz/gear/medical",
    "usableOnConsole": true,
    "searchTags": "gear, health, hospital, medical",
    "image": "images/gear/medical/disinfectantspray.jpg",
    "id": "dzobj_m3rzsyiiao"
  },
  {
    "objectName": "DisinfectantAlcohol",
    "inGameName": "Alcoholic Tincture",
    "category": "gear",
    "modelType": "Config",
    "path": "dz/gear/medical",
    "usableOnConsole": true,
    "searchTags": "alcoholic, gear, health, hospital, medical, tincture",
    "image": "images/gear/medical/disinfectantalcohol.jpg",
    "id": "dzobj_3gwr6vppih"
  },
  {
    "objectName": "PurificationTablets",
    "inGameName": "Chlorine Tablets",
    "category": "gear",
    "modelType": "Config",
    "path": "dz/gear/medical",
    "usableOnConsole": true,
    "searchTags": "chlorine, gear, health, hospital, medical",
    "image": "images/gear/medical/purificationtablets.jpg",
    "id": "dzobj_vjxf0u9ejc"
  },
  {
    "objectName": "CharcoalTablets",
    "inGameName": "Charcoal Tablets",
    "category": "gear",
    "modelType": "Config",
    "path": "dz/gear/medical",
    "usableOnConsole": true,
    "searchTags": "gear, health, hospital, medical",
    "image": "images/gear/medical/charcoaltablets.jpg",
    "id": "dzobj_fanknjeecf"
  },
  {
    "objectName": "PainkillerTablets",
    "inGameName": "Codeine Pills",
    "category": "gear",
    "modelType": "Config",
    "path": "dz/gear/medical",
    "usableOnConsole": true,
    "searchTags": "codeine, gear, health, hospital, medical, pills",
    "image": "images/gear/medical/painkillertablets.jpg",
    "id": "dzobj_y3vkppiuve"
  },
  {
    "objectName": "VitaminBottle",
    "inGameName": "Multivitamin Pills",
    "category": "gear",
    "modelType": "Config",
    "path": "dz/gear/medical",
    "usableOnConsole": true,
    "searchTags": "gear, health, hospital, medical, multivitamin, pills",
    "image": "images/gear/medical/vitaminbottle.jpg",
    "id": "dzobj_dt655eda3z"
  },
  {
    "objectName": "ChelatingTablets",
    "inGameName": "Chelating Tablets",
    "category": "gear",
    "modelType": "Config",
    "path": "dz/gear/medical",
    "usableOnConsole": true,
    "searchTags": "gear, health, hospital, medical",
    "image": "images/gear/medical/chelatingtablets.jpg",
    "id": "dzobj_kncmvwi7u6"
  },
  {
    "objectName": "IodineTincture",
    "inGameName": "Iodine Tincture",
    "category": "gear",
    "modelType": "Config",
    "path": "dz/gear/medical",
    "usableOnConsole": true,
    "searchTags": "gear, health, hospital, medical",
    "image": "images/gear/medical/iodinetincture.jpg",
    "id": "dzobj_hvm9nkebz5"
  },
  {
    "objectName": "TetracyclineAntibiotics",
    "inGameName": "Tetracycline Pills",
    "category": "gear",
    "modelType": "Config",
    "path": "dz/gear/medical",
    "usableOnConsole": true,
    "searchTags": "gear, health, hospital, medical, pills",
    "image": "images/gear/medical/tetracyclineantibiotics.jpg",
    "id": "dzobj_hj9817vq6h"
  },
  {
    "objectName": "Epinephrine",
    "inGameName": "Epinephrine Auto-Injector",
    "category": "gear",
    "modelType": "Config",
    "path": "dz/gear/medical",
    "usableOnConsole": true,
    "searchTags": "auto, gear, health, hospital, injector, medical",
    "image": "images/gear/medical/epinephrine.jpg",
    "id": "dzobj_eexl3aih8b"
  },
  {
    "objectName": "Morphine",
    "inGameName": "Morphine Auto-Injector",
    "category": "gear",
    "modelType": "Config",
    "path": "dz/gear/medical",
    "usableOnConsole": true,
    "searchTags": "auto, gear, health, hospital, injector, medical",
    "image": "images/gear/medical/morphine.jpg",
    "id": "dzobj_23396lzski"
  },
  {
    "objectName": "AntiChemInjector",
    "inGameName": "PO-X Antidote",
    "category": "gear",
    "modelType": "Config",
    "path": "dz/gear/medical",
    "usableOnConsole": true,
    "searchTags": "antidote, gear, health, hospital, medical, pox",
    "image": "images/gear/medical/anticheminjector.jpg",
    "id": "dzobj_libjugb4uh"
  },
  {
    "objectName": "Syringe",
    "inGameName": "Syringe",
    "category": "gear",
    "modelType": "Config",
    "path": "dz/gear/medical",
    "usableOnConsole": true,
    "searchTags": "gear, health, hospital, medical",
    "image": "images/gear/medical/syringe.jpg",
    "id": "dzobj_rbrvv59sz6"
  },
  {
    "objectName": "ClearSyringe",
    "inGameName": "Syringe",
    "category": "gear",
    "modelType": "Config",
    "path": "dz/gear/medical",
    "usableOnConsole": true,
    "searchTags": "gear, health, hospital, medical",
    "image": "images/gear/medical/clearsyringe.jpg",
    "id": "dzobj_stz2605rp0"
  },
  {
    "objectName": "BloodSyringe",
    "inGameName": "Syringe",
    "category": "gear",
    "modelType": "Config",
    "path": "dz/gear/medical",
    "usableOnConsole": true,
    "searchTags": "gear, health, hospital, medical",
    "image": "images/gear/medical/bloodsyringe.jpg",
    "id": "dzobj_ndllpkz42m"
  },
  {
    "objectName": "InjectionVial",
    "inGameName": "Sodium Bicarbonate Vial",
    "category": "gear",
    "modelType": "Config",
    "path": "dz/gear/medical",
    "usableOnConsole": true,
    "searchTags": "bicarbonate, gear, health, hospital, medical, sodium",
    "image": "images/gear/medical/injectionvial.jpg",
    "id": "dzobj_je24xfiu39"
  },
  {
    "objectName": "SalineBag",
    "inGameName": "Saline Bag",
    "category": "gear",
    "modelType": "Config",
    "path": "dz/gear/medical",
    "usableOnConsole": true,
    "searchTags": "backpack, gear, health, hospital, medical, storage",
    "image": "images/gear/medical/salinebag.jpg",
    "id": "dzobj_ck45ay0vk3"
  },
  {
    "objectName": "StartKitIV",
    "inGameName": "IV Start Kit",
    "category": "gear",
    "modelType": "Config",
    "path": "dz/gear/medical",
    "usableOnConsole": true,
    "searchTags": "gear, health, hospital, medical, blood, saline",
    "image": "images/gear/medical/startkitiv.jpg",
    "id": "dzobj_ih7wjr0165"
  },
  {
    "objectName": "SalineBagIV",
    "inGameName": "IV Saline Bag",
    "category": "gear",
    "modelType": "Config",
    "path": "dz/gear/medical",
    "usableOnConsole": true,
    "searchTags": "backpack, gear, health, hospital, medical, blood",
    "image": "images/gear/medical/salinebagiv.jpg",
    "id": "dzobj_zvi5z87ofy"
  },
  {
    "objectName": "BloodBagEmpty",
    "inGameName": "Blood Collection Kit",
    "category": "gear",
    "modelType": "Config",
    "path": "dz/gear/medical",
    "usableOnConsole": true,
    "searchTags": "backpack, collection, gear, health, hospital, kit, medical, storage",
    "image": "images/gear/medical/bloodbagempty.jpg",
    "id": "dzobj_wyhj4dwhn1"
  },
  {
    "objectName": "BloodBagFull",
    "inGameName": "Blood Bag",
    "category": "gear",
    "modelType": "Config",
    "path": "dz/gear/medical",
    "usableOnConsole": true,
    "searchTags": "backpack, gear, health, hospital, medical, storage",
    "image": "images/gear/medical/bloodbagfull.jpg",
    "id": "dzobj_uc7ub2s9ad"
  },
  {
    "objectName": "BloodBagIV",
    "inGameName": "IV Blood Bag",
    "category": "gear",
    "modelType": "Config",
    "path": "dz/gear/medical",
    "usableOnConsole": true,
    "searchTags": "backpack, gear, health, hospital, medical, storage",
    "image": "images/gear/medical/bloodbagiv.jpg",
    "id": "dzobj_h6m3xz4jsf"
  },
  {
    "objectName": "BloodTestKit",
    "inGameName": "Blood Test Kit",
    "category": "gear",
    "modelType": "Config",
    "path": "dz/gear/medical",
    "usableOnConsole": true,
    "searchTags": "gear, health, hospital, medical",
    "image": "images/gear/medical/bloodtestkit.jpg",
    "id": "dzobj_fjsx063jft"
  },
  {
    "objectName": "Splint_Applied",
    "inGameName": "Splint",
    "category": "gear",
    "modelType": "Config",
    "path": "dz/gear/medical",
    "usableOnConsole": true,
    "searchTags": "gear, health, hospital, medical",
    "image": "images/gear/medical/splint_applied.jpg",
    "id": "dzobj_wlma6f3rtz"
  },
  {
    "objectName": "Splint",
    "inGameName": "Splint",
    "category": "gear",
    "modelType": "Config",
    "path": "dz/gear/medical",
    "usableOnConsole": true,
    "searchTags": "gear, health, hospital, medical",
    "image": "images/gear/medical/splint.jpg",
    "id": "dzobj_xpykezmu7n"
  },
  {
    "objectName": "Thermometer",
    "inGameName": "Medical Thermometer",
    "category": "gear",
    "modelType": "Config",
    "path": "dz/gear/medical",
    "usableOnConsole": true,
    "searchTags": "gear, health, hospital, medical",
    "image": "images/gear/medical/thermometer.jpg",
    "id": "dzobj_05srofazip"
  },
  {
    "objectName": "Defibrillator",
    "inGameName": "Defibrillator",
    "category": "gear",
    "modelType": "Config",
    "path": "dz/gear/medical",
    "usableOnConsole": true,
    "searchTags": "gear, health, hospital, medical",
    "image": "images/gear/medical/defibrillator.jpg",
    "id": "dzobj_p6j2rq457j"
  },
  {
    "objectName": "CigarettePack_Chernamorka",
    "inGameName": "Pack of Cigarettes",
    "category": "gear",
    "modelType": "Config",
    "path": "dz/gear/medical",
    "usableOnConsole": true,
    "searchTags": "cigarettes, gear, health",
    "image": "images/gear/medical/cigarettepack_chernamorka/cigarettepack_chernamorka.jpg",
    "id": "dzobj_wcogetnkc5"
  },
  {
    "objectName": "CigarettePack_Merkur",
    "inGameName": "Pack of Cigarettes",
    "category": "gear",
    "modelType": "Config",
    "path": "dz/gear/medical",
    "usableOnConsole": true,
    "searchTags": "cigarettes, gear, health",
    "image": "images/gear/medical/cigarettepack_merkur/cigarettepack_merkur.jpg",
    "id": "dzobj_dtoawdqz6z"
  },
  {
    "objectName": "CigarettePack_Partyzanka",
    "inGameName": "Pack of Cigarettes",
    "category": "gear",
    "modelType": "Config",
    "path": "dz/gear/medical",
    "usableOnConsole": true,
    "searchTags": "cigarettes, gear, health",
    "image": "images/gear/medical/cigarettepack_partyzanka/cigarettepack_partyzanka.jpg",
    "id": "dzobj_5clyzz1fd8"
  },
  {
    "objectName": "Proxyimprovised_fixture",
    "inGameName": "-",
    "category": "gear",
    "modelType": "Config",
    "path": "dz/gear/medical",
    "usableOnConsole": true,
    "searchTags": "cigarettes, gear, health",
    "image": "images/gear/medical/proxyimprovised_fixture.jpg",
    "id": "dzobj_p2c8ep4e52"
  },
  {
    "objectName": "alfa.p3d",
    "inGameName": "Alcoholic Tincture",
    "category": "gear",
    "modelType": "Raw P3D",
    "path": "dz/gear/medical",
    "usableOnConsole": false,
    "searchTags": "gear, health, hospital, insecticide, medical",
    "image": "images/gear/medical/alfa.p3d.jpg",
    "id": "dzobj_ckaf1rd99g"
  },
  {
    "objectName": "bandage.p3d",
    "inGameName": "-",
    "category": "gear",
    "modelType": "Raw P3D",
    "path": "dz/gear/medical",
    "usableOnConsole": false,
    "searchTags": "disinfectant, gear, health, hospital, medical, spray",
    "image": "images/gear/medical/bandage.p3d.jpg",
    "id": "dzobj_kcixz8ptrf"
  },
  {
    "objectName": "bandage_dressing.p3d",
    "inGameName": "Bandage",
    "category": "gear",
    "modelType": "Raw P3D",
    "path": "dz/gear/medical",
    "usableOnConsole": false,
    "searchTags": "gear, health, hospital, medical",
    "image": "images/gear/medical/bandage_dressing.p3d.jpg",
    "id": "dzobj_nj1tbpbm61"
  },
  {
    "objectName": "bloodbag_full.p3d",
    "inGameName": "Blood Bag",
    "category": "gear",
    "modelType": "Raw P3D",
    "path": "dz/gear/medical",
    "usableOnConsole": false,
    "searchTags": "backpack, gear, health, hospital, medical, storage",
    "image": "images/gear/medical/bloodbag_full.p3d.jpg",
    "id": "dzobj_3zz886znpn"
  },
  {
    "objectName": "bloodbag_full_iv.p3d",
    "inGameName": "IV Blood Bag",
    "category": "gear",
    "modelType": "Raw P3D",
    "path": "dz/gear/medical",
    "usableOnConsole": false,
    "searchTags": "backpack, gear, health, hospital, medical, storage",
    "image": "images/gear/medical/bloodbag_full_iv.p3d.jpg",
    "id": "dzobj_3f496f4c40"
  },
  {
    "objectName": "bloodbag_sealed.p3d",
    "inGameName": "Blood Collection Kit",
    "category": "gear",
    "modelType": "Raw P3D",
    "path": "dz/gear/medical",
    "usableOnConsole": false,
    "searchTags": "",
    "image": "images/gear/medical/bloodbag_sealed.p3d.jpg",
    "id": "dzobj_6hcikjxvss"
  },
  {
    "objectName": "bloodtest_kit.p3d",
    "inGameName": "Blood Test Kit",
    "category": "gear",
    "modelType": "Raw P3D",
    "path": "dz/gear/medical",
    "usableOnConsole": false,
    "searchTags": "gear, health, hospital, medical",
    "image": "images/gear/medical/bloodtest_kit.p3d.jpg",
    "id": "dzobj_khwltwhs47"
  },
  {
    "objectName": "charcoal_tablets.p3d",
    "inGameName": "Charcoal Tablets",
    "category": "gear",
    "modelType": "Raw P3D",
    "path": "dz/gear/medical",
    "usableOnConsole": false,
    "searchTags": "gear, health, hospital, medical",
    "image": "images/gear/medical/charcoal_tablets.p3d.jpg",
    "id": "dzobj_84aje8fsrj"
  },
  {
    "objectName": "chelatingtablets.p3d",
    "inGameName": "Chelating Tablets",
    "category": "gear",
    "modelType": "Raw P3D",
    "path": "dz/gear/medical",
    "usableOnConsole": false,
    "searchTags": "gear, health, hospital, medical",
    "image": "images/gear/medical/chelatingtablets.p3d.jpg",
    "id": "dzobj_i79jzg7n0f"
  },
  {
    "objectName": "cigarettes_lit.p3d",
    "inGameName": "-",
    "category": "gear",
    "modelType": "Raw P3D",
    "path": "dz/gear/medical",
    "usableOnConsole": false,
    "searchTags": "cigarettes, gear, health",
    "image": "images/gear/medical/cigarettes_lit.p3d.jpg",
    "id": "dzobj_mcoalkt6qh"
  },
  {
    "objectName": "cigarettes_unlit.p3d",
    "inGameName": "-",
    "category": "gear",
    "modelType": "Raw P3D",
    "path": "dz/gear/medical",
    "usableOnConsole": false,
    "searchTags": "cigarettes, gear, health",
    "image": "images/gear/medical/cigarettes_unlit.p3d.jpg",
    "id": "dzobj_a2ozlhatum"
  },
  {
    "objectName": "cigarette_pack.p3d",
    "inGameName": "Pack of Cigarettes",
    "category": "gear",
    "modelType": "Raw P3D",
    "path": "dz/gear/medical",
    "usableOnConsole": false,
    "searchTags": "cigarettes, gear, health",
    "image": "images/gear/medical/cigarette_pack.p3d.jpg",
    "id": "dzobj_vil2dt8qwi"
  },
  {
    "objectName": "defibrillator.p3d",
    "inGameName": "Defibrillator",
    "category": "gear",
    "modelType": "Raw P3D",
    "path": "dz/gear/medical",
    "usableOnConsole": false,
    "searchTags": "gear, health, hospital, medical",
    "image": "images/gear/medical/defibrillator.p3d.jpg",
    "id": "dzobj_nbmakpwpe8"
  },
  {
    "objectName": "dexamphetamine.p3d",
    "inGameName": "-",
    "category": "gear",
    "modelType": "Raw P3D",
    "path": "dz/gear/medical",
    "usableOnConsole": false,
    "searchTags": "",
    "image": "images/gear/medical/dexamphetamine.p3d.jpg",
    "id": "dzobj_l1kuxxyika"
  },
  {
    "objectName": "disinfectantspray.p3d",
    "inGameName": "Disinfectant Spray",
    "category": "gear",
    "modelType": "Raw P3D",
    "path": "dz/gear/medical",
    "usableOnConsole": false,
    "searchTags": "gear, health, hospital, medical",
    "image": "images/gear/medical/disinfectantspray.p3d.jpg",
    "id": "dzobj_el5z44xncb"
  },
  {
    "objectName": "epinephrine.p3d",
    "inGameName": "PO-X Antidote",
    "category": "gear",
    "modelType": "Raw P3D",
    "path": "dz/gear/medical",
    "usableOnConsole": false,
    "searchTags": "auto, gear, health, hospital, injector, medical",
    "image": "images/gear/medical/epinephrine.p3d.jpg",
    "id": "dzobj_26jabp1l2p"
  },
  {
    "objectName": "improvised_fixture.p3d",
    "inGameName": "-",
    "category": "gear",
    "modelType": "Raw P3D",
    "path": "dz/gear/medical",
    "usableOnConsole": false,
    "searchTags": "",
    "image": "images/gear/medical/improvised_fixture.p3d.jpg",
    "id": "dzobj_ob43kaxxma"
  },
  {
    "objectName": "improvised_fixture_f.p3d",
    "inGameName": "-",
    "category": "gear",
    "modelType": "Raw P3D",
    "path": "dz/gear/medical",
    "usableOnConsole": false,
    "searchTags": "",
    "image": "images/gear/medical/improvised_fixture_f.p3d.jpg",
    "id": "dzobj_rn9erzb8sv"
  },
  {
    "objectName": "improvised_fixture_m.p3d",
    "inGameName": "-",
    "category": "gear",
    "modelType": "Raw P3D",
    "path": "dz/gear/medical",
    "usableOnConsole": false,
    "searchTags": "",
    "image": "images/gear/medical/improvised_fixture_m.p3d.jpg",
    "id": "dzobj_t0eegtt7zg"
  },
  {
    "objectName": "injectionvial.p3d",
    "inGameName": "Sodium Bicarbonate Vial",
    "category": "gear",
    "modelType": "Raw P3D",
    "path": "dz/gear/medical",
    "usableOnConsole": false,
    "searchTags": "bicarbonate, gear, health, hospital, medical, sodium",
    "image": "images/gear/medical/injectionvial.p3d.jpg",
    "id": "dzobj_bdau3it7bn"
  },
  {
    "objectName": "iodinetincture.p3d",
    "inGameName": "Iodine Tincture",
    "category": "gear",
    "modelType": "Raw P3D",
    "path": "dz/gear/medical",
    "usableOnConsole": false,
    "searchTags": "gear, health, hospital, medical",
    "image": "images/gear/medical/iodinetincture.p3d.jpg",
    "id": "dzobj_3j174349jy"
  },
  {
    "objectName": "med_tmeter.p3d",
    "inGameName": "Medical Thermometer",
    "category": "gear",
    "modelType": "Raw P3D",
    "path": "dz/gear/medical",
    "usableOnConsole": false,
    "searchTags": "",
    "image": "images/gear/medical/med_tmeter.p3d.jpg",
    "id": "dzobj_gl5mhj1q0l"
  },
  {
    "objectName": "morphine.p3d",
    "inGameName": "Morphine Auto-Injector",
    "category": "gear",
    "modelType": "Raw P3D",
    "path": "dz/gear/medical",
    "usableOnConsole": false,
    "searchTags": "auto, gear, health, hospital, injector, medical",
    "image": "images/gear/medical/morphine.p3d.jpg",
    "id": "dzobj_3t5l82p38k"
  },
  {
    "objectName": "painkillers2.p3d",
    "inGameName": "Codeine Pills",
    "category": "gear",
    "modelType": "Raw P3D",
    "path": "dz/gear/medical",
    "usableOnConsole": false,
    "searchTags": "codeine, gear, health, hospital, medical, pills",
    "image": "images/gear/medical/painkillers2.p3d.jpg",
    "id": "dzobj_quzx3sfury"
  },
  {
    "objectName": "salinebag.p3d",
    "inGameName": "Saline Bag",
    "category": "gear",
    "modelType": "Raw P3D",
    "path": "dz/gear/medical",
    "usableOnConsole": false,
    "searchTags": "backpack, gear, health, hospital, medical, storage",
    "image": "images/gear/medical/salinebag.p3d.jpg",
    "id": "dzobj_m02yyvvm14"
  },
  {
    "objectName": "startkit.p3d",
    "inGameName": "IV Start Kit",
    "category": "gear",
    "modelType": "Raw P3D",
    "path": "dz/gear/medical",
    "usableOnConsole": false,
    "searchTags": "gear, health, hospital, medical, blood, saline",
    "image": "images/gear/medical/startkit.p3d.jpg",
    "id": "dzobj_n9m24q8bng"
  },
  {
    "objectName": "syringe_empty.p3d",
    "inGameName": "Syringe",
    "category": "gear",
    "modelType": "Raw P3D",
    "path": "dz/gear/medical",
    "usableOnConsole": false,
    "searchTags": "gear, health, hospital, medical",
    "image": "images/gear/medical/syringe_empty.p3d.jpg",
    "id": "dzobj_dbsydl3sqe"
  },
  {
    "objectName": "syringe_full.p3d",
    "inGameName": "Syringe",
    "category": "gear",
    "modelType": "Raw P3D",
    "path": "dz/gear/medical",
    "usableOnConsole": false,
    "searchTags": "gear, health, hospital, medical",
    "image": "images/gear/medical/syringe_full.p3d.jpg",
    "id": "dzobj_qztsg4z0p2"
  },
  {
    "objectName": "tetracycline.p3d",
    "inGameName": "Tetracycline Pills",
    "category": "gear",
    "modelType": "Raw P3D",
    "path": "dz/gear/medical",
    "usableOnConsole": false,
    "searchTags": "gear, health, hospital, medical, pills",
    "image": "images/gear/medical/tetracycline.p3d.jpg",
    "id": "dzobj_n1tqf5hrp9"
  },
  {
    "objectName": "transfusionkit.p3d",
    "inGameName": "IV Saline Bag",
    "category": "gear",
    "modelType": "Raw P3D",
    "path": "dz/gear/medical",
    "usableOnConsole": false,
    "searchTags": "",
    "image": "images/gear/medical/transfusionkit.p3d.jpg",
    "id": "dzobj_yt8dwda7un"
  },
  {
    "objectName": "vitaminbottle.p3d",
    "inGameName": "Multivitamin Pills",
    "category": "gear",
    "modelType": "Raw P3D",
    "path": "dz/gear/medical",
    "usableOnConsole": false,
    "searchTags": "gear, health, hospital, medical, multivitamin, pills",
    "image": "images/gear/medical/vitaminbottle.p3d.jpg",
    "id": "dzobj_fnra3kzuvx"
  },
  {
    "objectName": "water_purification_tablets.p3d",
    "inGameName": "Chlorine Tablets",
    "category": "gear",
    "modelType": "Raw P3D",
    "path": "dz/gear/medical",
    "usableOnConsole": false,
    "searchTags": "",
    "image": "images/gear/medical/water_purification_tablets.p3d.jpg",
    "id": "dzobj_7fo4yd7qby"
  }
]
