[
  {
    "objectName": "TruckBattery",
    "inGameName": "Truck Battery",
    "category": "vehicles",
    "modelType": "Config",
    "path": "dz/vehicles/parts",
    "usableOnConsole": true,
    "searchTags": "energy, parts, power, transport, vehicle, vehicles",
    "image": "images/vehicles/parts/truckbattery.jpg",
    "id": "dzobj_qo9yjuve9l"
  },
  {
    "objectName": "CarBattery",
    "inGameName": "Car Battery",
    "category": "vehicles",
    "modelType": "Config",
    "path": "dz/vehicles/parts",
    "usableOnConsole": true,
    "searchTags": "energy, parts, power, transport, vehicle, vehicles",
    "image": "images/vehicles/parts/carbattery.jpg",
    "id": "dzobj_0hi6tr5wx6"
  },
  {
    "objectName": "BrakeFluid",
    "inGameName": "Brake Fluid",
    "category": "vehicles",
    "modelType": "Config",
    "path": "dz/vehicles/parts",
    "usableOnConsole": true,
    "searchTags": "parts, transport, vehicle, vehicles",
    "image": "images/vehicles/parts/brakefluid.jpg",
    "id": "dzobj_w93xrpzv6c"
  },
  {
    "objectName": "EngineOil",
    "inGameName": "Motor Oil",
    "category": "vehicles",
    "modelType": "Config",
    "path": "dz/vehicles/parts",
    "usableOnConsole": true,
    "searchTags": "motor, parts, transport, vehicle, vehicles",
    "image": "images/vehicles/parts/engineoil.jpg",
    "id": "dzobj_zi5gxsgemo"
  },
  {
    "objectName": "CarRadiator",
    "inGameName": "Car Radiator",
    "category": "vehicles",
    "modelType": "Config",
    "path": "dz/vehicles/parts",
    "usableOnConsole": true,
    "searchTags": "parts, transport, vehicle, vehicles",
    "image": "images/vehicles/parts/carradiator.jpg",
    "id": "dzobj_9dg8vuw6jh"
  },
  {
    "objectName": "HeadlightH7",
    "inGameName": "Headlight Bulb",
    "category": "vehicles",
    "modelType": "Config",
    "path": "dz/vehicles/parts",
    "usableOnConsole": true,
    "searchTags": "",
    "image": "images/vehicles/parts/headlighth7.jpg",
    "id": "dzobj_r5dm35fuc0"
  },
  {
    "objectName": "HeadlightH7_Box",
    "inGameName": "Boxed Headlight Bulb",
    "category": "vehicles",
    "modelType": "Config",
    "path": "dz/vehicles/parts",
    "usableOnConsole": true,
    "searchTags": "boxed, bulb, crate, parts, storage, transport, vehicle, vehicles",
    "image": "images/vehicles/parts/headlighth7_box.jpg",
    "id": "dzobj_kxl2yw2jn0"
  },
  {
    "objectName": "SparkPlug",
    "inGameName": "Spark Plug",
    "category": "vehicles",
    "modelType": "Config",
    "path": "dz/vehicles/parts",
    "usableOnConsole": true,
    "searchTags": "parts, transport, vehicle, vehicles",
    "image": "images/vehicles/parts/sparkplug.jpg",
    "id": "dzobj_psfe7ng6td"
  },
  {
    "objectName": "GlowPlug",
    "inGameName": "Glowplug",
    "category": "vehicles",
    "modelType": "Config",
    "path": "dz/vehicles/parts",
    "usableOnConsole": true,
    "searchTags": "parts, transport, vehicle, vehicles",
    "image": "images/vehicles/parts/glowplug.jpg",
    "id": "dzobj_dlg3e3jg50"
  },
  {
    "objectName": "TireRepairKit",
    "inGameName": "Tire Repair Kit",
    "category": "vehicles",
    "modelType": "Config",
    "path": "dz/vehicles/parts",
    "usableOnConsole": true,
    "searchTags": "parts, transport, vehicle, vehicles",
    "image": "images/vehicles/parts/tirerepairkit.jpg",
    "id": "dzobj_cuyk4llclt"
  },
  {
    "objectName": "CanisterGasoline",
    "inGameName": "Jerrycan",
    "category": "vehicles",
    "modelType": "Config",
    "path": "dz/vehicles/parts",
    "usableOnConsole": true,
    "searchTags": "jerrycan, parts, transport, vehicle, vehicles",
    "image": "images/vehicles/parts/canistergasoline.jpg",
    "id": "dzobj_71gkgjzquq"
  },
  {
    "objectName": "ProxyPart",
    "inGameName": "-",
    "category": "vehicles",
    "modelType": "Config",
    "path": "dz/vehicles/parts",
    "usableOnConsole": true,
    "searchTags": "parts, transport, vehicle, vehicles",
    "image": "images/vehicles/parts/proxypart.jpg",
    "id": "dzobj_6fsfv94wax"
  },
  {
    "objectName": "ProxyBattery_truck",
    "inGameName": "-",
    "category": "vehicles",
    "modelType": "Config",
    "path": "dz/vehicles/parts",
    "usableOnConsole": true,
    "searchTags": "energy, parts, power, transport, vehicle, vehicles",
    "image": "images/vehicles/parts/proxybattery_truck.jpg",
    "id": "dzobj_lyboo36gbm"
  },
  {
    "objectName": "ProxyBattery_Car",
    "inGameName": "-",
    "category": "vehicles",
    "modelType": "Config",
    "path": "dz/vehicles/parts",
    "usableOnConsole": true,
    "searchTags": "energy, parts, power, transport, vehicle, vehicles",
    "image": "images/vehicles/parts/proxybattery_car.jpg",
    "id": "dzobj_81o8lorj4i"
  },
  {
    "objectName": "Proxysparkplug",
    "inGameName": "-",
    "category": "vehicles",
    "modelType": "Config",
    "path": "dz/vehicles/parts",
    "usableOnConsole": true,
    "searchTags": "parts, transport, vehicle, vehicles",
    "image": "images/vehicles/parts/proxysparkplug.jpg",
    "id": "dzobj_yv8y15vfxy"
  },
  {
    "objectName": "ProxyGlowplug",
    "inGameName": "-",
    "category": "vehicles",
    "modelType": "Config",
    "path": "dz/vehicles/parts",
    "usableOnConsole": true,
    "searchTags": "parts, transport, vehicle, vehicles",
    "image": "images/vehicles/parts/proxyglowplug.jpg",
    "id": "dzobj_88i89msvj2"
  },
  {
    "objectName": "ProxyReplacement_Headlight",
    "inGameName": "-",
    "category": "vehicles",
    "modelType": "Config",
    "path": "dz/vehicles/parts",
    "usableOnConsole": true,
    "searchTags": "parts, transport, vehicle, vehicles",
    "image": "images/vehicles/parts/proxyreplacement_headlight.jpg",
    "id": "dzobj_yueybvwqs2"
  },
  {
    "objectName": "ProxyRadiator_car",
    "inGameName": "-",
    "category": "vehicles",
    "modelType": "Config",
    "path": "dz/vehicles/parts",
    "usableOnConsole": true,
    "searchTags": "parts, transport, vehicle, vehicles",
    "image": "images/vehicles/parts/proxyradiator_car.jpg",
    "id": "dzobj_hr4b0nf4m7"
  },
  {
    "objectName": "aircraft_battery.p3d",
    "inGameName": "-",
    "category": "vehicles",
    "modelType": "Raw P3D",
    "path": "dz/vehicles/parts",
    "usableOnConsole": false,
    "searchTags": "energy, parts, plane, power, transport, vehicle, vehicles",
    "image": "images/vehicles/parts/aircraft_battery.p3d.jpg",
    "id": "dzobj_4ke35n8yi7"
  },
  {
    "objectName": "air_oil_bottle.p3d",
    "inGameName": "-",
    "category": "vehicles",
    "modelType": "Raw P3D",
    "path": "dz/vehicles/parts",
    "usableOnConsole": false,
    "searchTags": "parts, transport, vehicle, vehicles",
    "image": "images/vehicles/parts/air_oil_bottle.p3d.jpg",
    "id": "dzobj_474zqefah6"
  },
  {
    "objectName": "aviator_spark_plug.p3d",
    "inGameName": "-",
    "category": "vehicles",
    "modelType": "Raw P3D",
    "path": "dz/vehicles/parts",
    "usableOnConsole": false,
    "searchTags": "parts, transport, vehicle, vehicles",
    "image": "images/vehicles/parts/aviator_spark_plug.p3d.jpg",
    "id": "dzobj_ol43b7my1k"
  },
  {
    "objectName": "battery_car.p3d",
    "inGameName": "-",
    "category": "vehicles",
    "modelType": "Raw P3D",
    "path": "dz/vehicles/parts",
    "usableOnConsole": false,
    "searchTags": "energy, parts, power, transport, vehicle, vehicles",
    "image": "images/vehicles/parts/battery_car.p3d.jpg",
    "id": "dzobj_3qai67z8hv"
  },
  {
    "objectName": "battery_smallcar.p3d",
    "inGameName": "-",
    "category": "vehicles",
    "modelType": "Raw P3D",
    "path": "dz/vehicles/parts",
    "usableOnConsole": false,
    "searchTags": "energy, parts, power, transport, vehicle, vehicles",
    "image": "images/vehicles/parts/battery_smallcar.p3d.jpg",
    "id": "dzobj_bxrdk0qyjd"
  },
  {
    "objectName": "battery_truck.p3d",
    "inGameName": "-",
    "category": "vehicles",
    "modelType": "Raw P3D",
    "path": "dz/vehicles/parts",
    "usableOnConsole": false,
    "searchTags": "energy, parts, power, transport, vehicle, vehicles",
    "image": "images/vehicles/parts/battery_truck.p3d.jpg",
    "id": "dzobj_1a72mhfbtf"
  },
  {
    "objectName": "belt.p3d",
    "inGameName": "-",
    "category": "vehicles",
    "modelType": "Raw P3D",
    "path": "dz/vehicles/parts",
    "usableOnConsole": false,
    "searchTags": "parts, transport, vehicle, vehicles",
    "image": "images/vehicles/parts/belt.p3d.jpg",
    "id": "dzobj_x6q0bexd4y"
  },
  {
    "objectName": "brake_fluid.p3d",
    "inGameName": "Brake Fluid",
    "category": "vehicles",
    "modelType": "Raw P3D",
    "path": "dz/vehicles/parts",
    "usableOnConsole": false,
    "searchTags": "parts, transport, vehicle, vehicles",
    "image": "images/vehicles/parts/brake_fluid.p3d.jpg",
    "id": "dzobj_nie53r5b8t"
  },
  {
    "objectName": "control_unit.p3d",
    "inGameName": "-",
    "category": "vehicles",
    "modelType": "Raw P3D",
    "path": "dz/vehicles/parts",
    "usableOnConsole": false,
    "searchTags": "parts, transport, vehicle, vehicles",
    "image": "images/vehicles/parts/control_unit.p3d.jpg",
    "id": "dzobj_evr32nmsg2"
  },
  {
    "objectName": "electric_wires.p3d",
    "inGameName": "-",
    "category": "vehicles",
    "modelType": "Raw P3D",
    "path": "dz/vehicles/parts",
    "usableOnConsole": false,
    "searchTags": "parts, transport, vehicle, vehicles",
    "image": "images/vehicles/parts/electric_wires.p3d.jpg",
    "id": "dzobj_bpx6ugrr6g"
  },
  {
    "objectName": "exhaust_truck.p3d",
    "inGameName": "-",
    "category": "vehicles",
    "modelType": "Raw P3D",
    "path": "dz/vehicles/parts",
    "usableOnConsole": false,
    "searchTags": "parts, transport, vehicle, vehicles",
    "image": "images/vehicles/parts/exhaust_truck.p3d.jpg",
    "id": "dzobj_sjiuhp7t8t"
  },
  {
    "objectName": "glowplug.p3d",
    "inGameName": "-",
    "category": "vehicles",
    "modelType": "Raw P3D",
    "path": "dz/vehicles/parts",
    "usableOnConsole": false,
    "searchTags": "parts, transport, vehicle, vehicles",
    "image": "images/vehicles/parts/glowplug.p3d.jpg",
    "id": "dzobj_9bpprtejsg"
  },
  {
    "objectName": "helicopter_battery.p3d",
    "inGameName": "-",
    "category": "vehicles",
    "modelType": "Raw P3D",
    "path": "dz/vehicles/parts",
    "usableOnConsole": false,
    "searchTags": "aircraft, energy, parts, power, transport, vehicle, vehicles",
    "image": "images/vehicles/parts/helicopter_battery.p3d.jpg",
    "id": "dzobj_asawqncc6h"
  },
  {
    "objectName": "hydraulic_fluid_bottle.p3d",
    "inGameName": "-",
    "category": "vehicles",
    "modelType": "Raw P3D",
    "path": "dz/vehicles/parts",
    "usableOnConsole": false,
    "searchTags": "parts, transport, vehicle, vehicles",
    "image": "images/vehicles/parts/hydraulic_fluid_bottle.p3d.jpg",
    "id": "dzobj_gzja4eokoa"
  },
  {
    "objectName": "hydraulic_hoses.p3d",
    "inGameName": "-",
    "category": "vehicles",
    "modelType": "Raw P3D",
    "path": "dz/vehicles/parts",
    "usableOnConsole": false,
    "searchTags": "parts, transport, vehicle, vehicles",
    "image": "images/vehicles/parts/hydraulic_hoses.p3d.jpg",
    "id": "dzobj_vn7fp3qhrh"
  },
  {
    "objectName": "igniter_plug.p3d",
    "inGameName": "-",
    "category": "vehicles",
    "modelType": "Raw P3D",
    "path": "dz/vehicles/parts",
    "usableOnConsole": false,
    "searchTags": "parts, transport, vehicle, vehicles",
    "image": "images/vehicles/parts/igniter_plug.p3d.jpg",
    "id": "dzobj_v11onbj91z"
  },
  {
    "objectName": "jerrycan.p3d",
    "inGameName": "Jerrycan",
    "category": "vehicles",
    "modelType": "Raw P3D",
    "path": "dz/vehicles/parts",
    "usableOnConsole": false,
    "searchTags": "parts, transport, vehicle, vehicles",
    "image": "images/vehicles/parts/jerrycan.p3d.jpg",
    "id": "dzobj_4w1m5t8c3y"
  },
  {
    "objectName": "oil_bottle.p3d",
    "inGameName": "Motor Oil",
    "category": "vehicles",
    "modelType": "Raw P3D",
    "path": "dz/vehicles/parts",
    "usableOnConsole": false,
    "searchTags": "motor, parts, transport, vehicle, vehicles",
    "image": "images/vehicles/parts/oil_bottle.p3d.jpg",
    "id": "dzobj_sezfq2u91q"
  },
  {
    "objectName": "pitch_link.p3d",
    "inGameName": "-",
    "category": "vehicles",
    "modelType": "Raw P3D",
    "path": "dz/vehicles/parts",
    "usableOnConsole": false,
    "searchTags": "parts, transport, vehicle, vehicles",
    "image": "images/vehicles/parts/pitch_link.p3d.jpg",
    "id": "dzobj_eeynva3jvy"
  },
  {
    "objectName": "radiator_car.p3d",
    "inGameName": "-",
    "category": "vehicles",
    "modelType": "Raw P3D",
    "path": "dz/vehicles/parts",
    "usableOnConsole": false,
    "searchTags": "parts, transport, vehicle, vehicles",
    "image": "images/vehicles/parts/radiator_car.p3d.jpg",
    "id": "dzobj_luqzxhmidq"
  },
  {
    "objectName": "radiator_smallcar.p3d",
    "inGameName": "-",
    "category": "vehicles",
    "modelType": "Raw P3D",
    "path": "dz/vehicles/parts",
    "usableOnConsole": false,
    "searchTags": "parts, transport, vehicle, vehicles",
    "image": "images/vehicles/parts/radiator_smallcar.p3d.jpg",
    "id": "dzobj_tv1q0gy4al"
  },
  {
    "objectName": "radiator_truck.p3d",
    "inGameName": "-",
    "category": "vehicles",
    "modelType": "Raw P3D",
    "path": "dz/vehicles/parts",
    "usableOnConsole": false,
    "searchTags": "parts, transport, vehicle, vehicles",
    "image": "images/vehicles/parts/radiator_truck.p3d.jpg",
    "id": "dzobj_hmshjiecix"
  },
  {
    "objectName": "replacement_headlight.p3d",
    "inGameName": "-",
    "category": "vehicles",
    "modelType": "Raw P3D",
    "path": "dz/vehicles/parts",
    "usableOnConsole": false,
    "searchTags": "parts, transport, vehicle, vehicles",
    "image": "images/vehicles/parts/replacement_headlight.p3d.jpg",
    "id": "dzobj_cli1lr6kzf"
  },
  {
    "objectName": "replacement_headlight_box.p3d",
    "inGameName": "Boxed Headlight Bulb",
    "category": "vehicles",
    "modelType": "Raw P3D",
    "path": "dz/vehicles/parts",
    "usableOnConsole": false,
    "searchTags": "boxed, bulb, crate, parts, storage, transport, vehicle, vehicles",
    "image": "images/vehicles/parts/replacement_headlight_box.p3d.jpg",
    "id": "dzobj_eo8z8maf7d"
  },
  {
    "objectName": "sparkplug.p3d",
    "inGameName": "-",
    "category": "vehicles",
    "modelType": "Raw P3D",
    "path": "dz/vehicles/parts",
    "usableOnConsole": false,
    "searchTags": "parts, transport, vehicle, vehicles",
    "image": "images/vehicles/parts/sparkplug.p3d.jpg",
    "id": "dzobj_7wgcq1jawh"
  },
  {
    "objectName": "tail_rotor_blade.p3d",
    "inGameName": "-",
    "category": "vehicles",
    "modelType": "Raw P3D",
    "path": "dz/vehicles/parts",
    "usableOnConsole": false,
    "searchTags": "parts, transport, vehicle, vehicles",
    "image": "images/vehicles/parts/tail_rotor_blade.p3d.jpg",
    "id": "dzobj_hznadfc6mt"
  },
  {
    "objectName": "tire_repair_kit.p3d",
    "inGameName": "Tire Repair Kit",
    "category": "vehicles",
    "modelType": "Raw P3D",
    "path": "dz/vehicles/parts",
    "usableOnConsole": false,
    "searchTags": "parts, transport, vehicle, vehicles",
    "image": "images/vehicles/parts/tire_repair_kit.p3d.jpg",
    "id": "dzobj_e1mrrgoirq"
  },
  {
    "objectName": "windscreen_box.p3d",
    "inGameName": "-",
    "category": "vehicles",
    "modelType": "Raw P3D",
    "path": "dz/vehicles/parts",
    "usableOnConsole": false,
    "searchTags": "crate, parts, storage, transport, vehicle, vehicles",
    "image": "images/vehicles/parts/windscreen_box.p3d.jpg",
    "id": "dzobj_jzgfzwump9"
  }
]
