[
  {
    "objectName": "StaticObj_Furniture_office_table_a",
    "inGameName": "-",
    "category": "structures",
    "modelType": "Config",
    "path": "dz/structures/furniture/tables/office_table_a",
    "usableOnConsole": true,
    "searchTags": "desk, tables",
    "image": "images/structures/furniture/tables/office_table_a/staticobj_furniture_office_table_a.jpg",
    "id": "dzobj_t34dvocxup"
  },
  {
    "objectName": "office_table_a.p3d",
    "inGameName": "-",
    "category": "structures",
    "modelType": "Raw P3D",
    "path": "dz/structures/furniture/tables/office_table_a",
    "usableOnConsole": false,
    "searchTags": "desk, furniture, tables",
    "image": "images/structures/furniture/tables/office_table_a/office_table_a.p3d.jpg",
    "id": "dzobj_uvrsi2j60i"
  }
]
