[
  {
    "objectName": "city_policestation.p3d",
    "category": "structures",
    "modelType": "Raw P3D",
    "path": "dz/structures/residential/police",
    "usableOnConsole": false,
    "searchTags": "police, station, city, law, pd, police_department, enforcement, urban, municipal, jail, office, large",
    "image": "images/structures/residential/police/land_city_policestation.jpg"
  },
  {
    "objectName": "Land_City_PoliceStation",
    "category": "structures",
    "modelType": "Config",
    "path": "dz/structures/residential/police",
    "usableOnConsole": true,
    "searchTags": "police, station, city, law, pd, police_department, enforcement, urban, municipal, jail, office, large, grey",
    "image": "images/structures/residential/police/land_city_policestation.jpg"
  },
  {
    "objectName": "Land_Village_PoliceStation",
    "category": "structures",
    "modelType": "Config",
    "path": "dz/structures/residential/police",
    "usableOnConsole": true,
    "searchTags": "police, station, village, law, pd, police_department, enforcement, small, rural, municipal, jail, office, yellow",
    "image": "images/structures/residential/police/land_village_policestation.jpg"
  }
]
