[
  {
    "objectName": "sign_areoclub.p3d",
    "inGameName": "-",
    "category": "structures",
    "modelType": "Raw P3D",
    "path": "dz/structures/signs/misc",
    "usableOnConsole": false,
    "searchTags": "marker, misc, notice, signs",
    "image": "images/structures/signs/misc/sign_areoclub.p3d.jpg"
  },
  {
    "objectName": "sign_build_altar.p3d",
    "inGameName": "-",
    "category": "structures",
    "modelType": "Raw P3D",
    "path": "dz/structures/signs/misc",
    "usableOnConsole": false,
    "searchTags": "marker, misc, notice, signs",
    "image": "images/structures/signs/misc/sign_build_altar.p3d.jpg"
  },
  {
    "objectName": "sign_build_bar.p3d",
    "inGameName": "-",
    "category": "structures",
    "modelType": "Raw P3D",
    "path": "dz/structures/signs/misc",
    "usableOnConsole": false,
    "searchTags": "marker, misc, notice, signs",
    "image": "images/structures/signs/misc/sign_build_bar.p3d.jpg"
  },
  {
    "objectName": "sign_build_bes.p3d",
    "inGameName": "-",
    "category": "structures",
    "modelType": "Raw P3D",
    "path": "dz/structures/signs/misc",
    "usableOnConsole": false,
    "searchTags": "marker, misc, notice, signs",
    "image": "images/structures/signs/misc/sign_build_bes.p3d.jpg"
  },
  {
    "objectName": "sign_build_cerpecat.p3d",
    "inGameName": "-",
    "category": "structures",
    "modelType": "Raw P3D",
    "path": "dz/structures/signs/misc",
    "usableOnConsole": false,
    "searchTags": "marker, misc, notice, signs",
    "image": "images/structures/signs/misc/sign_build_cerpecat.p3d.jpg"
  },
  {
    "objectName": "sign_build_chernobus.p3d",
    "inGameName": "-",
    "category": "structures",
    "modelType": "Raw P3D",
    "path": "dz/structures/signs/misc",
    "usableOnConsole": false,
    "searchTags": "marker, misc, notice, signs",
    "image": "images/structures/signs/misc/sign_build_chernobus.p3d.jpg"
  },
  {
    "objectName": "sign_build_hotel.p3d",
    "inGameName": "-",
    "category": "structures",
    "modelType": "Raw P3D",
    "path": "dz/structures/signs/misc",
    "usableOnConsole": false,
    "searchTags": "marker, misc, notice, signs",
    "image": "images/structures/signs/misc/sign_build_hotel.p3d.jpg"
  },
  {
    "objectName": "sign_build_produkty.p3d",
    "inGameName": "-",
    "category": "structures",
    "modelType": "Raw P3D",
    "path": "dz/structures/signs/misc",
    "usableOnConsole": false,
    "searchTags": "marker, misc, notice, signs",
    "image": "images/structures/signs/misc/sign_build_produkty.p3d.jpg"
  },
  {
    "objectName": "sign_build_skvsch.p3d",
    "inGameName": "-",
    "category": "structures",
    "modelType": "Raw P3D",
    "path": "dz/structures/signs/misc",
    "usableOnConsole": false,
    "searchTags": "marker, misc, notice, signs",
    "image": "images/structures/signs/misc/sign_build_skvsch.p3d.jpg"
  },
  {
    "objectName": "sign_build_tec.p3d",
    "inGameName": "-",
    "category": "structures",
    "modelType": "Raw P3D",
    "path": "dz/structures/signs/misc",
    "usableOnConsole": false,
    "searchTags": "marker, misc, notice, signs",
    "image": "images/structures/signs/misc/sign_build_tec.p3d.jpg"
  },
  {
    "objectName": "sign_build_zvezda.p3d",
    "inGameName": "-",
    "category": "structures",
    "modelType": "Raw P3D",
    "path": "dz/structures/signs/misc",
    "usableOnConsole": false,
    "searchTags": "marker, misc, notice, signs",
    "image": "images/structures/signs/misc/sign_build_zvezda.p3d.jpg"
  },
  {
    "objectName": "sign_camp_100l.p3d",
    "inGameName": "-",
    "category": "structures",
    "modelType": "Raw P3D",
    "path": "dz/structures/signs/misc",
    "usableOnConsole": false,
    "searchTags": "camping, marker, misc, notice, outdoor, signs",
    "image": "images/structures/signs/misc/sign_camp_100l.p3d.jpg"
  },
  {
    "objectName": "sign_camp_100r.p3d",
    "inGameName": "-",
    "category": "structures",
    "modelType": "Raw P3D",
    "path": "dz/structures/signs/misc",
    "usableOnConsole": false,
    "searchTags": "camping, marker, misc, notice, outdoor, signs",
    "image": "images/structures/signs/misc/sign_camp_100r.p3d.jpg"
  },
  {
    "objectName": "sign_camp_300l.p3d",
    "inGameName": "-",
    "category": "structures",
    "modelType": "Raw P3D",
    "path": "dz/structures/signs/misc",
    "usableOnConsole": false,
    "searchTags": "camping, marker, misc, notice, outdoor, signs",
    "image": "images/structures/signs/misc/sign_camp_300l.p3d.jpg"
  },
  {
    "objectName": "sign_camp_300r.p3d",
    "inGameName": "-",
    "category": "structures",
    "modelType": "Raw P3D",
    "path": "dz/structures/signs/misc",
    "usableOnConsole": false,
    "searchTags": "camping, marker, misc, notice, outdoor, signs",
    "image": "images/structures/signs/misc/sign_camp_300r.p3d.jpg"
  },
  {
    "objectName": "sign_camp_arsenevo.p3d",
    "inGameName": "-",
    "category": "structures",
    "modelType": "Raw P3D",
    "path": "dz/structures/signs/misc",
    "usableOnConsole": false,
    "searchTags": "camping, marker, misc, notice, outdoor, signs",
    "image": "images/structures/signs/misc/sign_camp_arsenevo.p3d.jpg"
  },
  {
    "objectName": "sign_camp_builder.p3d",
    "inGameName": "-",
    "category": "structures",
    "modelType": "Raw P3D",
    "path": "dz/structures/signs/misc",
    "usableOnConsole": false,
    "searchTags": "camping, marker, misc, notice, outdoor, signs",
    "image": "images/structures/signs/misc/sign_camp_builder.p3d.jpg"
  },
  {
    "objectName": "sign_camp_camomile.p3d",
    "inGameName": "-",
    "category": "structures",
    "modelType": "Raw P3D",
    "path": "dz/structures/signs/misc",
    "usableOnConsole": false,
    "searchTags": "camping, marker, misc, notice, outdoor, signs",
    "image": "images/structures/signs/misc/sign_camp_camomile.p3d.jpg"
  },
  {
    "objectName": "sign_camp_comet.p3d",
    "inGameName": "-",
    "category": "structures",
    "modelType": "Raw P3D",
    "path": "dz/structures/signs/misc",
    "usableOnConsole": false,
    "searchTags": "camping, marker, misc, notice, outdoor, signs",
    "image": "images/structures/signs/misc/sign_camp_comet.p3d.jpg"
  },
  {
    "objectName": "sign_camp_friendship.p3d",
    "inGameName": "-",
    "category": "structures",
    "modelType": "Raw P3D",
    "path": "dz/structures/signs/misc",
    "usableOnConsole": false,
    "searchTags": "camping, marker, misc, notice, outdoor, signs",
    "image": "images/structures/signs/misc/sign_camp_friendship.p3d.jpg"
  },
  {
    "objectName": "sign_camp_hope.p3d",
    "inGameName": "-",
    "category": "structures",
    "modelType": "Raw P3D",
    "path": "dz/structures/signs/misc",
    "usableOnConsole": false,
    "searchTags": "camping, marker, misc, notice, outdoor, signs",
    "image": "images/structures/signs/misc/sign_camp_hope.p3d.jpg"
  },
  {
    "objectName": "sign_camp_pioneer.p3d",
    "inGameName": "-",
    "category": "structures",
    "modelType": "Raw P3D",
    "path": "dz/structures/signs/misc",
    "usableOnConsole": false,
    "searchTags": "camping, marker, misc, notice, outdoor, signs",
    "image": "images/structures/signs/misc/sign_camp_pioneer.p3d.jpg"
  },
  {
    "objectName": "sign_camp_prchernarus.p3d",
    "inGameName": "-",
    "category": "structures",
    "modelType": "Raw P3D",
    "path": "dz/structures/signs/misc",
    "usableOnConsole": false,
    "searchTags": "camping, marker, misc, notice, outdoor, signs",
    "image": "images/structures/signs/misc/sign_camp_prchernarus.p3d.jpg"
  },
  {
    "objectName": "sign_camp_scholar.p3d",
    "inGameName": "-",
    "category": "structures",
    "modelType": "Raw P3D",
    "path": "dz/structures/signs/misc",
    "usableOnConsole": false,
    "searchTags": "camping, marker, misc, notice, outdoor, signs",
    "image": "images/structures/signs/misc/sign_camp_scholar.p3d.jpg"
  },
  {
    "objectName": "sign_camp_victory.p3d",
    "inGameName": "-",
    "category": "structures",
    "modelType": "Raw P3D",
    "path": "dz/structures/signs/misc",
    "usableOnConsole": false,
    "searchTags": "camping, marker, misc, notice, outdoor, signs",
    "image": "images/structures/signs/misc/sign_camp_victory.p3d.jpg"
  },
  {
    "objectName": "sign_city_chernogorsk.p3d",
    "inGameName": "-",
    "category": "structures",
    "modelType": "Raw P3D",
    "path": "dz/structures/signs/misc",
    "usableOnConsole": false,
    "searchTags": "marker, misc, notice, signs",
    "image": "images/structures/signs/misc/sign_city_chernogorsk.p3d.jpg"
  },
  {
    "objectName": "sign_city_elektro.p3d",
    "inGameName": "-",
    "category": "structures",
    "modelType": "Raw P3D",
    "path": "dz/structures/signs/misc",
    "usableOnConsole": false,
    "searchTags": "marker, misc, notice, signs",
    "image": "images/structures/signs/misc/sign_city_elektro.p3d.jpg"
  },
  {
    "objectName": "sign_city_novo.p3d",
    "inGameName": "-",
    "category": "structures",
    "modelType": "Raw P3D",
    "path": "dz/structures/signs/misc",
    "usableOnConsole": false,
    "searchTags": "marker, misc, notice, signs",
    "image": "images/structures/signs/misc/sign_city_novo.p3d.jpg"
  },
  {
    "objectName": "sign_decal_afs_01.p3d",
    "inGameName": "-",
    "category": "structures",
    "modelType": "Raw P3D",
    "path": "dz/structures/signs/misc",
    "usableOnConsole": false,
    "searchTags": "marker, misc, notice, signs",
    "image": "images/structures/signs/misc/sign_decal_afs_01.p3d.jpg"
  },
  {
    "objectName": "sign_decal_afs_02.p3d",
    "inGameName": "-",
    "category": "structures",
    "modelType": "Raw P3D",
    "path": "dz/structures/signs/misc",
    "usableOnConsole": false,
    "searchTags": "marker, misc, notice, signs",
    "image": "images/structures/signs/misc/sign_decal_afs_02.p3d.jpg"
  },
  {
    "objectName": "sign_decal_afs_03.p3d",
    "inGameName": "-",
    "category": "structures",
    "modelType": "Raw P3D",
    "path": "dz/structures/signs/misc",
    "usableOnConsole": false,
    "searchTags": "marker, misc, notice, signs",
    "image": "images/structures/signs/misc/sign_decal_afs_03.p3d.jpg"
  },
  {
    "objectName": "sign_decal_afs_04.p3d",
    "inGameName": "-",
    "category": "structures",
    "modelType": "Raw P3D",
    "path": "dz/structures/signs/misc",
    "usableOnConsole": false,
    "searchTags": "marker, misc, notice, signs",
    "image": "images/structures/signs/misc/sign_decal_afs_04.p3d.jpg"
  },
  {
    "objectName": "sign_decal_afs_05.p3d",
    "inGameName": "-",
    "category": "structures",
    "modelType": "Raw P3D",
    "path": "dz/structures/signs/misc",
    "usableOnConsole": false,
    "searchTags": "marker, misc, notice, signs",
    "image": "images/structures/signs/misc/sign_decal_afs_05.p3d.jpg"
  },
  {
    "objectName": "sign_decal_afs_06.p3d",
    "inGameName": "-",
    "category": "structures",
    "modelType": "Raw P3D",
    "path": "dz/structures/signs/misc",
    "usableOnConsole": false,
    "searchTags": "marker, misc, notice, signs",
    "image": "images/structures/signs/misc/sign_decal_afs_06.p3d.jpg"
  },
  {
    "objectName": "sign_decal_afs_07.p3d",
    "inGameName": "-",
    "category": "structures",
    "modelType": "Raw P3D",
    "path": "dz/structures/signs/misc",
    "usableOnConsole": false,
    "searchTags": "marker, misc, notice, signs",
    "image": "images/structures/signs/misc/sign_decal_afs_07.p3d.jpg"
  },
  {
    "objectName": "sign_decal_afs_08.p3d",
    "inGameName": "-",
    "category": "structures",
    "modelType": "Raw P3D",
    "path": "dz/structures/signs/misc",
    "usableOnConsole": false,
    "searchTags": "marker, misc, notice, signs",
    "image": "images/structures/signs/misc/sign_decal_afs_08.p3d.jpg"
  },
  {
    "objectName": "sign_decal_afs_09.p3d",
    "inGameName": "-",
    "category": "structures",
    "modelType": "Raw P3D",
    "path": "dz/structures/signs/misc",
    "usableOnConsole": false,
    "searchTags": "marker, misc, notice, signs",
    "image": "images/structures/signs/misc/sign_decal_afs_09.p3d.jpg"
  },
  {
    "objectName": "sign_decal_afs_10.p3d",
    "inGameName": "-",
    "category": "structures",
    "modelType": "Raw P3D",
    "path": "dz/structures/signs/misc",
    "usableOnConsole": false,
    "searchTags": "marker, misc, notice, signs",
    "image": "images/structures/signs/misc/sign_decal_afs_10.p3d.jpg"
  },
  {
    "objectName": "sign_decal_afs_11.p3d",
    "inGameName": "-",
    "category": "structures",
    "modelType": "Raw P3D",
    "path": "dz/structures/signs/misc",
    "usableOnConsole": false,
    "searchTags": "marker, misc, notice, signs",
    "image": "images/structures/signs/misc/sign_decal_afs_11.p3d.jpg"
  },
  {
    "objectName": "sign_decal_afs_12.p3d",
    "inGameName": "-",
    "category": "structures",
    "modelType": "Raw P3D",
    "path": "dz/structures/signs/misc",
    "usableOnConsole": false,
    "searchTags": "marker, misc, notice, signs",
    "image": "images/structures/signs/misc/sign_decal_afs_12.p3d.jpg"
  },
  {
    "objectName": "sign_decal_afs_13.p3d",
    "inGameName": "-",
    "category": "structures",
    "modelType": "Raw P3D",
    "path": "dz/structures/signs/misc",
    "usableOnConsole": false,
    "searchTags": "marker, misc, notice, signs",
    "image": "images/structures/signs/misc/sign_decal_afs_13.p3d.jpg"
  },
  {
    "objectName": "sign_decal_afs_14.p3d",
    "inGameName": "-",
    "category": "structures",
    "modelType": "Raw P3D",
    "path": "dz/structures/signs/misc",
    "usableOnConsole": false,
    "searchTags": "marker, misc, notice, signs",
    "image": "images/structures/signs/misc/sign_decal_afs_14.p3d.jpg"
  },
  {
    "objectName": "sign_decal_afs_15.p3d",
    "inGameName": "-",
    "category": "structures",
    "modelType": "Raw P3D",
    "path": "dz/structures/signs/misc",
    "usableOnConsole": false,
    "searchTags": "marker, misc, notice, signs",
    "image": "images/structures/signs/misc/sign_decal_afs_15.p3d.jpg"
  },
  {
    "objectName": "sign_decal_afs_16.p3d",
    "inGameName": "-",
    "category": "structures",
    "modelType": "Raw P3D",
    "path": "dz/structures/signs/misc",
    "usableOnConsole": false,
    "searchTags": "marker, misc, notice, signs",
    "image": "images/structures/signs/misc/sign_decal_afs_16.p3d.jpg"
  },
  {
    "objectName": "sign_decal_afs_17.p3d",
    "inGameName": "-",
    "category": "structures",
    "modelType": "Raw P3D",
    "path": "dz/structures/signs/misc",
    "usableOnConsole": false,
    "searchTags": "marker, misc, notice, signs",
    "image": "images/structures/signs/misc/sign_decal_afs_17.p3d.jpg"
  },
  {
    "objectName": "sign_decal_afs_18.p3d",
    "inGameName": "-",
    "category": "structures",
    "modelType": "Raw P3D",
    "path": "dz/structures/signs/misc",
    "usableOnConsole": false,
    "searchTags": "marker, misc, notice, signs",
    "image": "images/structures/signs/misc/sign_decal_afs_18.p3d.jpg"
  },
  {
    "objectName": "sign_decal_afs_19.p3d",
    "inGameName": "-",
    "category": "structures",
    "modelType": "Raw P3D",
    "path": "dz/structures/signs/misc",
    "usableOnConsole": false,
    "searchTags": "marker, misc, notice, signs",
    "image": "images/structures/signs/misc/sign_decal_afs_19.p3d.jpg"
  },
  {
    "objectName": "sign_decal_afs_20.p3d",
    "inGameName": "-",
    "category": "structures",
    "modelType": "Raw P3D",
    "path": "dz/structures/signs/misc",
    "usableOnConsole": false,
    "searchTags": "marker, misc, notice, signs",
    "image": "images/structures/signs/misc/sign_decal_afs_20.p3d.jpg"
  },
  {
    "objectName": "sign_decal_buffer.p3d",
    "inGameName": "-",
    "category": "structures",
    "modelType": "Raw P3D",
    "path": "dz/structures/signs/misc",
    "usableOnConsole": false,
    "searchTags": "marker, misc, notice, signs",
    "image": "images/structures/signs/misc/sign_decal_buffer.p3d.jpg"
  },
  {
    "objectName": "sign_decal_campschedule.p3d",
    "inGameName": "-",
    "category": "structures",
    "modelType": "Raw P3D",
    "path": "dz/structures/signs/misc",
    "usableOnConsole": false,
    "searchTags": "marker, misc, notice, signs",
    "image": "images/structures/signs/misc/sign_decal_campschedule.p3d.jpg"
  },
  {
    "objectName": "sign_decal_carserviceblackgar.p3d",
    "inGameName": "-",
    "category": "structures",
    "modelType": "Raw P3D",
    "path": "dz/structures/signs/misc",
    "usableOnConsole": false,
    "searchTags": "marker, misc, notice, signs",
    "image": "images/structures/signs/misc/sign_decal_carserviceblackgar.p3d.jpg"
  },
  {
    "objectName": "sign_decal_carstoremig.p3d",
    "inGameName": "-",
    "category": "structures",
    "modelType": "Raw P3D",
    "path": "dz/structures/signs/misc",
    "usableOnConsole": false,
    "searchTags": "marker, misc, notice, signs",
    "image": "images/structures/signs/misc/sign_decal_carstoremig.p3d.jpg"
  },
  {
    "objectName": "sign_decal_gov1.p3d",
    "inGameName": "-",
    "category": "structures",
    "modelType": "Raw P3D",
    "path": "dz/structures/signs/misc",
    "usableOnConsole": false,
    "searchTags": "marker, misc, notice, signs",
    "image": "images/structures/signs/misc/sign_decal_gov1.p3d.jpg"
  },
  {
    "objectName": "sign_decal_gov2.p3d",
    "inGameName": "-",
    "category": "structures",
    "modelType": "Raw P3D",
    "path": "dz/structures/signs/misc",
    "usableOnConsole": false,
    "searchTags": "marker, misc, notice, signs",
    "image": "images/structures/signs/misc/sign_decal_gov2.p3d.jpg"
  },
  {
    "objectName": "sign_decal_govpolice.p3d",
    "inGameName": "-",
    "category": "structures",
    "modelType": "Raw P3D",
    "path": "dz/structures/signs/misc",
    "usableOnConsole": false,
    "searchTags": "marker, misc, notice, signs",
    "image": "images/structures/signs/misc/sign_decal_govpolice.p3d.jpg"
  },
  {
    "objectName": "sign_decal_govschool.p3d",
    "inGameName": "-",
    "category": "structures",
    "modelType": "Raw P3D",
    "path": "dz/structures/signs/misc",
    "usableOnConsole": false,
    "searchTags": "marker, misc, notice, signs",
    "image": "images/structures/signs/misc/sign_decal_govschool.p3d.jpg"
  },
  {
    "objectName": "sign_decal_nosmoking.p3d",
    "inGameName": "-",
    "category": "structures",
    "modelType": "Raw P3D",
    "path": "dz/structures/signs/misc",
    "usableOnConsole": false,
    "searchTags": "marker, misc, notice, signs",
    "image": "images/structures/signs/misc/sign_decal_nosmoking.p3d.jpg"
  },
  {
    "objectName": "sign_decal_postoffice.p3d",
    "inGameName": "-",
    "category": "structures",
    "modelType": "Raw P3D",
    "path": "dz/structures/signs/misc",
    "usableOnConsole": false,
    "searchTags": "marker, misc, notice, signs",
    "image": "images/structures/signs/misc/sign_decal_postoffice.p3d.jpg"
  },
  {
    "objectName": "sign_decal_pubcz1.p3d",
    "inGameName": "-",
    "category": "structures",
    "modelType": "Raw P3D",
    "path": "dz/structures/signs/misc",
    "usableOnConsole": false,
    "searchTags": "marker, misc, notice, signs",
    "image": "images/structures/signs/misc/sign_decal_pubcz1.p3d.jpg"
  },
  {
    "objectName": "sign_decal_pubcz2.p3d",
    "inGameName": "-",
    "category": "structures",
    "modelType": "Raw P3D",
    "path": "dz/structures/signs/misc",
    "usableOnConsole": false,
    "searchTags": "marker, misc, notice, signs",
    "image": "images/structures/signs/misc/sign_decal_pubcz2.p3d.jpg"
  },
  {
    "objectName": "sign_decal_pubcz3.p3d",
    "inGameName": "-",
    "category": "structures",
    "modelType": "Raw P3D",
    "path": "dz/structures/signs/misc",
    "usableOnConsole": false,
    "searchTags": "marker, misc, notice, signs",
    "image": "images/structures/signs/misc/sign_decal_pubcz3.p3d.jpg"
  },
  {
    "objectName": "sign_decal_pubru1.p3d",
    "inGameName": "-",
    "category": "structures",
    "modelType": "Raw P3D",
    "path": "dz/structures/signs/misc",
    "usableOnConsole": false,
    "searchTags": "marker, misc, notice, signs",
    "image": "images/structures/signs/misc/sign_decal_pubru1.p3d.jpg"
  },
  {
    "objectName": "sign_decal_pubru2.p3d",
    "inGameName": "-",
    "category": "structures",
    "modelType": "Raw P3D",
    "path": "dz/structures/signs/misc",
    "usableOnConsole": false,
    "searchTags": "marker, misc, notice, signs",
    "image": "images/structures/signs/misc/sign_decal_pubru2.p3d.jpg"
  },
  {
    "objectName": "sign_decal_pubru3.p3d",
    "inGameName": "-",
    "category": "structures",
    "modelType": "Raw P3D",
    "path": "dz/structures/signs/misc",
    "usableOnConsole": false,
    "searchTags": "marker, misc, notice, signs",
    "image": "images/structures/signs/misc/sign_decal_pubru3.p3d.jpg"
  },
  {
    "objectName": "sign_easteregg1.p3d",
    "inGameName": "-",
    "category": "structures",
    "modelType": "Raw P3D",
    "path": "dz/structures/signs/misc",
    "usableOnConsole": false,
    "searchTags": "marker, misc, notice, signs",
    "image": "images/structures/signs/misc/sign_easteregg1.p3d.jpg"
  },
  {
    "objectName": "sign_easteregg2.p3d",
    "inGameName": "-",
    "category": "structures",
    "modelType": "Raw P3D",
    "path": "dz/structures/signs/misc",
    "usableOnConsole": false,
    "searchTags": "marker, misc, notice, signs",
    "image": "images/structures/signs/misc/sign_easteregg2.p3d.jpg"
  },
  {
    "objectName": "sign_easteregg3.p3d",
    "inGameName": "-",
    "category": "structures",
    "modelType": "Raw P3D",
    "path": "dz/structures/signs/misc",
    "usableOnConsole": false,
    "searchTags": "marker, misc, notice, signs",
    "image": "images/structures/signs/misc/sign_easteregg3.p3d.jpg"
  },
  {
    "objectName": "sign_nodumping.p3d",
    "inGameName": "-",
    "category": "structures",
    "modelType": "Raw P3D",
    "path": "dz/structures/signs/misc",
    "usableOnConsole": false,
    "searchTags": "marker, misc, notice, signs",
    "image": "images/structures/signs/misc/sign_nodumping.p3d.jpg"
  },
  {
    "objectName": "sign_nofishing.p3d",
    "inGameName": "-",
    "category": "structures",
    "modelType": "Raw P3D",
    "path": "dz/structures/signs/misc",
    "usableOnConsole": false,
    "searchTags": "marker, misc, notice, signs",
    "image": "images/structures/signs/misc/sign_nofishing.p3d.jpg"
  },
  {
    "objectName": "sign_pub_village.p3d",
    "inGameName": "-",
    "category": "structures",
    "modelType": "Raw P3D",
    "path": "dz/structures/signs/misc",
    "usableOnConsole": false,
    "searchTags": "marker, misc, notice, signs",
    "image": "images/structures/signs/misc/sign_pub_village.p3d.jpg"
  },
  {
    "objectName": "sign_quarry.p3d",
    "inGameName": "-",
    "category": "structures",
    "modelType": "Raw P3D",
    "path": "dz/structures/signs/misc",
    "usableOnConsole": false,
    "searchTags": "marker, misc, notice, signs",
    "image": "images/structures/signs/misc/sign_quarry.p3d.jpg"
  },
  {
    "objectName": "sign_rail_50.p3d",
    "inGameName": "-",
    "category": "structures",
    "modelType": "Raw P3D",
    "path": "dz/structures/signs/misc",
    "usableOnConsole": false,
    "searchTags": "marker, misc, notice, signs",
    "image": "images/structures/signs/misc/sign_rail_50.p3d.jpg"
  },
  {
    "objectName": "sign_rail_balota.p3d",
    "inGameName": "-",
    "category": "structures",
    "modelType": "Raw P3D",
    "path": "dz/structures/signs/misc",
    "usableOnConsole": false,
    "searchTags": "marker, misc, notice, signs",
    "image": "images/structures/signs/misc/sign_rail_balota.p3d.jpg"
  },
  {
    "objectName": "sign_rail_berezino.p3d",
    "inGameName": "-",
    "category": "structures",
    "modelType": "Raw P3D",
    "path": "dz/structures/signs/misc",
    "usableOnConsole": false,
    "searchTags": "marker, misc, notice, signs",
    "image": "images/structures/signs/misc/sign_rail_berezino.p3d.jpg"
  },
  {
    "objectName": "sign_rail_chernogorsk.p3d",
    "inGameName": "-",
    "category": "structures",
    "modelType": "Raw P3D",
    "path": "dz/structures/signs/misc",
    "usableOnConsole": false,
    "searchTags": "marker, misc, notice, signs",
    "image": "images/structures/signs/misc/sign_rail_chernogorsk.p3d.jpg"
  },
  {
    "objectName": "sign_rail_crossing25.p3d",
    "inGameName": "-",
    "category": "structures",
    "modelType": "Raw P3D",
    "path": "dz/structures/signs/misc",
    "usableOnConsole": false,
    "searchTags": "marker, misc, notice, signs",
    "image": "images/structures/signs/misc/sign_rail_crossing25.p3d.jpg"
  },
  {
    "objectName": "sign_rail_crossing_minor.p3d",
    "inGameName": "-",
    "category": "structures",
    "modelType": "Raw P3D",
    "path": "dz/structures/signs/misc",
    "usableOnConsole": false,
    "searchTags": "marker, misc, notice, signs",
    "image": "images/structures/signs/misc/sign_rail_crossing_minor.p3d.jpg"
  },
  {
    "objectName": "sign_rail_dobroe.p3d",
    "inGameName": "-",
    "category": "structures",
    "modelType": "Raw P3D",
    "path": "dz/structures/signs/misc",
    "usableOnConsole": false,
    "searchTags": "marker, misc, notice, signs",
    "image": "images/structures/signs/misc/sign_rail_dobroe.p3d.jpg"
  },
  {
    "objectName": "sign_rail_elektrozavodsk.p3d",
    "inGameName": "-",
    "category": "structures",
    "modelType": "Raw P3D",
    "path": "dz/structures/signs/misc",
    "usableOnConsole": false,
    "searchTags": "marker, misc, notice, signs",
    "image": "images/structures/signs/misc/sign_rail_elektrozavodsk.p3d.jpg"
  },
  {
    "objectName": "sign_rail_kamenka.p3d",
    "inGameName": "-",
    "category": "structures",
    "modelType": "Raw P3D",
    "path": "dz/structures/signs/misc",
    "usableOnConsole": false,
    "searchTags": "marker, misc, notice, signs",
    "image": "images/structures/signs/misc/sign_rail_kamenka.p3d.jpg"
  },
  {
    "objectName": "sign_rail_kamyshovo.p3d",
    "inGameName": "-",
    "category": "structures",
    "modelType": "Raw P3D",
    "path": "dz/structures/signs/misc",
    "usableOnConsole": false,
    "searchTags": "marker, misc, notice, signs",
    "image": "images/structures/signs/misc/sign_rail_kamyshovo.p3d.jpg"
  },
  {
    "objectName": "sign_rail_komarovo.p3d",
    "inGameName": "-",
    "category": "structures",
    "modelType": "Raw P3D",
    "path": "dz/structures/signs/misc",
    "usableOnConsole": false,
    "searchTags": "marker, misc, notice, signs",
    "image": "images/structures/signs/misc/sign_rail_komarovo.p3d.jpg"
  },
  {
    "objectName": "sign_rail_novodmitrovsk.p3d",
    "inGameName": "-",
    "category": "structures",
    "modelType": "Raw P3D",
    "path": "dz/structures/signs/misc",
    "usableOnConsole": false,
    "searchTags": "marker, misc, notice, signs",
    "image": "images/structures/signs/misc/sign_rail_novodmitrovsk.p3d.jpg"
  },
  {
    "objectName": "sign_rail_petrovka.p3d",
    "inGameName": "-",
    "category": "structures",
    "modelType": "Raw P3D",
    "path": "dz/structures/signs/misc",
    "usableOnConsole": false,
    "searchTags": "marker, misc, notice, signs",
    "image": "images/structures/signs/misc/sign_rail_petrovka.p3d.jpg"
  },
  {
    "objectName": "sign_rail_platformend.p3d",
    "inGameName": "-",
    "category": "structures",
    "modelType": "Raw P3D",
    "path": "dz/structures/signs/misc",
    "usableOnConsole": false,
    "searchTags": "marker, misc, notice, signs",
    "image": "images/structures/signs/misc/sign_rail_platformend.p3d.jpg"
  },
  {
    "objectName": "sign_rail_prigorodki.p3d",
    "inGameName": "-",
    "category": "structures",
    "modelType": "Raw P3D",
    "path": "dz/structures/signs/misc",
    "usableOnConsole": false,
    "searchTags": "marker, misc, notice, signs",
    "image": "images/structures/signs/misc/sign_rail_prigorodki.p3d.jpg"
  },
  {
    "objectName": "sign_rail_severograd.p3d",
    "inGameName": "-",
    "category": "structures",
    "modelType": "Raw P3D",
    "path": "dz/structures/signs/misc",
    "usableOnConsole": false,
    "searchTags": "marker, misc, notice, signs",
    "image": "images/structures/signs/misc/sign_rail_severograd.p3d.jpg"
  },
  {
    "objectName": "sign_rail_solnichnyi.p3d",
    "inGameName": "-",
    "category": "structures",
    "modelType": "Raw P3D",
    "path": "dz/structures/signs/misc",
    "usableOnConsole": false,
    "searchTags": "marker, misc, notice, signs",
    "image": "images/structures/signs/misc/sign_rail_solnichnyi.p3d.jpg"
  },
  {
    "objectName": "sign_rail_svetloyarsk.p3d",
    "inGameName": "-",
    "category": "structures",
    "modelType": "Raw P3D",
    "path": "dz/structures/signs/misc",
    "usableOnConsole": false,
    "searchTags": "marker, misc, notice, signs",
    "image": "images/structures/signs/misc/sign_rail_svetloyarsk.p3d.jpg"
  },
  {
    "objectName": "sign_rail_vavilovo.p3d",
    "inGameName": "-",
    "category": "structures",
    "modelType": "Raw P3D",
    "path": "dz/structures/signs/misc",
    "usableOnConsole": false,
    "searchTags": "marker, misc, notice, signs",
    "image": "images/structures/signs/misc/sign_rail_vavilovo.p3d.jpg"
  },
  {
    "objectName": "sign_rail_zelenogorsk.p3d",
    "inGameName": "-",
    "category": "structures",
    "modelType": "Raw P3D",
    "path": "dz/structures/signs/misc",
    "usableOnConsole": false,
    "searchTags": "marker, misc, notice, signs",
    "image": "images/structures/signs/misc/sign_rail_zelenogorsk.p3d.jpg"
  },
  {
    "objectName": "sign_relic_building.p3d",
    "inGameName": "-",
    "category": "structures",
    "modelType": "Raw P3D",
    "path": "dz/structures/signs/misc",
    "usableOnConsole": false,
    "searchTags": "marker, misc, notice, signs",
    "image": "images/structures/signs/misc/sign_relic_building.p3d.jpg"
  },
  {
    "objectName": "sign_relic_tree.p3d",
    "inGameName": "-",
    "category": "structures",
    "modelType": "Raw P3D",
    "path": "dz/structures/signs/misc",
    "usableOnConsole": false,
    "searchTags": "foliage, marker, misc, notice, plant, signs",
    "image": "images/structures/signs/misc/sign_relic_tree.p3d.jpg"
  },
  {
    "objectName": "sign_relic_zagoria.p3d",
    "inGameName": "-",
    "category": "structures",
    "modelType": "Raw P3D",
    "path": "dz/structures/signs/misc",
    "usableOnConsole": false,
    "searchTags": "marker, misc, notice, signs",
    "image": "images/structures/signs/misc/sign_relic_zagoria.p3d.jpg"
  },
  {
    "objectName": "sign_roadblock_arrow.p3d",
    "inGameName": "-",
    "category": "structures",
    "modelType": "Raw P3D",
    "path": "dz/structures/signs/misc",
    "usableOnConsole": false,
    "searchTags": "marker, misc, notice, signs",
    "image": "images/structures/signs/misc/sign_roadblock_arrow.p3d.jpg"
  },
  {
    "objectName": "sign_roadblock_stop.p3d",
    "inGameName": "-",
    "category": "structures",
    "modelType": "Raw P3D",
    "path": "dz/structures/signs/misc",
    "usableOnConsole": false,
    "searchTags": "marker, misc, notice, signs",
    "image": "images/structures/signs/misc/sign_roadblock_stop.p3d.jpg"
  },
  {
    "objectName": "sign_roof_bardak.p3d",
    "inGameName": "-",
    "category": "structures",
    "modelType": "Raw P3D",
    "path": "dz/structures/signs/misc",
    "usableOnConsole": false,
    "searchTags": "cover, marker, misc, notice, signs",
    "image": "images/structures/signs/misc/sign_roof_bardak.p3d.jpg"
  },
  {
    "objectName": "sign_roof_cerselprom.p3d",
    "inGameName": "-",
    "category": "structures",
    "modelType": "Raw P3D",
    "path": "dz/structures/signs/misc",
    "usableOnConsole": false,
    "searchTags": "cover, marker, misc, notice, signs",
    "image": "images/structures/signs/misc/sign_roof_cerselprom.p3d.jpg"
  },
  {
    "objectName": "sign_roof_chel.p3d",
    "inGameName": "-",
    "category": "structures",
    "modelType": "Raw P3D",
    "path": "dz/structures/signs/misc",
    "usableOnConsole": false,
    "searchTags": "cover, marker, misc, notice, signs",
    "image": "images/structures/signs/misc/sign_roof_chel.p3d.jpg"
  },
  {
    "objectName": "sign_roof_chernobus.p3d",
    "inGameName": "-",
    "category": "structures",
    "modelType": "Raw P3D",
    "path": "dz/structures/signs/misc",
    "usableOnConsole": false,
    "searchTags": "cover, marker, misc, notice, signs",
    "image": "images/structures/signs/misc/sign_roof_chernobus.p3d.jpg"
  },
  {
    "objectName": "sign_roof_cmc.p3d",
    "inGameName": "-",
    "category": "structures",
    "modelType": "Raw P3D",
    "path": "dz/structures/signs/misc",
    "usableOnConsole": false,
    "searchTags": "cover, marker, misc, notice, signs",
    "image": "images/structures/signs/misc/sign_roof_cmc.p3d.jpg"
  },
  {
    "objectName": "sign_roof_crr.p3d",
    "inGameName": "-",
    "category": "structures",
    "modelType": "Raw P3D",
    "path": "dz/structures/signs/misc",
    "usableOnConsole": false,
    "searchTags": "cover, marker, misc, notice, signs",
    "image": "images/structures/signs/misc/sign_roof_crr.p3d.jpg"
  },
  {
    "objectName": "sign_roof_czd.p3d",
    "inGameName": "-",
    "category": "structures",
    "modelType": "Raw P3D",
    "path": "dz/structures/signs/misc",
    "usableOnConsole": false,
    "searchTags": "cover, marker, misc, notice, signs",
    "image": "images/structures/signs/misc/sign_roof_czd.p3d.jpg"
  },
  {
    "objectName": "sign_roof_eldorado.p3d",
    "inGameName": "-",
    "category": "structures",
    "modelType": "Raw P3D",
    "path": "dz/structures/signs/misc",
    "usableOnConsole": false,
    "searchTags": "cover, marker, misc, notice, signs",
    "image": "images/structures/signs/misc/sign_roof_eldorado.p3d.jpg"
  },
  {
    "objectName": "sign_roof_interhotel.p3d",
    "inGameName": "-",
    "category": "structures",
    "modelType": "Raw P3D",
    "path": "dz/structures/signs/misc",
    "usableOnConsole": false,
    "searchTags": "cover, marker, misc, notice, signs",
    "image": "images/structures/signs/misc/sign_roof_interhotel.p3d.jpg"
  },
  {
    "objectName": "sign_roof_kolgaz.p3d",
    "inGameName": "-",
    "category": "structures",
    "modelType": "Raw P3D",
    "path": "dz/structures/signs/misc",
    "usableOnConsole": false,
    "searchTags": "cover, marker, misc, notice, signs",
    "image": "images/structures/signs/misc/sign_roof_kolgaz.p3d.jpg"
  },
  {
    "objectName": "sign_roof_moto.p3d",
    "inGameName": "-",
    "category": "structures",
    "modelType": "Raw P3D",
    "path": "dz/structures/signs/misc",
    "usableOnConsole": false,
    "searchTags": "cover, marker, misc, notice, signs",
    "image": "images/structures/signs/misc/sign_roof_moto.p3d.jpg"
  },
  {
    "objectName": "sign_roof_poctamt.p3d",
    "inGameName": "-",
    "category": "structures",
    "modelType": "Raw P3D",
    "path": "dz/structures/signs/misc",
    "usableOnConsole": false,
    "searchTags": "cover, marker, misc, notice, signs",
    "image": "images/structures/signs/misc/sign_roof_poctamt.p3d.jpg"
  },
  {
    "objectName": "sign_roof_tec.p3d",
    "inGameName": "-",
    "category": "structures",
    "modelType": "Raw P3D",
    "path": "dz/structures/signs/misc",
    "usableOnConsole": false,
    "searchTags": "cover, marker, misc, notice, signs",
    "image": "images/structures/signs/misc/sign_roof_tec.p3d.jpg"
  },
  {
    "objectName": "sign_roof_tes.p3d",
    "inGameName": "-",
    "category": "structures",
    "modelType": "Raw P3D",
    "path": "dz/structures/signs/misc",
    "usableOnConsole": false,
    "searchTags": "cover, marker, misc, notice, signs",
    "image": "images/structures/signs/misc/sign_roof_tes.p3d.jpg"
  },
  {
    "objectName": "sign_roof_univermag.p3d",
    "inGameName": "-",
    "category": "structures",
    "modelType": "Raw P3D",
    "path": "dz/structures/signs/misc",
    "usableOnConsole": false,
    "searchTags": "cover, marker, misc, notice, signs",
    "image": "images/structures/signs/misc/sign_roof_univermag.p3d.jpg"
  }
]
