[
  {
    "objectName": "sign_areoclub.p3d",
    "inGameName": "-",
    "category": "structures",
    "modelType": "Raw P3D",
    "path": "dz/structures/signs/misc",
    "usableOnConsole": false,
    "searchTags": "marker, misc, notice, signs",
    "image": "images/structures/signs/misc/sign_areoclub.p3d.jpg",
    "id": "dzobj_w4gokq8myd"
  },
  {
    "objectName": "sign_build_altar.p3d",
    "inGameName": "-",
    "category": "structures",
    "modelType": "Raw P3D",
    "path": "dz/structures/signs/misc",
    "usableOnConsole": false,
    "searchTags": "marker, misc, notice, signs",
    "image": "images/structures/signs/misc/sign_build_altar.p3d.jpg",
    "id": "dzobj_wp0l5nizq4"
  },
  {
    "objectName": "sign_build_bar.p3d",
    "inGameName": "-",
    "category": "structures",
    "modelType": "Raw P3D",
    "path": "dz/structures/signs/misc",
    "usableOnConsole": false,
    "searchTags": "marker, misc, notice, signs",
    "image": "images/structures/signs/misc/sign_build_bar.p3d.jpg",
    "id": "dzobj_3jw6d7mm4w"
  },
  {
    "objectName": "sign_build_bes.p3d",
    "inGameName": "-",
    "category": "structures",
    "modelType": "Raw P3D",
    "path": "dz/structures/signs/misc",
    "usableOnConsole": false,
    "searchTags": "marker, misc, notice, signs",
    "image": "images/structures/signs/misc/sign_build_bes.p3d.jpg",
    "id": "dzobj_iwasn4wicf"
  },
  {
    "objectName": "sign_build_cerpecat.p3d",
    "inGameName": "-",
    "category": "structures",
    "modelType": "Raw P3D",
    "path": "dz/structures/signs/misc",
    "usableOnConsole": false,
    "searchTags": "marker, misc, notice, signs",
    "image": "images/structures/signs/misc/sign_build_cerpecat.p3d.jpg",
    "id": "dzobj_seqbtx6ir3"
  },
  {
    "objectName": "sign_build_chernobus.p3d",
    "inGameName": "-",
    "category": "structures",
    "modelType": "Raw P3D",
    "path": "dz/structures/signs/misc",
    "usableOnConsole": false,
    "searchTags": "marker, misc, notice, signs",
    "image": "images/structures/signs/misc/sign_build_chernobus.p3d.jpg",
    "id": "dzobj_6w6t52nayc"
  },
  {
    "objectName": "sign_build_hotel.p3d",
    "inGameName": "-",
    "category": "structures",
    "modelType": "Raw P3D",
    "path": "dz/structures/signs/misc",
    "usableOnConsole": false,
    "searchTags": "marker, misc, notice, signs",
    "image": "images/structures/signs/misc/sign_build_hotel.p3d.jpg",
    "id": "dzobj_um9ed84vew"
  },
  {
    "objectName": "sign_build_produkty.p3d",
    "inGameName": "-",
    "category": "structures",
    "modelType": "Raw P3D",
    "path": "dz/structures/signs/misc",
    "usableOnConsole": false,
    "searchTags": "marker, misc, notice, signs",
    "image": "images/structures/signs/misc/sign_build_produkty.p3d.jpg",
    "id": "dzobj_6p8o09h11b"
  },
  {
    "objectName": "sign_build_skvsch.p3d",
    "inGameName": "-",
    "category": "structures",
    "modelType": "Raw P3D",
    "path": "dz/structures/signs/misc",
    "usableOnConsole": false,
    "searchTags": "marker, misc, notice, signs",
    "image": "images/structures/signs/misc/sign_build_skvsch.p3d.jpg",
    "id": "dzobj_znys5wv336"
  },
  {
    "objectName": "sign_build_tec.p3d",
    "inGameName": "-",
    "category": "structures",
    "modelType": "Raw P3D",
    "path": "dz/structures/signs/misc",
    "usableOnConsole": false,
    "searchTags": "marker, misc, notice, signs",
    "image": "images/structures/signs/misc/sign_build_tec.p3d.jpg",
    "id": "dzobj_vgwv8cuwpp"
  },
  {
    "objectName": "sign_build_zvezda.p3d",
    "inGameName": "-",
    "category": "structures",
    "modelType": "Raw P3D",
    "path": "dz/structures/signs/misc",
    "usableOnConsole": false,
    "searchTags": "marker, misc, notice, signs",
    "image": "images/structures/signs/misc/sign_build_zvezda.p3d.jpg",
    "id": "dzobj_pprv29xlox"
  },
  {
    "objectName": "sign_camp_100l.p3d",
    "inGameName": "-",
    "category": "structures",
    "modelType": "Raw P3D",
    "path": "dz/structures/signs/misc",
    "usableOnConsole": false,
    "searchTags": "camping, marker, misc, notice, outdoor, signs",
    "image": "images/structures/signs/misc/sign_camp_100l.p3d.jpg",
    "id": "dzobj_gitlcxsmde"
  },
  {
    "objectName": "sign_camp_100r.p3d",
    "inGameName": "-",
    "category": "structures",
    "modelType": "Raw P3D",
    "path": "dz/structures/signs/misc",
    "usableOnConsole": false,
    "searchTags": "camping, marker, misc, notice, outdoor, signs",
    "image": "images/structures/signs/misc/sign_camp_100r.p3d.jpg",
    "id": "dzobj_a2nxbqokua"
  },
  {
    "objectName": "sign_camp_300l.p3d",
    "inGameName": "-",
    "category": "structures",
    "modelType": "Raw P3D",
    "path": "dz/structures/signs/misc",
    "usableOnConsole": false,
    "searchTags": "camping, marker, misc, notice, outdoor, signs",
    "image": "images/structures/signs/misc/sign_camp_300l.p3d.jpg",
    "id": "dzobj_p31chov58g"
  },
  {
    "objectName": "sign_camp_300r.p3d",
    "inGameName": "-",
    "category": "structures",
    "modelType": "Raw P3D",
    "path": "dz/structures/signs/misc",
    "usableOnConsole": false,
    "searchTags": "camping, marker, misc, notice, outdoor, signs",
    "image": "images/structures/signs/misc/sign_camp_300r.p3d.jpg",
    "id": "dzobj_6oogk4edx9"
  },
  {
    "objectName": "sign_camp_arsenevo.p3d",
    "inGameName": "-",
    "category": "structures",
    "modelType": "Raw P3D",
    "path": "dz/structures/signs/misc",
    "usableOnConsole": false,
    "searchTags": "camping, marker, misc, notice, outdoor, signs",
    "image": "images/structures/signs/misc/sign_camp_arsenevo.p3d.jpg",
    "id": "dzobj_urnfqr5lip"
  },
  {
    "objectName": "sign_camp_builder.p3d",
    "inGameName": "-",
    "category": "structures",
    "modelType": "Raw P3D",
    "path": "dz/structures/signs/misc",
    "usableOnConsole": false,
    "searchTags": "camping, marker, misc, notice, outdoor, signs",
    "image": "images/structures/signs/misc/sign_camp_builder.p3d.jpg",
    "id": "dzobj_rgxydb77us"
  },
  {
    "objectName": "sign_camp_camomile.p3d",
    "inGameName": "-",
    "category": "structures",
    "modelType": "Raw P3D",
    "path": "dz/structures/signs/misc",
    "usableOnConsole": false,
    "searchTags": "camping, marker, misc, notice, outdoor, signs",
    "image": "images/structures/signs/misc/sign_camp_camomile.p3d.jpg",
    "id": "dzobj_sez1yttua2"
  },
  {
    "objectName": "sign_camp_comet.p3d",
    "inGameName": "-",
    "category": "structures",
    "modelType": "Raw P3D",
    "path": "dz/structures/signs/misc",
    "usableOnConsole": false,
    "searchTags": "camping, marker, misc, notice, outdoor, signs",
    "image": "images/structures/signs/misc/sign_camp_comet.p3d.jpg",
    "id": "dzobj_1sdcp8z6yg"
  },
  {
    "objectName": "sign_camp_friendship.p3d",
    "inGameName": "-",
    "category": "structures",
    "modelType": "Raw P3D",
    "path": "dz/structures/signs/misc",
    "usableOnConsole": false,
    "searchTags": "camping, marker, misc, notice, outdoor, signs",
    "image": "images/structures/signs/misc/sign_camp_friendship.p3d.jpg",
    "id": "dzobj_k6j76mc59d"
  },
  {
    "objectName": "sign_camp_hope.p3d",
    "inGameName": "-",
    "category": "structures",
    "modelType": "Raw P3D",
    "path": "dz/structures/signs/misc",
    "usableOnConsole": false,
    "searchTags": "camping, marker, misc, notice, outdoor, signs",
    "image": "images/structures/signs/misc/sign_camp_hope.p3d.jpg",
    "id": "dzobj_j4yrr632l1"
  },
  {
    "objectName": "sign_camp_pioneer.p3d",
    "inGameName": "-",
    "category": "structures",
    "modelType": "Raw P3D",
    "path": "dz/structures/signs/misc",
    "usableOnConsole": false,
    "searchTags": "camping, marker, misc, notice, outdoor, signs",
    "image": "images/structures/signs/misc/sign_camp_pioneer.p3d.jpg",
    "id": "dzobj_fnbqdhqiaq"
  },
  {
    "objectName": "sign_camp_prchernarus.p3d",
    "inGameName": "-",
    "category": "structures",
    "modelType": "Raw P3D",
    "path": "dz/structures/signs/misc",
    "usableOnConsole": false,
    "searchTags": "camping, marker, misc, notice, outdoor, signs",
    "image": "images/structures/signs/misc/sign_camp_prchernarus.p3d.jpg",
    "id": "dzobj_qgb0qpeqkm"
  },
  {
    "objectName": "sign_camp_scholar.p3d",
    "inGameName": "-",
    "category": "structures",
    "modelType": "Raw P3D",
    "path": "dz/structures/signs/misc",
    "usableOnConsole": false,
    "searchTags": "camping, marker, misc, notice, outdoor, signs",
    "image": "images/structures/signs/misc/sign_camp_scholar.p3d.jpg",
    "id": "dzobj_l39ddnc554"
  },
  {
    "objectName": "sign_camp_victory.p3d",
    "inGameName": "-",
    "category": "structures",
    "modelType": "Raw P3D",
    "path": "dz/structures/signs/misc",
    "usableOnConsole": false,
    "searchTags": "camping, marker, misc, notice, outdoor, signs",
    "image": "images/structures/signs/misc/sign_camp_victory.p3d.jpg",
    "id": "dzobj_uff7g2xjg8"
  },
  {
    "objectName": "sign_city_chernogorsk.p3d",
    "inGameName": "-",
    "category": "structures",
    "modelType": "Raw P3D",
    "path": "dz/structures/signs/misc",
    "usableOnConsole": false,
    "searchTags": "marker, misc, notice, signs",
    "image": "images/structures/signs/misc/sign_city_chernogorsk.p3d.jpg",
    "id": "dzobj_55nc6z0yz7"
  },
  {
    "objectName": "sign_city_elektro.p3d",
    "inGameName": "-",
    "category": "structures",
    "modelType": "Raw P3D",
    "path": "dz/structures/signs/misc",
    "usableOnConsole": false,
    "searchTags": "marker, misc, notice, signs",
    "image": "images/structures/signs/misc/sign_city_elektro.p3d.jpg",
    "id": "dzobj_vgpy9a851p"
  },
  {
    "objectName": "sign_city_novo.p3d",
    "inGameName": "-",
    "category": "structures",
    "modelType": "Raw P3D",
    "path": "dz/structures/signs/misc",
    "usableOnConsole": false,
    "searchTags": "marker, misc, notice, signs",
    "image": "images/structures/signs/misc/sign_city_novo.p3d.jpg",
    "id": "dzobj_pe94ihdtjh"
  },
  {
    "objectName": "sign_decal_afs_01.p3d",
    "inGameName": "-",
    "category": "structures",
    "modelType": "Raw P3D",
    "path": "dz/structures/signs/misc",
    "usableOnConsole": false,
    "searchTags": "marker, misc, notice, signs",
    "image": "images/structures/signs/misc/sign_decal_afs_01.p3d.jpg",
    "id": "dzobj_phpzprweyl"
  },
  {
    "objectName": "sign_decal_afs_02.p3d",
    "inGameName": "-",
    "category": "structures",
    "modelType": "Raw P3D",
    "path": "dz/structures/signs/misc",
    "usableOnConsole": false,
    "searchTags": "marker, misc, notice, signs",
    "image": "images/structures/signs/misc/sign_decal_afs_02.p3d.jpg",
    "id": "dzobj_275uk13b0z"
  },
  {
    "objectName": "sign_decal_afs_03.p3d",
    "inGameName": "-",
    "category": "structures",
    "modelType": "Raw P3D",
    "path": "dz/structures/signs/misc",
    "usableOnConsole": false,
    "searchTags": "marker, misc, notice, signs",
    "image": "images/structures/signs/misc/sign_decal_afs_03.p3d.jpg",
    "id": "dzobj_dc45ogxlk6"
  },
  {
    "objectName": "sign_decal_afs_04.p3d",
    "inGameName": "-",
    "category": "structures",
    "modelType": "Raw P3D",
    "path": "dz/structures/signs/misc",
    "usableOnConsole": false,
    "searchTags": "marker, misc, notice, signs",
    "image": "images/structures/signs/misc/sign_decal_afs_04.p3d.jpg",
    "id": "dzobj_1idxb5q4m3"
  },
  {
    "objectName": "sign_decal_afs_05.p3d",
    "inGameName": "-",
    "category": "structures",
    "modelType": "Raw P3D",
    "path": "dz/structures/signs/misc",
    "usableOnConsole": false,
    "searchTags": "marker, misc, notice, signs",
    "image": "images/structures/signs/misc/sign_decal_afs_05.p3d.jpg",
    "id": "dzobj_s3b3ey299s"
  },
  {
    "objectName": "sign_decal_afs_06.p3d",
    "inGameName": "-",
    "category": "structures",
    "modelType": "Raw P3D",
    "path": "dz/structures/signs/misc",
    "usableOnConsole": false,
    "searchTags": "marker, misc, notice, signs",
    "image": "images/structures/signs/misc/sign_decal_afs_06.p3d.jpg",
    "id": "dzobj_wmkz14f5cb"
  },
  {
    "objectName": "sign_decal_afs_07.p3d",
    "inGameName": "-",
    "category": "structures",
    "modelType": "Raw P3D",
    "path": "dz/structures/signs/misc",
    "usableOnConsole": false,
    "searchTags": "marker, misc, notice, signs",
    "image": "images/structures/signs/misc/sign_decal_afs_07.p3d.jpg",
    "id": "dzobj_aorwmwgj5f"
  },
  {
    "objectName": "sign_decal_afs_08.p3d",
    "inGameName": "-",
    "category": "structures",
    "modelType": "Raw P3D",
    "path": "dz/structures/signs/misc",
    "usableOnConsole": false,
    "searchTags": "marker, misc, notice, signs",
    "image": "images/structures/signs/misc/sign_decal_afs_08.p3d.jpg",
    "id": "dzobj_0n62kwcp9m"
  },
  {
    "objectName": "sign_decal_afs_09.p3d",
    "inGameName": "-",
    "category": "structures",
    "modelType": "Raw P3D",
    "path": "dz/structures/signs/misc",
    "usableOnConsole": false,
    "searchTags": "marker, misc, notice, signs",
    "image": "images/structures/signs/misc/sign_decal_afs_09.p3d.jpg",
    "id": "dzobj_p2c31yjrum"
  },
  {
    "objectName": "sign_decal_afs_10.p3d",
    "inGameName": "-",
    "category": "structures",
    "modelType": "Raw P3D",
    "path": "dz/structures/signs/misc",
    "usableOnConsole": false,
    "searchTags": "marker, misc, notice, signs",
    "image": "images/structures/signs/misc/sign_decal_afs_10.p3d.jpg",
    "id": "dzobj_9hvp4hr6eu"
  },
  {
    "objectName": "sign_decal_afs_11.p3d",
    "inGameName": "-",
    "category": "structures",
    "modelType": "Raw P3D",
    "path": "dz/structures/signs/misc",
    "usableOnConsole": false,
    "searchTags": "marker, misc, notice, signs",
    "image": "images/structures/signs/misc/sign_decal_afs_11.p3d.jpg",
    "id": "dzobj_c993jr6bvl"
  },
  {
    "objectName": "sign_decal_afs_12.p3d",
    "inGameName": "-",
    "category": "structures",
    "modelType": "Raw P3D",
    "path": "dz/structures/signs/misc",
    "usableOnConsole": false,
    "searchTags": "marker, misc, notice, signs",
    "image": "images/structures/signs/misc/sign_decal_afs_12.p3d.jpg",
    "id": "dzobj_nmss21giw6"
  },
  {
    "objectName": "sign_decal_afs_13.p3d",
    "inGameName": "-",
    "category": "structures",
    "modelType": "Raw P3D",
    "path": "dz/structures/signs/misc",
    "usableOnConsole": false,
    "searchTags": "marker, misc, notice, signs",
    "image": "images/structures/signs/misc/sign_decal_afs_13.p3d.jpg",
    "id": "dzobj_3s0azsn1ep"
  },
  {
    "objectName": "sign_decal_afs_14.p3d",
    "inGameName": "-",
    "category": "structures",
    "modelType": "Raw P3D",
    "path": "dz/structures/signs/misc",
    "usableOnConsole": false,
    "searchTags": "marker, misc, notice, signs",
    "image": "images/structures/signs/misc/sign_decal_afs_14.p3d.jpg",
    "id": "dzobj_cpo4xpq0yx"
  },
  {
    "objectName": "sign_decal_afs_15.p3d",
    "inGameName": "-",
    "category": "structures",
    "modelType": "Raw P3D",
    "path": "dz/structures/signs/misc",
    "usableOnConsole": false,
    "searchTags": "marker, misc, notice, signs",
    "image": "images/structures/signs/misc/sign_decal_afs_15.p3d.jpg",
    "id": "dzobj_vcu7fk2cj6"
  },
  {
    "objectName": "sign_decal_afs_16.p3d",
    "inGameName": "-",
    "category": "structures",
    "modelType": "Raw P3D",
    "path": "dz/structures/signs/misc",
    "usableOnConsole": false,
    "searchTags": "marker, misc, notice, signs",
    "image": "images/structures/signs/misc/sign_decal_afs_16.p3d.jpg",
    "id": "dzobj_0o3luthrjf"
  },
  {
    "objectName": "sign_decal_afs_17.p3d",
    "inGameName": "-",
    "category": "structures",
    "modelType": "Raw P3D",
    "path": "dz/structures/signs/misc",
    "usableOnConsole": false,
    "searchTags": "marker, misc, notice, signs",
    "image": "images/structures/signs/misc/sign_decal_afs_17.p3d.jpg",
    "id": "dzobj_30ytyvxjyw"
  },
  {
    "objectName": "sign_decal_afs_18.p3d",
    "inGameName": "-",
    "category": "structures",
    "modelType": "Raw P3D",
    "path": "dz/structures/signs/misc",
    "usableOnConsole": false,
    "searchTags": "marker, misc, notice, signs",
    "image": "images/structures/signs/misc/sign_decal_afs_18.p3d.jpg",
    "id": "dzobj_83kg76ixpm"
  },
  {
    "objectName": "sign_decal_afs_19.p3d",
    "inGameName": "-",
    "category": "structures",
    "modelType": "Raw P3D",
    "path": "dz/structures/signs/misc",
    "usableOnConsole": false,
    "searchTags": "marker, misc, notice, signs",
    "image": "images/structures/signs/misc/sign_decal_afs_19.p3d.jpg",
    "id": "dzobj_4y2h1j80mx"
  },
  {
    "objectName": "sign_decal_afs_20.p3d",
    "inGameName": "-",
    "category": "structures",
    "modelType": "Raw P3D",
    "path": "dz/structures/signs/misc",
    "usableOnConsole": false,
    "searchTags": "marker, misc, notice, signs",
    "image": "images/structures/signs/misc/sign_decal_afs_20.p3d.jpg",
    "id": "dzobj_jgq3z2msjq"
  },
  {
    "objectName": "sign_decal_buffer.p3d",
    "inGameName": "-",
    "category": "structures",
    "modelType": "Raw P3D",
    "path": "dz/structures/signs/misc",
    "usableOnConsole": false,
    "searchTags": "marker, misc, notice, signs",
    "image": "images/structures/signs/misc/sign_decal_buffer.p3d.jpg",
    "id": "dzobj_0pd8h05a3v"
  },
  {
    "objectName": "sign_decal_campschedule.p3d",
    "inGameName": "-",
    "category": "structures",
    "modelType": "Raw P3D",
    "path": "dz/structures/signs/misc",
    "usableOnConsole": false,
    "searchTags": "marker, misc, notice, signs",
    "image": "images/structures/signs/misc/sign_decal_campschedule.p3d.jpg",
    "id": "dzobj_4va3hwa3ix"
  },
  {
    "objectName": "sign_decal_carserviceblackgar.p3d",
    "inGameName": "-",
    "category": "structures",
    "modelType": "Raw P3D",
    "path": "dz/structures/signs/misc",
    "usableOnConsole": false,
    "searchTags": "marker, misc, notice, signs",
    "image": "images/structures/signs/misc/sign_decal_carserviceblackgar.p3d.jpg",
    "id": "dzobj_jmk8ux2mje"
  },
  {
    "objectName": "sign_decal_carstoremig.p3d",
    "inGameName": "-",
    "category": "structures",
    "modelType": "Raw P3D",
    "path": "dz/structures/signs/misc",
    "usableOnConsole": false,
    "searchTags": "marker, misc, notice, signs",
    "image": "images/structures/signs/misc/sign_decal_carstoremig.p3d.jpg",
    "id": "dzobj_ih3bxtq9tl"
  },
  {
    "objectName": "sign_decal_gov1.p3d",
    "inGameName": "-",
    "category": "structures",
    "modelType": "Raw P3D",
    "path": "dz/structures/signs/misc",
    "usableOnConsole": false,
    "searchTags": "marker, misc, notice, signs",
    "image": "images/structures/signs/misc/sign_decal_gov1.p3d.jpg",
    "id": "dzobj_5eo05vr73p"
  },
  {
    "objectName": "sign_decal_gov2.p3d",
    "inGameName": "-",
    "category": "structures",
    "modelType": "Raw P3D",
    "path": "dz/structures/signs/misc",
    "usableOnConsole": false,
    "searchTags": "marker, misc, notice, signs",
    "image": "images/structures/signs/misc/sign_decal_gov2.p3d.jpg",
    "id": "dzobj_u6s3xzmwcq"
  },
  {
    "objectName": "sign_decal_govpolice.p3d",
    "inGameName": "-",
    "category": "structures",
    "modelType": "Raw P3D",
    "path": "dz/structures/signs/misc",
    "usableOnConsole": false,
    "searchTags": "marker, misc, notice, signs",
    "image": "images/structures/signs/misc/sign_decal_govpolice.p3d.jpg",
    "id": "dzobj_j9q3vk0rhn"
  },
  {
    "objectName": "sign_decal_govschool.p3d",
    "inGameName": "-",
    "category": "structures",
    "modelType": "Raw P3D",
    "path": "dz/structures/signs/misc",
    "usableOnConsole": false,
    "searchTags": "marker, misc, notice, signs",
    "image": "images/structures/signs/misc/sign_decal_govschool.p3d.jpg",
    "id": "dzobj_oioak6hhfw"
  },
  {
    "objectName": "sign_decal_nosmoking.p3d",
    "inGameName": "-",
    "category": "structures",
    "modelType": "Raw P3D",
    "path": "dz/structures/signs/misc",
    "usableOnConsole": false,
    "searchTags": "marker, misc, notice, signs",
    "image": "images/structures/signs/misc/sign_decal_nosmoking.p3d.jpg",
    "id": "dzobj_cgyjmxzv9t"
  },
  {
    "objectName": "sign_decal_postoffice.p3d",
    "inGameName": "-",
    "category": "structures",
    "modelType": "Raw P3D",
    "path": "dz/structures/signs/misc",
    "usableOnConsole": false,
    "searchTags": "marker, misc, notice, signs",
    "image": "images/structures/signs/misc/sign_decal_postoffice.p3d.jpg",
    "id": "dzobj_5cpqjpuvky"
  },
  {
    "objectName": "sign_decal_pubcz1.p3d",
    "inGameName": "-",
    "category": "structures",
    "modelType": "Raw P3D",
    "path": "dz/structures/signs/misc",
    "usableOnConsole": false,
    "searchTags": "marker, misc, notice, signs",
    "image": "images/structures/signs/misc/sign_decal_pubcz1.p3d.jpg",
    "id": "dzobj_xzphv06mi0"
  },
  {
    "objectName": "sign_decal_pubcz2.p3d",
    "inGameName": "-",
    "category": "structures",
    "modelType": "Raw P3D",
    "path": "dz/structures/signs/misc",
    "usableOnConsole": false,
    "searchTags": "marker, misc, notice, signs",
    "image": "images/structures/signs/misc/sign_decal_pubcz2.p3d.jpg",
    "id": "dzobj_2pq49nqy57"
  },
  {
    "objectName": "sign_decal_pubcz3.p3d",
    "inGameName": "-",
    "category": "structures",
    "modelType": "Raw P3D",
    "path": "dz/structures/signs/misc",
    "usableOnConsole": false,
    "searchTags": "marker, misc, notice, signs",
    "image": "images/structures/signs/misc/sign_decal_pubcz3.p3d.jpg",
    "id": "dzobj_h0xor2s883"
  },
  {
    "objectName": "sign_decal_pubru1.p3d",
    "inGameName": "-",
    "category": "structures",
    "modelType": "Raw P3D",
    "path": "dz/structures/signs/misc",
    "usableOnConsole": false,
    "searchTags": "marker, misc, notice, signs",
    "image": "images/structures/signs/misc/sign_decal_pubru1.p3d.jpg",
    "id": "dzobj_jmpstnnupx"
  },
  {
    "objectName": "sign_decal_pubru2.p3d",
    "inGameName": "-",
    "category": "structures",
    "modelType": "Raw P3D",
    "path": "dz/structures/signs/misc",
    "usableOnConsole": false,
    "searchTags": "marker, misc, notice, signs",
    "image": "images/structures/signs/misc/sign_decal_pubru2.p3d.jpg",
    "id": "dzobj_4vfeg8pqtz"
  },
  {
    "objectName": "sign_decal_pubru3.p3d",
    "inGameName": "-",
    "category": "structures",
    "modelType": "Raw P3D",
    "path": "dz/structures/signs/misc",
    "usableOnConsole": false,
    "searchTags": "marker, misc, notice, signs",
    "image": "images/structures/signs/misc/sign_decal_pubru3.p3d.jpg",
    "id": "dzobj_stp4f6zm25"
  },
  {
    "objectName": "sign_easteregg1.p3d",
    "inGameName": "-",
    "category": "structures",
    "modelType": "Raw P3D",
    "path": "dz/structures/signs/misc",
    "usableOnConsole": false,
    "searchTags": "marker, misc, notice, signs",
    "image": "images/structures/signs/misc/sign_easteregg1.p3d.jpg",
    "id": "dzobj_p9ibpk641l"
  },
  {
    "objectName": "sign_easteregg2.p3d",
    "inGameName": "-",
    "category": "structures",
    "modelType": "Raw P3D",
    "path": "dz/structures/signs/misc",
    "usableOnConsole": false,
    "searchTags": "marker, misc, notice, signs",
    "image": "images/structures/signs/misc/sign_easteregg2.p3d.jpg",
    "id": "dzobj_8ncisg173y"
  },
  {
    "objectName": "sign_easteregg3.p3d",
    "inGameName": "-",
    "category": "structures",
    "modelType": "Raw P3D",
    "path": "dz/structures/signs/misc",
    "usableOnConsole": false,
    "searchTags": "marker, misc, notice, signs",
    "image": "images/structures/signs/misc/sign_easteregg3.p3d.jpg",
    "id": "dzobj_u32r3hucil"
  },
  {
    "objectName": "sign_nodumping.p3d",
    "inGameName": "-",
    "category": "structures",
    "modelType": "Raw P3D",
    "path": "dz/structures/signs/misc",
    "usableOnConsole": false,
    "searchTags": "marker, misc, notice, signs",
    "image": "images/structures/signs/misc/sign_nodumping.p3d.jpg",
    "id": "dzobj_sgqyeivekd"
  },
  {
    "objectName": "sign_nofishing.p3d",
    "inGameName": "-",
    "category": "structures",
    "modelType": "Raw P3D",
    "path": "dz/structures/signs/misc",
    "usableOnConsole": false,
    "searchTags": "marker, misc, notice, signs",
    "image": "images/structures/signs/misc/sign_nofishing.p3d.jpg",
    "id": "dzobj_k6y5fmjv30"
  },
  {
    "objectName": "sign_pub_village.p3d",
    "inGameName": "-",
    "category": "structures",
    "modelType": "Raw P3D",
    "path": "dz/structures/signs/misc",
    "usableOnConsole": false,
    "searchTags": "marker, misc, notice, signs",
    "image": "images/structures/signs/misc/sign_pub_village.p3d.jpg",
    "id": "dzobj_bd3z2npe91"
  },
  {
    "objectName": "sign_quarry.p3d",
    "inGameName": "-",
    "category": "structures",
    "modelType": "Raw P3D",
    "path": "dz/structures/signs/misc",
    "usableOnConsole": false,
    "searchTags": "marker, misc, notice, signs",
    "image": "images/structures/signs/misc/sign_quarry.p3d.jpg",
    "id": "dzobj_3tep2s49z9"
  },
  {
    "objectName": "sign_rail_50.p3d",
    "inGameName": "-",
    "category": "structures",
    "modelType": "Raw P3D",
    "path": "dz/structures/signs/misc",
    "usableOnConsole": false,
    "searchTags": "marker, misc, notice, signs",
    "image": "images/structures/signs/misc/sign_rail_50.p3d.jpg",
    "id": "dzobj_pok131gq6v"
  },
  {
    "objectName": "sign_rail_balota.p3d",
    "inGameName": "-",
    "category": "structures",
    "modelType": "Raw P3D",
    "path": "dz/structures/signs/misc",
    "usableOnConsole": false,
    "searchTags": "marker, misc, notice, signs",
    "image": "images/structures/signs/misc/sign_rail_balota.p3d.jpg",
    "id": "dzobj_k1ugwffgei"
  },
  {
    "objectName": "sign_rail_berezino.p3d",
    "inGameName": "-",
    "category": "structures",
    "modelType": "Raw P3D",
    "path": "dz/structures/signs/misc",
    "usableOnConsole": false,
    "searchTags": "marker, misc, notice, signs",
    "image": "images/structures/signs/misc/sign_rail_berezino.p3d.jpg",
    "id": "dzobj_steboktcnx"
  },
  {
    "objectName": "sign_rail_chernogorsk.p3d",
    "inGameName": "-",
    "category": "structures",
    "modelType": "Raw P3D",
    "path": "dz/structures/signs/misc",
    "usableOnConsole": false,
    "searchTags": "marker, misc, notice, signs",
    "image": "images/structures/signs/misc/sign_rail_chernogorsk.p3d.jpg",
    "id": "dzobj_m6f6nwhrht"
  },
  {
    "objectName": "sign_rail_crossing25.p3d",
    "inGameName": "-",
    "category": "structures",
    "modelType": "Raw P3D",
    "path": "dz/structures/signs/misc",
    "usableOnConsole": false,
    "searchTags": "marker, misc, notice, signs",
    "image": "images/structures/signs/misc/sign_rail_crossing25.p3d.jpg",
    "id": "dzobj_w04gkigfjh"
  },
  {
    "objectName": "sign_rail_crossing_minor.p3d",
    "inGameName": "-",
    "category": "structures",
    "modelType": "Raw P3D",
    "path": "dz/structures/signs/misc",
    "usableOnConsole": false,
    "searchTags": "marker, misc, notice, signs",
    "image": "images/structures/signs/misc/sign_rail_crossing_minor.p3d.jpg",
    "id": "dzobj_spacr56gny"
  },
  {
    "objectName": "sign_rail_dobroe.p3d",
    "inGameName": "-",
    "category": "structures",
    "modelType": "Raw P3D",
    "path": "dz/structures/signs/misc",
    "usableOnConsole": false,
    "searchTags": "marker, misc, notice, signs",
    "image": "images/structures/signs/misc/sign_rail_dobroe.p3d.jpg",
    "id": "dzobj_cm068da74m"
  },
  {
    "objectName": "sign_rail_elektrozavodsk.p3d",
    "inGameName": "-",
    "category": "structures",
    "modelType": "Raw P3D",
    "path": "dz/structures/signs/misc",
    "usableOnConsole": false,
    "searchTags": "marker, misc, notice, signs",
    "image": "images/structures/signs/misc/sign_rail_elektrozavodsk.p3d.jpg",
    "id": "dzobj_kojq73m24l"
  },
  {
    "objectName": "sign_rail_kamenka.p3d",
    "inGameName": "-",
    "category": "structures",
    "modelType": "Raw P3D",
    "path": "dz/structures/signs/misc",
    "usableOnConsole": false,
    "searchTags": "marker, misc, notice, signs",
    "image": "images/structures/signs/misc/sign_rail_kamenka.p3d.jpg",
    "id": "dzobj_b8pcpjbxtr"
  },
  {
    "objectName": "sign_rail_kamyshovo.p3d",
    "inGameName": "-",
    "category": "structures",
    "modelType": "Raw P3D",
    "path": "dz/structures/signs/misc",
    "usableOnConsole": false,
    "searchTags": "marker, misc, notice, signs",
    "image": "images/structures/signs/misc/sign_rail_kamyshovo.p3d.jpg",
    "id": "dzobj_4afc8uncv4"
  },
  {
    "objectName": "sign_rail_komarovo.p3d",
    "inGameName": "-",
    "category": "structures",
    "modelType": "Raw P3D",
    "path": "dz/structures/signs/misc",
    "usableOnConsole": false,
    "searchTags": "marker, misc, notice, signs",
    "image": "images/structures/signs/misc/sign_rail_komarovo.p3d.jpg",
    "id": "dzobj_8l6tt8jh8i"
  },
  {
    "objectName": "sign_rail_novodmitrovsk.p3d",
    "inGameName": "-",
    "category": "structures",
    "modelType": "Raw P3D",
    "path": "dz/structures/signs/misc",
    "usableOnConsole": false,
    "searchTags": "marker, misc, notice, signs",
    "image": "images/structures/signs/misc/sign_rail_novodmitrovsk.p3d.jpg",
    "id": "dzobj_pw4u08mbdy"
  },
  {
    "objectName": "sign_rail_petrovka.p3d",
    "inGameName": "-",
    "category": "structures",
    "modelType": "Raw P3D",
    "path": "dz/structures/signs/misc",
    "usableOnConsole": false,
    "searchTags": "marker, misc, notice, signs",
    "image": "images/structures/signs/misc/sign_rail_petrovka.p3d.jpg",
    "id": "dzobj_ad440zpmfn"
  },
  {
    "objectName": "sign_rail_platformend.p3d",
    "inGameName": "-",
    "category": "structures",
    "modelType": "Raw P3D",
    "path": "dz/structures/signs/misc",
    "usableOnConsole": false,
    "searchTags": "marker, misc, notice, signs",
    "image": "images/structures/signs/misc/sign_rail_platformend.p3d.jpg",
    "id": "dzobj_uidajnjdni"
  },
  {
    "objectName": "sign_rail_prigorodki.p3d",
    "inGameName": "-",
    "category": "structures",
    "modelType": "Raw P3D",
    "path": "dz/structures/signs/misc",
    "usableOnConsole": false,
    "searchTags": "marker, misc, notice, signs",
    "image": "images/structures/signs/misc/sign_rail_prigorodki.p3d.jpg",
    "id": "dzobj_whlgyi04di"
  },
  {
    "objectName": "sign_rail_severograd.p3d",
    "inGameName": "-",
    "category": "structures",
    "modelType": "Raw P3D",
    "path": "dz/structures/signs/misc",
    "usableOnConsole": false,
    "searchTags": "marker, misc, notice, signs",
    "image": "images/structures/signs/misc/sign_rail_severograd.p3d.jpg",
    "id": "dzobj_wrz9nuaj8c"
  },
  {
    "objectName": "sign_rail_solnichnyi.p3d",
    "inGameName": "-",
    "category": "structures",
    "modelType": "Raw P3D",
    "path": "dz/structures/signs/misc",
    "usableOnConsole": false,
    "searchTags": "marker, misc, notice, signs",
    "image": "images/structures/signs/misc/sign_rail_solnichnyi.p3d.jpg",
    "id": "dzobj_enljeilfbm"
  },
  {
    "objectName": "sign_rail_svetloyarsk.p3d",
    "inGameName": "-",
    "category": "structures",
    "modelType": "Raw P3D",
    "path": "dz/structures/signs/misc",
    "usableOnConsole": false,
    "searchTags": "marker, misc, notice, signs",
    "image": "images/structures/signs/misc/sign_rail_svetloyarsk.p3d.jpg",
    "id": "dzobj_qgdms3553s"
  },
  {
    "objectName": "sign_rail_vavilovo.p3d",
    "inGameName": "-",
    "category": "structures",
    "modelType": "Raw P3D",
    "path": "dz/structures/signs/misc",
    "usableOnConsole": false,
    "searchTags": "marker, misc, notice, signs",
    "image": "images/structures/signs/misc/sign_rail_vavilovo.p3d.jpg",
    "id": "dzobj_ovb4huuh1s"
  },
  {
    "objectName": "sign_rail_zelenogorsk.p3d",
    "inGameName": "-",
    "category": "structures",
    "modelType": "Raw P3D",
    "path": "dz/structures/signs/misc",
    "usableOnConsole": false,
    "searchTags": "marker, misc, notice, signs",
    "image": "images/structures/signs/misc/sign_rail_zelenogorsk.p3d.jpg",
    "id": "dzobj_yc0k8m8g9z"
  },
  {
    "objectName": "sign_relic_building.p3d",
    "inGameName": "-",
    "category": "structures",
    "modelType": "Raw P3D",
    "path": "dz/structures/signs/misc",
    "usableOnConsole": false,
    "searchTags": "marker, misc, notice, signs",
    "image": "images/structures/signs/misc/sign_relic_building.p3d.jpg",
    "id": "dzobj_ua198lpu60"
  },
  {
    "objectName": "sign_relic_tree.p3d",
    "inGameName": "-",
    "category": "structures",
    "modelType": "Raw P3D",
    "path": "dz/structures/signs/misc",
    "usableOnConsole": false,
    "searchTags": "foliage, marker, misc, notice, plant, signs",
    "image": "images/structures/signs/misc/sign_relic_tree.p3d.jpg",
    "id": "dzobj_fojtn5l4vv"
  },
  {
    "objectName": "sign_relic_zagoria.p3d",
    "inGameName": "-",
    "category": "structures",
    "modelType": "Raw P3D",
    "path": "dz/structures/signs/misc",
    "usableOnConsole": false,
    "searchTags": "marker, misc, notice, signs",
    "image": "images/structures/signs/misc/sign_relic_zagoria.p3d.jpg",
    "id": "dzobj_ix7nmacr00"
  },
  {
    "objectName": "sign_roadblock_arrow.p3d",
    "inGameName": "-",
    "category": "structures",
    "modelType": "Raw P3D",
    "path": "dz/structures/signs/misc",
    "usableOnConsole": false,
    "searchTags": "marker, misc, notice, signs",
    "image": "images/structures/signs/misc/sign_roadblock_arrow.p3d.jpg",
    "id": "dzobj_gxbklfl3pc"
  },
  {
    "objectName": "sign_roadblock_stop.p3d",
    "inGameName": "-",
    "category": "structures",
    "modelType": "Raw P3D",
    "path": "dz/structures/signs/misc",
    "usableOnConsole": false,
    "searchTags": "marker, misc, notice, signs",
    "image": "images/structures/signs/misc/sign_roadblock_stop.p3d.jpg",
    "id": "dzobj_6ao8ym07l8"
  },
  {
    "objectName": "sign_roof_bardak.p3d",
    "inGameName": "-",
    "category": "structures",
    "modelType": "Raw P3D",
    "path": "dz/structures/signs/misc",
    "usableOnConsole": false,
    "searchTags": "cover, marker, misc, notice, signs",
    "image": "images/structures/signs/misc/sign_roof_bardak.p3d.jpg",
    "id": "dzobj_f14vqx9v3f"
  },
  {
    "objectName": "sign_roof_cerselprom.p3d",
    "inGameName": "-",
    "category": "structures",
    "modelType": "Raw P3D",
    "path": "dz/structures/signs/misc",
    "usableOnConsole": false,
    "searchTags": "cover, marker, misc, notice, signs",
    "image": "images/structures/signs/misc/sign_roof_cerselprom.p3d.jpg",
    "id": "dzobj_z5uor5rlps"
  },
  {
    "objectName": "sign_roof_chel.p3d",
    "inGameName": "-",
    "category": "structures",
    "modelType": "Raw P3D",
    "path": "dz/structures/signs/misc",
    "usableOnConsole": false,
    "searchTags": "cover, marker, misc, notice, signs",
    "image": "images/structures/signs/misc/sign_roof_chel.p3d.jpg",
    "id": "dzobj_42n2q2372f"
  },
  {
    "objectName": "sign_roof_chernobus.p3d",
    "inGameName": "-",
    "category": "structures",
    "modelType": "Raw P3D",
    "path": "dz/structures/signs/misc",
    "usableOnConsole": false,
    "searchTags": "cover, marker, misc, notice, signs",
    "image": "images/structures/signs/misc/sign_roof_chernobus.p3d.jpg",
    "id": "dzobj_3fl68ysg6l"
  },
  {
    "objectName": "sign_roof_cmc.p3d",
    "inGameName": "-",
    "category": "structures",
    "modelType": "Raw P3D",
    "path": "dz/structures/signs/misc",
    "usableOnConsole": false,
    "searchTags": "cover, marker, misc, notice, signs",
    "image": "images/structures/signs/misc/sign_roof_cmc.p3d.jpg",
    "id": "dzobj_um70paubgm"
  },
  {
    "objectName": "sign_roof_crr.p3d",
    "inGameName": "-",
    "category": "structures",
    "modelType": "Raw P3D",
    "path": "dz/structures/signs/misc",
    "usableOnConsole": false,
    "searchTags": "cover, marker, misc, notice, signs",
    "image": "images/structures/signs/misc/sign_roof_crr.p3d.jpg",
    "id": "dzobj_2kkbsmsiu0"
  },
  {
    "objectName": "sign_roof_czd.p3d",
    "inGameName": "-",
    "category": "structures",
    "modelType": "Raw P3D",
    "path": "dz/structures/signs/misc",
    "usableOnConsole": false,
    "searchTags": "cover, marker, misc, notice, signs",
    "image": "images/structures/signs/misc/sign_roof_czd.p3d.jpg",
    "id": "dzobj_7d1l4tfvli"
  },
  {
    "objectName": "sign_roof_eldorado.p3d",
    "inGameName": "-",
    "category": "structures",
    "modelType": "Raw P3D",
    "path": "dz/structures/signs/misc",
    "usableOnConsole": false,
    "searchTags": "cover, marker, misc, notice, signs",
    "image": "images/structures/signs/misc/sign_roof_eldorado.p3d.jpg",
    "id": "dzobj_vism2vpihg"
  },
  {
    "objectName": "sign_roof_interhotel.p3d",
    "inGameName": "-",
    "category": "structures",
    "modelType": "Raw P3D",
    "path": "dz/structures/signs/misc",
    "usableOnConsole": false,
    "searchTags": "cover, marker, misc, notice, signs",
    "image": "images/structures/signs/misc/sign_roof_interhotel.p3d.jpg",
    "id": "dzobj_tulydoonfp"
  },
  {
    "objectName": "sign_roof_kolgaz.p3d",
    "inGameName": "-",
    "category": "structures",
    "modelType": "Raw P3D",
    "path": "dz/structures/signs/misc",
    "usableOnConsole": false,
    "searchTags": "cover, marker, misc, notice, signs",
    "image": "images/structures/signs/misc/sign_roof_kolgaz.p3d.jpg",
    "id": "dzobj_3dfhgrh8u9"
  },
  {
    "objectName": "sign_roof_moto.p3d",
    "inGameName": "-",
    "category": "structures",
    "modelType": "Raw P3D",
    "path": "dz/structures/signs/misc",
    "usableOnConsole": false,
    "searchTags": "cover, marker, misc, notice, signs",
    "image": "images/structures/signs/misc/sign_roof_moto.p3d.jpg",
    "id": "dzobj_frg343om52"
  },
  {
    "objectName": "sign_roof_poctamt.p3d",
    "inGameName": "-",
    "category": "structures",
    "modelType": "Raw P3D",
    "path": "dz/structures/signs/misc",
    "usableOnConsole": false,
    "searchTags": "cover, marker, misc, notice, signs",
    "image": "images/structures/signs/misc/sign_roof_poctamt.p3d.jpg",
    "id": "dzobj_n0k5vvckpj"
  },
  {
    "objectName": "sign_roof_tec.p3d",
    "inGameName": "-",
    "category": "structures",
    "modelType": "Raw P3D",
    "path": "dz/structures/signs/misc",
    "usableOnConsole": false,
    "searchTags": "cover, marker, misc, notice, signs",
    "image": "images/structures/signs/misc/sign_roof_tec.p3d.jpg",
    "id": "dzobj_nofy4pobfp"
  },
  {
    "objectName": "sign_roof_tes.p3d",
    "inGameName": "-",
    "category": "structures",
    "modelType": "Raw P3D",
    "path": "dz/structures/signs/misc",
    "usableOnConsole": false,
    "searchTags": "cover, marker, misc, notice, signs",
    "image": "images/structures/signs/misc/sign_roof_tes.p3d.jpg",
    "id": "dzobj_sfh8l4txo8"
  },
  {
    "objectName": "sign_roof_univermag.p3d",
    "inGameName": "-",
    "category": "structures",
    "modelType": "Raw P3D",
    "path": "dz/structures/signs/misc",
    "usableOnConsole": false,
    "searchTags": "cover, marker, misc, notice, signs",
    "image": "images/structures/signs/misc/sign_roof_univermag.p3d.jpg",
    "id": "dzobj_ic0kabj2xa"
  }
]
