[
  {
    "objectName": "Paper",
    "inGameName": "Paper",
    "category": "gear",
    "modelType": "Config",
    "path": "dz/gear/consumables",
    "usableOnConsole": true,
    "searchTags": "gear, writing, notes, fire, kindling",
    "image": "images/gear/consumables/paper.jpg",
    "id": "dzobj_h7by6pfpmq"
  },
  {
    "objectName": "PunchedCard",
    "inGameName": "Punched Card",
    "category": "gear",
    "modelType": "Config",
    "path": "dz/gear/consumables",
    "usableOnConsole": true,
    "searchTags": "gear, bunker, access, keycard, underground, panel",
    "image": "images/gear/consumables/punchedcard.jpg",
    "id": "dzobj_io0i31542q"
  },
  {
    "objectName": "GiftWrapPaper",
    "inGameName": "Gift Wrap Paper",
    "category": "gear",
    "modelType": "Config",
    "path": "dz/gear/consumables",
    "usableOnConsole": true,
    "searchTags": "gear, christmas, seasonal, festive, santa",
    "image": "images/gear/consumables/giftwrappaper.jpg",
    "id": "dzobj_jfi67qu8zv"
  },
  {
    "objectName": "DuctTape",
    "inGameName": "Duct Tape",
    "category": "gear",
    "modelType": "Config",
    "path": "dz/gear/consumables",
    "usableOnConsole": true,
    "searchTags": "gear, repair, clothing",
    "image": "images/gear/consumables/ducttape.jpg",
    "id": "dzobj_yjvgqehws2"
  },
  {
    "objectName": "DuctTapeLocked",
    "inGameName": "Restrained by Duct Tape",
    "category": "gear",
    "modelType": "Config",
    "path": "dz/gear/consumables",
    "usableOnConsole": true,
    "searchTags": "by, gear, restrained",
    "image": "images/gear/consumables/ducttapelocked.jpg",
    "id": "dzobj_fbpahklfj6"
  },
  {
    "objectName": "Rag",
    "inGameName": "Rag",
    "category": "gear",
    "modelType": "Config",
    "path": "dz/gear/consumables",
    "usableOnConsole": true,
    "searchTags": "gear, torn, clothing, wrapping, kindling, bandage",
    "image": "images/gear/consumables/rag.jpg",
    "id": "dzobj_wz7mnz349f"
  },
  {
    "objectName": "Stone",
    "inGameName": "Large Stone",
    "category": "gear",
    "modelType": "Config",
    "path": "dz/gear/consumables",
    "usableOnConsole": true,
    "searchTags": "gear",
    "image": "images/gear/consumables/stone.jpg",
    "id": "dzobj_m7tqi6uz5t"
  },
  {
    "objectName": "SmallStone",
    "inGameName": "Small Stone",
    "category": "gear",
    "modelType": "Config",
    "path": "dz/gear/consumables",
    "usableOnConsole": true,
    "searchTags": "gear, rock, terrain",
    "image": "images/gear/consumables/smallstone.jpg",
    "id": "dzobj_pjuxb0wwsb"
  },
  {
    "objectName": "Battery9V",
    "inGameName": "9V Battery",
    "category": "gear",
    "modelType": "Config",
    "path": "dz/gear/consumables",
    "usableOnConsole": true,
    "searchTags": "9v, energy, gear, power",
    "image": "images/gear/consumables/battery9v.jpg",
    "id": "dzobj_xm74vg19px"
  },
  {
    "objectName": "LargeGasCanister",
    "inGameName": "Large Gas Canister",
    "category": "gear",
    "modelType": "Config",
    "path": "dz/gear/consumables",
    "usableOnConsole": true,
    "searchTags": "fuel, gear, station",
    "image": "images/gear/consumables/largegascanister.jpg",
    "id": "dzobj_4w4va4lic9"
  },
  {
    "objectName": "MediumGasCanister",
    "inGameName": "Medium Gas Canister",
    "category": "gear",
    "modelType": "Config",
    "path": "dz/gear/consumables",
    "usableOnConsole": true,
    "searchTags": "fuel, gear, station",
    "image": "images/gear/consumables/mediumgascanister.jpg",
    "id": "dzobj_tp4krl75wl"
  },
  {
    "objectName": "SmallGasCanister",
    "inGameName": "Small Gas Canister",
    "category": "gear",
    "modelType": "Config",
    "path": "dz/gear/consumables",
    "usableOnConsole": true,
    "searchTags": "fuel, gear, station",
    "image": "images/gear/consumables/smallgascanister.jpg",
    "id": "dzobj_z96gnhwel9"
  },
  {
    "objectName": "ButaneCanister",
    "inGameName": "Butane Canister",
    "category": "gear",
    "modelType": "Config",
    "path": "dz/gear/consumables",
    "usableOnConsole": true,
    "searchTags": "gear",
    "image": "images/gear/consumables/butanecanister.jpg",
    "id": "dzobj_bagvdjqxml"
  },
  {
    "objectName": "Spraycan_Black",
    "inGameName": "Spraypaint",
    "category": "gear",
    "modelType": "Config",
    "path": "dz/gear/consumables",
    "usableOnConsole": true,
    "searchTags": "gear, spraypaint",
    "image": "images/gear/consumables/spraycan_black/spraycan_black.jpg",
    "id": "dzobj_wmjib902n7"
  },
  {
    "objectName": "Spraycan_Green",
    "inGameName": "Spraypaint",
    "category": "gear",
    "modelType": "Config",
    "path": "dz/gear/consumables",
    "usableOnConsole": true,
    "searchTags": "gear, spraypaint",
    "image": "images/gear/consumables/spraycan_green/spraycan_green.jpg",
    "id": "dzobj_lr1l3b2h6y"
  },
  {
    "objectName": "Matchbox",
    "inGameName": "Matches",
    "category": "gear",
    "modelType": "Config",
    "path": "dz/gear/consumables",
    "usableOnConsole": true,
    "searchTags": "gear, matches, fire, natches",
    "image": "images/gear/consumables/matchbox.jpg",
    "id": "dzobj_6ptk4628k9"
  },
  {
    "objectName": "NailBox",
    "inGameName": "Boxed Nails",
    "category": "gear",
    "modelType": "Config",
    "path": "dz/gear/consumables",
    "usableOnConsole": true,
    "searchTags": "boxed, crate, gear, nails, storage, base building",
    "image": "images/gear/consumables/nailbox.jpg",
    "id": "dzobj_rk1yjmzywa"
  },
  {
    "objectName": "Roadflare",
    "inGameName": "Road Flare",
    "category": "gear",
    "modelType": "Config",
    "path": "dz/gear/consumables",
    "usableOnConsole": true,
    "searchTags": "flare, gear, road, lights",
    "image": "images/gear/consumables/roadflare.jpg",
    "id": "dzobj_vcu9r7zyuj"
  },
  {
    "objectName": "Flare_open",
    "inGameName": "Glow Stick",
    "category": "gear",
    "modelType": "Config",
    "path": "dz/gear/consumables",
    "usableOnConsole": true,
    "searchTags": "gear, glow, stick, lights",
    "image": "images/gear/consumables/flare_open.jpg",
    "id": "dzobj_pl524k0dow"
  },
  {
    "objectName": "Chemlight_Blue",
    "inGameName": "Glow Stick",
    "category": "gear",
    "modelType": "Config",
    "path": "dz/gear/consumables",
    "usableOnConsole": true,
    "searchTags": "gear, glow, stick, lights",
    "image": "images/gear/consumables/chemlight_blue/chemlight_blue.jpg",
    "id": "dzobj_yuo54lo8cf"
  },
  {
    "objectName": "Chemlight_Green",
    "inGameName": "Glow Stick",
    "category": "gear",
    "modelType": "Config",
    "path": "dz/gear/consumables",
    "usableOnConsole": true,
    "searchTags": "gear, glow, stick, lights",
    "image": "images/gear/consumables/chemlight_green/chemlight_green.jpg",
    "id": "dzobj_cmaf81ncn4"
  },
  {
    "objectName": "Chemlight_Red",
    "inGameName": "Glow Stick",
    "category": "gear",
    "modelType": "Config",
    "path": "dz/gear/consumables",
    "usableOnConsole": true,
    "searchTags": "gear, glow, stick, lights",
    "image": "images/gear/consumables/chemlight_red/chemlight_red.jpg",
    "id": "dzobj_glu54sycbv"
  },
  {
    "objectName": "Chemlight_White",
    "inGameName": "Glow Stick",
    "category": "gear",
    "modelType": "Config",
    "path": "dz/gear/consumables",
    "usableOnConsole": true,
    "searchTags": "gear, glow, stick, lights",
    "image": "images/gear/consumables/chemlight_white/chemlight_white.jpg",
    "id": "dzobj_e7u48vaydu"
  },
  {
    "objectName": "Chemlight_Yellow",
    "inGameName": "Glow Stick",
    "category": "gear",
    "modelType": "Config",
    "path": "dz/gear/consumables",
    "usableOnConsole": true,
    "searchTags": "gear, glow, stick, lights",
    "image": "images/gear/consumables/chemlight_yellow/chemlight_yellow.jpg",
    "id": "dzobj_qbqebw55x6"
  },
  {
    "objectName": "WildboarPelt",
    "inGameName": "Boar Pelt",
    "category": "gear",
    "modelType": "Config",
    "path": "dz/gear/consumables",
    "usableOnConsole": true,
    "searchTags": "boar, gear, hunting",
    "image": "images/gear/consumables/wildboarpelt.jpg",
    "id": "dzobj_ilfgpl0hea"
  },
  {
    "objectName": "RabbitPelt",
    "inGameName": "Hare Pelt",
    "category": "gear",
    "modelType": "Config",
    "path": "dz/gear/consumables",
    "usableOnConsole": true,
    "searchTags": "gear, hare, hunting",
    "image": "images/gear/consumables/rabbitpelt.jpg",
    "id": "dzobj_cz79bvye6d"
  },
  {
    "objectName": "CowPelt",
    "inGameName": "Cow Pelt",
    "category": "gear",
    "modelType": "Config",
    "path": "dz/gear/consumables",
    "usableOnConsole": true,
    "searchTags": "gear, hunting",
    "image": "images/gear/consumables/cowpelt.jpg",
    "id": "dzobj_zg1vu1rooq"
  },
  {
    "objectName": "PigPelt",
    "inGameName": "Pig Pelt",
    "category": "gear",
    "modelType": "Config",
    "path": "dz/gear/consumables",
    "usableOnConsole": true,
    "searchTags": "gear, hunting",
    "image": "images/gear/consumables/pigpelt.jpg",
    "id": "dzobj_vapbivsqh2"
  },
  {
    "objectName": "DeerPelt",
    "inGameName": "Deer Pelt",
    "category": "gear",
    "modelType": "Config",
    "path": "dz/gear/consumables",
    "usableOnConsole": true,
    "searchTags": "gear, hunting",
    "image": "images/gear/consumables/deerpelt.jpg",
    "id": "dzobj_78aj20fxw6"
  },
  {
    "objectName": "ReindeerPelt",
    "inGameName": "Reindeer Pelt",
    "category": "gear",
    "modelType": "Config",
    "path": "dz/gear/consumables",
    "usableOnConsole": true,
    "searchTags": "gear, hunting",
    "image": "images/gear/consumables/reindeerpelt.jpg",
    "id": "dzobj_9ptx8r6o1h"
  },
  {
    "objectName": "GoatPelt",
    "inGameName": "Goat Pelt",
    "category": "gear",
    "modelType": "Config",
    "path": "dz/gear/consumables",
    "usableOnConsole": true,
    "searchTags": "gear, hunting",
    "image": "images/gear/consumables/goatpelt.jpg",
    "id": "dzobj_urzqmmif8c"
  },
  {
    "objectName": "BearPelt",
    "inGameName": "Bear Pelt",
    "category": "gear",
    "modelType": "Config",
    "path": "dz/gear/consumables",
    "usableOnConsole": true,
    "searchTags": "gear, hunting",
    "image": "images/gear/consumables/bearpelt.jpg",
    "id": "dzobj_5t5kojq61h"
  },
  {
    "objectName": "WolfPelt",
    "inGameName": "Wolf Pelt",
    "category": "gear",
    "modelType": "Config",
    "path": "dz/gear/consumables",
    "usableOnConsole": true,
    "searchTags": "gear, hunting",
    "image": "images/gear/consumables/wolfpelt.jpg",
    "id": "dzobj_2x9088efhf"
  },
  {
    "objectName": "SheepPelt",
    "inGameName": "Sheep Pelt",
    "category": "gear",
    "modelType": "Config",
    "path": "dz/gear/consumables",
    "usableOnConsole": true,
    "searchTags": "gear, hunting",
    "image": "images/gear/consumables/sheeppelt.jpg",
    "id": "dzobj_bhu8o2ob0j"
  },
  {
    "objectName": "MouflonPelt",
    "inGameName": "-",
    "category": "gear",
    "modelType": "Config",
    "path": "dz/gear/consumables",
    "usableOnConsole": true,
    "searchTags": "gear, hunting",
    "image": "images/gear/consumables/mouflonpelt.jpg",
    "id": "dzobj_7ykt5glirj"
  },
  {
    "objectName": "Foxpelt",
    "inGameName": "Fox Pelt",
    "category": "gear",
    "modelType": "Config",
    "path": "dz/gear/consumables",
    "usableOnConsole": true,
    "searchTags": "gear, hunting",
    "image": "images/gear/consumables/foxpelt.jpg",
    "id": "dzobj_ieluo60xwg"
  },
  {
    "objectName": "TannedLeather",
    "inGameName": "Tanned Leather",
    "category": "gear",
    "modelType": "Config",
    "path": "dz/gear/consumables",
    "usableOnConsole": true,
    "searchTags": "gear, hunting",
    "image": "images/gear/consumables/tannedleather.jpg",
    "id": "dzobj_hfxb3d7kj4"
  },
  {
    "objectName": "Hook",
    "inGameName": "Fishing Hook",
    "category": "gear",
    "modelType": "Config",
    "path": "dz/gear/consumables",
    "usableOnConsole": true,
    "searchTags": "fishing, gear",
    "image": "images/gear/consumables/hook.jpg",
    "id": "dzobj_uvttux3q98"
  },
  {
    "objectName": "Bark_Oak",
    "inGameName": "Dark Bark",
    "category": "gear",
    "modelType": "Config",
    "path": "dz/gear/consumables",
    "usableOnConsole": true,
    "searchTags": "gear, tree, kindling",
    "image": "images/gear/consumables/bark_oak.jpg",
    "id": "dzobj_tmmt60uqrs"
  },
  {
    "objectName": "Bark_Birch",
    "inGameName": "Light Bark",
    "category": "gear",
    "modelType": "Config",
    "path": "dz/gear/consumables",
    "usableOnConsole": true,
    "searchTags": "gear, tree, kindling",
    "image": "images/gear/consumables/bark_birch.jpg",
    "id": "dzobj_28lb50ceuz"
  },
  {
    "objectName": "Nail",
    "inGameName": "Nails",
    "category": "gear",
    "modelType": "Config",
    "path": "dz/gear/consumables",
    "usableOnConsole": true,
    "searchTags": "gear, nails, base building",
    "image": "images/gear/consumables/nail.jpg",
    "id": "dzobj_ih9022yljl"
  },
  {
    "objectName": "Bait",
    "inGameName": "Fishing Bait",
    "category": "gear",
    "modelType": "Config",
    "path": "dz/gear/consumables",
    "usableOnConsole": true,
    "searchTags": "worms, fishing, hook",
    "image": "images/gear/consumables/bait.jpg",
    "id": "dzobj_8tjt64bu01"
  },
  {
    "objectName": "Jig",
    "inGameName": "Jig",
    "category": "gear",
    "modelType": "Config",
    "path": "dz/gear/consumables",
    "usableOnConsole": true,
    "searchTags": "gear, fishing",
    "image": "images/gear/consumables/jig.jpg",
    "id": "dzobj_eb7qclf9ft"
  },
  {
    "objectName": "GardenLime",
    "inGameName": "Garden Lime",
    "category": "gear",
    "modelType": "Config",
    "path": "dz/gear/consumables",
    "usableOnConsole": true,
    "searchTags": "gear, growing, gardening",
    "image": "images/gear/consumables/gardenlime.jpg",
    "id": "dzobj_wiaym4h9cn"
  },
  {
    "objectName": "Netting",
    "inGameName": "Netting",
    "category": "gear",
    "modelType": "Config",
    "path": "dz/gear/consumables",
    "usableOnConsole": true,
    "searchTags": "gear, fishing",
    "image": "images/gear/consumables/netting.jpg",
    "id": "dzobj_6695ctgent"
  },
  {
    "objectName": "WoodenPlank",
    "inGameName": "Plank",
    "category": "gear",
    "modelType": "Config",
    "path": "dz/gear/consumables",
    "usableOnConsole": true,
    "searchTags": "gear, tree, wood, base building, lumber",
    "image": "images/gear/consumables/woodenplank.jpg",
    "id": "dzobj_3oldzlecbj"
  },
  {
    "objectName": "PileOfWoodenPlanks",
    "inGameName": "Lumber Pile",
    "category": "gear",
    "modelType": "Config",
    "path": "dz/gear/consumables",
    "usableOnConsole": true,
    "searchTags": "gear, lumber, base building",
    "image": "images/gear/consumables/pileofwoodenplanks.jpg",
    "id": "dzobj_3vgjha594l"
  },
  {
    "objectName": "MetalPlate",
    "inGameName": "Sheet Metal",
    "category": "gear",
    "modelType": "Config",
    "path": "dz/gear/consumables",
    "usableOnConsole": true,
    "searchTags": "gear, sheet, metal, wall, base building",
    "image": "images/gear/consumables/metalplate.jpg",
    "id": "dzobj_mywkad7g75"
  },
  {
    "objectName": "EasterEgg",
    "inGameName": "Eggsperimental Capsule",
    "category": "gear",
    "modelType": "Config",
    "path": "dz/gear/consumables",
    "usableOnConsole": true,
    "searchTags": "capsule, eggsperimental, gear",
    "image": "images/gear/consumables/easteregg.jpg",
    "id": "dzobj_m8nzb0u9kd"
  },
  {
    "objectName": "GasMask_Filter",
    "inGameName": "Gas Mask Filter",
    "category": "gear",
    "modelType": "Config",
    "path": "dz/gear/consumables",
    "usableOnConsole": true,
    "searchTags": "face, fuel, gear, protection, NBC, gas mask, respirator",
    "image": "images/gear/consumables/gasmask_filter.jpg",
    "id": "dzobj_tqnkm7w4xp"
  },
  {
    "objectName": "Proxyroad_flare",
    "inGameName": "-",
    "category": "gear",
    "modelType": "Config",
    "path": "dz/gear/consumables",
    "usableOnConsole": true,
    "searchTags": "gear",
    "image": "images/gear/consumables/proxyroad_flare.jpg",
    "id": "dzobj_4xdkrgkw0f"
  },
  {
    "objectName": "ChickenFeather",
    "inGameName": "Chicken Feathers",
    "category": "gear",
    "modelType": "Config",
    "path": "dz/gear/consumables",
    "usableOnConsole": true,
    "searchTags": "feathers, gear, poultry, hunting, arrows, crossbow, bolt",
    "image": "images/gear/consumables/chickenfeather.jpg",
    "id": "dzobj_ixawpab4ob"
  },
  {
    "objectName": "StoneKnife",
    "inGameName": "Stone Knife",
    "category": "gear",
    "modelType": "Config",
    "path": "dz/gear/consumables",
    "usableOnConsole": true,
    "searchTags": "gear, rock, crafting",
    "image": "images/gear/consumables/stoneknife.jpg",
    "id": "dzobj_ls1v26aojs"
  },
  {
    "objectName": "MouthRag",
    "inGameName": "Rag",
    "category": "gear",
    "modelType": "Config",
    "path": "dz/gear/consumables",
    "usableOnConsole": true,
    "searchTags": "gear, wrapping, rags",
    "image": "images/gear/consumables/mouthrag.jpg",
    "id": "dzobj_e8h2ezfx4n"
  },
  {
    "objectName": "9v_battery.p3d",
    "inGameName": "9V Battery",
    "category": "gear",
    "modelType": "Raw P3D",
    "path": "dz/gear/consumables",
    "usableOnConsole": false,
    "searchTags": "",
    "image": "images/gear/consumables/9v_battery.p3d.jpg",
    "id": "dzobj_aee85de04p"
  },
  {
    "objectName": "arrow_feather.p3d",
    "inGameName": "Chicken Feathers",
    "category": "gear",
    "modelType": "Raw P3D",
    "path": "dz/gear/consumables",
    "usableOnConsole": false,
    "searchTags": "",
    "image": "images/gear/consumables/arrow_feather.p3d.jpg",
    "id": "dzobj_w4t2lmtr74"
  },
  {
    "objectName": "arrow_shaft.p3d",
    "inGameName": "-",
    "category": "gear",
    "modelType": "Raw P3D",
    "path": "dz/gear/consumables",
    "usableOnConsole": false,
    "searchTags": "",
    "image": "images/gear/consumables/arrow_shaft.p3d.jpg",
    "id": "dzobj_r3dr6xzyh9"
  },
  {
    "objectName": "bait_hook.p3d",
    "inGameName": "-",
    "category": "gear",
    "modelType": "Raw P3D",
    "path": "dz/gear/consumables",
    "usableOnConsole": false,
    "searchTags": "worms, fishing, hook",
    "image": "images/gear/consumables/bait_hook.p3d.jpg",
    "id": "dzobj_l83mwlxy4x"
  },
  {
    "objectName": "bait_hook2.p3d",
    "inGameName": "-",
    "category": "gear",
    "modelType": "Raw P3D",
    "path": "dz/gear/consumables",
    "usableOnConsole": false,
    "searchTags": "worms, fishing, hook",
    "image": "images/gear/consumables/bait_hook2.p3d.jpg",
    "id": "dzobj_hc7kaxya00"
  },
  {
    "objectName": "bait_worm_pinned.p3d",
    "inGameName": "Fishing Bait",
    "category": "gear",
    "modelType": "Raw P3D",
    "path": "dz/gear/consumables",
    "usableOnConsole": false,
    "searchTags": "worms, fishing, hook",
    "image": "images/gear/consumables/bait_worm_pinned.p3d.jpg",
    "id": "dzobj_amv74cq3dv"
  },
  {
    "objectName": "bandanafh_ground.p3d",
    "inGameName": "-",
    "category": "gear",
    "modelType": "Raw P3D",
    "path": "dz/gear/consumables",
    "usableOnConsole": false,
    "searchTags": "",
    "image": "images/gear/consumables/bandanafh_ground.p3d.jpg",
    "id": "dzobj_ue018v5lh2"
  },
  {
    "objectName": "batteryd.p3d",
    "inGameName": "-",
    "category": "gear",
    "modelType": "Raw P3D",
    "path": "dz/gear/consumables",
    "usableOnConsole": false,
    "searchTags": "9v, energy, gear, power",
    "image": "images/gear/consumables/batteryd.p3d.jpg",
    "id": "dzobj_ad4z277gj7"
  },
  {
    "objectName": "birch_bark.p3d",
    "inGameName": "Light Bark",
    "category": "gear",
    "modelType": "Raw P3D",
    "path": "dz/gear/consumables",
    "usableOnConsole": false,
    "searchTags": "gear, tree, kindling",
    "image": "images/gear/consumables/birch_bark.p3d.jpg",
    "id": "dzobj_o41nnnewuw"
  },
  {
    "objectName": "butanecanister.p3d",
    "inGameName": "Butane Canister",
    "category": "gear",
    "modelType": "Raw P3D",
    "path": "dz/gear/consumables",
    "usableOnConsole": false,
    "searchTags": "gear",
    "image": "images/gear/consumables/butanecanister.p3d.jpg",
    "id": "dzobj_fgel333iuq"
  },
  {
    "objectName": "chemlight.p3d",
    "inGameName": "-",
    "category": "gear",
    "modelType": "Raw P3D",
    "path": "dz/gear/consumables",
    "usableOnConsole": false,
    "searchTags": "gear, glow, stick, lights",
    "image": "images/gear/consumables/chemlight.p3d.jpg",
    "id": "dzobj_2wdlu36rwx"
  },
  {
    "objectName": "ducttape.p3d",
    "inGameName": "Duct Tape",
    "category": "gear",
    "modelType": "Raw P3D",
    "path": "dz/gear/consumables",
    "usableOnConsole": false,
    "searchTags": "gear, repair, clothing",
    "image": "images/gear/consumables/ducttape.p3d.jpg",
    "id": "dzobj_rv2ko62qln"
  },
  {
    "objectName": "ducttape_tied.p3d",
    "inGameName": "Restrained by Duct Tape",
    "category": "gear",
    "modelType": "Raw P3D",
    "path": "dz/gear/consumables",
    "usableOnConsole": false,
    "searchTags": "gear, repair, clothing",
    "image": "images/gear/consumables/ducttape_tied.p3d.jpg",
    "id": "dzobj_ifzzjnthit"
  },
  {
    "objectName": "easteregg.p3d",
    "inGameName": "Eggsperimental Capsule",
    "category": "gear",
    "modelType": "Raw P3D",
    "path": "dz/gear/consumables",
    "usableOnConsole": false,
    "searchTags": "capsule, eggsperimental, gear",
    "image": "images/gear/consumables/easteregg.p3d.jpg",
    "id": "dzobj_53z3rh47yo"
  },
  {
    "objectName": "firewood.p3d",
    "inGameName": "-",
    "category": "gear",
    "modelType": "Raw P3D",
    "path": "dz/gear/consumables",
    "usableOnConsole": false,
    "searchTags": "",
    "image": "images/gear/consumables/firewood.p3d.jpg",
    "id": "dzobj_tiri9pjj03"
  },
  {
    "objectName": "garden_lime.p3d",
    "inGameName": "Garden Lime",
    "category": "gear",
    "modelType": "Raw P3D",
    "path": "dz/gear/consumables",
    "usableOnConsole": false,
    "searchTags": "gear, growing, gardening",
    "image": "images/gear/consumables/garden_lime.p3d.jpg",
    "id": "dzobj_gwp3c31fem"
  },
  {
    "objectName": "gascannisterlarge.p3d",
    "inGameName": "-",
    "category": "gear",
    "modelType": "Raw P3D",
    "path": "dz/gear/consumables",
    "usableOnConsole": false,
    "searchTags": "",
    "image": "images/gear/consumables/gascannisterlarge.p3d.jpg",
    "id": "dzobj_8vdu76sjjj"
  },
  {
    "objectName": "gascannistermedium.p3d",
    "inGameName": "Medium Gas Canister",
    "category": "gear",
    "modelType": "Raw P3D",
    "path": "dz/gear/consumables",
    "usableOnConsole": false,
    "searchTags": "",
    "image": "images/gear/consumables/gascannistermedium.p3d.jpg",
    "id": "dzobj_7cs9ckg9t0"
  },
  {
    "objectName": "gascannistersmall.p3d",
    "inGameName": "Small Gas Canister",
    "category": "gear",
    "modelType": "Raw P3D",
    "path": "dz/gear/consumables",
    "usableOnConsole": false,
    "searchTags": "",
    "image": "images/gear/consumables/gascannistersmall.p3d.jpg",
    "id": "dzobj_vga0f7wskd"
  },
  {
    "objectName": "gasmask_filter.p3d",
    "inGameName": "Gas Mask Filter",
    "category": "gear",
    "modelType": "Raw P3D",
    "path": "dz/gear/consumables",
    "usableOnConsole": false,
    "searchTags": "face, fuel, gear, protection, NBC, gas mask, respirator",
    "image": "images/gear/consumables/gasmask_filter.p3d.jpg",
    "id": "dzobj_xk9tjsoo6r"
  },
  {
    "objectName": "giftwrappaper.p3d",
    "inGameName": "Gift Wrap Paper",
    "category": "gear",
    "modelType": "Raw P3D",
    "path": "dz/gear/consumables",
    "usableOnConsole": false,
    "searchTags": "gear, christmas, seasonal, festive, santa",
    "image": "images/gear/consumables/giftwrappaper.p3d.jpg",
    "id": "dzobj_pvab47aq21"
  },
  {
    "objectName": "jig.p3d",
    "inGameName": "Jig",
    "category": "gear",
    "modelType": "Raw P3D",
    "path": "dz/gear/consumables",
    "usableOnConsole": false,
    "searchTags": "gear, fishing",
    "image": "images/gear/consumables/jig.p3d.jpg",
    "id": "dzobj_y27bfxclu7"
  },
  {
    "objectName": "matchbox.p3d",
    "inGameName": "Matches",
    "category": "gear",
    "modelType": "Raw P3D",
    "path": "dz/gear/consumables",
    "usableOnConsole": false,
    "searchTags": "gear, matches, fire, natches",
    "image": "images/gear/consumables/matchbox.p3d.jpg",
    "id": "dzobj_9pvpc792b2"
  },
  {
    "objectName": "metal_plate.p3d",
    "inGameName": "-",
    "category": "gear",
    "modelType": "Raw P3D",
    "path": "dz/gear/consumables",
    "usableOnConsole": false,
    "searchTags": "gear, sheet, metal, wall, base building",
    "image": "images/gear/consumables/metal_plate.p3d.jpg",
    "id": "dzobj_r6hhg23p6m"
  },
  {
    "objectName": "metal_sheets.p3d",
    "inGameName": "-",
    "category": "gear",
    "modelType": "Raw P3D",
    "path": "dz/gear/consumables",
    "usableOnConsole": false,
    "searchTags": "gear, sheet, metal, wall, base building",
    "image": "images/gear/consumables/metal_sheets.p3d.jpg",
    "id": "dzobj_yt3t8t8yio"
  },
  {
    "objectName": "metal_sheet_pile.p3d",
    "inGameName": "-",
    "category": "gear",
    "modelType": "Raw P3D",
    "path": "dz/gear/consumables",
    "usableOnConsole": false,
    "searchTags": "",
    "image": "images/gear/consumables/metal_sheet_pile.p3d.jpg",
    "id": "dzobj_odsn879d06"
  },
  {
    "objectName": "nails_box.p3d",
    "inGameName": "Boxed Nails",
    "category": "gear",
    "modelType": "Raw P3D",
    "path": "dz/gear/consumables",
    "usableOnConsole": false,
    "searchTags": "boxed, crate, gear, nails, storage, base building",
    "image": "images/gear/consumables/nails_box.p3d.jpg",
    "id": "dzobj_xrdn5w3xp2"
  },
  {
    "objectName": "nails_loose_10.p3d",
    "inGameName": "Nails",
    "category": "gear",
    "modelType": "Raw P3D",
    "path": "dz/gear/consumables",
    "usableOnConsole": false,
    "searchTags": "",
    "image": "images/gear/consumables/nails_loose_10.p3d.jpg",
    "id": "dzobj_fybjw1src0"
  },
  {
    "objectName": "netting.p3d",
    "inGameName": "Netting",
    "category": "gear",
    "modelType": "Raw P3D",
    "path": "dz/gear/consumables",
    "usableOnConsole": false,
    "searchTags": "gear, fishing",
    "image": "images/gear/consumables/netting.p3d.jpg",
    "id": "dzobj_uxp07i0o0p"
  },
  {
    "objectName": "oak_bark.p3d",
    "inGameName": "Dark Bark",
    "category": "gear",
    "modelType": "Raw P3D",
    "path": "dz/gear/consumables",
    "usableOnConsole": false,
    "searchTags": "gear, tree, kindling",
    "image": "images/gear/consumables/oak_bark.p3d.jpg",
    "id": "dzobj_cplvqy6lhp"
  },
  {
    "objectName": "oil_bottle.p3d",
    "inGameName": "-",
    "category": "gear",
    "modelType": "Raw P3D",
    "path": "dz/gear/consumables",
    "usableOnConsole": false,
    "searchTags": "",
    "image": "images/gear/consumables/oil_bottle.p3d.jpg",
    "id": "dzobj_4za0y8nuac"
  },
  {
    "objectName": "paper.p3d",
    "inGameName": "Paper",
    "category": "gear",
    "modelType": "Raw P3D",
    "path": "dz/gear/consumables",
    "usableOnConsole": false,
    "searchTags": "gear, writing, notes, fire, kindling",
    "image": "images/gear/consumables/paper.p3d.jpg",
    "id": "dzobj_t4kmon36dd"
  },
  {
    "objectName": "pelt_bear.p3d",
    "inGameName": "Bear Pelt",
    "category": "gear",
    "modelType": "Raw P3D",
    "path": "dz/gear/consumables",
    "usableOnConsole": false,
    "searchTags": "",
    "image": "images/gear/consumables/pelt_bear.p3d.jpg",
    "id": "dzobj_erlufrmiyt"
  },
  {
    "objectName": "pelt_bull.p3d",
    "inGameName": "-",
    "category": "gear",
    "modelType": "Raw P3D",
    "path": "dz/gear/consumables",
    "usableOnConsole": false,
    "searchTags": "",
    "image": "images/gear/consumables/pelt_bull.p3d.jpg",
    "id": "dzobj_16j4u8d2vu"
  },
  {
    "objectName": "pelt_cow.p3d",
    "inGameName": "Cow Pelt",
    "category": "gear",
    "modelType": "Raw P3D",
    "path": "dz/gear/consumables",
    "usableOnConsole": false,
    "searchTags": "",
    "image": "images/gear/consumables/pelt_cow.p3d.jpg",
    "id": "dzobj_q8wv8gc5ny"
  },
  {
    "objectName": "pelt_deer.p3d",
    "inGameName": "Deer Pelt",
    "category": "gear",
    "modelType": "Raw P3D",
    "path": "dz/gear/consumables",
    "usableOnConsole": false,
    "searchTags": "",
    "image": "images/gear/consumables/pelt_deer.p3d.jpg",
    "id": "dzobj_yduqeuvnm0"
  },
  {
    "objectName": "pelt_deer_fem.p3d",
    "inGameName": "-",
    "category": "gear",
    "modelType": "Raw P3D",
    "path": "dz/gear/consumables",
    "usableOnConsole": false,
    "searchTags": "",
    "image": "images/gear/consumables/pelt_deer_fem.p3d.jpg",
    "id": "dzobj_dannpodd9d"
  },
  {
    "objectName": "pelt_fox.p3d",
    "inGameName": "Fox Pelt",
    "category": "gear",
    "modelType": "Raw P3D",
    "path": "dz/gear/consumables",
    "usableOnConsole": false,
    "searchTags": "",
    "image": "images/gear/consumables/pelt_fox.p3d.jpg",
    "id": "dzobj_7wivkdkdeo"
  },
  {
    "objectName": "pelt_goat.p3d",
    "inGameName": "Goat Pelt",
    "category": "gear",
    "modelType": "Raw P3D",
    "path": "dz/gear/consumables",
    "usableOnConsole": false,
    "searchTags": "",
    "image": "images/gear/consumables/pelt_goat.p3d.jpg",
    "id": "dzobj_dvujyj4wpl"
  },
  {
    "objectName": "pelt_horse.p3d",
    "inGameName": "-",
    "category": "gear",
    "modelType": "Raw P3D",
    "path": "dz/gear/consumables",
    "usableOnConsole": false,
    "searchTags": "",
    "image": "images/gear/consumables/pelt_horse.p3d.jpg",
    "id": "dzobj_2w251xx4w8"
  },
  {
    "objectName": "pelt_mouflon.p3d",
    "inGameName": "-",
    "category": "gear",
    "modelType": "Raw P3D",
    "path": "dz/gear/consumables",
    "usableOnConsole": false,
    "searchTags": "",
    "image": "images/gear/consumables/pelt_mouflon.p3d.jpg",
    "id": "dzobj_8wz2staz2e"
  },
  {
    "objectName": "pelt_pig.p3d",
    "inGameName": "Pig Pelt",
    "category": "gear",
    "modelType": "Raw P3D",
    "path": "dz/gear/consumables",
    "usableOnConsole": false,
    "searchTags": "",
    "image": "images/gear/consumables/pelt_pig.p3d.jpg",
    "id": "dzobj_0uwvn36w3w"
  },
  {
    "objectName": "pelt_rabbit.p3d",
    "inGameName": "Hare Pelt",
    "category": "gear",
    "modelType": "Raw P3D",
    "path": "dz/gear/consumables",
    "usableOnConsole": false,
    "searchTags": "",
    "image": "images/gear/consumables/pelt_rabbit.p3d.jpg",
    "id": "dzobj_ta9jdv88ce"
  },
  {
    "objectName": "pelt_reindeer.p3d",
    "inGameName": "Reindeer Pelt",
    "category": "gear",
    "modelType": "Raw P3D",
    "path": "dz/gear/consumables",
    "usableOnConsole": false,
    "searchTags": "",
    "image": "images/gear/consumables/pelt_reindeer.p3d.jpg",
    "id": "dzobj_kmtsqobat0"
  },
  {
    "objectName": "pelt_sheep.p3d",
    "inGameName": "Sheep Pelt",
    "category": "gear",
    "modelType": "Raw P3D",
    "path": "dz/gear/consumables",
    "usableOnConsole": false,
    "searchTags": "",
    "image": "images/gear/consumables/pelt_sheep.p3d.jpg",
    "id": "dzobj_gncyma56ej"
  },
  {
    "objectName": "pelt_wildboar.p3d",
    "inGameName": "Boar Pelt",
    "category": "gear",
    "modelType": "Raw P3D",
    "path": "dz/gear/consumables",
    "usableOnConsole": false,
    "searchTags": "",
    "image": "images/gear/consumables/pelt_wildboar.p3d.jpg",
    "id": "dzobj_9tbypwohw9"
  },
  {
    "objectName": "pelt_wolf.p3d",
    "inGameName": "Wolf Pelt",
    "category": "gear",
    "modelType": "Raw P3D",
    "path": "dz/gear/consumables",
    "usableOnConsole": false,
    "searchTags": "",
    "image": "images/gear/consumables/pelt_wolf.p3d.jpg",
    "id": "dzobj_kvbysppxcm"
  },
  {
    "objectName": "pile_of_planks.p3d",
    "inGameName": "Lumber Pile",
    "category": "gear",
    "modelType": "Raw P3D",
    "path": "dz/gear/consumables",
    "usableOnConsole": false,
    "searchTags": "gear, lumber, base building",
    "image": "images/gear/consumables/pile_of_planks.p3d.jpg",
    "id": "dzobj_w1uh21t4cw"
  },
  {
    "objectName": "pile_of_planks_high.p3d",
    "inGameName": "-",
    "category": "gear",
    "modelType": "Raw P3D",
    "path": "dz/gear/consumables",
    "usableOnConsole": false,
    "searchTags": "gear, lumber, base building",
    "image": "images/gear/consumables/pile_of_planks_high.p3d.jpg",
    "id": "dzobj_ein07noc1a"
  },
  {
    "objectName": "pile_of_planks_low.p3d",
    "inGameName": "-",
    "category": "gear",
    "modelType": "Raw P3D",
    "path": "dz/gear/consumables",
    "usableOnConsole": false,
    "searchTags": "gear, lumber, base building",
    "image": "images/gear/consumables/pile_of_planks_low.p3d.jpg",
    "id": "dzobj_4ynt2ve0im"
  },
  {
    "objectName": "pile_of_planks_medium.p3d",
    "inGameName": "-",
    "category": "gear",
    "modelType": "Raw P3D",
    "path": "dz/gear/consumables",
    "usableOnConsole": false,
    "searchTags": "gear, lumber, base building",
    "image": "images/gear/consumables/pile_of_planks_medium.p3d.jpg",
    "id": "dzobj_1vy11naqyk"
  },
  {
    "objectName": "pile_of_planks_small.p3d",
    "inGameName": "-",
    "category": "gear",
    "modelType": "Raw P3D",
    "path": "dz/gear/consumables",
    "usableOnConsole": false,
    "searchTags": "gear, lumber, base building",
    "image": "images/gear/consumables/pile_of_planks_small.p3d.jpg",
    "id": "dzobj_qnssx4vxyu"
  },
  {
    "objectName": "punchedcard.p3d",
    "inGameName": "Punched Card",
    "category": "gear",
    "modelType": "Raw P3D",
    "path": "dz/gear/consumables",
    "usableOnConsole": false,
    "searchTags": "gear, bunker, access, keycard, underground, panel",
    "image": "images/gear/consumables/punchedcard.p3d.jpg",
    "id": "dzobj_sl5h403fb0"
  },
  {
    "objectName": "rags.p3d",
    "inGameName": "Rag",
    "category": "gear",
    "modelType": "Raw P3D",
    "path": "dz/gear/consumables",
    "usableOnConsole": false,
    "searchTags": "gear, torn, clothing, wrapping, kindling, bandage",
    "image": "images/gear/consumables/rags.p3d.jpg",
    "id": "dzobj_ztwjnvvsex"
  },
  {
    "objectName": "road_flare.p3d",
    "inGameName": "-",
    "category": "gear",
    "modelType": "Raw P3D",
    "path": "dz/gear/consumables",
    "usableOnConsole": false,
    "searchTags": "flare, gear, road, lights",
    "image": "images/gear/consumables/road_flare.p3d.jpg",
    "id": "dzobj_sqws0py7vy"
  },
  {
    "objectName": "single_metal_sheet.p3d",
    "inGameName": "Sheet Metal",
    "category": "gear",
    "modelType": "Raw P3D",
    "path": "dz/gear/consumables",
    "usableOnConsole": false,
    "searchTags": "",
    "image": "images/gear/consumables/single_metal_sheet.p3d.jpg",
    "id": "dzobj_pws9v8kvjm"
  },
  {
    "objectName": "single_plank.p3d",
    "inGameName": "Plank",
    "category": "gear",
    "modelType": "Raw P3D",
    "path": "dz/gear/consumables",
    "usableOnConsole": false,
    "searchTags": "",
    "image": "images/gear/consumables/single_plank.p3d.jpg",
    "id": "dzobj_pdxvuijpar"
  },
  {
    "objectName": "smallstone.p3d",
    "inGameName": "Small Stone",
    "category": "gear",
    "modelType": "Raw P3D",
    "path": "dz/gear/consumables",
    "usableOnConsole": false,
    "searchTags": "gear, rock, terrain",
    "image": "images/gear/consumables/smallstone.p3d.jpg",
    "id": "dzobj_805is49nrn"
  },
  {
    "objectName": "spraycan.p3d",
    "inGameName": "Spraypaint",
    "category": "gear",
    "modelType": "Raw P3D",
    "path": "dz/gear/consumables",
    "usableOnConsole": false,
    "searchTags": "gear, spraypaint",
    "image": "images/gear/consumables/spraycan.p3d.jpg",
    "id": "dzobj_slzrull5xc"
  },
  {
    "objectName": "stone.p3d",
    "inGameName": "-",
    "category": "gear",
    "modelType": "Raw P3D",
    "path": "dz/gear/consumables",
    "usableOnConsole": false,
    "searchTags": "gear",
    "image": "images/gear/consumables/stone.p3d.jpg",
    "id": "dzobj_mwel6mdvbg"
  },
  {
    "objectName": "stone_slice.p3d",
    "inGameName": "Stone Knife",
    "category": "gear",
    "modelType": "Raw P3D",
    "path": "dz/gear/consumables",
    "usableOnConsole": false,
    "searchTags": "gear",
    "image": "images/gear/consumables/stone_slice.p3d.jpg",
    "id": "dzobj_w1cf4wt34d"
  },
  {
    "objectName": "tanned_leather.p3d",
    "inGameName": "Tanned Leather",
    "category": "gear",
    "modelType": "Raw P3D",
    "path": "dz/gear/consumables",
    "usableOnConsole": false,
    "searchTags": "gear, hunting",
    "image": "images/gear/consumables/tanned_leather.p3d.jpg",
    "id": "dzobj_qabvda1apb"
  }
]
