[
  {
    "objectName": "snow_rock_apart1.p3d",
    "inGameName": "-",
    "category": "rocks",
    "modelType": "Raw P3D",
    "path": "dz/rocks/snow_rocks",
    "usableOnConsole": false,
    "searchTags": "medium",
    "image": "images/rocks/snow_rocks/snow_rockssnow_rock_apart1.p3d.jpg",
    "id": "dzobj_cbg997td7d"
  },
  {
    "objectName": "snow_rock_apart2.p3d",
    "inGameName": "-",
    "category": "rocks",
    "modelType": "Raw P3D",
    "path": "dz/rocks/snow_rocks",
    "usableOnConsole": false,
    "searchTags": "medium",
    "image": "images/rocks/snow_rocks/snow_rockssnow_rock_apart2.p3d.jpg",
    "id": "dzobj_0svurjykqi"
  },
  {
    "objectName": "snow_rock_bright_apart1.p3d",
    "inGameName": "-",
    "category": "rocks",
    "modelType": "Raw P3D",
    "path": "dz/rocks/snow_rocks",
    "usableOnConsole": false,
    "searchTags": "medium",
    "image": "images/rocks/snow_rocks/snow_rockssnow_rock_bright_apart1.p3d.jpg",
    "id": "dzobj_cy1kzfqyr6"
  },
  {
    "objectName": "snow_rock_bright_apart2.p3d",
    "inGameName": "-",
    "category": "rocks",
    "modelType": "Raw P3D",
    "path": "dz/rocks/snow_rocks",
    "usableOnConsole": false,
    "searchTags": "small",
    "image": "images/rocks/snow_rocks/snow_rockssnow_rock_bright_apart2.p3d.jpg",
    "id": "dzobj_gvx4ypb6gc"
  },
  {
    "objectName": "snow_rock_bright_monolith1.p3d",
    "inGameName": "-",
    "category": "rocks",
    "modelType": "Raw P3D",
    "path": "dz/rocks/snow_rocks",
    "usableOnConsole": false,
    "searchTags": "large",
    "image": "images/rocks/snow_rocks/snow_rockssnow_rock_bright_monolith1.p3d.jpg",
    "id": "dzobj_2lflxi6jty"
  },
  {
    "objectName": "snow_rock_bright_monolith2.p3d",
    "inGameName": "-",
    "category": "rocks",
    "modelType": "Raw P3D",
    "path": "dz/rocks/snow_rocks",
    "usableOnConsole": false,
    "searchTags": "medium",
    "image": "images/rocks/snow_rocks/snow_rockssnow_rock_bright_monolith2.p3d.jpg",
    "id": "dzobj_y6v2q7bdr2"
  },
  {
    "objectName": "snow_rock_bright_monolith3.p3d",
    "inGameName": "-",
    "category": "rocks",
    "modelType": "Raw P3D",
    "path": "dz/rocks/snow_rocks",
    "usableOnConsole": false,
    "searchTags": "medium",
    "image": "images/rocks/snow_rocks/snow_rockssnow_rock_bright_monolith3.p3d.jpg",
    "id": "dzobj_dw0ja43983"
  },
  {
    "objectName": "snow_rock_bright_monolith4.p3d",
    "inGameName": "-",
    "category": "rocks",
    "modelType": "Raw P3D",
    "path": "dz/rocks/snow_rocks",
    "usableOnConsole": false,
    "searchTags": "medium",
    "image": "images/rocks/snow_rocks/snow_rockssnow_rock_bright_monolith4.p3d.jpg",
    "id": "dzobj_njjlxups5a"
  },
  {
    "objectName": "snow_rock_bright_spike1.p3d",
    "inGameName": "-",
    "category": "rocks",
    "modelType": "Raw P3D",
    "path": "dz/rocks/snow_rocks",
    "usableOnConsole": false,
    "searchTags": "medium",
    "image": "images/rocks/snow_rocks/snow_rockssnow_rock_bright_spike1.p3d.jpg",
    "id": "dzobj_xrlqdgihnf"
  },
  {
    "objectName": "snow_rock_bright_spike2.p3d",
    "inGameName": "-",
    "category": "rocks",
    "modelType": "Raw P3D",
    "path": "dz/rocks/snow_rocks",
    "usableOnConsole": false,
    "searchTags": "rocks, stone, terrain",
    "image": "images/rocks/snow_rocks/snow_rockssnow_rock_bright_spike2.p3d.jpg",
    "id": "dzobj_6oexljuehk"
  },
  {
    "objectName": "snow_rock_bright_spike3.p3d",
    "inGameName": "-",
    "category": "rocks",
    "modelType": "Raw P3D",
    "path": "dz/rocks/snow_rocks",
    "usableOnConsole": false,
    "searchTags": "medium",
    "image": "images/rocks/snow_rocks/snow_rockssnow_rock_bright_spike3.p3d.jpg",
    "id": "dzobj_o52ynbjuhp"
  },
  {
    "objectName": "snow_rock_bright_wallh1.p3d",
    "inGameName": "-",
    "category": "rocks",
    "modelType": "Raw P3D",
    "path": "dz/rocks/snow_rocks",
    "usableOnConsole": false,
    "searchTags": "large, long",
    "image": "images/rocks/snow_rocks/snow_rockssnow_rock_bright_wallh1.p3d.jpg",
    "id": "dzobj_v66zm4myut"
  },
  {
    "objectName": "snow_rock_bright_wallh2.p3d",
    "inGameName": "-",
    "category": "rocks",
    "modelType": "Raw P3D",
    "path": "dz/rocks/snow_rocks",
    "usableOnConsole": false,
    "searchTags": "large, long",
    "image": "images/rocks/snow_rocks/snow_rockssnow_rock_bright_wallh2.p3d.jpg",
    "id": "dzobj_xmxxno9ir4"
  },
  {
    "objectName": "snow_rock_bright_wallh3.p3d",
    "inGameName": "-",
    "category": "rocks",
    "modelType": "Raw P3D",
    "path": "dz/rocks/snow_rocks",
    "usableOnConsole": false,
    "searchTags": "medium, long",
    "image": "images/rocks/snow_rocks/snow_rockssnow_rock_bright_wallh3.p3d.jpg",
    "id": "dzobj_2ksvtp8dnc"
  },
  {
    "objectName": "snow_rock_bright_wallv.p3d",
    "inGameName": "-",
    "category": "rocks",
    "modelType": "Raw P3D",
    "path": "dz/rocks/snow_rocks",
    "usableOnConsole": false,
    "searchTags": "large, tall",
    "image": "images/rocks/snow_rocks/snow_rockssnow_rock_bright_wallv.p3d.jpg",
    "id": "dzobj_y0i0mbr1on"
  },
  {
    "objectName": "snow_rock_monolith1.p3d",
    "inGameName": "-",
    "category": "rocks",
    "modelType": "Raw P3D",
    "path": "dz/rocks/snow_rocks",
    "usableOnConsole": false,
    "searchTags": "large",
    "image": "images/rocks/snow_rocks/snow_rockssnow_rock_monolith1.p3d.jpg",
    "id": "dzobj_oegk083t2y"
  },
  {
    "objectName": "snow_rock_monolith2.p3d",
    "inGameName": "-",
    "category": "rocks",
    "modelType": "Raw P3D",
    "path": "dz/rocks/snow_rocks",
    "usableOnConsole": false,
    "searchTags": "medium",
    "image": "images/rocks/snow_rocks/snow_rockssnow_rock_monolith2.p3d.jpg",
    "id": "dzobj_tis0ec0q0b"
  },
  {
    "objectName": "snow_rock_monolith3.p3d",
    "inGameName": "-",
    "category": "rocks",
    "modelType": "Raw P3D",
    "path": "dz/rocks/snow_rocks",
    "usableOnConsole": false,
    "searchTags": "medium",
    "image": "images/rocks/snow_rocks/snow_rockssnow_rock_monolith3.p3d.jpg",
    "id": "dzobj_u463q21xk2"
  },
  {
    "objectName": "snow_rock_monolith4.p3d",
    "inGameName": "-",
    "category": "rocks",
    "modelType": "Raw P3D",
    "path": "dz/rocks/snow_rocks",
    "usableOnConsole": false,
    "searchTags": "medium",
    "image": "images/rocks/snow_rocks/snow_rockssnow_rock_monolith4.p3d.jpg",
    "id": "dzobj_c8e3ey5ty0"
  },
  {
    "objectName": "snow_rock_spike1.p3d",
    "inGameName": "-",
    "category": "rocks",
    "modelType": "Raw P3D",
    "path": "dz/rocks/snow_rocks",
    "usableOnConsole": false,
    "searchTags": "large",
    "image": "images/rocks/snow_rocks/snow_rockssnow_rock_spike1.p3d.jpg",
    "id": "dzobj_5necisprwz"
  },
  {
    "objectName": "snow_rock_spike2.p3d",
    "inGameName": "-",
    "category": "rocks",
    "modelType": "Raw P3D",
    "path": "dz/rocks/snow_rocks",
    "usableOnConsole": false,
    "searchTags": "medium",
    "image": "images/rocks/snow_rocks/snow_rockssnow_rock_spike2.p3d.jpg",
    "id": "dzobj_tm88j7fr1n"
  },
  {
    "objectName": "snow_rock_spike3.p3d",
    "inGameName": "-",
    "category": "rocks",
    "modelType": "Raw P3D",
    "path": "dz/rocks/snow_rocks",
    "usableOnConsole": false,
    "searchTags": "medium",
    "image": "images/rocks/snow_rocks/snow_rockssnow_rock_spike3.p3d.jpg",
    "id": "dzobj_jseslv78ht"
  },
  {
    "objectName": "snow_rock_wallh1.p3d",
    "inGameName": "-",
    "category": "rocks",
    "modelType": "Raw P3D",
    "path": "dz/rocks/snow_rocks",
    "usableOnConsole": false,
    "searchTags": "large, long",
    "image": "images/rocks/snow_rocks/snow_rockssnow_rock_wallh1.p3d.jpg",
    "id": "dzobj_n2zfsyiyik"
  },
  {
    "objectName": "snow_rock_wallh2.p3d",
    "inGameName": "-",
    "category": "rocks",
    "modelType": "Raw P3D",
    "path": "dz/rocks/snow_rocks",
    "usableOnConsole": false,
    "searchTags": "large, long",
    "image": "images/rocks/snow_rocks/snow_rockssnow_rock_wallh2.p3d.jpg",
    "id": "dzobj_rpu2xtpizz"
  },
  {
    "objectName": "snow_rock_wallh3.p3d",
    "inGameName": "-",
    "category": "rocks",
    "modelType": "Raw P3D",
    "path": "dz/rocks/snow_rocks",
    "usableOnConsole": false,
    "searchTags": "large, tall",
    "image": "images/rocks/snow_rocks/snow_rockssnow_rock_wallh3.p3d.jpg",
    "id": "dzobj_9zaukzphn7"
  },
  {
    "objectName": "snow_rock_wallv.p3d",
    "inGameName": "-",
    "category": "rocks",
    "modelType": "Raw P3D",
    "path": "dz/rocks/snow_rocks",
    "usableOnConsole": false,
    "searchTags": "large, tall",
    "image": "images/rocks/snow_rocks/snow_rockssnow_rock_wallv.p3d.jpg",
    "id": "dzobj_fjzskyhv8g"
  },
  {
    "objectName": "snow_stone1.p3d",
    "inGameName": "-",
    "category": "rocks",
    "modelType": "Raw P3D",
    "path": "dz/rocks/snow_rocks",
    "usableOnConsole": false,
    "searchTags": "small",
    "image": "images/rocks/snow_rocks/snow_rockssnow_stone1.p3d.jpg",
    "id": "dzobj_4mvapb4wl0"
  },
  {
    "objectName": "snow_stone2.p3d",
    "inGameName": "-",
    "category": "rocks",
    "modelType": "Raw P3D",
    "path": "dz/rocks/snow_rocks",
    "usableOnConsole": false,
    "searchTags": "small",
    "image": "images/rocks/snow_rocks/snow_rockssnow_stone2.p3d.jpg",
    "id": "dzobj_nw311taafm"
  },
  {
    "objectName": "snow_stone3.p3d",
    "inGameName": "-",
    "category": "rocks",
    "modelType": "Raw P3D",
    "path": "dz/rocks/snow_rocks",
    "usableOnConsole": false,
    "searchTags": "small",
    "image": "images/rocks/snow_rocks/snow_rockssnow_stone3.p3d.jpg",
    "id": "dzobj_s1nzy171sr"
  },
  {
    "objectName": "snow_stone4.p3d",
    "inGameName": "-",
    "category": "rocks",
    "modelType": "Raw P3D",
    "path": "dz/rocks/snow_rocks",
    "usableOnConsole": false,
    "searchTags": "rock, rocks, terrain",
    "image": "images/rocks/snow_rocks/snow_stone4.p3d.jpg",
    "id": "dzobj_oelkutqkyb"
  },
  {
    "objectName": "snow_stone5.p3d",
    "inGameName": "-",
    "category": "rocks",
    "modelType": "Raw P3D",
    "path": "dz/rocks/snow_rocks",
    "usableOnConsole": false,
    "searchTags": "small",
    "image": "images/rocks/snow_rocks/snow_rockssnow_stone5.p3d.jpg",
    "id": "dzobj_g9sz6mlgau"
  },
  {
    "objectName": "snow_stone5_trail_b.p3d",
    "inGameName": "-",
    "category": "rocks",
    "modelType": "Raw P3D",
    "path": "dz/rocks/snow_rocks",
    "usableOnConsole": false,
    "searchTags": "small",
    "image": "images/rocks/snow_rocks/snow_rockssnow_stone5_trail_b.p3d.jpg",
    "id": "dzobj_5xpfem51lt"
  },
  {
    "objectName": "snow_stone5_trail_g.p3d",
    "inGameName": "-",
    "category": "rocks",
    "modelType": "Raw P3D",
    "path": "dz/rocks/snow_rocks",
    "usableOnConsole": false,
    "searchTags": "small",
    "image": "images/rocks/snow_rocks/snow_rockssnow_stone5_trail_g.p3d.jpg",
    "id": "dzobj_352jwvs0ta"
  },
  {
    "objectName": "snow_stone5_trail_r.p3d",
    "inGameName": "-",
    "category": "rocks",
    "modelType": "Raw P3D",
    "path": "dz/rocks/snow_rocks",
    "usableOnConsole": false,
    "searchTags": "small",
    "image": "images/rocks/snow_rocks/snow_rockssnow_stone5_trail_r.p3d.jpg",
    "id": "dzobj_pt75o175pp"
  },
  {
    "objectName": "snow_stone5_trail_y.p3d",
    "inGameName": "-",
    "category": "rocks",
    "modelType": "Raw P3D",
    "path": "dz/rocks/snow_rocks",
    "usableOnConsole": false,
    "searchTags": "small",
    "image": "images/rocks/snow_rocks/snow_rockssnow_stone5_trail_y.p3d.jpg",
    "id": "dzobj_wbcydpw2l9"
  },
  {
    "objectName": "snow_stones_erosion.p3d",
    "inGameName": "-",
    "category": "rocks",
    "modelType": "Raw P3D",
    "path": "dz/rocks/snow_rocks",
    "usableOnConsole": false,
    "searchTags": "small",
    "image": "images/rocks/snow_rocks/snow_rockssnow_stones_erosion.p3d.jpg",
    "id": "dzobj_wseom509ae"
  }
]
