[
  {
    "objectName": "Land_Cementworks_Conveyorhall",
    "inGameName": "-",
    "category": "structures",
    "modelType": "Config",
    "path": "dz/structures/industrial/cementworks",
    "usableOnConsole": true,
    "searchTags": "factory, brick, large, industrial, loading",
    "image": "images/structures/industrial/cementworks/land_cementworks_conveyorhall.jpg"
  },
  {
    "objectName": "Land_CementWorks_SiloBig1B",
    "inGameName": "-",
    "category": "structures",
    "modelType": "Config",
    "path": "dz/structures/industrial/cementworks",
    "usableOnConsole": true,
    "searchTags": "factory, silos, tower, large, industrial, concrete",
    "image": "images/structures/industrial/cementworks/land_cementworks_silobig1b.jpg"
  },
  {
    "objectName": "Land_CementWorks_MillA",
    "inGameName": "-",
    "category": "structures",
    "modelType": "Config",
    "path": "dz/structures/industrial/cementworks",
    "usableOnConsole": true,
    "searchTags": "factory, silos, tower, large, industrial, broken, damaged, concrete",
    "image": "images/structures/industrial/cementworks/land_cementworks_milla.jpg"
  },
  {
    "objectName": "Land_CementWorks_MillC",
    "inGameName": "door 3",
    "category": "structures",
    "modelType": "Config",
    "path": "dz/structures/industrial/cementworks",
    "usableOnConsole": true,
    "searchTags": "factory, silos, tower, large, industrial, broken, damaged, concrete",
    "image": "images/structures/industrial/cementworks/land_cementworks_millc.jpg"
  },
  {
    "objectName": "Land_CementWorks_RotFurnace",
    "inGameName": "-",
    "category": "structures",
    "modelType": "Config",
    "path": "dz/structures/industrial/cementworks",
    "usableOnConsole": true,
    "searchTags": "factory, silos, tower, large, industrial, broken, damaged, concrete",
    "image": "images/structures/industrial/cementworks/land_cementworks_rotfurnace.jpg"
  },
  {
    "objectName": "StaticObj_CementWorks_Conveyor_Up1",
    "inGameName": "-",
    "category": "structures",
    "modelType": "Config",
    "path": "dz/structures/industrial/cementworks",
    "usableOnConsole": true,
    "searchTags": "factory, metal, diagonal, belt, industrial, large",
    "image": "images/structures/industrial/cementworks/staticobj_cementworks_conveyor_up1.jpg"
  },
  {
    "objectName": "StaticObj_CementWorks_Conveyor_Up2",
    "inGameName": "-",
    "category": "structures",
    "modelType": "Config",
    "path": "dz/structures/industrial/cementworks",
    "usableOnConsole": true,
    "searchTags": "factory, metal, diagonal, belt, industrial, large",
    "image": "images/structures/industrial/cementworks/staticobj_cementworks_conveyor_up2.jpg"
  },
  {
    "objectName": "StaticObj_CementWorks_Conveyor_Up3",
    "inGameName": "-",
    "category": "structures",
    "modelType": "Config",
    "path": "dz/structures/industrial/cementworks",
    "usableOnConsole": true,
    "searchTags": "factory, metal, diagonal, belt, industrial, large",
    "image": "images/structures/industrial/cementworks/staticobj_cementworks_conveyor_up3.jpg"
  },
  {
    "objectName": "StaticObj_CementWorks_ConveyorFurnace",
    "inGameName": "-",
    "category": "structures",
    "modelType": "Config",
    "path": "dz/structures/industrial/cementworks",
    "usableOnConsole": true,
    "searchTags": "factory, medium, industrial, metal",
    "image": "images/structures/industrial/cementworks/staticobj_cementworks_conveyorfurnace.jpg"
  },
  {
    "objectName": "StaticObj_CementWorks_ConveyorMillA",
    "inGameName": "-",
    "category": "structures",
    "modelType": "Config",
    "path": "dz/structures/industrial/cementworks",
    "usableOnConsole": true,
    "searchTags": "factory, metal, diagonal, belt, industrial, large",
    "image": "images/structures/industrial/cementworks/staticobj_cementworks_conveyormilla.jpg"
  },
  {
    "objectName": "StaticObj_CementWorks_ConveyorMillB",
    "inGameName": "-",
    "category": "structures",
    "modelType": "Config",
    "path": "dz/structures/industrial/cementworks",
    "usableOnConsole": true,
    "searchTags": "factory, metal, diagonal, belt, industrial, large",
    "image": "images/structures/industrial/cementworks/staticobj_cementworks_conveyormillb.jpg"
  },
  {
    "objectName": "StaticObj_CementWorks_ConveyorTowerA",
    "inGameName": "-",
    "category": "structures",
    "modelType": "Config",
    "path": "dz/structures/industrial/cementworks",
    "usableOnConsole": true,
    "searchTags": "factory, large, industrial, metal, vertical",
    "image": "images/structures/industrial/cementworks/staticobj_cementworks_conveyortowera.jpg"
  },
  {
    "objectName": "StaticObj_CementWorks_ConveyorTowerB",
    "inGameName": "-",
    "category": "structures",
    "modelType": "Config",
    "path": "dz/structures/industrial/cementworks",
    "usableOnConsole": true,
    "searchTags": "factory, metal, horizontal, belt, industrial, large",
    "image": "images/structures/industrial/cementworks/staticobj_cementworks_conveyortowerb.jpg"
  },
  {
    "objectName": "StaticObj_CementWorks_ConveyorTowerC",
    "inGameName": "-",
    "category": "structures",
    "modelType": "Config",
    "path": "dz/structures/industrial/cementworks",
    "usableOnConsole": true,
    "searchTags": "factory, metal, horizontal, belt, industrial, large",
    "image": "images/structures/industrial/cementworks/staticobj_cementworks_conveyortowerc.jpg"
  },
  {
    "objectName": "StaticObj_CementWorks_SiloBig1Bridge",
    "inGameName": "-",
    "category": "structures",
    "modelType": "Config",
    "path": "dz/structures/industrial/cementworks",
    "usableOnConsole": true,
    "searchTags": "factory, metal, horizontal, industrial, large",
    "image": "images/structures/industrial/cementworks/staticobj_cementworks_silobig1bridge.jpg"
  },
  {
    "objectName": "StaticObj_CementWorks_SiloBig2",
    "inGameName": "-",
    "category": "structures",
    "modelType": "Config",
    "path": "dz/structures/industrial/cementworks",
    "usableOnConsole": true,
    "searchTags": "factory, silos, tower, large, industrial, concrete",
    "image": "images/structures/industrial/cementworks/staticobj_cementworks_silobig2.jpg"
  },
  {
    "objectName": "cementworks_conveyorfurnace.p3d",
    "inGameName": "-",
    "category": "structures",
    "modelType": "Raw P3D",
    "path": "dz/structures/industrial/cementworks",
    "usableOnConsole": false,
    "searchTags": "factory, medium, industrial, metal",
    "image": "images/structures/industrial/cementworks/staticobj_cementworks_conveyorfurnace.jpg"
  },
  {
    "objectName": "cementworks_conveyorhall.p3d",
    "inGameName": "-",
    "category": "structures",
    "modelType": "Raw P3D",
    "path": "dz/structures/industrial/cementworks",
    "usableOnConsole": false,
    "searchTags": "factory, brick, large, industrial, loading",
    "image": "images/structures/industrial/cementworks/land_cementworks_conveyorhall.jpg"
  },
  {
    "objectName": "cementworks_conveyormilla.p3d",
    "inGameName": "-",
    "category": "structures",
    "modelType": "Raw P3D",
    "path": "dz/structures/industrial/cementworks",
    "usableOnConsole": false,
    "searchTags": "factory, metal, diagonal, belt, industrial, large",
    "image": "images/structures/industrial/cementworks/staticobj_cementworks_conveyormilla.jpg"
  },
  {
    "objectName": "cementworks_conveyormillb.p3d",
    "inGameName": "-",
    "category": "structures",
    "modelType": "Raw P3D",
    "path": "dz/structures/industrial/cementworks",
    "usableOnConsole": false,
    "searchTags": "factory, metal, diagonal, belt, industrial, large",
    "image": "images/structures/industrial/cementworks/staticobj_cementworks_conveyormillb.jpg"
  },
  {
    "objectName": "cementworks_conveyortowera.p3d",
    "inGameName": "-",
    "category": "structures",
    "modelType": "Raw P3D",
    "path": "dz/structures/industrial/cementworks",
    "usableOnConsole": false,
    "searchTags": "factory, large, industrial, metal, vertical",
    "image": "images/structures/industrial/cementworks/staticobj_cementworks_conveyortowera.jpg"
  },
  {
    "objectName": "cementworks_conveyortowerb.p3d",
    "inGameName": "-",
    "category": "structures",
    "modelType": "Raw P3D",
    "path": "dz/structures/industrial/cementworks",
    "usableOnConsole": false,
    "searchTags": "factory, metal, horizontal, belt, industrial, large",
    "image": "images/structures/industrial/cementworks/staticobj_cementworks_conveyortowerb.jpg"
  },
  {
    "objectName": "cementworks_conveyortowerc.p3d",
    "inGameName": "-",
    "category": "structures",
    "modelType": "Raw P3D",
    "path": "dz/structures/industrial/cementworks",
    "usableOnConsole": false,
    "searchTags": "factory, metal, horizontal, belt, industrial, large",
    "image": "images/structures/industrial/cementworks/staticobj_cementworks_conveyortowerc.jpg"
  },
  {
    "objectName": "cementworks_conveyor_up1.p3d",
    "inGameName": "-",
    "category": "structures",
    "modelType": "Raw P3D",
    "path": "dz/structures/industrial/cementworks",
    "usableOnConsole": false,
    "searchTags": "factory, metal, diagonal, belt, industrial, large",
    "image": "images/structures/industrial/cementworks/staticobj_cementworks_conveyor_up1.jpg"
  },
  {
    "objectName": "cementworks_conveyor_up2.p3d",
    "inGameName": "-",
    "category": "structures",
    "modelType": "Raw P3D",
    "path": "dz/structures/industrial/cementworks",
    "usableOnConsole": false,
    "searchTags": "factory, metal, diagonal, belt, industrial, large",
    "image": "images/structures/industrial/cementworks/staticobj_cementworks_conveyor_up2.jpg"
  },
  {
    "objectName": "cementworks_conveyor_up3.p3d",
    "inGameName": "-",
    "category": "structures",
    "modelType": "Raw P3D",
    "path": "dz/structures/industrial/cementworks",
    "usableOnConsole": false,
    "searchTags": "factory, metal, diagonal, belt, industrial, large",
    "image": "images/structures/industrial/cementworks/staticobj_cementworks_conveyor_up3.jpg"
  },
  {
    "objectName": "cementworks_expeditionb.p3d",
    "inGameName": "-",
    "category": "structures",
    "modelType": "Raw P3D",
    "path": "dz/structures/industrial/cementworks",
    "usableOnConsole": false,
    "searchTags": "walkway, metal, large, industrial, catwalk, plaform",
    "image": "images/structures/industrial/cementworks/land_cementworks_expeditionb.jpg"
  },
  {
    "objectName": "cementworks_expeditionc.p3d",
    "inGameName": "-",
    "category": "structures",
    "modelType": "Raw P3D",
    "path": "dz/structures/industrial/cementworks",
    "usableOnConsole": false,
    "searchTags": "walkway, metal, large, industrial, catwalk, plaform, roofed, pipes",
    "image": "images/structures/industrial/cementworks/land_cementworks_expeditionc.jpg"
  },
  {
    "objectName": "cementworks_milla.p3d",
    "inGameName": "-",
    "category": "structures",
    "modelType": "Raw P3D",
    "path": "dz/structures/industrial/cementworks",
    "usableOnConsole": false,
    "searchTags": "factory, silos, tower, large, industrial, broken, damaged, concrete",
    "image": "images/structures/industrial/cementworks/land_cementworks_milla.jpg"
  },
  {
    "objectName": "cementworks_millc.p3d",
    "inGameName": "door 3",
    "category": "structures",
    "modelType": "Raw P3D",
    "path": "dz/structures/industrial/cementworks",
    "usableOnConsole": false,
    "searchTags": "factory, silos, tower, large, industrial, broken, damaged, concrete",
    "image": "images/structures/industrial/cementworks/land_cementworks_millc.jpg"
  },
  {
    "objectName": "cementworks_milld.p3d",
    "inGameName": "-",
    "category": "structures",
    "modelType": "Raw P3D",
    "path": "dz/structures/industrial/cementworks",
    "usableOnConsole": false,
    "searchTags": "industrial",
    "image": "images/structures/industrial/cementworks/cementworks_milld.p3d.jpg"
  },
  {
    "objectName": "cementworks_rotfurnace.p3d",
    "inGameName": "-",
    "category": "structures",
    "modelType": "Raw P3D",
    "path": "dz/structures/industrial/cementworks",
    "usableOnConsole": false,
    "searchTags": "factory, silos, tower, large, industrial, broken, damaged, concrete",
    "image": "images/structures/industrial/cementworks/land_cementworks_rotfurnace.jpg"
  },
  {
    "objectName": "cementworks_silobig1b.p3d",
    "inGameName": "-",
    "category": "structures",
    "modelType": "Raw P3D",
    "path": "dz/structures/industrial/cementworks",
    "usableOnConsole": false,
    "searchTags": "factory, silos, tower, large, industrial, concrete",
    "image": "images/structures/industrial/cementworks/land_cementworks_silobig1b.jpg"
  },
  {
    "objectName": "cementworks_silobig1bridge.p3d",
    "inGameName": "-",
    "category": "structures",
    "modelType": "Raw P3D",
    "path": "dz/structures/industrial/cementworks",
    "usableOnConsole": false,
    "searchTags": "factory, metal, horizontal, industrial, large",
    "image": "images/structures/industrial/cementworks/staticobj_cementworks_silobig1bridge.jpg"
  },
  {
    "objectName": "cementworks_silobig2.p3d",
    "inGameName": "-",
    "category": "structures",
    "modelType": "Raw P3D",
    "path": "dz/structures/industrial/cementworks",
    "usableOnConsole": false,
    "searchTags": "factory, silos, tower, large, industrial, concrete",
    "image": "images/structures/industrial/cementworks/staticobj_cementworks_silobig2.jpg"
  },
  {
    "objectName": "Land_CementWorks_ExpeditionB",
    "inGameName": "-",
    "category": "structures",
    "modelType": "Config",
    "path": "dz/structures/industrial/cementworks",
    "usableOnConsole": true,
    "searchTags": "industrial",
    "image": "images/structures/industrial/cementworks/land_cementworks_expeditionb.jpg"
  },
  {
    "objectName": "Land_CementWorks_ExpeditionC",
    "inGameName": "-",
    "category": "structures",
    "modelType": "Config",
    "path": "dz/structures/industrial/cementworks",
    "usableOnConsole": true,
    "searchTags": "industrial",
    "image": "images/structures/industrial/cementworks/land_cementworks_expeditionc.jpg"
  },
  {
    "objectName": "cementworks_expeditiona.p3d",
    "category": "structures",
    "modelType": "Raw P3D",
    "path": "dz/structures/industrial/cementworks",
    "usableOnConsole": false,
    "searchTags": "factory, concrete, silos, large, industrial",
    "image": "images/structures/industrial/cementworks/land_cementworks_expeditiona.jpg"
  },
  {
    "objectName": "cementworks_hall1.p3d",
    "category": "structures",
    "modelType": "Raw P3D",
    "path": "dz/structures/industrial/cementworks",
    "usableOnConsole": false,
    "searchTags": "factory, concrete, large, industrial, blue",
    "image": "images/structures/industrial/cementworks/land_cementworks_hall1.jpg"
  },
  {
    "objectName": "cementworks_hall2_brick.p3d",
    "category": "structures",
    "modelType": "Raw P3D",
    "path": "dz/structures/industrial/cementworks",
    "usableOnConsole": false,
    "searchTags": "factory, brick, large, industrial",
    "image": "images/structures/industrial/cementworks/land_cementworks_hall2_brick.jpg"
  },
  {
    "objectName": "cementworks_hall2_grey.p3d",
    "category": "structures",
    "modelType": "Raw P3D",
    "path": "dz/structures/industrial/cementworks",
    "usableOnConsole": false,
    "searchTags": "factory, brick, large, industrial",
    "image": "images/structures/industrial/cementworks/land_cementworks_hall2_grey.jpg"
  },
  {
    "objectName": "Land_CementWorks_ExpeditionA",
    "category": "structures",
    "modelType": "Config",
    "path": "dz/structures/industrial/cementworks",
    "usableOnConsole": true,
    "searchTags": "factory, concrete, silos, large, industrial",
    "image": "images/structures/industrial/cementworks/land_cementworks_expeditiona.jpg"
  },
  {
    "objectName": "Land_CementWorks_Hall1",
    "category": "structures",
    "modelType": "Config",
    "path": "dz/structures/industrial/cementworks",
    "usableOnConsole": true,
    "searchTags": "factory, concrete, large, industrial, blue",
    "image": "images/structures/industrial/cementworks/land_cementworks_hall1.jpg"
  },
  {
    "objectName": "Land_CementWorks_Hall2_Brick",
    "category": "structures",
    "modelType": "Config",
    "path": "dz/structures/industrial/cementworks",
    "usableOnConsole": true,
    "searchTags": "factory, brick, large, industrial",
    "image": "images/structures/industrial/cementworks/land_cementworks_hall2_brick.jpg"
  },
  {
    "objectName": "Land_CementWorks_Hall2_Grey",
    "category": "structures",
    "modelType": "Config",
    "path": "dz/structures/industrial/cementworks",
    "usableOnConsole": true,
    "searchTags": "factory, brick, large, industrial",
    "image": "images/structures/industrial/cementworks/land_cementworks_hall2_grey.jpg"
  },
  {
    "objectName": "cementworks_millb.p3d",
    "category": "structures",
    "modelType": "Raw P3D",
    "path": "dz/structures/industrial/cementworks",
    "usableOnConsole": false,
    "searchTags": "factory, large, industrial, concrete, pipes",
    "image": "images/structures/industrial/cementworks/land_cementworks_millb.jpg"
  },
  {
    "objectName": "cementworks_silobig1a.p3d",
    "category": "structures",
    "modelType": "Raw P3D",
    "path": "dz/structures/industrial/cementworks",
    "usableOnConsole": false,
    "searchTags": "factory, silos, tower, large, industrial, concrete",
    "image": "images/structures/industrial/cementworks/land_cementworks_silobig1a.jpg"
  },
  {
    "objectName": "Land_CementWorks_MillB",
    "category": "structures",
    "modelType": "Config",
    "path": "dz/structures/industrial/cementworks",
    "usableOnConsole": true,
    "searchTags": "factory, large, industrial, concrete, pipes",
    "image": "images/structures/industrial/cementworks/land_cementworks_millb.jpg"
  },
  {
    "objectName": "Land_CementWorks_SiloBig1A",
    "category": "structures",
    "modelType": "Config",
    "path": "dz/structures/industrial/cementworks",
    "usableOnConsole": true,
    "searchTags": "factory, silos, tower, large, industrial, concrete",
    "image": "images/structures/industrial/cementworks/land_cementworks_silobig1a.jpg"
  }
]
