[
  {
    "objectName": "Plant_Cannabis",
    "inGameName": "Clutter Cutter 3x3",
    "category": "gear",
    "modelType": "Config",
    "path": "dz/gear/cultivation",
    "usableOnConsole": true,
    "searchTags": "",
    "image": "images/gear/cultivation/plant_cannabis.jpg"
  },
  {
    "objectName": "ClutterCutter6x6",
    "inGameName": "Clutter Cutter 3x3",
    "category": "gear",
    "modelType": "Config",
    "path": "dz/gear/cultivation",
    "usableOnConsole": true,
    "searchTags": "3x3, cultivation, gear",
    "image": "images/gear/cultivation/cluttercutter6x6.jpg"
  },
  {
    "objectName": "ClutterCutter2x2",
    "inGameName": "Clutter Cutter 3x3",
    "category": "gear",
    "modelType": "Config",
    "path": "dz/gear/cultivation",
    "usableOnConsole": true,
    "searchTags": "3x3, cultivation, gear",
    "image": "images/gear/cultivation/cluttercutter2x2.jpg"
  },
  {
    "objectName": "TomatoSeeds",
    "inGameName": "Tomato Seeds",
    "category": "gear",
    "modelType": "Config",
    "path": "dz/gear/cultivation",
    "usableOnConsole": true,
    "searchTags": "cultivation, gear, growing, gardening",
    "image": "images/gear/cultivation/tomatoseeds.jpg"
  },
  {
    "objectName": "PepperSeeds",
    "inGameName": "Pepper Seeds",
    "category": "gear",
    "modelType": "Config",
    "path": "dz/gear/cultivation",
    "usableOnConsole": true,
    "searchTags": "cultivation, gear, growing, gardening",
    "image": "images/gear/cultivation/pepperseeds.jpg"
  },
  {
    "objectName": "PumpkinSeeds",
    "inGameName": "Pumpkin Seeds",
    "category": "gear",
    "modelType": "Config",
    "path": "dz/gear/cultivation",
    "usableOnConsole": true,
    "searchTags": "cultivation, gear, growing, gardening",
    "image": "images/gear/cultivation/pumpkinseeds.jpg"
  },
  {
    "objectName": "ZucchiniSeeds",
    "inGameName": "Zucchini Seeds",
    "category": "gear",
    "modelType": "Config",
    "path": "dz/gear/cultivation",
    "usableOnConsole": true,
    "searchTags": "cultivation, gear, growing, gardening",
    "image": "images/gear/cultivation/zucchiniseeds.jpg"
  },
  {
    "objectName": "CannabisSeeds",
    "inGameName": "Cannabis Seeds",
    "category": "gear",
    "modelType": "Config",
    "path": "dz/gear/cultivation",
    "usableOnConsole": true,
    "searchTags": "cultivation, gear, growing, gardening",
    "image": "images/gear/cultivation/cannabisseeds.jpg"
  },
  {
    "objectName": "TomatoSeedsPack",
    "inGameName": "Packed Tomato Seeds",
    "category": "gear",
    "modelType": "Config",
    "path": "dz/gear/cultivation",
    "usableOnConsole": true,
    "searchTags": "cultivation, gear, growing, gardening",
    "image": "images/gear/cultivation/tomatoseedspack.jpg"
  },
  {
    "objectName": "PepperSeedsPack",
    "inGameName": "Packed Pepper Seeds",
    "category": "gear",
    "modelType": "Config",
    "path": "dz/gear/cultivation",
    "usableOnConsole": true,
    "searchTags": "cultivation, gear, growing, gardening",
    "image": "images/gear/cultivation/pepperseedspack.jpg"
  },
  {
    "objectName": "PumpkinSeedsPack",
    "inGameName": "Packed Pumpkin Seeds",
    "category": "gear",
    "modelType": "Config",
    "path": "dz/gear/cultivation",
    "usableOnConsole": true,
    "searchTags": "cultivation, gear, growing, gardening",
    "image": "images/gear/cultivation/pumpkinseedspack.jpg"
  },
  {
    "objectName": "ZucchiniSeedsPack",
    "inGameName": "Packed Zucchini Seeds",
    "category": "gear",
    "modelType": "Config",
    "path": "dz/gear/cultivation",
    "usableOnConsole": true,
    "searchTags": "cultivation, gear, growing, gardening",
    "image": "images/gear/cultivation/zucchiniseedspack.jpg"
  },
  {
    "objectName": "CannabisSeedsPack",
    "inGameName": "Cannabis Seeds Pack",
    "category": "gear",
    "modelType": "Config",
    "path": "dz/gear/cultivation",
    "usableOnConsole": true,
    "searchTags": "cultivation, gear, growing, gardening",
    "image": "images/gear/cultivation/cannabisseedspack.jpg"
  },
  {
    "objectName": "PlantMaterial",
    "inGameName": "Plant Material",
    "category": "gear",
    "modelType": "Config",
    "path": "dz/gear/cultivation",
    "usableOnConsole": true,
    "searchTags": "cultivation, gear, growing, gardening",
    "image": "images/gear/cultivation/plantmaterial.jpg"
  },
  {
    "objectName": "stake",
    "inGameName": "Tomato Plant",
    "category": "gear",
    "modelType": "Config",
    "path": "dz/gear/cultivation",
    "usableOnConsole": true,
    "searchTags": "cultivation, gear, growing, gardening",
    "image": "images/gear/cultivation/stake.jpg"
  },
  {
    "objectName": "Plant_Tomato",
    "inGameName": "Tomato Plant",
    "category": "gear",
    "modelType": "Config",
    "path": "dz/gear/cultivation",
    "usableOnConsole": true,
    "searchTags": "cultivation, gear, growing, gardening",
    "image": "images/gear/cultivation/plant_tomato.jpg"
  },
  {
    "objectName": "Plant_Pepper",
    "inGameName": "Pepper Plant",
    "category": "gear",
    "modelType": "Config",
    "path": "dz/gear/cultivation",
    "usableOnConsole": true,
    "searchTags": "cultivation, gear, growing, gardening",
    "image": "images/gear/cultivation/plant_pepper.jpg"
  },
  {
    "objectName": "Plant_Potato",
    "inGameName": "Potato Plant",
    "category": "gear",
    "modelType": "Config",
    "path": "dz/gear/cultivation",
    "usableOnConsole": true,
    "searchTags": "cultivation, gear, growing, gardening",
    "image": "images/gear/cultivation/plant_potato.jpg"
  },
  {
    "objectName": "Plant_Pumpkin",
    "inGameName": "Pumpkin Plant",
    "category": "gear",
    "modelType": "Config",
    "path": "dz/gear/cultivation",
    "usableOnConsole": true,
    "searchTags": "cultivation, gear, growing, gardening",
    "image": "images/gear/cultivation/plant_pumpkin.jpg"
  },
  {
    "objectName": "Plant_Zucchini",
    "inGameName": "Zucchini Plant",
    "category": "gear",
    "modelType": "Config",
    "path": "dz/gear/cultivation",
    "usableOnConsole": true,
    "searchTags": "cultivation, gear, growing, gardening",
    "image": "images/gear/cultivation/plant_zucchini.jpg"
  },
  {
    "objectName": "Plant_Cannabis",
    "inGameName": "-",
    "category": "gear",
    "modelType": "Config",
    "path": "dz/gear/cultivation",
    "usableOnConsole": true,
    "searchTags": "cultivation, gear, growing, gardening",
    "image": "images/gear/cultivation/plant_cannabis.jpg"
  },
  {
    "objectName": "GardenPlotGreenhouse",
    "inGameName": "-",
    "category": "gear",
    "modelType": "Config",
    "path": "dz/gear/cultivation",
    "usableOnConsole": true,
    "searchTags": "cultivation, gear, growing, gardening",
    "image": "images/gear/cultivation/gardenplotgreenhouse.jpg"
  },
  {
    "objectName": "GardenPlotPolytunnel",
    "inGameName": "-",
    "category": "gear",
    "modelType": "Config",
    "path": "dz/gear/cultivation",
    "usableOnConsole": true,
    "searchTags": "cultivation, gear, growing, gardening",
    "image": "images/gear/cultivation/gardenplotpolytunnel.jpg"
  },
  {
    "objectName": "GardenPlot",
    "inGameName": "-",
    "category": "gear",
    "modelType": "Config",
    "path": "dz/gear/cultivation",
    "usableOnConsole": true,
    "searchTags": "cultivation, gear, growing, gardening",
    "image": "images/gear/cultivation/gardenplot.jpg"
  },
  {
    "objectName": "cannabis_plant.p3d",
    "inGameName": "-",
    "category": "gear",
    "modelType": "Raw P3D",
    "path": "dz/gear/cultivation",
    "usableOnConsole": false,
    "searchTags": "3x3, clutter, cultivation, cutter, gear",
    "image": "images/gear/cultivation/cannabis_plant.p3d.jpg"
  },
  {
    "objectName": "cannabis_seeds.p3d",
    "inGameName": "Cannabis Seeds",
    "category": "gear",
    "modelType": "Raw P3D",
    "path": "dz/gear/cultivation",
    "usableOnConsole": false,
    "searchTags": "cultivation, gear, growing, gardening",
    "image": "images/gear/cultivation/cannabis_seeds.p3d.jpg"
  },
  {
    "objectName": "cannabis_seeds_pack.p3d",
    "inGameName": "Cannabis Seeds Pack",
    "category": "gear",
    "modelType": "Raw P3D",
    "path": "dz/gear/cultivation",
    "usableOnConsole": false,
    "searchTags": "cultivation, gear, growing, gardening",
    "image": "images/gear/cultivation/cannabis_seeds_pack.p3d.jpg"
  },
  {
    "objectName": "clutter_cutter_2m_x_2m.p3d",
    "inGameName": "Clutter Cutter 3x3",
    "category": "gear",
    "modelType": "Raw P3D",
    "path": "dz/gear/cultivation",
    "usableOnConsole": false,
    "searchTags": "",
    "image": "images/gear/cultivation/clutter_cutter_2m_x_2m.p3d.jpg"
  },
  {
    "objectName": "clutter_cutter_6m_x_6m.p3d",
    "inGameName": "Clutter Cutter 3x3",
    "category": "gear",
    "modelType": "Raw P3D",
    "path": "dz/gear/cultivation",
    "usableOnConsole": false,
    "searchTags": "3x3, cultivation, gear",
    "image": "images/gear/cultivation/clutter_cutter_6m_x_6m.p3d.jpg"
  },
  {
    "objectName": "compost.p3d",
    "inGameName": "-",
    "category": "gear",
    "modelType": "Raw P3D",
    "path": "dz/gear/cultivation",
    "usableOnConsole": false,
    "searchTags": "",
    "image": "images/gear/cultivation/compost.p3d.jpg"
  },
  {
    "objectName": "garden_plot_greenhouse.p3d",
    "inGameName": "-",
    "category": "gear",
    "modelType": "Raw P3D",
    "path": "dz/gear/cultivation",
    "usableOnConsole": false,
    "searchTags": "cultivation, gear, growing, gardening",
    "image": "images/gear/cultivation/garden_plot_greenhouse.p3d.jpg"
  },
  {
    "objectName": "garden_plot_outside.p3d",
    "inGameName": "-",
    "category": "gear",
    "modelType": "Raw P3D",
    "path": "dz/gear/cultivation",
    "usableOnConsole": false,
    "searchTags": "cultivation, gear, growing, gardening",
    "image": "images/gear/cultivation/garden_plot_outside.p3d.jpg"
  },
  {
    "objectName": "garden_plot_polytunnel.p3d",
    "inGameName": "-",
    "category": "gear",
    "modelType": "Raw P3D",
    "path": "dz/gear/cultivation",
    "usableOnConsole": false,
    "searchTags": "cultivation, gear, growing, gardening",
    "image": "images/gear/cultivation/garden_plot_polytunnel.p3d.jpg"
  },
  {
    "objectName": "pepper_plant.p3d",
    "inGameName": "Pepper Plant",
    "category": "gear",
    "modelType": "Raw P3D",
    "path": "dz/gear/cultivation",
    "usableOnConsole": false,
    "searchTags": "cultivation, gear, growing, gardening",
    "image": "images/gear/cultivation/pepper_plant.p3d.jpg"
  },
  {
    "objectName": "pepper_seeds.p3d",
    "inGameName": "Pepper Seeds",
    "category": "gear",
    "modelType": "Raw P3D",
    "path": "dz/gear/cultivation",
    "usableOnConsole": false,
    "searchTags": "cultivation, gear, growing, gardening",
    "image": "images/gear/cultivation/pepper_seeds.p3d.jpg"
  },
  {
    "objectName": "pepper_seeds_pack.p3d",
    "inGameName": "Packed Pepper Seeds",
    "category": "gear",
    "modelType": "Raw P3D",
    "path": "dz/gear/cultivation",
    "usableOnConsole": false,
    "searchTags": "cultivation, gear, growing, gardening",
    "image": "images/gear/cultivation/pepper_seeds_pack.p3d.jpg"
  },
  {
    "objectName": "plant_material.p3d",
    "inGameName": "Plant Material",
    "category": "gear",
    "modelType": "Raw P3D",
    "path": "dz/gear/cultivation",
    "usableOnConsole": false,
    "searchTags": "cultivation, gear, growing, gardening",
    "image": "images/gear/cultivation/plant_material.p3d.jpg"
  },
  {
    "objectName": "potatoes_seeds_pack.p3d",
    "inGameName": "-",
    "category": "gear",
    "modelType": "Raw P3D",
    "path": "dz/gear/cultivation",
    "usableOnConsole": false,
    "searchTags": "",
    "image": "images/gear/cultivation/potatoes_seeds_pack.p3d.jpg"
  },
  {
    "objectName": "potato_plant.p3d",
    "inGameName": "Potato Plant",
    "category": "gear",
    "modelType": "Raw P3D",
    "path": "dz/gear/cultivation",
    "usableOnConsole": false,
    "searchTags": "",
    "image": "images/gear/cultivation/potato_plant.p3d.jpg"
  },
  {
    "objectName": "pumpkin_plant.p3d",
    "inGameName": "Pumpkin Plant",
    "category": "gear",
    "modelType": "Raw P3D",
    "path": "dz/gear/cultivation",
    "usableOnConsole": false,
    "searchTags": "",
    "image": "images/gear/cultivation/pumpkin_plant.p3d.jpg"
  },
  {
    "objectName": "pumpkin_seeds.p3d",
    "inGameName": "Pumpkin Seeds",
    "category": "gear",
    "modelType": "Raw P3D",
    "path": "dz/gear/cultivation",
    "usableOnConsole": false,
    "searchTags": "cultivation, gear, growing, gardening",
    "image": "images/gear/cultivation/pumpkin_seeds.p3d.jpg"
  },
  {
    "objectName": "pumpkin_seeds_pack.p3d",
    "inGameName": "Packed Pumpkin Seeds",
    "category": "gear",
    "modelType": "Raw P3D",
    "path": "dz/gear/cultivation",
    "usableOnConsole": false,
    "searchTags": "cultivation, gear, growing, gardening",
    "image": "images/gear/cultivation/pumpkin_seeds_pack.p3d.jpg"
  },
  {
    "objectName": "soil_cultivated.p3d",
    "inGameName": "-",
    "category": "gear",
    "modelType": "Raw P3D",
    "path": "dz/gear/cultivation",
    "usableOnConsole": false,
    "searchTags": "",
    "image": "images/gear/cultivation/soil_cultivated.p3d.jpg"
  },
  {
    "objectName": "tomato_plant.p3d",
    "inGameName": "Tomato Plant",
    "category": "gear",
    "modelType": "Raw P3D",
    "path": "dz/gear/cultivation",
    "usableOnConsole": false,
    "searchTags": "",
    "image": "images/gear/cultivation/tomato_plant.p3d.jpg"
  },
  {
    "objectName": "tomato_seeds.p3d",
    "inGameName": "-",
    "category": "gear",
    "modelType": "Raw P3D",
    "path": "dz/gear/cultivation",
    "usableOnConsole": false,
    "searchTags": "cultivation, gear, growing, gardening",
    "image": "images/gear/cultivation/tomato_seeds.p3d.jpg"
  },
  {
    "objectName": "tomato_seeds_pack.p3d",
    "inGameName": "Packed Tomato Seeds",
    "category": "gear",
    "modelType": "Raw P3D",
    "path": "dz/gear/cultivation",
    "usableOnConsole": false,
    "searchTags": "cultivation, gear, growing, gardening",
    "image": "images/gear/cultivation/tomato_seeds_pack.p3d.jpg"
  },
  {
    "objectName": "zucchini_plant.p3d",
    "inGameName": "Zucchini Plant",
    "category": "gear",
    "modelType": "Raw P3D",
    "path": "dz/gear/cultivation",
    "usableOnConsole": false,
    "searchTags": "cultivation, gear, growing, gardening",
    "image": "images/gear/cultivation/zucchini_plant.p3d.jpg"
  },
  {
    "objectName": "zucchini_seeds.p3d",
    "inGameName": "Zucchini Seeds",
    "category": "gear",
    "modelType": "Raw P3D",
    "path": "dz/gear/cultivation",
    "usableOnConsole": false,
    "searchTags": "cultivation, gear, growing, gardening",
    "image": "images/gear/cultivation/zucchini_seeds.p3d.jpg"
  },
  {
    "objectName": "zucchini_seeds_pack.p3d",
    "inGameName": "Packed Zucchini Seeds",
    "category": "gear",
    "modelType": "Raw P3D",
    "path": "dz/gear/cultivation",
    "usableOnConsole": false,
    "searchTags": "cultivation, gear, growing, gardening",
    "image": "images/gear/cultivation/zucchini_seeds_pack.p3d.jpg"
  },
  {
    "objectName": "GardenPlotPlacing",
    "category": "gear",
    "modelType": "Config",
    "path": "dz/gear/cultivation",
    "usableOnConsole": true,
    "searchTags": "cultivation, gear, growing, gardening",
    "image": "images/gear/cultivation/gardenplotplacing.jpg",
    "editorJson": null,
    "configClass": "GardenPlotPlacing"
  },
  {
    "objectName": "garden_plot_outside_placing.p3d",
    "category": "gear",
    "modelType": "Raw P3D",
    "path": "dz/gear/cultivation",
    "usableOnConsole": false,
    "searchTags": "cultivation, gear, growing, gardening",
    "image": "images/gear/cultivation/garden_plot_outside_placing.p3d.jpg",
    "editorJson": null
  }
]
