[
  {
    "objectName": "Plant_Cannabis",
    "inGameName": "Clutter Cutter 3x3",
    "category": "gear",
    "modelType": "Config",
    "path": "dz/gear/cultivation",
    "usableOnConsole": true,
    "searchTags": "",
    "image": "images/gear/cultivation/plant_cannabis.jpg",
    "id": "dzobj_0ka6xt4vn0"
  },
  {
    "objectName": "ClutterCutter6x6",
    "inGameName": "Clutter Cutter 3x3",
    "category": "gear",
    "modelType": "Config",
    "path": "dz/gear/cultivation",
    "usableOnConsole": true,
    "searchTags": "3x3, cultivation, gear",
    "image": "images/gear/cultivation/cluttercutter6x6.jpg",
    "id": "dzobj_64078ealip"
  },
  {
    "objectName": "ClutterCutter2x2",
    "inGameName": "Clutter Cutter 3x3",
    "category": "gear",
    "modelType": "Config",
    "path": "dz/gear/cultivation",
    "usableOnConsole": true,
    "searchTags": "3x3, cultivation, gear",
    "image": "images/gear/cultivation/cluttercutter2x2.jpg",
    "id": "dzobj_rqhkch61bo"
  },
  {
    "objectName": "TomatoSeeds",
    "inGameName": "Tomato Seeds",
    "category": "gear",
    "modelType": "Config",
    "path": "dz/gear/cultivation",
    "usableOnConsole": true,
    "searchTags": "cultivation, gear, growing, gardening",
    "image": "images/gear/cultivation/tomatoseeds.jpg",
    "id": "dzobj_qucyhwh8jv"
  },
  {
    "objectName": "PepperSeeds",
    "inGameName": "Pepper Seeds",
    "category": "gear",
    "modelType": "Config",
    "path": "dz/gear/cultivation",
    "usableOnConsole": true,
    "searchTags": "cultivation, gear, growing, gardening",
    "image": "images/gear/cultivation/pepperseeds.jpg",
    "id": "dzobj_ltrbn29wzb"
  },
  {
    "objectName": "PumpkinSeeds",
    "inGameName": "Pumpkin Seeds",
    "category": "gear",
    "modelType": "Config",
    "path": "dz/gear/cultivation",
    "usableOnConsole": true,
    "searchTags": "cultivation, gear, growing, gardening",
    "image": "images/gear/cultivation/pumpkinseeds.jpg",
    "id": "dzobj_0yz5clc8zp"
  },
  {
    "objectName": "ZucchiniSeeds",
    "inGameName": "Zucchini Seeds",
    "category": "gear",
    "modelType": "Config",
    "path": "dz/gear/cultivation",
    "usableOnConsole": true,
    "searchTags": "cultivation, gear, growing, gardening",
    "image": "images/gear/cultivation/zucchiniseeds.jpg",
    "id": "dzobj_edix88d8d1"
  },
  {
    "objectName": "CannabisSeeds",
    "inGameName": "Cannabis Seeds",
    "category": "gear",
    "modelType": "Config",
    "path": "dz/gear/cultivation",
    "usableOnConsole": true,
    "searchTags": "cultivation, gear, growing, gardening",
    "image": "images/gear/cultivation/cannabisseeds.jpg",
    "id": "dzobj_qpr79ysv48"
  },
  {
    "objectName": "TomatoSeedsPack",
    "inGameName": "Packed Tomato Seeds",
    "category": "gear",
    "modelType": "Config",
    "path": "dz/gear/cultivation",
    "usableOnConsole": true,
    "searchTags": "cultivation, gear, growing, gardening",
    "image": "images/gear/cultivation/tomatoseedspack.jpg",
    "id": "dzobj_hqqkm7cp6g"
  },
  {
    "objectName": "PepperSeedsPack",
    "inGameName": "Packed Pepper Seeds",
    "category": "gear",
    "modelType": "Config",
    "path": "dz/gear/cultivation",
    "usableOnConsole": true,
    "searchTags": "cultivation, gear, growing, gardening",
    "image": "images/gear/cultivation/pepperseedspack.jpg",
    "id": "dzobj_vbaywlhxzb"
  },
  {
    "objectName": "PumpkinSeedsPack",
    "inGameName": "Packed Pumpkin Seeds",
    "category": "gear",
    "modelType": "Config",
    "path": "dz/gear/cultivation",
    "usableOnConsole": true,
    "searchTags": "cultivation, gear, growing, gardening",
    "image": "images/gear/cultivation/pumpkinseedspack.jpg",
    "id": "dzobj_gr7gj15mvc"
  },
  {
    "objectName": "ZucchiniSeedsPack",
    "inGameName": "Packed Zucchini Seeds",
    "category": "gear",
    "modelType": "Config",
    "path": "dz/gear/cultivation",
    "usableOnConsole": true,
    "searchTags": "cultivation, gear, growing, gardening",
    "image": "images/gear/cultivation/zucchiniseedspack.jpg",
    "id": "dzobj_z3d1p9z5tj"
  },
  {
    "objectName": "CannabisSeedsPack",
    "inGameName": "Cannabis Seeds Pack",
    "category": "gear",
    "modelType": "Config",
    "path": "dz/gear/cultivation",
    "usableOnConsole": true,
    "searchTags": "cultivation, gear, growing, gardening",
    "image": "images/gear/cultivation/cannabisseedspack.jpg",
    "id": "dzobj_gvuwacbgr9"
  },
  {
    "objectName": "PlantMaterial",
    "inGameName": "Plant Material",
    "category": "gear",
    "modelType": "Config",
    "path": "dz/gear/cultivation",
    "usableOnConsole": true,
    "searchTags": "cultivation, gear, growing, gardening",
    "image": "images/gear/cultivation/plantmaterial.jpg",
    "id": "dzobj_kcclkwelnx"
  },
  {
    "objectName": "stake",
    "inGameName": "Tomato Plant",
    "category": "gear",
    "modelType": "Config",
    "path": "dz/gear/cultivation",
    "usableOnConsole": true,
    "searchTags": "cultivation, gear, growing, gardening",
    "image": "images/gear/cultivation/stake.jpg",
    "id": "dzobj_8d72nfa9fg"
  },
  {
    "objectName": "Plant_Tomato",
    "inGameName": "Tomato Plant",
    "category": "gear",
    "modelType": "Config",
    "path": "dz/gear/cultivation",
    "usableOnConsole": true,
    "searchTags": "cultivation, gear, growing, gardening",
    "image": "images/gear/cultivation/plant_tomato.jpg",
    "id": "dzobj_mrkj0w2rum"
  },
  {
    "objectName": "Plant_Pepper",
    "inGameName": "Pepper Plant",
    "category": "gear",
    "modelType": "Config",
    "path": "dz/gear/cultivation",
    "usableOnConsole": true,
    "searchTags": "cultivation, gear, growing, gardening",
    "image": "images/gear/cultivation/plant_pepper.jpg",
    "id": "dzobj_wzufgqmfw4"
  },
  {
    "objectName": "Plant_Potato",
    "inGameName": "Potato Plant",
    "category": "gear",
    "modelType": "Config",
    "path": "dz/gear/cultivation",
    "usableOnConsole": true,
    "searchTags": "cultivation, gear, growing, gardening",
    "image": "images/gear/cultivation/plant_potato.jpg",
    "id": "dzobj_198qw11gpn"
  },
  {
    "objectName": "Plant_Pumpkin",
    "inGameName": "Pumpkin Plant",
    "category": "gear",
    "modelType": "Config",
    "path": "dz/gear/cultivation",
    "usableOnConsole": true,
    "searchTags": "cultivation, gear, growing, gardening",
    "image": "images/gear/cultivation/plant_pumpkin.jpg",
    "id": "dzobj_h10b6zqnzi"
  },
  {
    "objectName": "Plant_Zucchini",
    "inGameName": "Zucchini Plant",
    "category": "gear",
    "modelType": "Config",
    "path": "dz/gear/cultivation",
    "usableOnConsole": true,
    "searchTags": "cultivation, gear, growing, gardening",
    "image": "images/gear/cultivation/plant_zucchini.jpg",
    "id": "dzobj_vrojlcxmo6"
  },
  {
    "objectName": "GardenPlotGreenhouse",
    "inGameName": "-",
    "category": "gear",
    "modelType": "Config",
    "path": "dz/gear/cultivation",
    "usableOnConsole": true,
    "searchTags": "cultivation, gear, growing, gardening",
    "image": "images/gear/cultivation/gardenplotgreenhouse.jpg",
    "id": "dzobj_0tgc68knmu"
  },
  {
    "objectName": "GardenPlotPolytunnel",
    "inGameName": "-",
    "category": "gear",
    "modelType": "Config",
    "path": "dz/gear/cultivation",
    "usableOnConsole": true,
    "searchTags": "cultivation, gear, growing, gardening",
    "image": "images/gear/cultivation/gardenplotpolytunnel.jpg",
    "id": "dzobj_qh7xet28m3"
  },
  {
    "objectName": "GardenPlot",
    "inGameName": "-",
    "category": "gear",
    "modelType": "Config",
    "path": "dz/gear/cultivation",
    "usableOnConsole": true,
    "searchTags": "cultivation, gear, growing, gardening",
    "image": "images/gear/cultivation/gardenplot.jpg",
    "id": "dzobj_fd80xfaign"
  },
  {
    "objectName": "cannabis_plant.p3d",
    "inGameName": "-",
    "category": "gear",
    "modelType": "Raw P3D",
    "path": "dz/gear/cultivation",
    "usableOnConsole": false,
    "searchTags": "3x3, clutter, cultivation, cutter, gear",
    "image": "images/gear/cultivation/cannabis_plant.p3d.jpg",
    "id": "dzobj_507ywacsu6"
  },
  {
    "objectName": "cannabis_seeds.p3d",
    "inGameName": "Cannabis Seeds",
    "category": "gear",
    "modelType": "Raw P3D",
    "path": "dz/gear/cultivation",
    "usableOnConsole": false,
    "searchTags": "cultivation, gear, growing, gardening",
    "image": "images/gear/cultivation/cannabis_seeds.p3d.jpg",
    "id": "dzobj_x37k0yfsy6"
  },
  {
    "objectName": "cannabis_seeds_pack.p3d",
    "inGameName": "Cannabis Seeds Pack",
    "category": "gear",
    "modelType": "Raw P3D",
    "path": "dz/gear/cultivation",
    "usableOnConsole": false,
    "searchTags": "cultivation, gear, growing, gardening",
    "image": "images/gear/cultivation/cannabis_seeds_pack.p3d.jpg",
    "id": "dzobj_hz0wef2bek"
  },
  {
    "objectName": "clutter_cutter_2m_x_2m.p3d",
    "inGameName": "Clutter Cutter 3x3",
    "category": "gear",
    "modelType": "Raw P3D",
    "path": "dz/gear/cultivation",
    "usableOnConsole": false,
    "searchTags": "",
    "image": "images/gear/cultivation/clutter_cutter_2m_x_2m.p3d.jpg",
    "id": "dzobj_fvh7ujcblq"
  },
  {
    "objectName": "clutter_cutter_6m_x_6m.p3d",
    "inGameName": "Clutter Cutter 3x3",
    "category": "gear",
    "modelType": "Raw P3D",
    "path": "dz/gear/cultivation",
    "usableOnConsole": false,
    "searchTags": "3x3, cultivation, gear",
    "image": "images/gear/cultivation/clutter_cutter_6m_x_6m.p3d.jpg",
    "id": "dzobj_sdfofhlvzl"
  },
  {
    "objectName": "compost.p3d",
    "inGameName": "-",
    "category": "gear",
    "modelType": "Raw P3D",
    "path": "dz/gear/cultivation",
    "usableOnConsole": false,
    "searchTags": "",
    "image": "images/gear/cultivation/compost.p3d.jpg",
    "id": "dzobj_zd28on22mu"
  },
  {
    "objectName": "garden_plot_greenhouse.p3d",
    "inGameName": "-",
    "category": "gear",
    "modelType": "Raw P3D",
    "path": "dz/gear/cultivation",
    "usableOnConsole": false,
    "searchTags": "cultivation, gear, growing, gardening",
    "image": "images/gear/cultivation/garden_plot_greenhouse.p3d.jpg",
    "id": "dzobj_p5bfkch1oi"
  },
  {
    "objectName": "garden_plot_outside.p3d",
    "inGameName": "-",
    "category": "gear",
    "modelType": "Raw P3D",
    "path": "dz/gear/cultivation",
    "usableOnConsole": false,
    "searchTags": "cultivation, gear, growing, gardening",
    "image": "images/gear/cultivation/garden_plot_outside.p3d.jpg",
    "id": "dzobj_fxq10brk1o"
  },
  {
    "objectName": "garden_plot_polytunnel.p3d",
    "inGameName": "-",
    "category": "gear",
    "modelType": "Raw P3D",
    "path": "dz/gear/cultivation",
    "usableOnConsole": false,
    "searchTags": "cultivation, gear, growing, gardening",
    "image": "images/gear/cultivation/garden_plot_polytunnel.p3d.jpg",
    "id": "dzobj_722b2wqmiq"
  },
  {
    "objectName": "pepper_plant.p3d",
    "inGameName": "Pepper Plant",
    "category": "gear",
    "modelType": "Raw P3D",
    "path": "dz/gear/cultivation",
    "usableOnConsole": false,
    "searchTags": "cultivation, gear, growing, gardening",
    "image": "images/gear/cultivation/pepper_plant.p3d.jpg",
    "id": "dzobj_2xhu5jzpwx"
  },
  {
    "objectName": "pepper_seeds.p3d",
    "inGameName": "Pepper Seeds",
    "category": "gear",
    "modelType": "Raw P3D",
    "path": "dz/gear/cultivation",
    "usableOnConsole": false,
    "searchTags": "cultivation, gear, growing, gardening",
    "image": "images/gear/cultivation/pepper_seeds.p3d.jpg",
    "id": "dzobj_a1ntzihbbm"
  },
  {
    "objectName": "pepper_seeds_pack.p3d",
    "inGameName": "Packed Pepper Seeds",
    "category": "gear",
    "modelType": "Raw P3D",
    "path": "dz/gear/cultivation",
    "usableOnConsole": false,
    "searchTags": "cultivation, gear, growing, gardening",
    "image": "images/gear/cultivation/pepper_seeds_pack.p3d.jpg",
    "id": "dzobj_qdh1v1bq05"
  },
  {
    "objectName": "plant_material.p3d",
    "inGameName": "Plant Material",
    "category": "gear",
    "modelType": "Raw P3D",
    "path": "dz/gear/cultivation",
    "usableOnConsole": false,
    "searchTags": "cultivation, gear, growing, gardening",
    "image": "images/gear/cultivation/plant_material.p3d.jpg",
    "id": "dzobj_tjwjfijq7s"
  },
  {
    "objectName": "potatoes_seeds_pack.p3d",
    "inGameName": "-",
    "category": "gear",
    "modelType": "Raw P3D",
    "path": "dz/gear/cultivation",
    "usableOnConsole": false,
    "searchTags": "",
    "image": "images/gear/cultivation/potatoes_seeds_pack.p3d.jpg",
    "id": "dzobj_xgqrvbcad1"
  },
  {
    "objectName": "potato_plant.p3d",
    "inGameName": "Potato Plant",
    "category": "gear",
    "modelType": "Raw P3D",
    "path": "dz/gear/cultivation",
    "usableOnConsole": false,
    "searchTags": "",
    "image": "images/gear/cultivation/potato_plant.p3d.jpg",
    "id": "dzobj_wnfe6tmw7w"
  },
  {
    "objectName": "pumpkin_plant.p3d",
    "inGameName": "Pumpkin Plant",
    "category": "gear",
    "modelType": "Raw P3D",
    "path": "dz/gear/cultivation",
    "usableOnConsole": false,
    "searchTags": "",
    "image": "images/gear/cultivation/pumpkin_plant.p3d.jpg",
    "id": "dzobj_5lqm3srecp"
  },
  {
    "objectName": "pumpkin_seeds.p3d",
    "inGameName": "Pumpkin Seeds",
    "category": "gear",
    "modelType": "Raw P3D",
    "path": "dz/gear/cultivation",
    "usableOnConsole": false,
    "searchTags": "cultivation, gear, growing, gardening",
    "image": "images/gear/cultivation/pumpkin_seeds.p3d.jpg",
    "id": "dzobj_6qm7zw5kb6"
  },
  {
    "objectName": "pumpkin_seeds_pack.p3d",
    "inGameName": "Packed Pumpkin Seeds",
    "category": "gear",
    "modelType": "Raw P3D",
    "path": "dz/gear/cultivation",
    "usableOnConsole": false,
    "searchTags": "cultivation, gear, growing, gardening",
    "image": "images/gear/cultivation/pumpkin_seeds_pack.p3d.jpg",
    "id": "dzobj_vn4est2ka1"
  },
  {
    "objectName": "soil_cultivated.p3d",
    "inGameName": "-",
    "category": "gear",
    "modelType": "Raw P3D",
    "path": "dz/gear/cultivation",
    "usableOnConsole": false,
    "searchTags": "",
    "image": "images/gear/cultivation/soil_cultivated.p3d.jpg",
    "id": "dzobj_ilc2zzl1vv"
  },
  {
    "objectName": "tomato_plant.p3d",
    "inGameName": "Tomato Plant",
    "category": "gear",
    "modelType": "Raw P3D",
    "path": "dz/gear/cultivation",
    "usableOnConsole": false,
    "searchTags": "",
    "image": "images/gear/cultivation/tomato_plant.p3d.jpg",
    "id": "dzobj_kdf82iwfd4"
  },
  {
    "objectName": "tomato_seeds.p3d",
    "inGameName": "-",
    "category": "gear",
    "modelType": "Raw P3D",
    "path": "dz/gear/cultivation",
    "usableOnConsole": false,
    "searchTags": "cultivation, gear, growing, gardening",
    "image": "images/gear/cultivation/tomato_seeds.p3d.jpg",
    "id": "dzobj_r14scnkem2"
  },
  {
    "objectName": "tomato_seeds_pack.p3d",
    "inGameName": "Packed Tomato Seeds",
    "category": "gear",
    "modelType": "Raw P3D",
    "path": "dz/gear/cultivation",
    "usableOnConsole": false,
    "searchTags": "cultivation, gear, growing, gardening",
    "image": "images/gear/cultivation/tomato_seeds_pack.p3d.jpg",
    "id": "dzobj_d89tfkdjjp"
  },
  {
    "objectName": "zucchini_plant.p3d",
    "inGameName": "Zucchini Plant",
    "category": "gear",
    "modelType": "Raw P3D",
    "path": "dz/gear/cultivation",
    "usableOnConsole": false,
    "searchTags": "cultivation, gear, growing, gardening",
    "image": "images/gear/cultivation/zucchini_plant.p3d.jpg",
    "id": "dzobj_edz2l62oux"
  },
  {
    "objectName": "zucchini_seeds.p3d",
    "inGameName": "Zucchini Seeds",
    "category": "gear",
    "modelType": "Raw P3D",
    "path": "dz/gear/cultivation",
    "usableOnConsole": false,
    "searchTags": "cultivation, gear, growing, gardening",
    "image": "images/gear/cultivation/zucchini_seeds.p3d.jpg",
    "id": "dzobj_dbcv4qhpdf"
  },
  {
    "objectName": "zucchini_seeds_pack.p3d",
    "inGameName": "Packed Zucchini Seeds",
    "category": "gear",
    "modelType": "Raw P3D",
    "path": "dz/gear/cultivation",
    "usableOnConsole": false,
    "searchTags": "cultivation, gear, growing, gardening",
    "image": "images/gear/cultivation/zucchini_seeds_pack.p3d.jpg",
    "id": "dzobj_l068zbsdfk"
  },
  {
    "objectName": "GardenPlotPlacing",
    "category": "gear",
    "modelType": "Config",
    "path": "dz/gear/cultivation",
    "usableOnConsole": true,
    "searchTags": "cultivation, gear, growing, gardening",
    "image": "images/gear/cultivation/gardenplotplacing.jpg",
    "editorJson": null,
    "configClass": "GardenPlotPlacing",
    "id": "dzobj_1ccwq9yinm"
  },
  {
    "objectName": "garden_plot_outside_placing.p3d",
    "category": "gear",
    "modelType": "Raw P3D",
    "path": "dz/gear/cultivation",
    "usableOnConsole": false,
    "searchTags": "cultivation, gear, growing, gardening",
    "image": "images/gear/cultivation/garden_plot_outside_placing.p3d.jpg",
    "editorJson": null,
    "id": "dzobj_9dshuqtrgj"
  }
]
