[
  {
    "objectName": "StaticObj_Monument_Bears",
    "inGameName": "-",
    "category": "structures_sakhal",
    "modelType": "Config",
    "path": "dz/structures_sakhal/specific/monuments",
    "usableOnConsole": true,
    "searchTags": "monuments, sakhal, specific, statue",
    "image": "images/structures_sakhal/specific/monuments/staticobj_monument_bears.jpg",
    "id": "dzobj_lcqx26lttl"
  },
  {
    "objectName": "StaticObj_Monument_Workcamp",
    "inGameName": "-",
    "category": "structures_sakhal",
    "modelType": "Config",
    "path": "dz/structures_sakhal/specific/monuments",
    "usableOnConsole": true,
    "searchTags": "monuments, sakhal, specific, statue",
    "image": "images/structures_sakhal/specific/monuments/staticobj_monument_workcamp.jpg",
    "id": "dzobj_l1au38buwq"
  },
  {
    "objectName": "monument_bears.p3d",
    "inGameName": "-",
    "category": "structures_sakhal",
    "modelType": "Raw P3D",
    "path": "dz/structures_sakhal/specific/monuments",
    "usableOnConsole": false,
    "searchTags": "monuments, sakhal, specific, statue",
    "image": "images/structures_sakhal/specific/monuments/monument_bears.p3d.jpg",
    "id": "dzobj_c52xdoiyj1"
  },
  {
    "objectName": "monument_workcamp.p3d",
    "inGameName": "-",
    "category": "structures_sakhal",
    "modelType": "Raw P3D",
    "path": "dz/structures_sakhal/specific/monuments",
    "usableOnConsole": false,
    "searchTags": "monuments, sakhal, specific, statue",
    "image": "images/structures_sakhal/specific/monuments/monument_workcamp.p3d.jpg",
    "id": "dzobj_t8oybcz00g"
  }
]
