[
  {
    "objectName": "M14",
    "inGameName": "DMR",
    "category": "weapons",
    "modelType": "Config",
    "path": "dz/weapons/firearms/m14",
    "usableOnConsole": true,
    "searchTags": "rifles, .308",
    "image": "images/weapons/firearms/m14.jpg"
  },
  {
    "objectName": "m14.p3d",
    "inGameName": "DMR",
    "category": "weapons",
    "modelType": "Raw P3D",
    "path": "dz/weapons/firearms/m14",
    "usableOnConsole": false,
    "searchTags": "rifles, .308",
    "image": "images/weapons/firearms/dzweaponsfirearmsm14m14.p3d.jpg"
  }
]
