[
  {
    "objectName": "StaticObj_Furniture_picture_a",
    "inGameName": "-",
    "category": "structures",
    "modelType": "Config",
    "path": "dz/structures/furniture/decoration/wallboards/picture_a",
    "usableOnConsole": true,
    "searchTags": "decoration, wallboards",
    "image": "images/structures/furniture/decoration/wallboards/picture_a/staticobj_furniture_picture_a.jpg",
    "id": "dzobj_lnev38m28z"
  },
  {
    "objectName": "picture_a.p3d",
    "inGameName": "-",
    "category": "structures",
    "modelType": "Raw P3D",
    "path": "dz/structures/furniture/decoration/wallboards/picture_a",
    "usableOnConsole": false,
    "searchTags": "decoration, furniture, wallboards",
    "image": "images/structures/furniture/decoration/wallboards/picture_a/picture_a.p3d.jpg",
    "id": "dzobj_gl5rt7cgd9"
  }
]
