[
  {
    "objectName": "StaticObj_Furniture_wall_board",
    "inGameName": "-",
    "category": "structures",
    "modelType": "Config",
    "path": "dz/structures/furniture/decoration/wallboards/wall_board",
    "usableOnConsole": true,
    "searchTags": "barrier, decoration, wallboards",
    "image": "images/structures/furniture/decoration/wallboards/wall_board/staticobj_furniture_wall_board.jpg",
    "id": "dzobj_4mpvshc68e"
  },
  {
    "objectName": "wall_board.p3d",
    "inGameName": "-",
    "category": "structures",
    "modelType": "Raw P3D",
    "path": "dz/structures/furniture/decoration/wallboards/wall_board",
    "usableOnConsole": false,
    "searchTags": "barrier, decoration, furniture, wallboards",
    "image": "images/structures/furniture/decoration/wallboards/wall_board/wall_board.p3d.jpg",
    "id": "dzobj_vpaimsu7uz"
  }
]
