[
  {
    "objectName": "Land_Radio_building_East",
    "category": "structures_sakhal",
    "modelType": "Config",
    "path": "dz/structures_sakhal/specific/radio",
    "usableOnConsole": true,
    "searchTags": "audio, communication, sakhal, specific",
    "image": "images/structures_sakhal/specific/radio/land_radio_building_east.jpg",
    "id": "dzobj_29j3susivl"
  },
  {
    "objectName": "radio_building_east.p3d",
    "category": "structures_sakhal",
    "modelType": "Raw P3D",
    "path": "dz/structures_sakhal/specific/radio",
    "usableOnConsole": false,
    "searchTags": "audio, communication, sakhal, specific",
    "image": "images/structures_sakhal/specific/radio/land_radio_building_east.jpg",
    "id": "dzobj_ibeicqykg0"
  }
]
