[
  {
    "objectName": "StaticObj_Workshop_Box",
    "inGameName": "-",
    "category": "structures",
    "modelType": "Config",
    "path": "dz/structures/industrial/houses",
    "usableOnConsole": true,
    "searchTags": "workshop, industrial, attach, transparent, side",
    "image": "images/structures/industrial/houses/staticobj_workshop_box.jpg"
  },
  {
    "objectName": "workshop_box.p3d",
    "inGameName": "-",
    "category": "structures",
    "modelType": "Raw P3D",
    "path": "dz/structures/industrial/houses",
    "usableOnConsole": false,
    "searchTags": "workshop, industrial, attach, transparent, side",
    "image": "images/structures/industrial/houses/staticobj_workshop_box.jpg"
  },
  {
    "objectName": "Land_Repair_Center",
    "category": "structures",
    "modelType": "Config",
    "path": "dz/structures/industrial/houses",
    "usableOnConsole": true,
    "searchTags": "repair, center, industrial, workshop, machinery, garage, mechanic",
    "image": "images/structures/industrial/houses/land_repair_center.jpg"
  },
  {
    "objectName": "Land_Workshop1",
    "category": "structures",
    "modelType": "Config",
    "path": "dz/structures/industrial/houses",
    "usableOnConsole": true,
    "searchTags": "workshop, small, industrial, side_door, double_door, brown",
    "image": "images/structures/industrial/houses/land_workshop1.jpg"
  },
  {
    "objectName": "Land_Workshop2",
    "category": "structures",
    "modelType": "Config",
    "path": "dz/structures/industrial/houses",
    "usableOnConsole": true,
    "searchTags": "workshop, small, industrial, single_door, rusted",
    "image": "images/structures/industrial/houses/land_workshop2.jpg"
  },
  {
    "objectName": "Land_Workshop3",
    "category": "structures",
    "modelType": "Config",
    "path": "dz/structures/industrial/houses",
    "usableOnConsole": true,
    "searchTags": "workshop, medium, industrial, double_door, red",
    "image": "images/structures/industrial/houses/land_workshop3.jpg"
  },
  {
    "objectName": "Land_Workshop4",
    "category": "structures",
    "modelType": "Config",
    "path": "dz/structures/industrial/houses",
    "usableOnConsole": true,
    "searchTags": "workshop, industrial, warehouse, double_door, red, blue",
    "image": "images/structures/industrial/houses/land_workshop4.jpg"
  },
  {
    "objectName": "repair_center.p3d",
    "category": "structures",
    "modelType": "Raw P3D",
    "path": "dz/structures/industrial/houses",
    "usableOnConsole": false,
    "searchTags": "repair, center, industrial, workshop, machinery, garage, mechanic",
    "image": "images/structures/industrial/houses/land_repair_center.jpg"
  },
  {
    "objectName": "workshop1.p3d",
    "category": "structures",
    "modelType": "Raw P3D",
    "path": "dz/structures/industrial/houses",
    "usableOnConsole": false,
    "searchTags": "workshop, small, industrial, side_door, double_door, brown",
    "image": "images/structures/industrial/houses/land_workshop1.jpg"
  },
  {
    "objectName": "workshop2.p3d",
    "category": "structures",
    "modelType": "Raw P3D",
    "path": "dz/structures/industrial/houses",
    "usableOnConsole": false,
    "searchTags": "workshop, small, industrial, single_door, rusted",
    "image": "images/structures/industrial/houses/land_workshop2.jpg"
  },
  {
    "objectName": "workshop3.p3d",
    "category": "structures",
    "modelType": "Raw P3D",
    "path": "dz/structures/industrial/houses",
    "usableOnConsole": false,
    "searchTags": "workshop, medium, industrial, double_door, red",
    "image": "images/structures/industrial/houses/land_workshop3.jpg"
  },
  {
    "objectName": "workshop4.p3d",
    "category": "structures",
    "modelType": "Raw P3D",
    "path": "dz/structures/industrial/houses",
    "usableOnConsole": false,
    "searchTags": "workshop, industrial, warehouse, double_door, red, blue",
    "image": "images/structures/industrial/houses/land_workshop4.jpg"
  },
  {
    "objectName": "factory_lathes.p3d",
    "category": "structures",
    "modelType": "Raw P3D",
    "path": "dz/structures/industrial/houses",
    "usableOnConsole": false,
    "searchTags": "machinery, industrial, large, workshop, sewing_factory",
    "image": "images/structures/industrial/houses/land_factory_lathes.jpg"
  },
  {
    "objectName": "factory_small.p3d",
    "category": "structures",
    "modelType": "Raw P3D",
    "path": "dz/structures/industrial/houses",
    "usableOnConsole": false,
    "searchTags": "factory, small, industrial, warehouse, brick, glass_building",
    "image": "images/structures/industrial/houses/land_factory_small.jpg"
  },
  {
    "objectName": "guardhouse.p3d",
    "category": "structures",
    "modelType": "Raw P3D",
    "path": "dz/structures/industrial/houses",
    "usableOnConsole": false,
    "searchTags": "guardhouse, checkpoint, security, small, industrial, green, guard_shack",
    "image": "images/structures/industrial/houses/land_guardhouse.jpg"
  },
  {
    "objectName": "Land_Factory_Lathes",
    "category": "structures",
    "modelType": "Config",
    "path": "dz/structures/industrial/houses",
    "usableOnConsole": true,
    "searchTags": "machinery, industrial, large, workshop, sewing_factory",
    "image": "images/structures/industrial/houses/land_factory_lathes.jpg"
  },
  {
    "objectName": "Land_Factory_Small",
    "category": "structures",
    "modelType": "Config",
    "path": "dz/structures/industrial/houses",
    "usableOnConsole": true,
    "searchTags": "factory, small, industrial, warehouse, brick, glass_building",
    "image": "images/structures/industrial/houses/land_factory_small.jpg"
  },
  {
    "objectName": "Land_Guardhouse",
    "category": "structures",
    "modelType": "Config",
    "path": "dz/structures/industrial/houses",
    "usableOnConsole": true,
    "searchTags": "guardhouse, checkpoint, security, small, industrial, green, guard_shack",
    "image": "images/structures/industrial/houses/land_guardhouse.jpg"
  },
  {
    "objectName": "Land_Water_Station",
    "category": "structures",
    "modelType": "Config",
    "path": "dz/structures/industrial/houses",
    "usableOnConsole": true,
    "searchTags": "water, station, pumping, industrial, blue_door, small",
    "image": "images/structures/industrial/houses/land_water_station.jpg"
  },
  {
    "objectName": "Land_Workshop5",
    "category": "structures",
    "modelType": "Config",
    "path": "dz/structures/industrial/houses",
    "usableOnConsole": true,
    "searchTags": "workshop, industrial, L, l_shape, red, rusted",
    "image": "images/structures/industrial/houses/land_workshop5.jpg"
  }
]
