[
  {
    "objectName": "Animal_BosTaurus_Brown",
    "inGameName": "Bull",
    "category": "animal",
    "modelType": "Config",
    "path": "dz/animals/bos_taurus",
    "usableOnConsole": true,
    "searchTags": "bull, cow, farmyard, brown, male",
    "image": "images/animals/bos_taurus/animal_bostaurus_brown/animal_bostaurus_brown.jpg"
  },
  {
    "objectName": "Animal_BosTaurus_Spotted",
    "inGameName": "Bull",
    "category": "animal",
    "modelType": "Config",
    "path": "dz/animals/bos_taurus",
    "usableOnConsole": true,
    "searchTags": "bull, cow, farmyard, brown, male",
    "image": "images/animals/bos_taurus/animal_bostaurus_brown/animal_bostaurus_spotted.jpg"
  },
  {
    "objectName": "Animal_BosTaurus_White",
    "inGameName": "Bull",
    "category": "animal",
    "modelType": "Config",
    "path": "dz/animals/bos_taurus",
    "usableOnConsole": true,
    "searchTags": "bull, cow, farmyard, brown, male",
    "image": "images/animals/bos_taurus/animal_bostaurus_brown/animal_bostaurus_white.jpg"
  }
]
