[
  {
    "objectName": "MKII",
    "inGameName": "MK II",
    "category": "weapons",
    "modelType": "Config",
    "path": "dz/weapons/pistols/mkii",
    "usableOnConsole": true,
    "searchTags": "ii, mk, pistols, weapon, weapons, amphibian, ruger",
    "image": "images/weapons/pistols/mkii/mkii.jpg"
  },
  {
    "objectName": "rugermkii.p3d",
    "inGameName": "-",
    "category": "weapons",
    "modelType": "Raw P3D",
    "path": "dz/weapons/pistols/mkii",
    "usableOnConsole": false,
    "searchTags": "ii, mk, pistols, weapon, weapons, amphibian",
    "image": "images/weapons/pistols/mkii/rugermkii.p3d.jpg"
  }
]
