[
  {
    "objectName": "StaticObj_Furniture_postel_manz_kov",
    "inGameName": "-",
    "category": "structures",
    "modelType": "Config",
    "path": "dz/structures/furniture/chairs/postel_manz_kov",
    "usableOnConsole": true,
    "searchTags": "chairs",
    "image": "images/structures/furniture/chairs/postel_manz_kov/staticobj_furniture_postel_manz_kov.jpg"
  },
  {
    "objectName": "postel_manz_kov.p3d",
    "inGameName": "-",
    "category": "structures",
    "modelType": "Raw P3D",
    "path": "dz/structures/furniture/chairs/postel_manz_kov",
    "usableOnConsole": false,
    "searchTags": "chairs, furniture",
    "image": "images/structures/furniture/chairs/postel_manz_kov/postel_manz_kov.p3d.jpg"
  },
  {
    "objectName": "postel_manz_kov_rust.p3d",
    "inGameName": "-",
    "category": "structures",
    "modelType": "Raw P3D",
    "path": "dz/structures/furniture/chairs/postel_manz_kov",
    "usableOnConsole": false,
    "searchTags": "chairs, furniture",
    "image": "images/structures/furniture/chairs/postel_manz_kov/postel_manz_kov_rust.p3d.jpg"
  }
]
