[
  {
    "objectName": "sign_10a.p3d",
    "inGameName": "-",
    "category": "structures",
    "modelType": "Raw P3D",
    "path": "dz/structures/signs/directional",
    "usableOnConsole": false,
    "searchTags": "directional, marker, notice, signs",
    "image": "images/structures/signs/directional/sign_10a.p3d.jpg",
    "id": "dzobj_ng8xf7u9h7"
  },
  {
    "objectName": "sign_10b.p3d",
    "inGameName": "-",
    "category": "structures",
    "modelType": "Raw P3D",
    "path": "dz/structures/signs/directional",
    "usableOnConsole": false,
    "searchTags": "directional, marker, notice, signs",
    "image": "images/structures/signs/directional/sign_10b.p3d.jpg",
    "id": "dzobj_lwuwu5p69r"
  },
  {
    "objectName": "sign_10c.p3d",
    "inGameName": "-",
    "category": "structures",
    "modelType": "Raw P3D",
    "path": "dz/structures/signs/directional",
    "usableOnConsole": false,
    "searchTags": "directional, marker, notice, signs",
    "image": "images/structures/signs/directional/sign_10c.p3d.jpg",
    "id": "dzobj_of96u747rg"
  },
  {
    "objectName": "sign_11a.p3d",
    "inGameName": "-",
    "category": "structures",
    "modelType": "Raw P3D",
    "path": "dz/structures/signs/directional",
    "usableOnConsole": false,
    "searchTags": "directional, marker, notice, signs",
    "image": "images/structures/signs/directional/sign_11a.p3d.jpg",
    "id": "dzobj_rgn0lyiksf"
  },
  {
    "objectName": "sign_11b.p3d",
    "inGameName": "-",
    "category": "structures",
    "modelType": "Raw P3D",
    "path": "dz/structures/signs/directional",
    "usableOnConsole": false,
    "searchTags": "directional, marker, notice, signs",
    "image": "images/structures/signs/directional/sign_11b.p3d.jpg",
    "id": "dzobj_t8hgt8dpuu"
  },
  {
    "objectName": "sign_11c.p3d",
    "inGameName": "-",
    "category": "structures",
    "modelType": "Raw P3D",
    "path": "dz/structures/signs/directional",
    "usableOnConsole": false,
    "searchTags": "directional, marker, notice, signs",
    "image": "images/structures/signs/directional/sign_11c.p3d.jpg",
    "id": "dzobj_r7kmk2j73m"
  },
  {
    "objectName": "sign_12a.p3d",
    "inGameName": "-",
    "category": "structures",
    "modelType": "Raw P3D",
    "path": "dz/structures/signs/directional",
    "usableOnConsole": false,
    "searchTags": "directional, marker, notice, signs",
    "image": "images/structures/signs/directional/sign_12a.p3d.jpg",
    "id": "dzobj_37cihpru5x"
  },
  {
    "objectName": "sign_12b.p3d",
    "inGameName": "-",
    "category": "structures",
    "modelType": "Raw P3D",
    "path": "dz/structures/signs/directional",
    "usableOnConsole": false,
    "searchTags": "directional, marker, notice, signs",
    "image": "images/structures/signs/directional/sign_12b.p3d.jpg",
    "id": "dzobj_h2vduce07b"
  },
  {
    "objectName": "sign_12c.p3d",
    "inGameName": "-",
    "category": "structures",
    "modelType": "Raw P3D",
    "path": "dz/structures/signs/directional",
    "usableOnConsole": false,
    "searchTags": "directional, marker, notice, signs",
    "image": "images/structures/signs/directional/sign_12c.p3d.jpg",
    "id": "dzobj_gfvsgqq8v9"
  },
  {
    "objectName": "sign_13a.p3d",
    "inGameName": "-",
    "category": "structures",
    "modelType": "Raw P3D",
    "path": "dz/structures/signs/directional",
    "usableOnConsole": false,
    "searchTags": "directional, marker, notice, signs",
    "image": "images/structures/signs/directional/sign_13a.p3d.jpg",
    "id": "dzobj_je2nm6zwj7"
  },
  {
    "objectName": "sign_13b.p3d",
    "inGameName": "-",
    "category": "structures",
    "modelType": "Raw P3D",
    "path": "dz/structures/signs/directional",
    "usableOnConsole": false,
    "searchTags": "directional, marker, notice, signs",
    "image": "images/structures/signs/directional/sign_13b.p3d.jpg",
    "id": "dzobj_itxjdnpm2y"
  },
  {
    "objectName": "sign_14a.p3d",
    "inGameName": "-",
    "category": "structures",
    "modelType": "Raw P3D",
    "path": "dz/structures/signs/directional",
    "usableOnConsole": false,
    "searchTags": "directional, marker, notice, signs",
    "image": "images/structures/signs/directional/sign_14a.p3d.jpg",
    "id": "dzobj_6bdryti248"
  },
  {
    "objectName": "sign_14b.p3d",
    "inGameName": "-",
    "category": "structures",
    "modelType": "Raw P3D",
    "path": "dz/structures/signs/directional",
    "usableOnConsole": false,
    "searchTags": "directional, marker, notice, signs",
    "image": "images/structures/signs/directional/sign_14b.p3d.jpg",
    "id": "dzobj_cv0qm5iou8"
  },
  {
    "objectName": "sign_15a.p3d",
    "inGameName": "-",
    "category": "structures",
    "modelType": "Raw P3D",
    "path": "dz/structures/signs/directional",
    "usableOnConsole": false,
    "searchTags": "directional, marker, notice, signs",
    "image": "images/structures/signs/directional/sign_15a.p3d.jpg",
    "id": "dzobj_ifsuns54v6"
  },
  {
    "objectName": "sign_15b.p3d",
    "inGameName": "-",
    "category": "structures",
    "modelType": "Raw P3D",
    "path": "dz/structures/signs/directional",
    "usableOnConsole": false,
    "searchTags": "directional, marker, notice, signs",
    "image": "images/structures/signs/directional/sign_15b.p3d.jpg",
    "id": "dzobj_ziqehl63e7"
  },
  {
    "objectName": "sign_15c.p3d",
    "inGameName": "-",
    "category": "structures",
    "modelType": "Raw P3D",
    "path": "dz/structures/signs/directional",
    "usableOnConsole": false,
    "searchTags": "directional, marker, notice, signs",
    "image": "images/structures/signs/directional/sign_15c.p3d.jpg",
    "id": "dzobj_wc538isn0u"
  },
  {
    "objectName": "sign_16a.p3d",
    "inGameName": "-",
    "category": "structures",
    "modelType": "Raw P3D",
    "path": "dz/structures/signs/directional",
    "usableOnConsole": false,
    "searchTags": "directional, marker, notice, signs",
    "image": "images/structures/signs/directional/sign_16a.p3d.jpg",
    "id": "dzobj_jjjolkgsc4"
  },
  {
    "objectName": "sign_16b.p3d",
    "inGameName": "-",
    "category": "structures",
    "modelType": "Raw P3D",
    "path": "dz/structures/signs/directional",
    "usableOnConsole": false,
    "searchTags": "directional, marker, notice, signs",
    "image": "images/structures/signs/directional/sign_16b.p3d.jpg",
    "id": "dzobj_zfq0umchab"
  },
  {
    "objectName": "sign_16c.p3d",
    "inGameName": "-",
    "category": "structures",
    "modelType": "Raw P3D",
    "path": "dz/structures/signs/directional",
    "usableOnConsole": false,
    "searchTags": "directional, marker, notice, signs",
    "image": "images/structures/signs/directional/sign_16c.p3d.jpg",
    "id": "dzobj_htfrctl5ue"
  },
  {
    "objectName": "sign_17a.p3d",
    "inGameName": "-",
    "category": "structures",
    "modelType": "Raw P3D",
    "path": "dz/structures/signs/directional",
    "usableOnConsole": false,
    "searchTags": "directional, marker, notice, signs",
    "image": "images/structures/signs/directional/sign_17a.p3d.jpg",
    "id": "dzobj_a66w5n2iv8"
  },
  {
    "objectName": "sign_17b.p3d",
    "inGameName": "-",
    "category": "structures",
    "modelType": "Raw P3D",
    "path": "dz/structures/signs/directional",
    "usableOnConsole": false,
    "searchTags": "directional, marker, notice, signs",
    "image": "images/structures/signs/directional/sign_17b.p3d.jpg",
    "id": "dzobj_jfhwt9o0zx"
  },
  {
    "objectName": "sign_17c.p3d",
    "inGameName": "-",
    "category": "structures",
    "modelType": "Raw P3D",
    "path": "dz/structures/signs/directional",
    "usableOnConsole": false,
    "searchTags": "directional, marker, notice, signs",
    "image": "images/structures/signs/directional/sign_17c.p3d.jpg",
    "id": "dzobj_8tc0txce66"
  },
  {
    "objectName": "sign_18c.p3d",
    "inGameName": "-",
    "category": "structures",
    "modelType": "Raw P3D",
    "path": "dz/structures/signs/directional",
    "usableOnConsole": false,
    "searchTags": "directional, marker, notice, signs",
    "image": "images/structures/signs/directional/sign_18c.p3d.jpg",
    "id": "dzobj_dphtkoxwfx"
  },
  {
    "objectName": "sign_19a.p3d",
    "inGameName": "-",
    "category": "structures",
    "modelType": "Raw P3D",
    "path": "dz/structures/signs/directional",
    "usableOnConsole": false,
    "searchTags": "directional, marker, notice, signs",
    "image": "images/structures/signs/directional/sign_19a.p3d.jpg",
    "id": "dzobj_6m961hszla"
  },
  {
    "objectName": "sign_19b.p3d",
    "inGameName": "-",
    "category": "structures",
    "modelType": "Raw P3D",
    "path": "dz/structures/signs/directional",
    "usableOnConsole": false,
    "searchTags": "directional, marker, notice, signs",
    "image": "images/structures/signs/directional/sign_19b.p3d.jpg",
    "id": "dzobj_ywiuksmias"
  },
  {
    "objectName": "sign_19c.p3d",
    "inGameName": "-",
    "category": "structures",
    "modelType": "Raw P3D",
    "path": "dz/structures/signs/directional",
    "usableOnConsole": false,
    "searchTags": "directional, marker, notice, signs",
    "image": "images/structures/signs/directional/sign_19c.p3d.jpg",
    "id": "dzobj_t9c2lbsrks"
  },
  {
    "objectName": "sign_1a.p3d",
    "inGameName": "-",
    "category": "structures",
    "modelType": "Raw P3D",
    "path": "dz/structures/signs/directional",
    "usableOnConsole": false,
    "searchTags": "directional, marker, notice, signs",
    "image": "images/structures/signs/directional/sign_1a.p3d.jpg",
    "id": "dzobj_0pk2f5fdhl"
  },
  {
    "objectName": "sign_1b.p3d",
    "inGameName": "-",
    "category": "structures",
    "modelType": "Raw P3D",
    "path": "dz/structures/signs/directional",
    "usableOnConsole": false,
    "searchTags": "directional, marker, notice, signs",
    "image": "images/structures/signs/directional/sign_1b.p3d.jpg",
    "id": "dzobj_1hfgwkxiqd"
  },
  {
    "objectName": "sign_1c.p3d",
    "inGameName": "-",
    "category": "structures",
    "modelType": "Raw P3D",
    "path": "dz/structures/signs/directional",
    "usableOnConsole": false,
    "searchTags": "directional, marker, notice, signs",
    "image": "images/structures/signs/directional/sign_1c.p3d.jpg",
    "id": "dzobj_ppomuq54z5"
  },
  {
    "objectName": "sign_20a.p3d",
    "inGameName": "-",
    "category": "structures",
    "modelType": "Raw P3D",
    "path": "dz/structures/signs/directional",
    "usableOnConsole": false,
    "searchTags": "directional, marker, notice, signs",
    "image": "images/structures/signs/directional/sign_20a.p3d.jpg",
    "id": "dzobj_f6aycakbs4"
  },
  {
    "objectName": "sign_20b.p3d",
    "inGameName": "-",
    "category": "structures",
    "modelType": "Raw P3D",
    "path": "dz/structures/signs/directional",
    "usableOnConsole": false,
    "searchTags": "directional, marker, notice, signs",
    "image": "images/structures/signs/directional/sign_20b.p3d.jpg",
    "id": "dzobj_mxis2jmxzu"
  },
  {
    "objectName": "sign_20c.p3d",
    "inGameName": "-",
    "category": "structures",
    "modelType": "Raw P3D",
    "path": "dz/structures/signs/directional",
    "usableOnConsole": false,
    "searchTags": "directional, marker, notice, signs",
    "image": "images/structures/signs/directional/sign_20c.p3d.jpg",
    "id": "dzobj_wns39z2xe9"
  },
  {
    "objectName": "sign_21a.p3d",
    "inGameName": "-",
    "category": "structures",
    "modelType": "Raw P3D",
    "path": "dz/structures/signs/directional",
    "usableOnConsole": false,
    "searchTags": "directional, marker, notice, signs",
    "image": "images/structures/signs/directional/sign_21a.p3d.jpg",
    "id": "dzobj_avzepi4whr"
  },
  {
    "objectName": "sign_21b.p3d",
    "inGameName": "-",
    "category": "structures",
    "modelType": "Raw P3D",
    "path": "dz/structures/signs/directional",
    "usableOnConsole": false,
    "searchTags": "directional, marker, notice, signs",
    "image": "images/structures/signs/directional/sign_21b.p3d.jpg",
    "id": "dzobj_3yhv754lhd"
  },
  {
    "objectName": "sign_21c.p3d",
    "inGameName": "-",
    "category": "structures",
    "modelType": "Raw P3D",
    "path": "dz/structures/signs/directional",
    "usableOnConsole": false,
    "searchTags": "directional, marker, notice, signs",
    "image": "images/structures/signs/directional/sign_21c.p3d.jpg",
    "id": "dzobj_gxvruc6ojz"
  },
  {
    "objectName": "sign_22a.p3d",
    "inGameName": "-",
    "category": "structures",
    "modelType": "Raw P3D",
    "path": "dz/structures/signs/directional",
    "usableOnConsole": false,
    "searchTags": "directional, marker, notice, signs",
    "image": "images/structures/signs/directional/sign_22a.p3d.jpg",
    "id": "dzobj_krbte2r9x3"
  },
  {
    "objectName": "sign_22b.p3d",
    "inGameName": "-",
    "category": "structures",
    "modelType": "Raw P3D",
    "path": "dz/structures/signs/directional",
    "usableOnConsole": false,
    "searchTags": "directional, marker, notice, signs",
    "image": "images/structures/signs/directional/sign_22b.p3d.jpg",
    "id": "dzobj_t5k8x1tran"
  },
  {
    "objectName": "sign_22c.p3d",
    "inGameName": "-",
    "category": "structures",
    "modelType": "Raw P3D",
    "path": "dz/structures/signs/directional",
    "usableOnConsole": false,
    "searchTags": "directional, marker, notice, signs",
    "image": "images/structures/signs/directional/sign_22c.p3d.jpg",
    "id": "dzobj_oyhrfatbyr"
  },
  {
    "objectName": "sign_23a.p3d",
    "inGameName": "-",
    "category": "structures",
    "modelType": "Raw P3D",
    "path": "dz/structures/signs/directional",
    "usableOnConsole": false,
    "searchTags": "directional, marker, notice, signs",
    "image": "images/structures/signs/directional/sign_23a.p3d.jpg",
    "id": "dzobj_s59x45rwrs"
  },
  {
    "objectName": "sign_23b.p3d",
    "inGameName": "-",
    "category": "structures",
    "modelType": "Raw P3D",
    "path": "dz/structures/signs/directional",
    "usableOnConsole": false,
    "searchTags": "directional, marker, notice, signs",
    "image": "images/structures/signs/directional/sign_23b.p3d.jpg",
    "id": "dzobj_lqzrv99vt3"
  },
  {
    "objectName": "sign_24a.p3d",
    "inGameName": "-",
    "category": "structures",
    "modelType": "Raw P3D",
    "path": "dz/structures/signs/directional",
    "usableOnConsole": false,
    "searchTags": "directional, marker, notice, signs",
    "image": "images/structures/signs/directional/sign_24a.p3d.jpg",
    "id": "dzobj_72hhhkj2go"
  },
  {
    "objectName": "sign_24b.p3d",
    "inGameName": "-",
    "category": "structures",
    "modelType": "Raw P3D",
    "path": "dz/structures/signs/directional",
    "usableOnConsole": false,
    "searchTags": "directional, marker, notice, signs",
    "image": "images/structures/signs/directional/sign_24b.p3d.jpg",
    "id": "dzobj_ozmfxtdaxq"
  },
  {
    "objectName": "sign_25a.p3d",
    "inGameName": "-",
    "category": "structures",
    "modelType": "Raw P3D",
    "path": "dz/structures/signs/directional",
    "usableOnConsole": false,
    "searchTags": "directional, marker, notice, signs",
    "image": "images/structures/signs/directional/sign_25a.p3d.jpg",
    "id": "dzobj_jaj7dox8oz"
  },
  {
    "objectName": "sign_25b.p3d",
    "inGameName": "-",
    "category": "structures",
    "modelType": "Raw P3D",
    "path": "dz/structures/signs/directional",
    "usableOnConsole": false,
    "searchTags": "directional, marker, notice, signs",
    "image": "images/structures/signs/directional/sign_25b.p3d.jpg",
    "id": "dzobj_p0173r2wh2"
  },
  {
    "objectName": "sign_25c.p3d",
    "inGameName": "-",
    "category": "structures",
    "modelType": "Raw P3D",
    "path": "dz/structures/signs/directional",
    "usableOnConsole": false,
    "searchTags": "directional, marker, notice, signs",
    "image": "images/structures/signs/directional/sign_25c.p3d.jpg",
    "id": "dzobj_10i1s85n7d"
  },
  {
    "objectName": "sign_26a.p3d",
    "inGameName": "-",
    "category": "structures",
    "modelType": "Raw P3D",
    "path": "dz/structures/signs/directional",
    "usableOnConsole": false,
    "searchTags": "directional, marker, notice, signs",
    "image": "images/structures/signs/directional/sign_26a.p3d.jpg",
    "id": "dzobj_mg95m9nno8"
  },
  {
    "objectName": "sign_26b.p3d",
    "inGameName": "-",
    "category": "structures",
    "modelType": "Raw P3D",
    "path": "dz/structures/signs/directional",
    "usableOnConsole": false,
    "searchTags": "directional, marker, notice, signs",
    "image": "images/structures/signs/directional/sign_26b.p3d.jpg",
    "id": "dzobj_5d63q6ejfc"
  },
  {
    "objectName": "sign_26c.p3d",
    "inGameName": "-",
    "category": "structures",
    "modelType": "Raw P3D",
    "path": "dz/structures/signs/directional",
    "usableOnConsole": false,
    "searchTags": "directional, marker, notice, signs",
    "image": "images/structures/signs/directional/sign_26c.p3d.jpg",
    "id": "dzobj_e2ms33vhns"
  },
  {
    "objectName": "sign_27a.p3d",
    "inGameName": "-",
    "category": "structures",
    "modelType": "Raw P3D",
    "path": "dz/structures/signs/directional",
    "usableOnConsole": false,
    "searchTags": "directional, marker, notice, signs",
    "image": "images/structures/signs/directional/sign_27a.p3d.jpg",
    "id": "dzobj_xmg9iurmlv"
  },
  {
    "objectName": "sign_27b.p3d",
    "inGameName": "-",
    "category": "structures",
    "modelType": "Raw P3D",
    "path": "dz/structures/signs/directional",
    "usableOnConsole": false,
    "searchTags": "directional, marker, notice, signs",
    "image": "images/structures/signs/directional/sign_27b.p3d.jpg",
    "id": "dzobj_jhq534rzgg"
  },
  {
    "objectName": "sign_27c.p3d",
    "inGameName": "-",
    "category": "structures",
    "modelType": "Raw P3D",
    "path": "dz/structures/signs/directional",
    "usableOnConsole": false,
    "searchTags": "directional, marker, notice, signs",
    "image": "images/structures/signs/directional/sign_27c.p3d.jpg",
    "id": "dzobj_4p8beywpj0"
  },
  {
    "objectName": "sign_28a.p3d",
    "inGameName": "-",
    "category": "structures",
    "modelType": "Raw P3D",
    "path": "dz/structures/signs/directional",
    "usableOnConsole": false,
    "searchTags": "directional, marker, notice, signs",
    "image": "images/structures/signs/directional/sign_28a.p3d.jpg",
    "id": "dzobj_f3ggkfp2ic"
  },
  {
    "objectName": "sign_28b.p3d",
    "inGameName": "-",
    "category": "structures",
    "modelType": "Raw P3D",
    "path": "dz/structures/signs/directional",
    "usableOnConsole": false,
    "searchTags": "directional, marker, notice, signs",
    "image": "images/structures/signs/directional/sign_28b.p3d.jpg",
    "id": "dzobj_x6jpqjqu5f"
  },
  {
    "objectName": "sign_28c.p3d",
    "inGameName": "-",
    "category": "structures",
    "modelType": "Raw P3D",
    "path": "dz/structures/signs/directional",
    "usableOnConsole": false,
    "searchTags": "directional, marker, notice, signs",
    "image": "images/structures/signs/directional/sign_28c.p3d.jpg",
    "id": "dzobj_0vd8kj0gw2"
  },
  {
    "objectName": "sign_29a.p3d",
    "inGameName": "-",
    "category": "structures",
    "modelType": "Raw P3D",
    "path": "dz/structures/signs/directional",
    "usableOnConsole": false,
    "searchTags": "directional, marker, notice, signs",
    "image": "images/structures/signs/directional/sign_29a.p3d.jpg",
    "id": "dzobj_6gjj4q36fr"
  },
  {
    "objectName": "sign_29b.p3d",
    "inGameName": "-",
    "category": "structures",
    "modelType": "Raw P3D",
    "path": "dz/structures/signs/directional",
    "usableOnConsole": false,
    "searchTags": "directional, marker, notice, signs",
    "image": "images/structures/signs/directional/sign_29b.p3d.jpg",
    "id": "dzobj_h39xht82rd"
  },
  {
    "objectName": "sign_29c.p3d",
    "inGameName": "-",
    "category": "structures",
    "modelType": "Raw P3D",
    "path": "dz/structures/signs/directional",
    "usableOnConsole": false,
    "searchTags": "directional, marker, notice, signs",
    "image": "images/structures/signs/directional/sign_29c.p3d.jpg",
    "id": "dzobj_8jli7vrqjs"
  },
  {
    "objectName": "sign_2a.p3d",
    "inGameName": "-",
    "category": "structures",
    "modelType": "Raw P3D",
    "path": "dz/structures/signs/directional",
    "usableOnConsole": false,
    "searchTags": "directional, marker, notice, signs",
    "image": "images/structures/signs/directional/sign_2a.p3d.jpg",
    "id": "dzobj_63og3uoduw"
  },
  {
    "objectName": "sign_2b.p3d",
    "inGameName": "-",
    "category": "structures",
    "modelType": "Raw P3D",
    "path": "dz/structures/signs/directional",
    "usableOnConsole": false,
    "searchTags": "directional, marker, notice, signs",
    "image": "images/structures/signs/directional/sign_2b.p3d.jpg",
    "id": "dzobj_9e16psicm4"
  },
  {
    "objectName": "sign_2c.p3d",
    "inGameName": "-",
    "category": "structures",
    "modelType": "Raw P3D",
    "path": "dz/structures/signs/directional",
    "usableOnConsole": false,
    "searchTags": "directional, marker, notice, signs",
    "image": "images/structures/signs/directional/sign_2c.p3d.jpg",
    "id": "dzobj_bhhstrwva4"
  },
  {
    "objectName": "sign_30a.p3d",
    "inGameName": "-",
    "category": "structures",
    "modelType": "Raw P3D",
    "path": "dz/structures/signs/directional",
    "usableOnConsole": false,
    "searchTags": "directional, marker, notice, signs",
    "image": "images/structures/signs/directional/sign_30a.p3d.jpg",
    "id": "dzobj_7c6g38xvyc"
  },
  {
    "objectName": "sign_30b.p3d",
    "inGameName": "-",
    "category": "structures",
    "modelType": "Raw P3D",
    "path": "dz/structures/signs/directional",
    "usableOnConsole": false,
    "searchTags": "directional, marker, notice, signs",
    "image": "images/structures/signs/directional/sign_30b.p3d.jpg",
    "id": "dzobj_xz1xg97tb6"
  },
  {
    "objectName": "sign_30c.p3d",
    "inGameName": "-",
    "category": "structures",
    "modelType": "Raw P3D",
    "path": "dz/structures/signs/directional",
    "usableOnConsole": false,
    "searchTags": "directional, marker, notice, signs",
    "image": "images/structures/signs/directional/sign_30c.p3d.jpg",
    "id": "dzobj_hia7fpm72b"
  },
  {
    "objectName": "sign_31a.p3d",
    "inGameName": "-",
    "category": "structures",
    "modelType": "Raw P3D",
    "path": "dz/structures/signs/directional",
    "usableOnConsole": false,
    "searchTags": "directional, marker, notice, signs",
    "image": "images/structures/signs/directional/sign_31a.p3d.jpg",
    "id": "dzobj_jrpi16iri0"
  },
  {
    "objectName": "sign_31b.p3d",
    "inGameName": "-",
    "category": "structures",
    "modelType": "Raw P3D",
    "path": "dz/structures/signs/directional",
    "usableOnConsole": false,
    "searchTags": "directional, marker, notice, signs",
    "image": "images/structures/signs/directional/sign_31b.p3d.jpg",
    "id": "dzobj_9rqv7ukvrm"
  },
  {
    "objectName": "sign_31c.p3d",
    "inGameName": "-",
    "category": "structures",
    "modelType": "Raw P3D",
    "path": "dz/structures/signs/directional",
    "usableOnConsole": false,
    "searchTags": "directional, marker, notice, signs",
    "image": "images/structures/signs/directional/sign_31c.p3d.jpg",
    "id": "dzobj_2qhpsy49uy"
  },
  {
    "objectName": "sign_32a.p3d",
    "inGameName": "-",
    "category": "structures",
    "modelType": "Raw P3D",
    "path": "dz/structures/signs/directional",
    "usableOnConsole": false,
    "searchTags": "directional, marker, notice, signs",
    "image": "images/structures/signs/directional/sign_32a.p3d.jpg",
    "id": "dzobj_ox23nbkcgn"
  },
  {
    "objectName": "sign_32b.p3d",
    "inGameName": "-",
    "category": "structures",
    "modelType": "Raw P3D",
    "path": "dz/structures/signs/directional",
    "usableOnConsole": false,
    "searchTags": "directional, marker, notice, signs",
    "image": "images/structures/signs/directional/sign_32b.p3d.jpg",
    "id": "dzobj_hvt7mdvlkc"
  },
  {
    "objectName": "sign_33a.p3d",
    "inGameName": "-",
    "category": "structures",
    "modelType": "Raw P3D",
    "path": "dz/structures/signs/directional",
    "usableOnConsole": false,
    "searchTags": "directional, marker, notice, signs",
    "image": "images/structures/signs/directional/sign_33a.p3d.jpg",
    "id": "dzobj_h1dyfmbjea"
  },
  {
    "objectName": "sign_33b.p3d",
    "inGameName": "-",
    "category": "structures",
    "modelType": "Raw P3D",
    "path": "dz/structures/signs/directional",
    "usableOnConsole": false,
    "searchTags": "directional, marker, notice, signs",
    "image": "images/structures/signs/directional/sign_33b.p3d.jpg",
    "id": "dzobj_18snhs5lv7"
  },
  {
    "objectName": "sign_33c.p3d",
    "inGameName": "-",
    "category": "structures",
    "modelType": "Raw P3D",
    "path": "dz/structures/signs/directional",
    "usableOnConsole": false,
    "searchTags": "directional, marker, notice, signs",
    "image": "images/structures/signs/directional/sign_33c.p3d.jpg",
    "id": "dzobj_hn6g9qspxy"
  },
  {
    "objectName": "sign_34a.p3d",
    "inGameName": "-",
    "category": "structures",
    "modelType": "Raw P3D",
    "path": "dz/structures/signs/directional",
    "usableOnConsole": false,
    "searchTags": "directional, marker, notice, signs",
    "image": "images/structures/signs/directional/sign_34a.p3d.jpg",
    "id": "dzobj_0kztt432vn"
  },
  {
    "objectName": "sign_34b.p3d",
    "inGameName": "-",
    "category": "structures",
    "modelType": "Raw P3D",
    "path": "dz/structures/signs/directional",
    "usableOnConsole": false,
    "searchTags": "directional, marker, notice, signs",
    "image": "images/structures/signs/directional/sign_34b.p3d.jpg",
    "id": "dzobj_qc1b02fv5i"
  },
  {
    "objectName": "sign_34c.p3d",
    "inGameName": "-",
    "category": "structures",
    "modelType": "Raw P3D",
    "path": "dz/structures/signs/directional",
    "usableOnConsole": false,
    "searchTags": "directional, marker, notice, signs",
    "image": "images/structures/signs/directional/sign_34c.p3d.jpg",
    "id": "dzobj_wwesukr9r5"
  },
  {
    "objectName": "sign_35a.p3d",
    "inGameName": "-",
    "category": "structures",
    "modelType": "Raw P3D",
    "path": "dz/structures/signs/directional",
    "usableOnConsole": false,
    "searchTags": "directional, marker, notice, signs",
    "image": "images/structures/signs/directional/sign_35a.p3d.jpg",
    "id": "dzobj_y0t4sze7kb"
  },
  {
    "objectName": "sign_35b.p3d",
    "inGameName": "-",
    "category": "structures",
    "modelType": "Raw P3D",
    "path": "dz/structures/signs/directional",
    "usableOnConsole": false,
    "searchTags": "directional, marker, notice, signs",
    "image": "images/structures/signs/directional/sign_35b.p3d.jpg",
    "id": "dzobj_9x9rl5zhcf"
  },
  {
    "objectName": "sign_36a.p3d",
    "inGameName": "-",
    "category": "structures",
    "modelType": "Raw P3D",
    "path": "dz/structures/signs/directional",
    "usableOnConsole": false,
    "searchTags": "directional, marker, notice, signs",
    "image": "images/structures/signs/directional/sign_36a.p3d.jpg",
    "id": "dzobj_i1moscvw32"
  },
  {
    "objectName": "sign_36b.p3d",
    "inGameName": "-",
    "category": "structures",
    "modelType": "Raw P3D",
    "path": "dz/structures/signs/directional",
    "usableOnConsole": false,
    "searchTags": "directional, marker, notice, signs",
    "image": "images/structures/signs/directional/sign_36b.p3d.jpg",
    "id": "dzobj_pjxx6pm09c"
  },
  {
    "objectName": "sign_36c.p3d",
    "inGameName": "-",
    "category": "structures",
    "modelType": "Raw P3D",
    "path": "dz/structures/signs/directional",
    "usableOnConsole": false,
    "searchTags": "directional, marker, notice, signs",
    "image": "images/structures/signs/directional/sign_36c.p3d.jpg",
    "id": "dzobj_aezbaryx11"
  },
  {
    "objectName": "sign_37a.p3d",
    "inGameName": "-",
    "category": "structures",
    "modelType": "Raw P3D",
    "path": "dz/structures/signs/directional",
    "usableOnConsole": false,
    "searchTags": "directional, marker, notice, signs",
    "image": "images/structures/signs/directional/sign_37a.p3d.jpg",
    "id": "dzobj_skbud7itb6"
  },
  {
    "objectName": "sign_37b.p3d",
    "inGameName": "-",
    "category": "structures",
    "modelType": "Raw P3D",
    "path": "dz/structures/signs/directional",
    "usableOnConsole": false,
    "searchTags": "directional, marker, notice, signs",
    "image": "images/structures/signs/directional/sign_37b.p3d.jpg",
    "id": "dzobj_sq37y7w94w"
  },
  {
    "objectName": "sign_37c.p3d",
    "inGameName": "-",
    "category": "structures",
    "modelType": "Raw P3D",
    "path": "dz/structures/signs/directional",
    "usableOnConsole": false,
    "searchTags": "directional, marker, notice, signs",
    "image": "images/structures/signs/directional/sign_37c.p3d.jpg",
    "id": "dzobj_fv4e9s7d7q"
  },
  {
    "objectName": "sign_38a.p3d",
    "inGameName": "-",
    "category": "structures",
    "modelType": "Raw P3D",
    "path": "dz/structures/signs/directional",
    "usableOnConsole": false,
    "searchTags": "directional, marker, notice, signs",
    "image": "images/structures/signs/directional/sign_38a.p3d.jpg",
    "id": "dzobj_ziqj7criiy"
  },
  {
    "objectName": "sign_38b.p3d",
    "inGameName": "-",
    "category": "structures",
    "modelType": "Raw P3D",
    "path": "dz/structures/signs/directional",
    "usableOnConsole": false,
    "searchTags": "directional, marker, notice, signs",
    "image": "images/structures/signs/directional/sign_38b.p3d.jpg",
    "id": "dzobj_rxqb1ai6br"
  },
  {
    "objectName": "sign_38c.p3d",
    "inGameName": "-",
    "category": "structures",
    "modelType": "Raw P3D",
    "path": "dz/structures/signs/directional",
    "usableOnConsole": false,
    "searchTags": "directional, marker, notice, signs",
    "image": "images/structures/signs/directional/sign_38c.p3d.jpg",
    "id": "dzobj_u3cfy3vfbi"
  },
  {
    "objectName": "sign_39a.p3d",
    "inGameName": "-",
    "category": "structures",
    "modelType": "Raw P3D",
    "path": "dz/structures/signs/directional",
    "usableOnConsole": false,
    "searchTags": "directional, marker, notice, signs",
    "image": "images/structures/signs/directional/sign_39a.p3d.jpg",
    "id": "dzobj_aywtm34cf8"
  },
  {
    "objectName": "sign_39b.p3d",
    "inGameName": "-",
    "category": "structures",
    "modelType": "Raw P3D",
    "path": "dz/structures/signs/directional",
    "usableOnConsole": false,
    "searchTags": "directional, marker, notice, signs",
    "image": "images/structures/signs/directional/sign_39b.p3d.jpg",
    "id": "dzobj_fncqzhd20b"
  },
  {
    "objectName": "sign_39c.p3d",
    "inGameName": "-",
    "category": "structures",
    "modelType": "Raw P3D",
    "path": "dz/structures/signs/directional",
    "usableOnConsole": false,
    "searchTags": "directional, marker, notice, signs",
    "image": "images/structures/signs/directional/sign_39c.p3d.jpg",
    "id": "dzobj_rp8kkn9pun"
  },
  {
    "objectName": "sign_40a.p3d",
    "inGameName": "-",
    "category": "structures",
    "modelType": "Raw P3D",
    "path": "dz/structures/signs/directional",
    "usableOnConsole": false,
    "searchTags": "directional, marker, notice, signs",
    "image": "images/structures/signs/directional/sign_40a.p3d.jpg",
    "id": "dzobj_avk259qzr9"
  },
  {
    "objectName": "sign_40b.p3d",
    "inGameName": "-",
    "category": "structures",
    "modelType": "Raw P3D",
    "path": "dz/structures/signs/directional",
    "usableOnConsole": false,
    "searchTags": "directional, marker, notice, signs",
    "image": "images/structures/signs/directional/sign_40b.p3d.jpg",
    "id": "dzobj_6o92ve9ped"
  },
  {
    "objectName": "sign_40c.p3d",
    "inGameName": "-",
    "category": "structures",
    "modelType": "Raw P3D",
    "path": "dz/structures/signs/directional",
    "usableOnConsole": false,
    "searchTags": "directional, marker, notice, signs",
    "image": "images/structures/signs/directional/sign_40c.p3d.jpg",
    "id": "dzobj_paxpuk2ct9"
  },
  {
    "objectName": "sign_41a.p3d",
    "inGameName": "-",
    "category": "structures",
    "modelType": "Raw P3D",
    "path": "dz/structures/signs/directional",
    "usableOnConsole": false,
    "searchTags": "directional, marker, notice, signs",
    "image": "images/structures/signs/directional/sign_41a.p3d.jpg",
    "id": "dzobj_hymxq6ac54"
  },
  {
    "objectName": "sign_41b.p3d",
    "inGameName": "-",
    "category": "structures",
    "modelType": "Raw P3D",
    "path": "dz/structures/signs/directional",
    "usableOnConsole": false,
    "searchTags": "directional, marker, notice, signs",
    "image": "images/structures/signs/directional/sign_41b.p3d.jpg",
    "id": "dzobj_du124gbtln"
  },
  {
    "objectName": "sign_41c.p3d",
    "inGameName": "-",
    "category": "structures",
    "modelType": "Raw P3D",
    "path": "dz/structures/signs/directional",
    "usableOnConsole": false,
    "searchTags": "directional, marker, notice, signs",
    "image": "images/structures/signs/directional/sign_41c.p3d.jpg",
    "id": "dzobj_0fdvhonsmf"
  },
  {
    "objectName": "sign_41d.p3d",
    "inGameName": "-",
    "category": "structures",
    "modelType": "Raw P3D",
    "path": "dz/structures/signs/directional",
    "usableOnConsole": false,
    "searchTags": "directional, marker, notice, signs",
    "image": "images/structures/signs/directional/sign_41d.p3d.jpg",
    "id": "dzobj_ubl8ep87j5"
  },
  {
    "objectName": "sign_42a.p3d",
    "inGameName": "-",
    "category": "structures",
    "modelType": "Raw P3D",
    "path": "dz/structures/signs/directional",
    "usableOnConsole": false,
    "searchTags": "directional, marker, notice, signs",
    "image": "images/structures/signs/directional/sign_42a.p3d.jpg",
    "id": "dzobj_gw3j8zab0d"
  },
  {
    "objectName": "sign_42b.p3d",
    "inGameName": "-",
    "category": "structures",
    "modelType": "Raw P3D",
    "path": "dz/structures/signs/directional",
    "usableOnConsole": false,
    "searchTags": "directional, marker, notice, signs",
    "image": "images/structures/signs/directional/sign_42b.p3d.jpg",
    "id": "dzobj_ls5wqgfatt"
  },
  {
    "objectName": "sign_42c.p3d",
    "inGameName": "-",
    "category": "structures",
    "modelType": "Raw P3D",
    "path": "dz/structures/signs/directional",
    "usableOnConsole": false,
    "searchTags": "directional, marker, notice, signs",
    "image": "images/structures/signs/directional/sign_42c.p3d.jpg",
    "id": "dzobj_uwmm6083a5"
  },
  {
    "objectName": "sign_42d.p3d",
    "inGameName": "-",
    "category": "structures",
    "modelType": "Raw P3D",
    "path": "dz/structures/signs/directional",
    "usableOnConsole": false,
    "searchTags": "directional, marker, notice, signs",
    "image": "images/structures/signs/directional/sign_42d.p3d.jpg",
    "id": "dzobj_idt208l76r"
  },
  {
    "objectName": "sign_43a.p3d",
    "inGameName": "-",
    "category": "structures",
    "modelType": "Raw P3D",
    "path": "dz/structures/signs/directional",
    "usableOnConsole": false,
    "searchTags": "directional, marker, notice, signs",
    "image": "images/structures/signs/directional/sign_43a.p3d.jpg",
    "id": "dzobj_avpf9j6r4f"
  },
  {
    "objectName": "sign_43b.p3d",
    "inGameName": "-",
    "category": "structures",
    "modelType": "Raw P3D",
    "path": "dz/structures/signs/directional",
    "usableOnConsole": false,
    "searchTags": "directional, marker, notice, signs",
    "image": "images/structures/signs/directional/sign_43b.p3d.jpg",
    "id": "dzobj_w33qm7uazn"
  },
  {
    "objectName": "sign_43c.p3d",
    "inGameName": "-",
    "category": "structures",
    "modelType": "Raw P3D",
    "path": "dz/structures/signs/directional",
    "usableOnConsole": false,
    "searchTags": "directional, marker, notice, signs",
    "image": "images/structures/signs/directional/sign_43c.p3d.jpg",
    "id": "dzobj_tjoyl4sp4z"
  },
  {
    "objectName": "sign_43d.p3d",
    "inGameName": "-",
    "category": "structures",
    "modelType": "Raw P3D",
    "path": "dz/structures/signs/directional",
    "usableOnConsole": false,
    "searchTags": "directional, marker, notice, signs",
    "image": "images/structures/signs/directional/sign_43d.p3d.jpg",
    "id": "dzobj_dl0o4kd3sf"
  },
  {
    "objectName": "sign_44a.p3d",
    "inGameName": "-",
    "category": "structures",
    "modelType": "Raw P3D",
    "path": "dz/structures/signs/directional",
    "usableOnConsole": false,
    "searchTags": "directional, marker, notice, signs",
    "image": "images/structures/signs/directional/sign_44a.p3d.jpg",
    "id": "dzobj_10ljteet56"
  },
  {
    "objectName": "sign_44b.p3d",
    "inGameName": "-",
    "category": "structures",
    "modelType": "Raw P3D",
    "path": "dz/structures/signs/directional",
    "usableOnConsole": false,
    "searchTags": "directional, marker, notice, signs",
    "image": "images/structures/signs/directional/sign_44b.p3d.jpg",
    "id": "dzobj_1xmyz7qnrb"
  },
  {
    "objectName": "sign_44c.p3d",
    "inGameName": "-",
    "category": "structures",
    "modelType": "Raw P3D",
    "path": "dz/structures/signs/directional",
    "usableOnConsole": false,
    "searchTags": "directional, marker, notice, signs",
    "image": "images/structures/signs/directional/sign_44c.p3d.jpg",
    "id": "dzobj_za1tixnsi5"
  },
  {
    "objectName": "sign_45a.p3d",
    "inGameName": "-",
    "category": "structures",
    "modelType": "Raw P3D",
    "path": "dz/structures/signs/directional",
    "usableOnConsole": false,
    "searchTags": "directional, marker, notice, signs",
    "image": "images/structures/signs/directional/sign_45a.p3d.jpg",
    "id": "dzobj_m48rf0a1m6"
  },
  {
    "objectName": "sign_45b.p3d",
    "inGameName": "-",
    "category": "structures",
    "modelType": "Raw P3D",
    "path": "dz/structures/signs/directional",
    "usableOnConsole": false,
    "searchTags": "directional, marker, notice, signs",
    "image": "images/structures/signs/directional/sign_45b.p3d.jpg",
    "id": "dzobj_xj8gafx3j4"
  },
  {
    "objectName": "sign_45c.p3d",
    "inGameName": "-",
    "category": "structures",
    "modelType": "Raw P3D",
    "path": "dz/structures/signs/directional",
    "usableOnConsole": false,
    "searchTags": "directional, marker, notice, signs",
    "image": "images/structures/signs/directional/sign_45c.p3d.jpg",
    "id": "dzobj_lz2uo1e8wa"
  },
  {
    "objectName": "sign_46a.p3d",
    "inGameName": "-",
    "category": "structures",
    "modelType": "Raw P3D",
    "path": "dz/structures/signs/directional",
    "usableOnConsole": false,
    "searchTags": "directional, marker, notice, signs",
    "image": "images/structures/signs/directional/sign_46a.p3d.jpg",
    "id": "dzobj_amtywmv7qa"
  },
  {
    "objectName": "sign_46b.p3d",
    "inGameName": "-",
    "category": "structures",
    "modelType": "Raw P3D",
    "path": "dz/structures/signs/directional",
    "usableOnConsole": false,
    "searchTags": "directional, marker, notice, signs",
    "image": "images/structures/signs/directional/sign_46b.p3d.jpg",
    "id": "dzobj_jfoa8o8hk9"
  },
  {
    "objectName": "sign_46c.p3d",
    "inGameName": "-",
    "category": "structures",
    "modelType": "Raw P3D",
    "path": "dz/structures/signs/directional",
    "usableOnConsole": false,
    "searchTags": "directional, marker, notice, signs",
    "image": "images/structures/signs/directional/sign_46c.p3d.jpg",
    "id": "dzobj_905vw7cn0m"
  },
  {
    "objectName": "sign_47a.p3d",
    "inGameName": "-",
    "category": "structures",
    "modelType": "Raw P3D",
    "path": "dz/structures/signs/directional",
    "usableOnConsole": false,
    "searchTags": "directional, marker, notice, signs",
    "image": "images/structures/signs/directional/sign_47a.p3d.jpg",
    "id": "dzobj_gj5bx8oniv"
  },
  {
    "objectName": "sign_47b.p3d",
    "inGameName": "-",
    "category": "structures",
    "modelType": "Raw P3D",
    "path": "dz/structures/signs/directional",
    "usableOnConsole": false,
    "searchTags": "directional, marker, notice, signs",
    "image": "images/structures/signs/directional/sign_47b.p3d.jpg",
    "id": "dzobj_wtz9xgemp8"
  },
  {
    "objectName": "sign_47c.p3d",
    "inGameName": "-",
    "category": "structures",
    "modelType": "Raw P3D",
    "path": "dz/structures/signs/directional",
    "usableOnConsole": false,
    "searchTags": "directional, marker, notice, signs",
    "image": "images/structures/signs/directional/sign_47c.p3d.jpg",
    "id": "dzobj_ayhnc47724"
  },
  {
    "objectName": "sign_49a.p3d",
    "inGameName": "-",
    "category": "structures",
    "modelType": "Raw P3D",
    "path": "dz/structures/signs/directional",
    "usableOnConsole": false,
    "searchTags": "directional, marker, notice, signs",
    "image": "images/structures/signs/directional/sign_49a.p3d.jpg",
    "id": "dzobj_92nra3sw8l"
  },
  {
    "objectName": "sign_49b.p3d",
    "inGameName": "-",
    "category": "structures",
    "modelType": "Raw P3D",
    "path": "dz/structures/signs/directional",
    "usableOnConsole": false,
    "searchTags": "directional, marker, notice, signs",
    "image": "images/structures/signs/directional/sign_49b.p3d.jpg",
    "id": "dzobj_teigog1qi9"
  },
  {
    "objectName": "sign_49c.p3d",
    "inGameName": "-",
    "category": "structures",
    "modelType": "Raw P3D",
    "path": "dz/structures/signs/directional",
    "usableOnConsole": false,
    "searchTags": "directional, marker, notice, signs",
    "image": "images/structures/signs/directional/sign_49c.p3d.jpg",
    "id": "dzobj_r0v53lp9ig"
  },
  {
    "objectName": "sign_49d.p3d",
    "inGameName": "-",
    "category": "structures",
    "modelType": "Raw P3D",
    "path": "dz/structures/signs/directional",
    "usableOnConsole": false,
    "searchTags": "directional, marker, notice, signs",
    "image": "images/structures/signs/directional/sign_49d.p3d.jpg",
    "id": "dzobj_97wklk0sr5"
  },
  {
    "objectName": "sign_4a.p3d",
    "inGameName": "-",
    "category": "structures",
    "modelType": "Raw P3D",
    "path": "dz/structures/signs/directional",
    "usableOnConsole": false,
    "searchTags": "directional, marker, notice, signs",
    "image": "images/structures/signs/directional/sign_4a.p3d.jpg",
    "id": "dzobj_0efxb5cxs2"
  },
  {
    "objectName": "sign_4b.p3d",
    "inGameName": "-",
    "category": "structures",
    "modelType": "Raw P3D",
    "path": "dz/structures/signs/directional",
    "usableOnConsole": false,
    "searchTags": "directional, marker, notice, signs",
    "image": "images/structures/signs/directional/sign_4b.p3d.jpg",
    "id": "dzobj_5ni6vyertb"
  },
  {
    "objectName": "sign_4c.p3d",
    "inGameName": "-",
    "category": "structures",
    "modelType": "Raw P3D",
    "path": "dz/structures/signs/directional",
    "usableOnConsole": false,
    "searchTags": "directional, marker, notice, signs",
    "image": "images/structures/signs/directional/sign_4c.p3d.jpg",
    "id": "dzobj_mhr3i2ez77"
  },
  {
    "objectName": "sign_50a.p3d",
    "inGameName": "-",
    "category": "structures",
    "modelType": "Raw P3D",
    "path": "dz/structures/signs/directional",
    "usableOnConsole": false,
    "searchTags": "directional, marker, notice, signs",
    "image": "images/structures/signs/directional/sign_50a.p3d.jpg",
    "id": "dzobj_le7jor4c1j"
  },
  {
    "objectName": "sign_50b.p3d",
    "inGameName": "-",
    "category": "structures",
    "modelType": "Raw P3D",
    "path": "dz/structures/signs/directional",
    "usableOnConsole": false,
    "searchTags": "directional, marker, notice, signs",
    "image": "images/structures/signs/directional/sign_50b.p3d.jpg",
    "id": "dzobj_x3suxnmjyh"
  },
  {
    "objectName": "sign_51a.p3d",
    "inGameName": "-",
    "category": "structures",
    "modelType": "Raw P3D",
    "path": "dz/structures/signs/directional",
    "usableOnConsole": false,
    "searchTags": "directional, marker, notice, signs",
    "image": "images/structures/signs/directional/sign_51a.p3d.jpg",
    "id": "dzobj_j19mqgqp62"
  },
  {
    "objectName": "sign_51b.p3d",
    "inGameName": "-",
    "category": "structures",
    "modelType": "Raw P3D",
    "path": "dz/structures/signs/directional",
    "usableOnConsole": false,
    "searchTags": "directional, marker, notice, signs",
    "image": "images/structures/signs/directional/sign_51b.p3d.jpg",
    "id": "dzobj_vz6djjcbbq"
  },
  {
    "objectName": "sign_51c.p3d",
    "inGameName": "-",
    "category": "structures",
    "modelType": "Raw P3D",
    "path": "dz/structures/signs/directional",
    "usableOnConsole": false,
    "searchTags": "directional, marker, notice, signs",
    "image": "images/structures/signs/directional/sign_51c.p3d.jpg",
    "id": "dzobj_udklymdigg"
  },
  {
    "objectName": "sign_52c.p3d",
    "inGameName": "-",
    "category": "structures",
    "modelType": "Raw P3D",
    "path": "dz/structures/signs/directional",
    "usableOnConsole": false,
    "searchTags": "directional, marker, notice, signs",
    "image": "images/structures/signs/directional/sign_52c.p3d.jpg",
    "id": "dzobj_nneugdwew2"
  },
  {
    "objectName": "sign_53a.p3d",
    "inGameName": "-",
    "category": "structures",
    "modelType": "Raw P3D",
    "path": "dz/structures/signs/directional",
    "usableOnConsole": false,
    "searchTags": "directional, marker, notice, signs",
    "image": "images/structures/signs/directional/sign_53a.p3d.jpg",
    "id": "dzobj_u9xqgw5ahm"
  },
  {
    "objectName": "sign_53b.p3d",
    "inGameName": "-",
    "category": "structures",
    "modelType": "Raw P3D",
    "path": "dz/structures/signs/directional",
    "usableOnConsole": false,
    "searchTags": "directional, marker, notice, signs",
    "image": "images/structures/signs/directional/sign_53b.p3d.jpg",
    "id": "dzobj_cpoia535lh"
  },
  {
    "objectName": "sign_54a.p3d",
    "inGameName": "-",
    "category": "structures",
    "modelType": "Raw P3D",
    "path": "dz/structures/signs/directional",
    "usableOnConsole": false,
    "searchTags": "directional, marker, notice, signs",
    "image": "images/structures/signs/directional/sign_54a.p3d.jpg",
    "id": "dzobj_a6a394uhnv"
  },
  {
    "objectName": "sign_54b.p3d",
    "inGameName": "-",
    "category": "structures",
    "modelType": "Raw P3D",
    "path": "dz/structures/signs/directional",
    "usableOnConsole": false,
    "searchTags": "directional, marker, notice, signs",
    "image": "images/structures/signs/directional/sign_54b.p3d.jpg",
    "id": "dzobj_bnucivb3kv"
  },
  {
    "objectName": "sign_54c.p3d",
    "inGameName": "-",
    "category": "structures",
    "modelType": "Raw P3D",
    "path": "dz/structures/signs/directional",
    "usableOnConsole": false,
    "searchTags": "directional, marker, notice, signs",
    "image": "images/structures/signs/directional/sign_54c.p3d.jpg",
    "id": "dzobj_422yr6agrp"
  },
  {
    "objectName": "sign_55a.p3d",
    "inGameName": "-",
    "category": "structures",
    "modelType": "Raw P3D",
    "path": "dz/structures/signs/directional",
    "usableOnConsole": false,
    "searchTags": "directional, marker, notice, signs",
    "image": "images/structures/signs/directional/sign_55a.p3d.jpg",
    "id": "dzobj_er3t5af4t6"
  },
  {
    "objectName": "sign_55b.p3d",
    "inGameName": "-",
    "category": "structures",
    "modelType": "Raw P3D",
    "path": "dz/structures/signs/directional",
    "usableOnConsole": false,
    "searchTags": "directional, marker, notice, signs",
    "image": "images/structures/signs/directional/sign_55b.p3d.jpg",
    "id": "dzobj_u751rry7oa"
  },
  {
    "objectName": "sign_55c.p3d",
    "inGameName": "-",
    "category": "structures",
    "modelType": "Raw P3D",
    "path": "dz/structures/signs/directional",
    "usableOnConsole": false,
    "searchTags": "directional, marker, notice, signs",
    "image": "images/structures/signs/directional/sign_55c.p3d.jpg",
    "id": "dzobj_s5pmnh6wch"
  },
  {
    "objectName": "sign_55d.p3d",
    "inGameName": "-",
    "category": "structures",
    "modelType": "Raw P3D",
    "path": "dz/structures/signs/directional",
    "usableOnConsole": false,
    "searchTags": "directional, marker, notice, signs",
    "image": "images/structures/signs/directional/sign_55d.p3d.jpg",
    "id": "dzobj_44td9s2b60"
  },
  {
    "objectName": "sign_56a.p3d",
    "inGameName": "-",
    "category": "structures",
    "modelType": "Raw P3D",
    "path": "dz/structures/signs/directional",
    "usableOnConsole": false,
    "searchTags": "directional, marker, notice, signs",
    "image": "images/structures/signs/directional/sign_56a.p3d.jpg",
    "id": "dzobj_5yur34b7ko"
  },
  {
    "objectName": "sign_56b.p3d",
    "inGameName": "-",
    "category": "structures",
    "modelType": "Raw P3D",
    "path": "dz/structures/signs/directional",
    "usableOnConsole": false,
    "searchTags": "directional, marker, notice, signs",
    "image": "images/structures/signs/directional/sign_56b.p3d.jpg",
    "id": "dzobj_ce7pmx01ww"
  },
  {
    "objectName": "sign_56c.p3d",
    "inGameName": "-",
    "category": "structures",
    "modelType": "Raw P3D",
    "path": "dz/structures/signs/directional",
    "usableOnConsole": false,
    "searchTags": "directional, marker, notice, signs",
    "image": "images/structures/signs/directional/sign_56c.p3d.jpg",
    "id": "dzobj_mg9lgmm0g7"
  },
  {
    "objectName": "sign_57a.p3d",
    "inGameName": "-",
    "category": "structures",
    "modelType": "Raw P3D",
    "path": "dz/structures/signs/directional",
    "usableOnConsole": false,
    "searchTags": "directional, marker, notice, signs",
    "image": "images/structures/signs/directional/sign_57a.p3d.jpg",
    "id": "dzobj_is2c8tvy69"
  },
  {
    "objectName": "sign_57b.p3d",
    "inGameName": "-",
    "category": "structures",
    "modelType": "Raw P3D",
    "path": "dz/structures/signs/directional",
    "usableOnConsole": false,
    "searchTags": "directional, marker, notice, signs",
    "image": "images/structures/signs/directional/sign_57b.p3d.jpg",
    "id": "dzobj_l6flf6mmdl"
  },
  {
    "objectName": "sign_57c.p3d",
    "inGameName": "-",
    "category": "structures",
    "modelType": "Raw P3D",
    "path": "dz/structures/signs/directional",
    "usableOnConsole": false,
    "searchTags": "directional, marker, notice, signs",
    "image": "images/structures/signs/directional/sign_57c.p3d.jpg",
    "id": "dzobj_s2c6fz97xt"
  },
  {
    "objectName": "sign_58a.p3d",
    "inGameName": "-",
    "category": "structures",
    "modelType": "Raw P3D",
    "path": "dz/structures/signs/directional",
    "usableOnConsole": false,
    "searchTags": "directional, marker, notice, signs",
    "image": "images/structures/signs/directional/sign_58a.p3d.jpg",
    "id": "dzobj_0etxdvxpze"
  },
  {
    "objectName": "sign_58b.p3d",
    "inGameName": "-",
    "category": "structures",
    "modelType": "Raw P3D",
    "path": "dz/structures/signs/directional",
    "usableOnConsole": false,
    "searchTags": "directional, marker, notice, signs",
    "image": "images/structures/signs/directional/sign_58b.p3d.jpg",
    "id": "dzobj_p9235954g8"
  },
  {
    "objectName": "sign_58c.p3d",
    "inGameName": "-",
    "category": "structures",
    "modelType": "Raw P3D",
    "path": "dz/structures/signs/directional",
    "usableOnConsole": false,
    "searchTags": "directional, marker, notice, signs",
    "image": "images/structures/signs/directional/sign_58c.p3d.jpg",
    "id": "dzobj_0urztrr104"
  },
  {
    "objectName": "sign_59a.p3d",
    "inGameName": "-",
    "category": "structures",
    "modelType": "Raw P3D",
    "path": "dz/structures/signs/directional",
    "usableOnConsole": false,
    "searchTags": "directional, marker, notice, signs",
    "image": "images/structures/signs/directional/sign_59a.p3d.jpg",
    "id": "dzobj_wmmevei9g4"
  },
  {
    "objectName": "sign_59b.p3d",
    "inGameName": "-",
    "category": "structures",
    "modelType": "Raw P3D",
    "path": "dz/structures/signs/directional",
    "usableOnConsole": false,
    "searchTags": "directional, marker, notice, signs",
    "image": "images/structures/signs/directional/sign_59b.p3d.jpg",
    "id": "dzobj_g4dcw57wqq"
  },
  {
    "objectName": "sign_59c.p3d",
    "inGameName": "-",
    "category": "structures",
    "modelType": "Raw P3D",
    "path": "dz/structures/signs/directional",
    "usableOnConsole": false,
    "searchTags": "directional, marker, notice, signs",
    "image": "images/structures/signs/directional/sign_59c.p3d.jpg",
    "id": "dzobj_vmdl5gi4zw"
  },
  {
    "objectName": "sign_5a.p3d",
    "inGameName": "-",
    "category": "structures",
    "modelType": "Raw P3D",
    "path": "dz/structures/signs/directional",
    "usableOnConsole": false,
    "searchTags": "directional, marker, notice, signs",
    "image": "images/structures/signs/directional/sign_5a.p3d.jpg",
    "id": "dzobj_mqxto03kkl"
  },
  {
    "objectName": "sign_5b.p3d",
    "inGameName": "-",
    "category": "structures",
    "modelType": "Raw P3D",
    "path": "dz/structures/signs/directional",
    "usableOnConsole": false,
    "searchTags": "directional, marker, notice, signs",
    "image": "images/structures/signs/directional/sign_5b.p3d.jpg",
    "id": "dzobj_rpx2h0tcd5"
  },
  {
    "objectName": "sign_5c.p3d",
    "inGameName": "-",
    "category": "structures",
    "modelType": "Raw P3D",
    "path": "dz/structures/signs/directional",
    "usableOnConsole": false,
    "searchTags": "directional, marker, notice, signs",
    "image": "images/structures/signs/directional/sign_5c.p3d.jpg",
    "id": "dzobj_hz17e23j3r"
  },
  {
    "objectName": "sign_60a.p3d",
    "inGameName": "-",
    "category": "structures",
    "modelType": "Raw P3D",
    "path": "dz/structures/signs/directional",
    "usableOnConsole": false,
    "searchTags": "directional, marker, notice, signs",
    "image": "images/structures/signs/directional/sign_60a.p3d.jpg",
    "id": "dzobj_9euaem3wth"
  },
  {
    "objectName": "sign_60b.p3d",
    "inGameName": "-",
    "category": "structures",
    "modelType": "Raw P3D",
    "path": "dz/structures/signs/directional",
    "usableOnConsole": false,
    "searchTags": "directional, marker, notice, signs",
    "image": "images/structures/signs/directional/sign_60b.p3d.jpg",
    "id": "dzobj_dgp7rf1f0n"
  },
  {
    "objectName": "sign_60c.p3d",
    "inGameName": "-",
    "category": "structures",
    "modelType": "Raw P3D",
    "path": "dz/structures/signs/directional",
    "usableOnConsole": false,
    "searchTags": "directional, marker, notice, signs",
    "image": "images/structures/signs/directional/sign_60c.p3d.jpg",
    "id": "dzobj_jsa6dibtgc"
  },
  {
    "objectName": "sign_61a.p3d",
    "inGameName": "-",
    "category": "structures",
    "modelType": "Raw P3D",
    "path": "dz/structures/signs/directional",
    "usableOnConsole": false,
    "searchTags": "directional, marker, notice, signs",
    "image": "images/structures/signs/directional/sign_61a.p3d.jpg",
    "id": "dzobj_9zxyk2sorc"
  },
  {
    "objectName": "sign_61c.p3d",
    "inGameName": "-",
    "category": "structures",
    "modelType": "Raw P3D",
    "path": "dz/structures/signs/directional",
    "usableOnConsole": false,
    "searchTags": "directional, marker, notice, signs",
    "image": "images/structures/signs/directional/sign_61c.p3d.jpg",
    "id": "dzobj_19i0ec6t8o"
  },
  {
    "objectName": "sign_62a.p3d",
    "inGameName": "-",
    "category": "structures",
    "modelType": "Raw P3D",
    "path": "dz/structures/signs/directional",
    "usableOnConsole": false,
    "searchTags": "directional, marker, notice, signs",
    "image": "images/structures/signs/directional/sign_62a.p3d.jpg",
    "id": "dzobj_0znlzqexfv"
  },
  {
    "objectName": "sign_62b.p3d",
    "inGameName": "-",
    "category": "structures",
    "modelType": "Raw P3D",
    "path": "dz/structures/signs/directional",
    "usableOnConsole": false,
    "searchTags": "directional, marker, notice, signs",
    "image": "images/structures/signs/directional/sign_62b.p3d.jpg",
    "id": "dzobj_rb7hdlaupe"
  },
  {
    "objectName": "sign_62c.p3d",
    "inGameName": "-",
    "category": "structures",
    "modelType": "Raw P3D",
    "path": "dz/structures/signs/directional",
    "usableOnConsole": false,
    "searchTags": "directional, marker, notice, signs",
    "image": "images/structures/signs/directional/sign_62c.p3d.jpg",
    "id": "dzobj_xu3904mcvj"
  },
  {
    "objectName": "sign_63a.p3d",
    "inGameName": "-",
    "category": "structures",
    "modelType": "Raw P3D",
    "path": "dz/structures/signs/directional",
    "usableOnConsole": false,
    "searchTags": "directional, marker, notice, signs",
    "image": "images/structures/signs/directional/sign_63a.p3d.jpg",
    "id": "dzobj_asqj5p8s9t"
  },
  {
    "objectName": "sign_63b.p3d",
    "inGameName": "-",
    "category": "structures",
    "modelType": "Raw P3D",
    "path": "dz/structures/signs/directional",
    "usableOnConsole": false,
    "searchTags": "directional, marker, notice, signs",
    "image": "images/structures/signs/directional/sign_63b.p3d.jpg",
    "id": "dzobj_lsmqbj8ok1"
  },
  {
    "objectName": "sign_63c.p3d",
    "inGameName": "-",
    "category": "structures",
    "modelType": "Raw P3D",
    "path": "dz/structures/signs/directional",
    "usableOnConsole": false,
    "searchTags": "directional, marker, notice, signs",
    "image": "images/structures/signs/directional/sign_63c.p3d.jpg",
    "id": "dzobj_3roi2w4c0f"
  },
  {
    "objectName": "sign_63d.p3d",
    "inGameName": "-",
    "category": "structures",
    "modelType": "Raw P3D",
    "path": "dz/structures/signs/directional",
    "usableOnConsole": false,
    "searchTags": "directional, marker, notice, signs",
    "image": "images/structures/signs/directional/sign_63d.p3d.jpg",
    "id": "dzobj_znskma79vx"
  },
  {
    "objectName": "sign_64a.p3d",
    "inGameName": "-",
    "category": "structures",
    "modelType": "Raw P3D",
    "path": "dz/structures/signs/directional",
    "usableOnConsole": false,
    "searchTags": "directional, marker, notice, signs",
    "image": "images/structures/signs/directional/sign_64a.p3d.jpg",
    "id": "dzobj_b2pl7733cm"
  },
  {
    "objectName": "sign_64b.p3d",
    "inGameName": "-",
    "category": "structures",
    "modelType": "Raw P3D",
    "path": "dz/structures/signs/directional",
    "usableOnConsole": false,
    "searchTags": "directional, marker, notice, signs",
    "image": "images/structures/signs/directional/sign_64b.p3d.jpg",
    "id": "dzobj_h72telvvp5"
  },
  {
    "objectName": "sign_64c.p3d",
    "inGameName": "-",
    "category": "structures",
    "modelType": "Raw P3D",
    "path": "dz/structures/signs/directional",
    "usableOnConsole": false,
    "searchTags": "directional, marker, notice, signs",
    "image": "images/structures/signs/directional/sign_64c.p3d.jpg",
    "id": "dzobj_bgohmcifi8"
  },
  {
    "objectName": "sign_65a.p3d",
    "inGameName": "-",
    "category": "structures",
    "modelType": "Raw P3D",
    "path": "dz/structures/signs/directional",
    "usableOnConsole": false,
    "searchTags": "directional, marker, notice, signs",
    "image": "images/structures/signs/directional/sign_65a.p3d.jpg",
    "id": "dzobj_5gqpsc8rlp"
  },
  {
    "objectName": "sign_65b.p3d",
    "inGameName": "-",
    "category": "structures",
    "modelType": "Raw P3D",
    "path": "dz/structures/signs/directional",
    "usableOnConsole": false,
    "searchTags": "directional, marker, notice, signs",
    "image": "images/structures/signs/directional/sign_65b.p3d.jpg",
    "id": "dzobj_6c75f3p6vh"
  },
  {
    "objectName": "sign_65c.p3d",
    "inGameName": "-",
    "category": "structures",
    "modelType": "Raw P3D",
    "path": "dz/structures/signs/directional",
    "usableOnConsole": false,
    "searchTags": "directional, marker, notice, signs",
    "image": "images/structures/signs/directional/sign_65c.p3d.jpg",
    "id": "dzobj_cywzwi7k33"
  },
  {
    "objectName": "sign_66a.p3d",
    "inGameName": "-",
    "category": "structures",
    "modelType": "Raw P3D",
    "path": "dz/structures/signs/directional",
    "usableOnConsole": false,
    "searchTags": "directional, marker, notice, signs",
    "image": "images/structures/signs/directional/sign_66a.p3d.jpg",
    "id": "dzobj_p0xhsi9xma"
  },
  {
    "objectName": "sign_66b.p3d",
    "inGameName": "-",
    "category": "structures",
    "modelType": "Raw P3D",
    "path": "dz/structures/signs/directional",
    "usableOnConsole": false,
    "searchTags": "directional, marker, notice, signs",
    "image": "images/structures/signs/directional/sign_66b.p3d.jpg",
    "id": "dzobj_n0hjzfn6u9"
  },
  {
    "objectName": "sign_68a.p3d",
    "inGameName": "-",
    "category": "structures",
    "modelType": "Raw P3D",
    "path": "dz/structures/signs/directional",
    "usableOnConsole": false,
    "searchTags": "directional, marker, notice, signs",
    "image": "images/structures/signs/directional/sign_68a.p3d.jpg",
    "id": "dzobj_ysoricfdbq"
  },
  {
    "objectName": "sign_68b.p3d",
    "inGameName": "-",
    "category": "structures",
    "modelType": "Raw P3D",
    "path": "dz/structures/signs/directional",
    "usableOnConsole": false,
    "searchTags": "directional, marker, notice, signs",
    "image": "images/structures/signs/directional/sign_68b.p3d.jpg",
    "id": "dzobj_dfixhct7yv"
  },
  {
    "objectName": "sign_68c.p3d",
    "inGameName": "-",
    "category": "structures",
    "modelType": "Raw P3D",
    "path": "dz/structures/signs/directional",
    "usableOnConsole": false,
    "searchTags": "directional, marker, notice, signs",
    "image": "images/structures/signs/directional/sign_68c.p3d.jpg",
    "id": "dzobj_7xf8qc4g0j"
  },
  {
    "objectName": "sign_69a.p3d",
    "inGameName": "-",
    "category": "structures",
    "modelType": "Raw P3D",
    "path": "dz/structures/signs/directional",
    "usableOnConsole": false,
    "searchTags": "directional, marker, notice, signs",
    "image": "images/structures/signs/directional/sign_69a.p3d.jpg",
    "id": "dzobj_5lchomghu0"
  },
  {
    "objectName": "sign_69b.p3d",
    "inGameName": "-",
    "category": "structures",
    "modelType": "Raw P3D",
    "path": "dz/structures/signs/directional",
    "usableOnConsole": false,
    "searchTags": "directional, marker, notice, signs",
    "image": "images/structures/signs/directional/sign_69b.p3d.jpg",
    "id": "dzobj_788uxsno5f"
  },
  {
    "objectName": "sign_69c.p3d",
    "inGameName": "-",
    "category": "structures",
    "modelType": "Raw P3D",
    "path": "dz/structures/signs/directional",
    "usableOnConsole": false,
    "searchTags": "directional, marker, notice, signs",
    "image": "images/structures/signs/directional/sign_69c.p3d.jpg",
    "id": "dzobj_eo95ringfg"
  },
  {
    "objectName": "sign_6a.p3d",
    "inGameName": "-",
    "category": "structures",
    "modelType": "Raw P3D",
    "path": "dz/structures/signs/directional",
    "usableOnConsole": false,
    "searchTags": "directional, marker, notice, signs",
    "image": "images/structures/signs/directional/sign_6a.p3d.jpg",
    "id": "dzobj_wjr5vn6aqq"
  },
  {
    "objectName": "sign_6b.p3d",
    "inGameName": "-",
    "category": "structures",
    "modelType": "Raw P3D",
    "path": "dz/structures/signs/directional",
    "usableOnConsole": false,
    "searchTags": "directional, marker, notice, signs",
    "image": "images/structures/signs/directional/sign_6b.p3d.jpg",
    "id": "dzobj_8qc98nompc"
  },
  {
    "objectName": "sign_6c.p3d",
    "inGameName": "-",
    "category": "structures",
    "modelType": "Raw P3D",
    "path": "dz/structures/signs/directional",
    "usableOnConsole": false,
    "searchTags": "directional, marker, notice, signs",
    "image": "images/structures/signs/directional/sign_6c.p3d.jpg",
    "id": "dzobj_zo83s2mdxl"
  },
  {
    "objectName": "sign_70a.p3d",
    "inGameName": "-",
    "category": "structures",
    "modelType": "Raw P3D",
    "path": "dz/structures/signs/directional",
    "usableOnConsole": false,
    "searchTags": "directional, marker, notice, signs",
    "image": "images/structures/signs/directional/sign_70a.p3d.jpg",
    "id": "dzobj_8y23z5zztx"
  },
  {
    "objectName": "sign_70b.p3d",
    "inGameName": "-",
    "category": "structures",
    "modelType": "Raw P3D",
    "path": "dz/structures/signs/directional",
    "usableOnConsole": false,
    "searchTags": "directional, marker, notice, signs",
    "image": "images/structures/signs/directional/sign_70b.p3d.jpg",
    "id": "dzobj_yzjvd70l3y"
  },
  {
    "objectName": "sign_70c.p3d",
    "inGameName": "-",
    "category": "structures",
    "modelType": "Raw P3D",
    "path": "dz/structures/signs/directional",
    "usableOnConsole": false,
    "searchTags": "directional, marker, notice, signs",
    "image": "images/structures/signs/directional/sign_70c.p3d.jpg",
    "id": "dzobj_1qdgkm1y5u"
  },
  {
    "objectName": "sign_71a.p3d",
    "inGameName": "-",
    "category": "structures",
    "modelType": "Raw P3D",
    "path": "dz/structures/signs/directional",
    "usableOnConsole": false,
    "searchTags": "directional, marker, notice, signs",
    "image": "images/structures/signs/directional/sign_71a.p3d.jpg",
    "id": "dzobj_74kaks8mh6"
  },
  {
    "objectName": "sign_71b.p3d",
    "inGameName": "-",
    "category": "structures",
    "modelType": "Raw P3D",
    "path": "dz/structures/signs/directional",
    "usableOnConsole": false,
    "searchTags": "directional, marker, notice, signs",
    "image": "images/structures/signs/directional/sign_71b.p3d.jpg",
    "id": "dzobj_aj37k39kfi"
  },
  {
    "objectName": "sign_71c.p3d",
    "inGameName": "-",
    "category": "structures",
    "modelType": "Raw P3D",
    "path": "dz/structures/signs/directional",
    "usableOnConsole": false,
    "searchTags": "directional, marker, notice, signs",
    "image": "images/structures/signs/directional/sign_71c.p3d.jpg",
    "id": "dzobj_88tgbutsma"
  },
  {
    "objectName": "sign_72a.p3d",
    "inGameName": "-",
    "category": "structures",
    "modelType": "Raw P3D",
    "path": "dz/structures/signs/directional",
    "usableOnConsole": false,
    "searchTags": "directional, marker, notice, signs",
    "image": "images/structures/signs/directional/sign_72a.p3d.jpg",
    "id": "dzobj_cbqbeda2hs"
  },
  {
    "objectName": "sign_72b.p3d",
    "inGameName": "-",
    "category": "structures",
    "modelType": "Raw P3D",
    "path": "dz/structures/signs/directional",
    "usableOnConsole": false,
    "searchTags": "directional, marker, notice, signs",
    "image": "images/structures/signs/directional/sign_72b.p3d.jpg",
    "id": "dzobj_zdv8b1s6js"
  },
  {
    "objectName": "sign_72c.p3d",
    "inGameName": "-",
    "category": "structures",
    "modelType": "Raw P3D",
    "path": "dz/structures/signs/directional",
    "usableOnConsole": false,
    "searchTags": "directional, marker, notice, signs",
    "image": "images/structures/signs/directional/sign_72c.p3d.jpg",
    "id": "dzobj_0kme9wzujc"
  },
  {
    "objectName": "sign_73a.p3d",
    "inGameName": "-",
    "category": "structures",
    "modelType": "Raw P3D",
    "path": "dz/structures/signs/directional",
    "usableOnConsole": false,
    "searchTags": "directional, marker, notice, signs",
    "image": "images/structures/signs/directional/sign_73a.p3d.jpg",
    "id": "dzobj_lezcw5f9xz"
  },
  {
    "objectName": "sign_74a.p3d",
    "inGameName": "-",
    "category": "structures",
    "modelType": "Raw P3D",
    "path": "dz/structures/signs/directional",
    "usableOnConsole": false,
    "searchTags": "directional, marker, notice, signs",
    "image": "images/structures/signs/directional/sign_74a.p3d.jpg",
    "id": "dzobj_b2sx91izk0"
  },
  {
    "objectName": "sign_75a.p3d",
    "inGameName": "-",
    "category": "structures",
    "modelType": "Raw P3D",
    "path": "dz/structures/signs/directional",
    "usableOnConsole": false,
    "searchTags": "directional, marker, notice, signs",
    "image": "images/structures/signs/directional/sign_75a.p3d.jpg",
    "id": "dzobj_4menke14ke"
  },
  {
    "objectName": "sign_76a.p3d",
    "inGameName": "-",
    "category": "structures",
    "modelType": "Raw P3D",
    "path": "dz/structures/signs/directional",
    "usableOnConsole": false,
    "searchTags": "directional, marker, notice, signs",
    "image": "images/structures/signs/directional/sign_76a.p3d.jpg",
    "id": "dzobj_gsu8y89f3y"
  },
  {
    "objectName": "sign_76b.p3d",
    "inGameName": "-",
    "category": "structures",
    "modelType": "Raw P3D",
    "path": "dz/structures/signs/directional",
    "usableOnConsole": false,
    "searchTags": "directional, marker, notice, signs",
    "image": "images/structures/signs/directional/sign_76b.p3d.jpg",
    "id": "dzobj_8xwy0jccqr"
  },
  {
    "objectName": "sign_76c.p3d",
    "inGameName": "-",
    "category": "structures",
    "modelType": "Raw P3D",
    "path": "dz/structures/signs/directional",
    "usableOnConsole": false,
    "searchTags": "directional, marker, notice, signs",
    "image": "images/structures/signs/directional/sign_76c.p3d.jpg",
    "id": "dzobj_kaoo4qhab7"
  },
  {
    "objectName": "sign_76d.p3d",
    "inGameName": "-",
    "category": "structures",
    "modelType": "Raw P3D",
    "path": "dz/structures/signs/directional",
    "usableOnConsole": false,
    "searchTags": "directional, marker, notice, signs",
    "image": "images/structures/signs/directional/sign_76d.p3d.jpg",
    "id": "dzobj_bndx89zav5"
  },
  {
    "objectName": "sign_77a.p3d",
    "inGameName": "-",
    "category": "structures",
    "modelType": "Raw P3D",
    "path": "dz/structures/signs/directional",
    "usableOnConsole": false,
    "searchTags": "directional, marker, notice, signs",
    "image": "images/structures/signs/directional/sign_77a.p3d.jpg",
    "id": "dzobj_pmu10qo87y"
  },
  {
    "objectName": "sign_77b.p3d",
    "inGameName": "-",
    "category": "structures",
    "modelType": "Raw P3D",
    "path": "dz/structures/signs/directional",
    "usableOnConsole": false,
    "searchTags": "directional, marker, notice, signs",
    "image": "images/structures/signs/directional/sign_77b.p3d.jpg",
    "id": "dzobj_o4nmf2tirg"
  },
  {
    "objectName": "sign_77c.p3d",
    "inGameName": "-",
    "category": "structures",
    "modelType": "Raw P3D",
    "path": "dz/structures/signs/directional",
    "usableOnConsole": false,
    "searchTags": "directional, marker, notice, signs",
    "image": "images/structures/signs/directional/sign_77c.p3d.jpg",
    "id": "dzobj_u9mh5zc1zh"
  },
  {
    "objectName": "sign_78a.p3d",
    "inGameName": "-",
    "category": "structures",
    "modelType": "Raw P3D",
    "path": "dz/structures/signs/directional",
    "usableOnConsole": false,
    "searchTags": "directional, marker, notice, signs",
    "image": "images/structures/signs/directional/sign_78a.p3d.jpg",
    "id": "dzobj_gtmzlenlrz"
  },
  {
    "objectName": "sign_78b.p3d",
    "inGameName": "-",
    "category": "structures",
    "modelType": "Raw P3D",
    "path": "dz/structures/signs/directional",
    "usableOnConsole": false,
    "searchTags": "directional, marker, notice, signs",
    "image": "images/structures/signs/directional/sign_78b.p3d.jpg",
    "id": "dzobj_hmb1j6joaw"
  },
  {
    "objectName": "sign_78c.p3d",
    "inGameName": "-",
    "category": "structures",
    "modelType": "Raw P3D",
    "path": "dz/structures/signs/directional",
    "usableOnConsole": false,
    "searchTags": "directional, marker, notice, signs",
    "image": "images/structures/signs/directional/sign_78c.p3d.jpg",
    "id": "dzobj_28raiyjzvb"
  },
  {
    "objectName": "sign_79a.p3d",
    "inGameName": "-",
    "category": "structures",
    "modelType": "Raw P3D",
    "path": "dz/structures/signs/directional",
    "usableOnConsole": false,
    "searchTags": "directional, marker, notice, signs",
    "image": "images/structures/signs/directional/sign_79a.p3d.jpg",
    "id": "dzobj_m2a9us339i"
  },
  {
    "objectName": "sign_79b.p3d",
    "inGameName": "-",
    "category": "structures",
    "modelType": "Raw P3D",
    "path": "dz/structures/signs/directional",
    "usableOnConsole": false,
    "searchTags": "directional, marker, notice, signs",
    "image": "images/structures/signs/directional/sign_79b.p3d.jpg",
    "id": "dzobj_sik5lv6782"
  },
  {
    "objectName": "sign_79c.p3d",
    "inGameName": "-",
    "category": "structures",
    "modelType": "Raw P3D",
    "path": "dz/structures/signs/directional",
    "usableOnConsole": false,
    "searchTags": "directional, marker, notice, signs",
    "image": "images/structures/signs/directional/sign_79c.p3d.jpg",
    "id": "dzobj_8vjvgxjx5n"
  },
  {
    "objectName": "sign_7a.p3d",
    "inGameName": "-",
    "category": "structures",
    "modelType": "Raw P3D",
    "path": "dz/structures/signs/directional",
    "usableOnConsole": false,
    "searchTags": "directional, marker, notice, signs",
    "image": "images/structures/signs/directional/sign_7a.p3d.jpg",
    "id": "dzobj_x2du0nsdq6"
  },
  {
    "objectName": "sign_7b.p3d",
    "inGameName": "-",
    "category": "structures",
    "modelType": "Raw P3D",
    "path": "dz/structures/signs/directional",
    "usableOnConsole": false,
    "searchTags": "directional, marker, notice, signs",
    "image": "images/structures/signs/directional/sign_7b.p3d.jpg",
    "id": "dzobj_69xku6x4zz"
  },
  {
    "objectName": "sign_7c.p3d",
    "inGameName": "-",
    "category": "structures",
    "modelType": "Raw P3D",
    "path": "dz/structures/signs/directional",
    "usableOnConsole": false,
    "searchTags": "directional, marker, notice, signs",
    "image": "images/structures/signs/directional/sign_7c.p3d.jpg",
    "id": "dzobj_sxyh5r1vzo"
  },
  {
    "objectName": "sign_80a.p3d",
    "inGameName": "-",
    "category": "structures",
    "modelType": "Raw P3D",
    "path": "dz/structures/signs/directional",
    "usableOnConsole": false,
    "searchTags": "directional, marker, notice, signs",
    "image": "images/structures/signs/directional/sign_80a.p3d.jpg",
    "id": "dzobj_xf50p43ry1"
  },
  {
    "objectName": "sign_80b.p3d",
    "inGameName": "-",
    "category": "structures",
    "modelType": "Raw P3D",
    "path": "dz/structures/signs/directional",
    "usableOnConsole": false,
    "searchTags": "directional, marker, notice, signs",
    "image": "images/structures/signs/directional/sign_80b.p3d.jpg",
    "id": "dzobj_rerke3j2sb"
  },
  {
    "objectName": "sign_80c.p3d",
    "inGameName": "-",
    "category": "structures",
    "modelType": "Raw P3D",
    "path": "dz/structures/signs/directional",
    "usableOnConsole": false,
    "searchTags": "directional, marker, notice, signs",
    "image": "images/structures/signs/directional/sign_80c.p3d.jpg",
    "id": "dzobj_dd5dv8d9y2"
  },
  {
    "objectName": "sign_81a.p3d",
    "inGameName": "-",
    "category": "structures",
    "modelType": "Raw P3D",
    "path": "dz/structures/signs/directional",
    "usableOnConsole": false,
    "searchTags": "directional, marker, notice, signs",
    "image": "images/structures/signs/directional/sign_81a.p3d.jpg",
    "id": "dzobj_y26bcqz5r7"
  },
  {
    "objectName": "sign_81b.p3d",
    "inGameName": "-",
    "category": "structures",
    "modelType": "Raw P3D",
    "path": "dz/structures/signs/directional",
    "usableOnConsole": false,
    "searchTags": "directional, marker, notice, signs",
    "image": "images/structures/signs/directional/sign_81b.p3d.jpg",
    "id": "dzobj_c1ioo253vv"
  },
  {
    "objectName": "sign_81c.p3d",
    "inGameName": "-",
    "category": "structures",
    "modelType": "Raw P3D",
    "path": "dz/structures/signs/directional",
    "usableOnConsole": false,
    "searchTags": "directional, marker, notice, signs",
    "image": "images/structures/signs/directional/sign_81c.p3d.jpg",
    "id": "dzobj_nmsvmc8lh2"
  },
  {
    "objectName": "sign_82a.p3d",
    "inGameName": "-",
    "category": "structures",
    "modelType": "Raw P3D",
    "path": "dz/structures/signs/directional",
    "usableOnConsole": false,
    "searchTags": "directional, marker, notice, signs",
    "image": "images/structures/signs/directional/sign_82a.p3d.jpg",
    "id": "dzobj_p28mnypub9"
  },
  {
    "objectName": "sign_82b.p3d",
    "inGameName": "-",
    "category": "structures",
    "modelType": "Raw P3D",
    "path": "dz/structures/signs/directional",
    "usableOnConsole": false,
    "searchTags": "directional, marker, notice, signs",
    "image": "images/structures/signs/directional/sign_82b.p3d.jpg",
    "id": "dzobj_plabcr95dy"
  },
  {
    "objectName": "sign_82c.p3d",
    "inGameName": "-",
    "category": "structures",
    "modelType": "Raw P3D",
    "path": "dz/structures/signs/directional",
    "usableOnConsole": false,
    "searchTags": "directional, marker, notice, signs",
    "image": "images/structures/signs/directional/sign_82c.p3d.jpg",
    "id": "dzobj_xv5s6zqw7g"
  },
  {
    "objectName": "sign_82d.p3d",
    "inGameName": "-",
    "category": "structures",
    "modelType": "Raw P3D",
    "path": "dz/structures/signs/directional",
    "usableOnConsole": false,
    "searchTags": "directional, marker, notice, signs",
    "image": "images/structures/signs/directional/sign_82d.p3d.jpg",
    "id": "dzobj_ypexpdzjz2"
  },
  {
    "objectName": "sign_83a.p3d",
    "inGameName": "-",
    "category": "structures",
    "modelType": "Raw P3D",
    "path": "dz/structures/signs/directional",
    "usableOnConsole": false,
    "searchTags": "directional, marker, notice, signs",
    "image": "images/structures/signs/directional/sign_83a.p3d.jpg",
    "id": "dzobj_zt89v35yrn"
  },
  {
    "objectName": "sign_83b.p3d",
    "inGameName": "-",
    "category": "structures",
    "modelType": "Raw P3D",
    "path": "dz/structures/signs/directional",
    "usableOnConsole": false,
    "searchTags": "directional, marker, notice, signs",
    "image": "images/structures/signs/directional/sign_83b.p3d.jpg",
    "id": "dzobj_vd1m6ihcbc"
  },
  {
    "objectName": "sign_83c.p3d",
    "inGameName": "-",
    "category": "structures",
    "modelType": "Raw P3D",
    "path": "dz/structures/signs/directional",
    "usableOnConsole": false,
    "searchTags": "directional, marker, notice, signs",
    "image": "images/structures/signs/directional/sign_83c.p3d.jpg",
    "id": "dzobj_7yblpge81g"
  },
  {
    "objectName": "sign_84a.p3d",
    "inGameName": "-",
    "category": "structures",
    "modelType": "Raw P3D",
    "path": "dz/structures/signs/directional",
    "usableOnConsole": false,
    "searchTags": "directional, marker, notice, signs",
    "image": "images/structures/signs/directional/sign_84a.p3d.jpg",
    "id": "dzobj_k7t1jfky8a"
  },
  {
    "objectName": "sign_84b.p3d",
    "inGameName": "-",
    "category": "structures",
    "modelType": "Raw P3D",
    "path": "dz/structures/signs/directional",
    "usableOnConsole": false,
    "searchTags": "directional, marker, notice, signs",
    "image": "images/structures/signs/directional/sign_84b.p3d.jpg",
    "id": "dzobj_xgo6mgpj0a"
  },
  {
    "objectName": "sign_84c.p3d",
    "inGameName": "-",
    "category": "structures",
    "modelType": "Raw P3D",
    "path": "dz/structures/signs/directional",
    "usableOnConsole": false,
    "searchTags": "directional, marker, notice, signs",
    "image": "images/structures/signs/directional/sign_84c.p3d.jpg",
    "id": "dzobj_h39jxm36hi"
  },
  {
    "objectName": "sign_85a.p3d",
    "inGameName": "-",
    "category": "structures",
    "modelType": "Raw P3D",
    "path": "dz/structures/signs/directional",
    "usableOnConsole": false,
    "searchTags": "directional, marker, notice, signs",
    "image": "images/structures/signs/directional/sign_85a.p3d.jpg",
    "id": "dzobj_4e9dc13xs6"
  },
  {
    "objectName": "sign_86a.p3d",
    "inGameName": "-",
    "category": "structures",
    "modelType": "Raw P3D",
    "path": "dz/structures/signs/directional",
    "usableOnConsole": false,
    "searchTags": "directional, marker, notice, signs",
    "image": "images/structures/signs/directional/sign_86a.p3d.jpg",
    "id": "dzobj_g4qjumyblq"
  },
  {
    "objectName": "sign_87a.p3d",
    "inGameName": "-",
    "category": "structures",
    "modelType": "Raw P3D",
    "path": "dz/structures/signs/directional",
    "usableOnConsole": false,
    "searchTags": "directional, marker, notice, signs",
    "image": "images/structures/signs/directional/sign_87a.p3d.jpg",
    "id": "dzobj_iakg5ho6if"
  },
  {
    "objectName": "sign_87b.p3d",
    "inGameName": "-",
    "category": "structures",
    "modelType": "Raw P3D",
    "path": "dz/structures/signs/directional",
    "usableOnConsole": false,
    "searchTags": "directional, marker, notice, signs",
    "image": "images/structures/signs/directional/sign_87b.p3d.jpg",
    "id": "dzobj_fr725jzvsq"
  },
  {
    "objectName": "sign_87c.p3d",
    "inGameName": "-",
    "category": "structures",
    "modelType": "Raw P3D",
    "path": "dz/structures/signs/directional",
    "usableOnConsole": false,
    "searchTags": "directional, marker, notice, signs",
    "image": "images/structures/signs/directional/sign_87c.p3d.jpg",
    "id": "dzobj_h317hgmnu6"
  },
  {
    "objectName": "sign_88a.p3d",
    "inGameName": "-",
    "category": "structures",
    "modelType": "Raw P3D",
    "path": "dz/structures/signs/directional",
    "usableOnConsole": false,
    "searchTags": "directional, marker, notice, signs",
    "image": "images/structures/signs/directional/sign_88a.p3d.jpg",
    "id": "dzobj_uzj0peysqm"
  },
  {
    "objectName": "sign_88b.p3d",
    "inGameName": "-",
    "category": "structures",
    "modelType": "Raw P3D",
    "path": "dz/structures/signs/directional",
    "usableOnConsole": false,
    "searchTags": "directional, marker, notice, signs",
    "image": "images/structures/signs/directional/sign_88b.p3d.jpg",
    "id": "dzobj_lokx3ujwpk"
  },
  {
    "objectName": "sign_88c.p3d",
    "inGameName": "-",
    "category": "structures",
    "modelType": "Raw P3D",
    "path": "dz/structures/signs/directional",
    "usableOnConsole": false,
    "searchTags": "directional, marker, notice, signs",
    "image": "images/structures/signs/directional/sign_88c.p3d.jpg",
    "id": "dzobj_imuwwjmz55"
  },
  {
    "objectName": "sign_89a.p3d",
    "inGameName": "-",
    "category": "structures",
    "modelType": "Raw P3D",
    "path": "dz/structures/signs/directional",
    "usableOnConsole": false,
    "searchTags": "directional, marker, notice, signs",
    "image": "images/structures/signs/directional/sign_89a.p3d.jpg",
    "id": "dzobj_anfhktum0x"
  },
  {
    "objectName": "sign_90a.p3d",
    "inGameName": "-",
    "category": "structures",
    "modelType": "Raw P3D",
    "path": "dz/structures/signs/directional",
    "usableOnConsole": false,
    "searchTags": "directional, marker, notice, signs",
    "image": "images/structures/signs/directional/sign_90a.p3d.jpg",
    "id": "dzobj_ois4t0d1eq"
  },
  {
    "objectName": "sign_90b.p3d",
    "inGameName": "-",
    "category": "structures",
    "modelType": "Raw P3D",
    "path": "dz/structures/signs/directional",
    "usableOnConsole": false,
    "searchTags": "directional, marker, notice, signs",
    "image": "images/structures/signs/directional/sign_90b.p3d.jpg",
    "id": "dzobj_d3syctiw1z"
  },
  {
    "objectName": "sign_90c.p3d",
    "inGameName": "-",
    "category": "structures",
    "modelType": "Raw P3D",
    "path": "dz/structures/signs/directional",
    "usableOnConsole": false,
    "searchTags": "directional, marker, notice, signs",
    "image": "images/structures/signs/directional/sign_90c.p3d.jpg",
    "id": "dzobj_yybqg2u9fq"
  },
  {
    "objectName": "sign_91a.p3d",
    "inGameName": "-",
    "category": "structures",
    "modelType": "Raw P3D",
    "path": "dz/structures/signs/directional",
    "usableOnConsole": false,
    "searchTags": "directional, marker, notice, signs",
    "image": "images/structures/signs/directional/sign_91a.p3d.jpg",
    "id": "dzobj_phec4epi7u"
  },
  {
    "objectName": "sign_91b.p3d",
    "inGameName": "-",
    "category": "structures",
    "modelType": "Raw P3D",
    "path": "dz/structures/signs/directional",
    "usableOnConsole": false,
    "searchTags": "directional, marker, notice, signs",
    "image": "images/structures/signs/directional/sign_91b.p3d.jpg",
    "id": "dzobj_grpno2flxg"
  },
  {
    "objectName": "sign_91c.p3d",
    "inGameName": "-",
    "category": "structures",
    "modelType": "Raw P3D",
    "path": "dz/structures/signs/directional",
    "usableOnConsole": false,
    "searchTags": "directional, marker, notice, signs",
    "image": "images/structures/signs/directional/sign_91c.p3d.jpg",
    "id": "dzobj_o7ct684555"
  },
  {
    "objectName": "sign_92a.p3d",
    "inGameName": "-",
    "category": "structures",
    "modelType": "Raw P3D",
    "path": "dz/structures/signs/directional",
    "usableOnConsole": false,
    "searchTags": "directional, marker, notice, signs",
    "image": "images/structures/signs/directional/sign_92a.p3d.jpg",
    "id": "dzobj_738ugok5d3"
  },
  {
    "objectName": "sign_92b.p3d",
    "inGameName": "-",
    "category": "structures",
    "modelType": "Raw P3D",
    "path": "dz/structures/signs/directional",
    "usableOnConsole": false,
    "searchTags": "directional, marker, notice, signs",
    "image": "images/structures/signs/directional/sign_92b.p3d.jpg",
    "id": "dzobj_twui5d5zoi"
  },
  {
    "objectName": "sign_92c.p3d",
    "inGameName": "-",
    "category": "structures",
    "modelType": "Raw P3D",
    "path": "dz/structures/signs/directional",
    "usableOnConsole": false,
    "searchTags": "directional, marker, notice, signs",
    "image": "images/structures/signs/directional/sign_92c.p3d.jpg",
    "id": "dzobj_j31nr3ex54"
  },
  {
    "objectName": "sign_9a.p3d",
    "inGameName": "-",
    "category": "structures",
    "modelType": "Raw P3D",
    "path": "dz/structures/signs/directional",
    "usableOnConsole": false,
    "searchTags": "directional, marker, notice, signs",
    "image": "images/structures/signs/directional/sign_9a.p3d.jpg",
    "id": "dzobj_rbvz5ipold"
  },
  {
    "objectName": "sign_9b.p3d",
    "inGameName": "-",
    "category": "structures",
    "modelType": "Raw P3D",
    "path": "dz/structures/signs/directional",
    "usableOnConsole": false,
    "searchTags": "directional, marker, notice, signs",
    "image": "images/structures/signs/directional/sign_9b.p3d.jpg",
    "id": "dzobj_5gnbu81cvo"
  },
  {
    "objectName": "sign_9c.p3d",
    "inGameName": "-",
    "category": "structures",
    "modelType": "Raw P3D",
    "path": "dz/structures/signs/directional",
    "usableOnConsole": false,
    "searchTags": "directional, marker, notice, signs",
    "image": "images/structures/signs/directional/sign_9c.p3d.jpg",
    "id": "dzobj_0y6uzsctuk"
  }
]
