[
  {
    "objectName": "rail_crossing_block_small.p3d",
    "inGameName": "-",
    "category": "structures_bliss",
    "modelType": "Raw P3D",
    "path": "dz/structures_bliss/rail/misc",
    "usableOnConsole": false,
    "searchTags": "livoniaa, misc",
    "image": "images/structures_bliss/rail/misc/rail_crossing_block_small.jpg",
    "id": "dzobj_gmgno4qd3k"
  },
  {
    "objectName": "rail_linebreak_small.p3d",
    "inGameName": "-",
    "category": "structures_bliss",
    "modelType": "Raw P3D",
    "path": "dz/structures_bliss/rail/misc",
    "usableOnConsole": false,
    "searchTags": "livoniaa, misc",
    "image": "images/structures_bliss/rail/misc/rail_linebreak_small.jpg",
    "id": "dzobj_dwsf42uzr3"
  },
  {
    "objectName": "rail_tracksmall_switch.p3d",
    "inGameName": "-",
    "category": "structures_bliss",
    "modelType": "Raw P3D",
    "path": "dz/structures_bliss/rail/misc",
    "usableOnConsole": false,
    "searchTags": "livoniaa, misc",
    "image": "images/structures_bliss/rail/misc/rail_tracksmall_switch.jpg",
    "id": "dzobj_4dodtemw9c"
  }
]
