[
  {
    "objectName": "Land_Underground_Corridor_Main_Both",
    "inGameName": "-",
    "category": "structures_bliss",
    "modelType": "Config",
    "path": "dz/structures_bliss/underground/corridor",
    "usableOnConsole": true,
    "searchTags": "bliss, bunker, center",
    "image": "images/structures_bliss/underground/corridor/land_underground_corridor_main_both.jpg"
  },
  {
    "objectName": "Land_Underground_Corridor_Main_Left",
    "inGameName": "-",
    "category": "structures_bliss",
    "modelType": "Config",
    "path": "dz/structures_bliss/underground/corridor",
    "usableOnConsole": true,
    "searchTags": "bliss, bunker, center",
    "image": "images/structures_bliss/underground/corridor/land_underground_corridor_main_left.jpg"
  },
  {
    "objectName": "Land_Underground_Corridor_Main_Right",
    "inGameName": "-",
    "category": "structures_bliss",
    "modelType": "Config",
    "path": "dz/structures_bliss/underground/corridor",
    "usableOnConsole": true,
    "searchTags": "bliss, bunker, center",
    "image": "images/structures_bliss/underground/corridor/land_underground_corridor_main_right.jpg"
  },
  {
    "objectName": "Land_Underground_Corridor_Connector",
    "inGameName": "-",
    "category": "structures_bliss",
    "modelType": "Config",
    "path": "dz/structures_bliss/underground/corridor",
    "usableOnConsole": true,
    "searchTags": "bliss",
    "image": "images/structures_bliss/underground/corridor/land_underground_corridor_connector.jpg"
  },
  {
    "objectName": "Land_Underground_Corridor_Connector_Inv",
    "inGameName": "-",
    "category": "structures_bliss",
    "modelType": "Config",
    "path": "dz/structures_bliss/underground/corridor",
    "usableOnConsole": true,
    "searchTags": "bliss",
    "image": "images/structures_bliss/underground/corridor/land_underground_corridor_connector_inv.jpg"
  },
  {
    "objectName": "PanelLever",
    "inGameName": "-",
    "category": "structures_bliss",
    "modelType": "Config",
    "path": "dz/structures_bliss/underground/corridor",
    "usableOnConsole": true,
    "searchTags": "livoniaa, underground, entrance, access, switch, bunker",
    "image": "images/structures_bliss/underground/corridor/panellever.jpg"
  },
  {
    "objectName": "StaticObj_Underground_Corridor_Main_Gate_L",
    "inGameName": "-",
    "category": "structures_bliss",
    "modelType": "Config",
    "path": "dz/structures_bliss/underground/corridor",
    "usableOnConsole": true,
    "searchTags": "livoniaa, door, entry",
    "image": "images/structures_bliss/underground/corridor/staticobj_underground_corridor_main_gate_l.jpg"
  },
  {
    "objectName": "StaticObj_Underground_Corridor_Main_Gate_R",
    "inGameName": "-",
    "category": "structures_bliss",
    "modelType": "Config",
    "path": "dz/structures_bliss/underground/corridor",
    "usableOnConsole": true,
    "searchTags": "livoniaa, door, entry",
    "image": "images/structures_bliss/underground/corridor/staticobj_underground_corridor_main_gate_r.jpg"
  },
  {
    "objectName": "underground_corridor_connector.p3d",
    "inGameName": "-",
    "category": "structures_bliss",
    "modelType": "Raw P3D",
    "path": "dz/structures_bliss/underground/corridor",
    "usableOnConsole": false,
    "searchTags": "bliss",
    "image": "images/structures_bliss/underground/corridor/land_underground_corridor_connector.jpg"
  },
  {
    "objectName": "underground_corridor_connector_inv.p3d",
    "inGameName": "-",
    "category": "structures_bliss",
    "modelType": "Raw P3D",
    "path": "dz/structures_bliss/underground/corridor",
    "usableOnConsole": false,
    "searchTags": "bliss",
    "image": "images/structures_bliss/underground/corridor/land_underground_corridor_connector_inv.jpg"
  },
  {
    "objectName": "underground_corridor_main_both.p3d",
    "inGameName": "-",
    "category": "structures_bliss",
    "modelType": "Raw P3D",
    "path": "dz/structures_bliss/underground/corridor",
    "usableOnConsole": false,
    "searchTags": "bliss",
    "image": "images/structures_bliss/underground/corridor/land_underground_corridor_main_both.jpg"
  },
  {
    "objectName": "underground_corridor_main_gate_l.p3d",
    "inGameName": "-",
    "category": "structures_bliss",
    "modelType": "Raw P3D",
    "path": "dz/structures_bliss/underground/corridor",
    "usableOnConsole": false,
    "searchTags": "livoniaa, door, entry",
    "image": "images/structures_bliss/underground/corridor/staticobj_underground_corridor_main_gate_l.jpg"
  },
  {
    "objectName": "underground_corridor_main_gate_r.p3d",
    "inGameName": "-",
    "category": "structures_bliss",
    "modelType": "Raw P3D",
    "path": "dz/structures_bliss/underground/corridor",
    "usableOnConsole": false,
    "searchTags": "livoniaa, door, entry",
    "image": "images/structures_bliss/underground/corridor/staticobj_underground_corridor_main_gate_r.jpg"
  },
  {
    "objectName": "underground_corridor_main_left.p3d",
    "inGameName": "-",
    "category": "structures_bliss",
    "modelType": "Raw P3D",
    "path": "dz/structures_bliss/underground/corridor",
    "usableOnConsole": false,
    "searchTags": "bliss",
    "image": "images/structures_bliss/underground/corridor/land_underground_corridor_main_left.jpg"
  },
  {
    "objectName": "underground_corridor_main_right.p3d",
    "inGameName": "-",
    "category": "structures_bliss",
    "modelType": "Raw P3D",
    "path": "dz/structures_bliss/underground/corridor",
    "usableOnConsole": false,
    "searchTags": "bliss",
    "image": "images/structures_bliss/underground/corridor/land_underground_corridor_main_right.jpg"
  }
]
