[
  {
    "objectName": "Land_Mil_ControlTower_East",
    "inGameName": "-",
    "category": "structures_sakhal",
    "modelType": "Config",
    "path": "dz/structures_sakhal/military/houses",
    "usableOnConsole": true,
    "searchTags": "houses, military, sakhal, watch, livoniaa, tower",
    "image": "images/structures_sakhal/military/houses/land_mil_controltower_east.jpg"
  },
  {
    "objectName": "mil_controltower_east.p3d",
    "inGameName": "-",
    "category": "structures_sakhal",
    "modelType": "Raw P3D",
    "path": "dz/structures_sakhal/military/houses",
    "usableOnConsole": false,
    "searchTags": "houses, military, sakhal, watch, livoniaa, tower",
    "image": "images/structures_sakhal/military/houses/land_mil_controltower_east.jpg"
  }
]
