[
  {
    "objectName": "Ammo_LAW_HE",
    "inGameName": "M72 LAW Warhead",
    "category": "weapons",
    "modelType": "Config",
    "path": "dz/weapons/launchers/law",
    "usableOnConsole": true,
    "searchTags": "ammunition, launchers, m72, rounds, warhead, weapon, weapons",
    "image": "images/weapons/launchers/law/ammo_law_he.jpg",
    "id": "dzobj_sy9crqugzc"
  },
  {
    "objectName": "LAWBase",
    "inGameName": "-",
    "category": "weapons",
    "modelType": "Config",
    "path": "dz/weapons/launchers/law",
    "usableOnConsole": true,
    "searchTags": "launchers, weapon, weapons",
    "image": "images/weapons/launchers/law/lawbase.jpg",
    "id": "dzobj_irun4ik7zi"
  },
  {
    "objectName": "LAW",
    "inGameName": "M72 LAW",
    "category": "weapons",
    "modelType": "Config",
    "path": "dz/weapons/launchers/law",
    "usableOnConsole": true,
    "searchTags": "launchers, m72, weapon, weapons",
    "image": "images/weapons/launchers/law/law.jpg",
    "id": "dzobj_3dnfl6b3k8"
  },
  {
    "objectName": "law.p3d",
    "inGameName": "M72 LAW",
    "category": "weapons",
    "modelType": "Raw P3D",
    "path": "dz/weapons/launchers/law",
    "usableOnConsole": false,
    "searchTags": "launchers, m72, weapon, weapons",
    "image": "images/weapons/launchers/law/law.p3d.jpg",
    "id": "dzobj_dim8dnsyp0"
  },
  {
    "objectName": "law_rocket.p3d",
    "inGameName": "M72 LAW Warhead",
    "category": "weapons",
    "modelType": "Raw P3D",
    "path": "dz/weapons/launchers/law",
    "usableOnConsole": false,
    "searchTags": "launchers, m72, warhead, weapon, weapons",
    "image": "images/weapons/launchers/law/law_rocket.p3d.jpg",
    "id": "dzobj_tr9qh6vowx"
  }
]
