[
  {
    "objectName": "Land_Mil_CamoNet_Roof_east",
    "inGameName": "-",
    "category": "structures",
    "modelType": "Config",
    "path": "dz/structures/military/improvised",
    "usableOnConsole": true,
    "searchTags": "military, camonet, roof, netting, camouflage, cover, improvised",
    "image": "images/structures/military/improvised/land_mil_camonet_roof_east.jpg",
    "id": "dzobj_hxgkjmoppj"
  },
  {
    "objectName": "Land_Roadblock_Table",
    "inGameName": "-",
    "category": "structures",
    "modelType": "Config",
    "path": "dz/structures/military/improvised",
    "usableOnConsole": true,
    "searchTags": "military, roadblock, table, checkpoint, furniture, plastic",
    "image": "images/structures/military/improvised/land_roadblock_table.jpg",
    "id": "dzobj_03tdyb03te"
  },
  {
    "objectName": "Land_Roadblock_WoodenCrate",
    "inGameName": "-",
    "category": "structures",
    "modelType": "Config",
    "path": "dz/structures/military/improvised",
    "usableOnConsole": true,
    "searchTags": "military, roadblock, crate, wooden, checkpoint, storage",
    "image": "images/structures/military/improvised/land_roadblock_woodencrate.jpg",
    "id": "dzobj_lg1q1e1ej9"
  },
  {
    "objectName": "StaticObj_Mil_HBarrier_1m",
    "inGameName": "-",
    "category": "structures",
    "modelType": "Config",
    "path": "dz/structures/military/improvised",
    "usableOnConsole": true,
    "searchTags": "military, barrier, wall, sandbag, defense, fortification, single, one, 1, small",
    "image": "images/structures/military/improvised/staticobj_mil_hbarrier_1m.jpg",
    "id": "dzobj_lzrthn3ric"
  },
  {
    "objectName": "StaticObj_Mil_HBarrier_4m",
    "inGameName": "-",
    "category": "structures",
    "modelType": "Config",
    "path": "dz/structures/military/improvised",
    "usableOnConsole": true,
    "searchTags": "military, barrier, wall, sandbag, defense, fortification, triple, three, 3, medium",
    "image": "images/structures/military/improvised/staticobj_mil_hbarrier_4m.jpg",
    "id": "dzobj_8093p0mr57"
  },
  {
    "objectName": "StaticObj_Mil_HBarrier_6m",
    "inGameName": "-",
    "category": "structures",
    "modelType": "Config",
    "path": "dz/structures/military/improvised",
    "usableOnConsole": true,
    "searchTags": "military, barrier, wall, sandbag, defense, fortification, pentuple, five, 5, large",
    "image": "images/structures/military/improvised/staticobj_mil_hbarrier_6m.jpg",
    "id": "dzobj_l3zfe27m4v"
  },
  {
    "objectName": "StaticObj_Mil_HBarrier_Big",
    "inGameName": "-",
    "category": "structures",
    "modelType": "Config",
    "path": "dz/structures/military/improvised",
    "usableOnConsole": true,
    "searchTags": "military, barrier, wall, sandbag, defense, fortification, large, tall",
    "image": "images/structures/military/improvised/staticobj_mil_hbarrier_big.jpg",
    "id": "dzobj_ychnonwh7v"
  },
  {
    "objectName": "StaticObj_Mil_HBarrier_Round",
    "inGameName": "-",
    "category": "structures",
    "modelType": "Config",
    "path": "dz/structures/military/improvised",
    "usableOnConsole": true,
    "searchTags": "military, barrier, wall, sandbag, defense, fortification, round, pentuple, five, 5 large",
    "image": "images/structures/military/improvised/staticobj_mil_hbarrier_round.jpg",
    "id": "dzobj_w7uddmvvjf"
  },
  {
    "objectName": "StaticObj_Mil_Artilery_Rampart",
    "inGameName": "-",
    "category": "structures",
    "modelType": "Config",
    "path": "dz/structures/military/improvised",
    "usableOnConsole": true,
    "searchTags": "military, artillery, rampart, wall, defensive, fortification, terrain, grass, cover, ground, dirt",
    "image": "images/structures/military/improvised/staticobj_mil_artilery_rampart.jpg",
    "id": "dzobj_mtjm8na48p"
  },
  {
    "objectName": "StaticObj_Mil_Artilery_Nest",
    "inGameName": "-",
    "category": "structures",
    "modelType": "Config",
    "path": "dz/structures/military/improvised",
    "usableOnConsole": true,
    "searchTags": "military, artillery, nest, bunker, fortification, defensive, terrain, grass, cover, ground, dirt",
    "image": "images/structures/military/improvised/staticobj_mil_artilery_nest.jpg",
    "id": "dzobj_f4d6vs11jb"
  },
  {
    "objectName": "StaticObj_Mil_CamoNet_Big_east",
    "inGameName": "-",
    "category": "structures",
    "modelType": "Config",
    "path": "dz/structures/military/improvised",
    "usableOnConsole": true,
    "searchTags": "military, camonet, large, east, netting, camouflage, cover, camo, green",
    "image": "images/structures/military/improvised/staticobj_mil_camonet_big_east.jpg",
    "id": "dzobj_teo11esc0k"
  },
  {
    "objectName": "StaticObj_Mil_CamoNet_Big_nato",
    "inGameName": "-",
    "category": "structures",
    "modelType": "Config",
    "path": "dz/structures/military/improvised",
    "usableOnConsole": true,
    "searchTags": "military, camonet, large, nato, netting, camouflage, cover, light, green",
    "image": "images/structures/military/improvised/staticobj_mil_camonet_big_nato.jpg",
    "id": "dzobj_q9702gbtk4"
  },
  {
    "objectName": "StaticObj_Mil_CamoNet_Side_east",
    "inGameName": "-",
    "category": "structures",
    "modelType": "Config",
    "path": "dz/structures/military/improvised",
    "usableOnConsole": true,
    "searchTags": "military, camonet, east, netting, camouflage, cover",
    "image": "images/structures/military/improvised/staticobj_mil_camonet_side_east.jpg",
    "id": "dzobj_gm5xytbubq"
  },
  {
    "objectName": "StaticObj_Mil_CamoNet_Side_nato",
    "inGameName": "-",
    "category": "structures",
    "modelType": "Config",
    "path": "dz/structures/military/improvised",
    "usableOnConsole": true,
    "searchTags": "military, camonet, nato, netting, camouflage, cover, light, green",
    "image": "images/structures/military/improvised/staticobj_mil_camonet_side_nato.jpg",
    "id": "dzobj_vj0x4xhsnx"
  },
  {
    "objectName": "StaticObj_Mil_CamoNet_Tent2",
    "inGameName": "-",
    "category": "structures",
    "modelType": "Config",
    "path": "dz/structures/military/improvised",
    "usableOnConsole": true,
    "searchTags": "military, camonet, tent, netting, camouflage, cover, dark, green",
    "image": "images/structures/military/improvised/staticobj_mil_camonet_tent2.jpg",
    "id": "dzobj_7a02494vtw"
  },
  {
    "objectName": "StaticObj_Roadblock_Bags_Curve",
    "inGameName": "-",
    "category": "structures",
    "modelType": "Config",
    "path": "dz/structures/military/improvised",
    "usableOnConsole": true,
    "searchTags": "military, roadblock, bags, sandbag, curve, defense, samll, curved, round",
    "image": "images/structures/military/improvised/staticobj_roadblock_bags_curve.jpg",
    "id": "dzobj_p3rpd7bsjj"
  },
  {
    "objectName": "StaticObj_Roadblock_Bags_EndL",
    "inGameName": "-",
    "category": "structures",
    "modelType": "Config",
    "path": "dz/structures/military/improvised",
    "usableOnConsole": true,
    "searchTags": "military, roadblock, bags, sandbag, end, left, small, defense",
    "image": "images/structures/military/improvised/staticobj_roadblock_bags_endl.jpg",
    "id": "dzobj_th95zxp1oe"
  },
  {
    "objectName": "StaticObj_Roadblock_Bags_EndR",
    "inGameName": "-",
    "category": "structures",
    "modelType": "Config",
    "path": "dz/structures/military/improvised",
    "usableOnConsole": true,
    "searchTags": "military, roadblock, bags, sandbag, end, right, small, defense",
    "image": "images/structures/military/improvised/staticobj_roadblock_bags_endr.jpg",
    "id": "dzobj_xap73r2nrf"
  },
  {
    "objectName": "StaticObj_Roadblock_Bags_Long",
    "inGameName": "-",
    "category": "structures",
    "modelType": "Config",
    "path": "dz/structures/military/improvised",
    "usableOnConsole": true,
    "searchTags": "military, roadblock, bags, sandbag, long, defense, barrier",
    "image": "images/structures/military/improvised/staticobj_roadblock_bags_long.jpg",
    "id": "dzobj_ipf02gzsm2"
  },
  {
    "objectName": "StaticObj_Roadblock_CncBlock",
    "inGameName": "-",
    "category": "structures",
    "modelType": "Config",
    "path": "dz/structures/military/improvised",
    "usableOnConsole": true,
    "searchTags": "military, roadblock, concrete, block, barrier, defense, security, single, one, 1",
    "image": "images/structures/military/improvised/staticobj_roadblock_cncblock.jpg",
    "id": "dzobj_aeyufu90zj"
  },
  {
    "objectName": "StaticObj_Roadblock_CncBlocks_Long",
    "inGameName": "-",
    "category": "structures",
    "modelType": "Config",
    "path": "dz/structures/military/improvised",
    "usableOnConsole": true,
    "searchTags": "military, roadblock, concrete, blocks, long, barrier, defense, security, overlapping",
    "image": "images/structures/military/improvised/staticobj_roadblock_cncblocks_long.jpg",
    "id": "dzobj_fdo9j3j333"
  },
  {
    "objectName": "StaticObj_Roadblock_CncBlocks_short",
    "inGameName": "-",
    "category": "structures",
    "modelType": "Config",
    "path": "dz/structures/military/improvised",
    "usableOnConsole": true,
    "searchTags": "military, roadblock, concrete, blocks, short, barrier, defense, two, double, stacked, 2",
    "image": "images/structures/military/improvised/staticobj_roadblock_cncblocks_short.jpg",
    "id": "dzobj_bt12xipuz9"
  },
  {
    "objectName": "StaticObj_Roadblock_Pillbox",
    "inGameName": "-",
    "category": "structures",
    "modelType": "Config",
    "path": "dz/structures/military/improvised",
    "usableOnConsole": true,
    "searchTags": "military, roadblock, pillbox, bunker, fortification, defense, sandbags, concrete",
    "image": "images/structures/military/improvised/staticobj_roadblock_pillbox.jpg",
    "id": "dzobj_gl83eoa43s"
  },
  {
    "objectName": "StaticObj_Roadblock_Wood_Long",
    "inGameName": "-",
    "category": "structures",
    "modelType": "Config",
    "path": "dz/structures/military/improvised",
    "usableOnConsole": true,
    "searchTags": "improvised, military",
    "image": "images/structures/military/improvised/staticobj_roadblock_wood_long_de.jpg",
    "id": "dzobj_ejy8gnl2e9"
  },
  {
    "objectName": "StaticObj_Roadblock_Wood_Small",
    "inGameName": "-",
    "category": "structures",
    "modelType": "Config",
    "path": "dz/structures/military/improvised",
    "usableOnConsole": true,
    "searchTags": "military, roadblock, wood, long, barrier, defense, security, crowd_control, traffic",
    "image": "images/structures/military/improvised/staticobj_roadblock_wood_small_de.jpg",
    "id": "dzobj_f1m0md69rx"
  },
  {
    "objectName": "StaticObj_Roadblock_Wood_Long_DE",
    "inGameName": "-",
    "category": "structures",
    "modelType": "Config",
    "path": "dz/structures/military/improvised",
    "usableOnConsole": true,
    "searchTags": "military, roadblock, wood, long, barrier, defense, security, crowd_control, traffic, flashing, light, bright, orange",
    "image": "images/structures/military/improvised/staticobj_roadblock_wood_long_de.jpg",
    "id": "dzobj_t33zaurpea"
  },
  {
    "objectName": "StaticObj_Roadblock_Wood_Small_DE",
    "inGameName": "-",
    "category": "structures",
    "modelType": "Config",
    "path": "dz/structures/military/improvised",
    "usableOnConsole": true,
    "searchTags": "military, roadblock, wood, small, barrier, defense, security, crowd_control, traffic",
    "image": "images/structures/military/improvised/staticobj_roadblock_wood_small_de.jpg",
    "id": "dzobj_8d3muvytnf"
  },
  {
    "objectName": "hbarrier_1m.p3d",
    "inGameName": "-",
    "category": "structures",
    "modelType": "Raw P3D",
    "path": "dz/structures/military/improvised",
    "usableOnConsole": false,
    "searchTags": "military, barrier, wall, sandbag, defense, fortification, single, one, 1, small",
    "image": "images/structures/military/improvised/staticobj_mil_hbarrier_1m.jpg",
    "id": "dzobj_j9gfj8why1"
  },
  {
    "objectName": "hbarrier_4m.p3d",
    "inGameName": "-",
    "category": "structures",
    "modelType": "Raw P3D",
    "path": "dz/structures/military/improvised",
    "usableOnConsole": false,
    "searchTags": "military, barrier, wall, sandbag, defense, fortification, triple, three, 3, medium",
    "image": "images/structures/military/improvised/staticobj_mil_hbarrier_4m.jpg",
    "id": "dzobj_lrz1201ubi"
  },
  {
    "objectName": "hbarrier_6m.p3d",
    "inGameName": "-",
    "category": "structures",
    "modelType": "Raw P3D",
    "path": "dz/structures/military/improvised",
    "usableOnConsole": false,
    "searchTags": "military, barrier, wall, sandbag, defense, fortification, pentuple, five, 5, large",
    "image": "images/structures/military/improvised/staticobj_mil_hbarrier_6m.jpg",
    "id": "dzobj_dg5ysy9vsf"
  },
  {
    "objectName": "hbarrier_big.p3d",
    "inGameName": "-",
    "category": "structures",
    "modelType": "Raw P3D",
    "path": "dz/structures/military/improvised",
    "usableOnConsole": false,
    "searchTags": "improvised, military",
    "image": "images/structures/military/improvised/hbarrier_big.p3d.jpg",
    "id": "dzobj_ww03yjyiut"
  },
  {
    "objectName": "hbarrier_round.p3d",
    "inGameName": "-",
    "category": "structures",
    "modelType": "Raw P3D",
    "path": "dz/structures/military/improvised",
    "usableOnConsole": false,
    "searchTags": "military, barrier, wall, sandbag, defense, fortification, round, pentuple, five, 5 large",
    "image": "images/structures/military/improvised/staticobj_mil_hbarrier_round.jpg",
    "id": "dzobj_yn0cx7i9h8"
  },
  {
    "objectName": "mil_artilery_rampart.p3d",
    "inGameName": "-",
    "category": "structures",
    "modelType": "Raw P3D",
    "path": "dz/structures/military/improvised",
    "usableOnConsole": false,
    "searchTags": "military, artillery, rampart, wall, defensive, fortification, terrain, grass, cover, ground, dirt",
    "image": "images/structures/military/improvised/staticobj_mil_artilery_rampart.jpg",
    "id": "dzobj_61b4fdz1y2"
  },
  {
    "objectName": "mil_artillery_nest.p3d",
    "inGameName": "-",
    "category": "structures",
    "modelType": "Raw P3D",
    "path": "dz/structures/military/improvised",
    "usableOnConsole": false,
    "searchTags": "military, artillery, nest, bunker, fortification, defensive, terrain, grass, cover, ground, dirt",
    "image": "images/structures/military/improvised/staticobj_mil_artilery_nest.jpg",
    "id": "dzobj_gfie1z0jpa"
  },
  {
    "objectName": "mil_camonet_big_east.p3d",
    "inGameName": "-",
    "category": "structures",
    "modelType": "Raw P3D",
    "path": "dz/structures/military/improvised",
    "usableOnConsole": false,
    "searchTags": "military, camonet, large, east, netting, camouflage, cover, camo, green",
    "image": "images/structures/military/improvised/staticobj_mil_camonet_big_east.jpg",
    "id": "dzobj_gi3f4a8w6v"
  },
  {
    "objectName": "mil_camonet_big_nato.p3d",
    "inGameName": "-",
    "category": "structures",
    "modelType": "Raw P3D",
    "path": "dz/structures/military/improvised",
    "usableOnConsole": false,
    "searchTags": "military, camonet, large, nato, netting, camouflage, cover, light, green",
    "image": "images/structures/military/improvised/staticobj_mil_camonet_big_nato.jpg",
    "id": "dzobj_60jextaq13"
  },
  {
    "objectName": "mil_camonet_roof_east.p3d",
    "inGameName": "-",
    "category": "structures",
    "modelType": "Raw P3D",
    "path": "dz/structures/military/improvised",
    "usableOnConsole": false,
    "searchTags": "military, camonet, roof, netting, camouflage, cover, improvised",
    "image": "images/structures/military/improvised/land_mil_camonet_roof_east.jpg",
    "id": "dzobj_hwkyksjqq7"
  },
  {
    "objectName": "mil_camonet_roof_nato.p3d",
    "inGameName": "-",
    "category": "structures",
    "modelType": "Raw P3D",
    "path": "dz/structures/military/improvised",
    "usableOnConsole": false,
    "searchTags": "cover, improvised, military",
    "image": "images/structures/military/improvised/mil_camonet_roof_nato.p3d.jpg",
    "id": "dzobj_odnc3k52kw"
  },
  {
    "objectName": "mil_camonet_side_east.p3d",
    "inGameName": "-",
    "category": "structures",
    "modelType": "Raw P3D",
    "path": "dz/structures/military/improvised",
    "usableOnConsole": false,
    "searchTags": "improvised, military",
    "image": "images/structures/military/improvised/mil_camonet_side_east.p3d.jpg",
    "id": "dzobj_uw4uqtx6r0"
  },
  {
    "objectName": "mil_camonet_side_nato.p3d",
    "inGameName": "-",
    "category": "structures",
    "modelType": "Raw P3D",
    "path": "dz/structures/military/improvised",
    "usableOnConsole": false,
    "searchTags": "military, camonet, nato, netting, camouflage, cover, light, green",
    "image": "images/structures/military/improvised/staticobj_mil_camonet_side_nato.jpg",
    "id": "dzobj_lxkn0z73wb"
  },
  {
    "objectName": "mil_camonet_tent2.p3d",
    "inGameName": "-",
    "category": "structures",
    "modelType": "Raw P3D",
    "path": "dz/structures/military/improvised",
    "usableOnConsole": false,
    "searchTags": "military, camonet, tent, netting, camouflage, cover, dark, green",
    "image": "images/structures/military/improvised/staticobj_mil_camonet_tent2.jpg",
    "id": "dzobj_huskfzqc2z"
  },
  {
    "objectName": "mil_fortified_nest_big.p3d",
    "inGameName": "-",
    "category": "structures",
    "modelType": "Raw P3D",
    "path": "dz/structures/military/improvised",
    "usableOnConsole": false,
    "searchTags": "improvised, military",
    "image": "images/structures/military/improvised/mil_fortified_nest_big.p3d.jpg",
    "id": "dzobj_rmuwmh42e2"
  },
  {
    "objectName": "mil_fortified_nest_small.p3d",
    "inGameName": "-",
    "category": "structures",
    "modelType": "Raw P3D",
    "path": "dz/structures/military/improvised",
    "usableOnConsole": false,
    "searchTags": "improvised, military",
    "image": "images/structures/military/improvised/mil_fortified_nest_small.p3d.jpg",
    "id": "dzobj_3goxwnvche"
  },
  {
    "objectName": "mil_fortified_nest_watchtower.p3d",
    "inGameName": "-",
    "category": "structures",
    "modelType": "Raw P3D",
    "path": "dz/structures/military/improvised",
    "usableOnConsole": false,
    "searchTags": "improvised, military",
    "image": "images/structures/military/improvised/mil_fortified_nest_watchtower.p3d.jpg",
    "id": "dzobj_y7qxjjtmk1"
  },
  {
    "objectName": "mil_guardshed.p3d",
    "inGameName": "-",
    "category": "structures",
    "modelType": "Raw P3D",
    "path": "dz/structures/military/improvised",
    "usableOnConsole": false,
    "searchTags": "military, guard, shed, checkpoint, security, small, wooden, lemonade_stand",
    "image": "images/structures/military/improvised/land_mil_guardshed.jpg",
    "id": "dzobj_txo1m1pmgt"
  },
  {
    "objectName": "mil_tent_big1_1.p3d",
    "inGameName": "-",
    "category": "structures",
    "modelType": "Raw P3D",
    "path": "dz/structures/military/improvised",
    "usableOnConsole": false,
    "searchTags": "military, tent, medium canvas, housing, soldiers, camp",
    "image": "images/structures/military/improvised/land_mil_tent_big1_1.jpg",
    "id": "dzobj_ntk8thhi83"
  },
  {
    "objectName": "mil_tent_big1_2.p3d",
    "inGameName": "-",
    "category": "structures",
    "modelType": "Raw P3D",
    "path": "dz/structures/military/improvised",
    "usableOnConsole": false,
    "searchTags": "military, tent, medium canvas, housing, soldiers, camp",
    "image": "images/structures/military/improvised/land_mil_tent_big1_2.jpg",
    "id": "dzobj_4pj2b3o6gt"
  },
  {
    "objectName": "mil_tent_big1_3.p3d",
    "inGameName": "-",
    "category": "structures",
    "modelType": "Raw P3D",
    "path": "dz/structures/military/improvised",
    "usableOnConsole": false,
    "searchTags": "military, tent, medium canvas, housing, soldiers, camp",
    "image": "images/structures/military/improvised/land_mil_tent_big1_3.jpg",
    "id": "dzobj_z2ktplok28"
  },
  {
    "objectName": "mil_tent_big1_4.p3d",
    "inGameName": "-",
    "category": "structures",
    "modelType": "Raw P3D",
    "path": "dz/structures/military/improvised",
    "usableOnConsole": false,
    "searchTags": "military, tent, medium canvas, housing, soldiers, camp",
    "image": "images/structures/military/improvised/land_mil_tent_big1_4.jpg",
    "id": "dzobj_033ys891bb"
  },
  {
    "objectName": "mil_tent_big1_5.p3d",
    "inGameName": "-",
    "category": "structures",
    "modelType": "Raw P3D",
    "path": "dz/structures/military/improvised",
    "usableOnConsole": false,
    "searchTags": "military, tent, medium canvas, housing, soldiers, camp",
    "image": "images/structures/military/improvised/land_mil_tent_big1_5.jpg",
    "id": "dzobj_iks4bvsqus"
  },
  {
    "objectName": "mil_tent_big2_1.p3d",
    "inGameName": "-",
    "category": "structures",
    "modelType": "Raw P3D",
    "path": "dz/structures/military/improvised",
    "usableOnConsole": false,
    "searchTags": "military, tent, medium canvas, housing, soldiers, camp, double, double_entrance",
    "image": "images/structures/military/improvised/land_mil_tent_big2_1.jpg",
    "id": "dzobj_jn8bzpd25f"
  },
  {
    "objectName": "mil_tent_big2_2.p3d",
    "inGameName": "-",
    "category": "structures",
    "modelType": "Raw P3D",
    "path": "dz/structures/military/improvised",
    "usableOnConsole": false,
    "searchTags": "military, tent, medium canvas, housing, soldiers, camp, double, double_entrance",
    "image": "images/structures/military/improvised/land_mil_tent_big2_2.jpg",
    "id": "dzobj_3jwa0vddd9"
  },
  {
    "objectName": "mil_tent_big2_3.p3d",
    "inGameName": "-",
    "category": "structures",
    "modelType": "Raw P3D",
    "path": "dz/structures/military/improvised",
    "usableOnConsole": false,
    "searchTags": "military, tent, medium canvas, housing, soldiers, camp, double, double_entrance",
    "image": "images/structures/military/improvised/land_mil_tent_big2_3.jpg",
    "id": "dzobj_9x04fvqpgo"
  },
  {
    "objectName": "mil_tent_big2_4.p3d",
    "inGameName": "-",
    "category": "structures",
    "modelType": "Raw P3D",
    "path": "dz/structures/military/improvised",
    "usableOnConsole": false,
    "searchTags": "military, tent, a, canvas, housing, soldiers, camp, double, double_entrance",
    "image": "images/structures/military/improvised/land_mil_tent_big2_4.jpg",
    "id": "dzobj_cy2kw1pwy9"
  },
  {
    "objectName": "mil_tent_big2_5.p3d",
    "inGameName": "-",
    "category": "structures",
    "modelType": "Raw P3D",
    "path": "dz/structures/military/improvised",
    "usableOnConsole": false,
    "searchTags": "military, tent, medium canvas, housing, soldiers, camp, type2, variant5",
    "image": "images/structures/military/improvised/land_mil_tent_big2_5.jpg",
    "id": "dzobj_z2dr9x2gbc"
  },
  {
    "objectName": "mil_tent_big3.p3d",
    "inGameName": "-",
    "category": "structures",
    "modelType": "Raw P3D",
    "path": "dz/structures/military/improvised",
    "usableOnConsole": false,
    "searchTags": "military, tent, large canvas, housing, soldiers, camp",
    "image": "images/structures/military/improvised/land_mil_tent_big3.jpg",
    "id": "dzobj_p6d3ihfksw"
  },
  {
    "objectName": "mil_tent_big4.p3d",
    "inGameName": "-",
    "category": "structures",
    "modelType": "Raw P3D",
    "path": "dz/structures/military/improvised",
    "usableOnConsole": false,
    "searchTags": "military, tent, medium canvas, housing, soldiers, camp",
    "image": "images/structures/military/improvised/land_mil_tent_big4.jpg",
    "id": "dzobj_0pe395qofw"
  },
  {
    "objectName": "roadblock_bags_curve.p3d",
    "inGameName": "-",
    "category": "structures",
    "modelType": "Raw P3D",
    "path": "dz/structures/military/improvised",
    "usableOnConsole": false,
    "searchTags": "military, roadblock, bags, sandbag, curve, defense, samll, curved, round",
    "image": "images/structures/military/improvised/staticobj_roadblock_bags_curve.jpg",
    "id": "dzobj_yzc2n7u29y"
  },
  {
    "objectName": "roadblock_bags_endl.p3d",
    "inGameName": "-",
    "category": "structures",
    "modelType": "Raw P3D",
    "path": "dz/structures/military/improvised",
    "usableOnConsole": false,
    "searchTags": "military, roadblock, bags, sandbag, end, left, small, defense",
    "image": "images/structures/military/improvised/staticobj_roadblock_bags_endl.jpg",
    "id": "dzobj_a6gc7no3ft"
  },
  {
    "objectName": "roadblock_bags_endr.p3d",
    "inGameName": "-",
    "category": "structures",
    "modelType": "Raw P3D",
    "path": "dz/structures/military/improvised",
    "usableOnConsole": false,
    "searchTags": "military, roadblock, bags, sandbag, end, right, small, defense",
    "image": "images/structures/military/improvised/staticobj_roadblock_bags_endr.jpg",
    "id": "dzobj_ivtkkf4ylt"
  },
  {
    "objectName": "roadblock_bags_long.p3d",
    "inGameName": "-",
    "category": "structures",
    "modelType": "Raw P3D",
    "path": "dz/structures/military/improvised",
    "usableOnConsole": false,
    "searchTags": "military, roadblock, bags, sandbag, long, defense, barrier",
    "image": "images/structures/military/improvised/staticobj_roadblock_bags_long.jpg",
    "id": "dzobj_qtseh1y927"
  },
  {
    "objectName": "roadblock_cncblock.p3d",
    "inGameName": "-",
    "category": "structures",
    "modelType": "Raw P3D",
    "path": "dz/structures/military/improvised",
    "usableOnConsole": false,
    "searchTags": "military, roadblock, concrete, block, barrier, defense, security, single, one, 1",
    "image": "images/structures/military/improvised/staticobj_roadblock_cncblock.jpg",
    "id": "dzobj_1a2qkzafhm"
  },
  {
    "objectName": "roadblock_cncblocks_long.p3d",
    "inGameName": "-",
    "category": "structures",
    "modelType": "Raw P3D",
    "path": "dz/structures/military/improvised",
    "usableOnConsole": false,
    "searchTags": "military, roadblock, concrete, blocks, long, barrier, defense, security, overlapping",
    "image": "images/structures/military/improvised/staticobj_roadblock_cncblocks_long.jpg",
    "id": "dzobj_07w5gzi7p5"
  },
  {
    "objectName": "roadblock_cncblocks_short.p3d",
    "inGameName": "-",
    "category": "structures",
    "modelType": "Raw P3D",
    "path": "dz/structures/military/improvised",
    "usableOnConsole": false,
    "searchTags": "military, roadblock, concrete, blocks, short, barrier, defense, two, double, stacked, 2",
    "image": "images/structures/military/improvised/staticobj_roadblock_cncblocks_short.jpg",
    "id": "dzobj_23o4sdps76"
  },
  {
    "objectName": "roadblock_pillbox.p3d",
    "inGameName": "-",
    "category": "structures",
    "modelType": "Raw P3D",
    "path": "dz/structures/military/improvised",
    "usableOnConsole": false,
    "searchTags": "military, roadblock, pillbox, bunker, fortification, defense, sandbags, concrete",
    "image": "images/structures/military/improvised/staticobj_roadblock_pillbox.jpg",
    "id": "dzobj_zzxhiyiba5"
  },
  {
    "objectName": "roadblock_table.p3d",
    "inGameName": "-",
    "category": "structures",
    "modelType": "Raw P3D",
    "path": "dz/structures/military/improvised",
    "usableOnConsole": false,
    "searchTags": "military, roadblock, table, checkpoint, furniture, plastic",
    "image": "images/structures/military/improvised/land_roadblock_table.jpg",
    "id": "dzobj_svag50apgh"
  },
  {
    "objectName": "roadblock_woodencrate.p3d",
    "inGameName": "-",
    "category": "structures",
    "modelType": "Raw P3D",
    "path": "dz/structures/military/improvised",
    "usableOnConsole": false,
    "searchTags": "military, roadblock, crate, wooden, checkpoint, storage",
    "image": "images/structures/military/improvised/land_roadblock_woodencrate.jpg",
    "id": "dzobj_ntu4o48n0v"
  },
  {
    "objectName": "roadblock_wood_long.p3d",
    "inGameName": "-",
    "category": "structures",
    "modelType": "Raw P3D",
    "path": "dz/structures/military/improvised",
    "usableOnConsole": false,
    "searchTags": "military, roadblock, wood, long, barrier, defense, security, crowd_control, traffic",
    "image": "images/structures/military/improvised/staticobj_roadblock_wood_long_de.jpg",
    "id": "dzobj_ocjjg1r9fi"
  },
  {
    "objectName": "roadblock_wood_small.p3d",
    "inGameName": "-",
    "category": "structures",
    "modelType": "Raw P3D",
    "path": "dz/structures/military/improvised",
    "usableOnConsole": false,
    "searchTags": "military, roadblock, wood, small, barrier, defense, security, crowd_control, traffic",
    "image": "images/structures/military/improvised/staticobj_roadblock_wood_small_de.jpg",
    "id": "dzobj_gs9p5k5r81"
  },
  {
    "objectName": "Land_Mil_Fortified_Nest_Big",
    "inGameName": "-",
    "category": "structures",
    "modelType": "Config",
    "path": "dz/structures/military/improvised",
    "usableOnConsole": true,
    "searchTags": "improvised, military",
    "image": "images/structures/military/improvised/land_mil_fortified_nest_big.jpg",
    "id": "dzobj_t1brecgh5v"
  },
  {
    "objectName": "Land_Mil_Fortified_Nest_Small",
    "inGameName": "-",
    "category": "structures",
    "modelType": "Config",
    "path": "dz/structures/military/improvised",
    "usableOnConsole": true,
    "searchTags": "improvised, military",
    "image": "images/structures/military/improvised/land_mil_fortified_nest_small.jpg",
    "id": "dzobj_wgzwnelz46"
  },
  {
    "objectName": "Land_Mil_Fortified_Nest_Watchtower",
    "inGameName": "-",
    "category": "structures",
    "modelType": "Config",
    "path": "dz/structures/military/improvised",
    "usableOnConsole": true,
    "searchTags": "improvised, military",
    "image": "images/structures/military/improvised/land_mil_fortified_nest_watchtower.jpg",
    "id": "dzobj_zm4xi5p5b8"
  },
  {
    "objectName": "Land_Mil_GuardShed",
    "inGameName": "-",
    "category": "structures",
    "modelType": "Config",
    "path": "dz/structures/military/improvised",
    "usableOnConsole": true,
    "searchTags": "improvised, military",
    "image": "images/structures/military/improvised/land_mil_guardshed.jpg",
    "id": "dzobj_ba2p82k72l"
  },
  {
    "objectName": "Land_Mil_Tent_Big1_1",
    "inGameName": "-",
    "category": "structures",
    "modelType": "Config",
    "path": "dz/structures/military/improvised",
    "usableOnConsole": true,
    "searchTags": "camping, improvised, military, shelter",
    "image": "images/structures/military/improvised/land_mil_tent_big1_1.jpg",
    "id": "dzobj_pfbxemo522"
  },
  {
    "objectName": "Land_Mil_Tent_Big1_2",
    "inGameName": "-",
    "category": "structures",
    "modelType": "Config",
    "path": "dz/structures/military/improvised",
    "usableOnConsole": true,
    "searchTags": "camping, improvised, military, shelter",
    "image": "images/structures/military/improvised/land_mil_tent_big1_2.jpg",
    "id": "dzobj_qjacfnbo3f"
  },
  {
    "objectName": "Land_Mil_Tent_Big1_3",
    "inGameName": "-",
    "category": "structures",
    "modelType": "Config",
    "path": "dz/structures/military/improvised",
    "usableOnConsole": true,
    "searchTags": "camping, improvised, military, shelter",
    "image": "images/structures/military/improvised/land_mil_tent_big1_3.jpg",
    "id": "dzobj_35nrg3nt3c"
  },
  {
    "objectName": "Land_Mil_Tent_Big1_4",
    "inGameName": "-",
    "category": "structures",
    "modelType": "Config",
    "path": "dz/structures/military/improvised",
    "usableOnConsole": true,
    "searchTags": "camping, improvised, military, shelter",
    "image": "images/structures/military/improvised/land_mil_tent_big1_4.jpg",
    "id": "dzobj_unf02iwq68"
  },
  {
    "objectName": "Land_Mil_Tent_Big1_5",
    "inGameName": "-",
    "category": "structures",
    "modelType": "Config",
    "path": "dz/structures/military/improvised",
    "usableOnConsole": true,
    "searchTags": "camping, improvised, military, shelter",
    "image": "images/structures/military/improvised/land_mil_tent_big1_5.jpg",
    "id": "dzobj_tg2iqx0dt4"
  },
  {
    "objectName": "Land_Mil_Tent_Big2_1",
    "inGameName": "-",
    "category": "structures",
    "modelType": "Config",
    "path": "dz/structures/military/improvised",
    "usableOnConsole": true,
    "searchTags": "camping, improvised, military, shelter",
    "image": "images/structures/military/improvised/land_mil_tent_big2_1.jpg",
    "id": "dzobj_b4yo0a02s9"
  },
  {
    "objectName": "Land_Mil_Tent_Big2_2",
    "inGameName": "-",
    "category": "structures",
    "modelType": "Config",
    "path": "dz/structures/military/improvised",
    "usableOnConsole": true,
    "searchTags": "camping, improvised, military, shelter",
    "image": "images/structures/military/improvised/land_mil_tent_big2_2.jpg",
    "id": "dzobj_dn1uozmq6s"
  },
  {
    "objectName": "Land_Mil_Tent_Big2_3",
    "inGameName": "-",
    "category": "structures",
    "modelType": "Config",
    "path": "dz/structures/military/improvised",
    "usableOnConsole": true,
    "searchTags": "camping, improvised, military, shelter",
    "image": "images/structures/military/improvised/land_mil_tent_big2_3.jpg",
    "id": "dzobj_j149c0wcg6"
  },
  {
    "objectName": "Land_Mil_Tent_Big2_4",
    "inGameName": "-",
    "category": "structures",
    "modelType": "Config",
    "path": "dz/structures/military/improvised",
    "usableOnConsole": true,
    "searchTags": "camping, improvised, military, shelter",
    "image": "images/structures/military/improvised/land_mil_tent_big2_4.jpg",
    "id": "dzobj_e0mnqlbm82"
  },
  {
    "objectName": "Land_Mil_Tent_Big2_5",
    "inGameName": "-",
    "category": "structures",
    "modelType": "Config",
    "path": "dz/structures/military/improvised",
    "usableOnConsole": true,
    "searchTags": "camping, improvised, military, shelter",
    "image": "images/structures/military/improvised/land_mil_tent_big2_5.jpg",
    "id": "dzobj_dfgjqsyc33"
  },
  {
    "objectName": "Land_Mil_Tent_Big3",
    "inGameName": "-",
    "category": "structures",
    "modelType": "Config",
    "path": "dz/structures/military/improvised",
    "usableOnConsole": true,
    "searchTags": "camping, improvised, military, shelter",
    "image": "images/structures/military/improvised/land_mil_tent_big3.jpg",
    "id": "dzobj_k3zuz49w6o"
  },
  {
    "objectName": "Land_Mil_Tent_Big4",
    "inGameName": "-",
    "category": "structures",
    "modelType": "Config",
    "path": "dz/structures/military/improvised",
    "usableOnConsole": true,
    "searchTags": "camping, improvised, military, shelter",
    "image": "images/structures/military/improvised/land_mil_tent_big4.jpg",
    "id": "dzobj_vf6t2rzip7"
  }
]
