[
  {
    "objectName": "StaticObj_Furniture_case_sink_a",
    "inGameName": "-",
    "category": "structures",
    "modelType": "Config",
    "path": "dz/structures/furniture/kitchen/case_sink_a",
    "usableOnConsole": true,
    "searchTags": "bathroom, cooking, interior, kitchen, wash",
    "image": "images/structures/furniture/kitchen/case_sink_a/staticobj_furniture_case_sink_a.jpg"
  },
  {
    "objectName": "case_sink_a.p3d",
    "inGameName": "-",
    "category": "structures",
    "modelType": "Raw P3D",
    "path": "dz/structures/furniture/kitchen/case_sink_a",
    "usableOnConsole": false,
    "searchTags": "bathroom, cooking, furniture, interior, kitchen, wash",
    "image": "images/structures/furniture/kitchen/case_sink_a/case_sink_a.p3d.jpg"
  }
]
