[
  {
    "objectName": "PVCBow",
    "inGameName": "PVC Bow",
    "category": "weapons",
    "modelType": "Config",
    "path": "dz/weapons/archery/bow_pvc",
    "usableOnConsole": true,
    "searchTags": "archery, weapon, weapons",
    "image": "images/weapons/archery/bow_pvc/pvcbow.jpg",
    "id": "dzobj_ijgyudsh2o"
  },
  {
    "objectName": "bow_pvc.p3d",
    "inGameName": "PVC Bow",
    "category": "weapons",
    "modelType": "Raw P3D",
    "path": "dz/weapons/archery/bow_pvc",
    "usableOnConsole": false,
    "searchTags": "archery, weapon, weapons",
    "image": "images/weapons/archery/bow_pvc/bow_pvc.p3d.jpg",
    "id": "dzobj_gcb9obv0tb"
  }
]
