[
  {
    "objectName": "StaticObj_Furniture_office_desk",
    "inGameName": "-",
    "category": "structures",
    "modelType": "Config",
    "path": "dz/structures/furniture/tables/office_desk",
    "usableOnConsole": true,
    "searchTags": "tables",
    "image": "images/structures/furniture/tables/office_desk/staticobj_furniture_office_desk.jpg",
    "id": "dzobj_1nlii8dnhk"
  },
  {
    "objectName": "desk_office.p3d",
    "inGameName": "-",
    "category": "structures",
    "modelType": "Raw P3D",
    "path": "dz/structures/furniture/tables/office_desk",
    "usableOnConsole": false,
    "searchTags": "furniture, tables",
    "image": "images/structures/furniture/tables/office_desk/desk_office.p3d.jpg",
    "id": "dzobj_y6dcj7p7do"
  }
]
