[
  {
    "objectName": "SSG82",
    "inGameName": "SSG 82",
    "category": "weapons",
    "modelType": "Config",
    "path": "dz/weapons/firearms/ssg82",
    "usableOnConsole": true,
    "searchTags": "rifles, 5.56x45",
    "image": "images/weapons/firearms/ssg82.jpg"
  },
  {
    "objectName": "ssg82.p3d",
    "inGameName": "SSG 82",
    "category": "weapons",
    "modelType": "Raw P3D",
    "path": "dz/weapons/firearms/ssg82",
    "usableOnConsole": false,
    "searchTags": "firearms, weapon, weapons",
    "image": "images/weapons/firearms/ssg82/ssg82.p3d.jpg"
  }
]
