[
  {
    "objectName": "StaticObj_water_pond_50x50m",
    "inGameName": "-",
    "category": "water",
    "modelType": "Config",
    "path": "dz/water/ponds",
    "usableOnConsole": true,
    "searchTags": "",
    "image": "images/water/ponds/staticobj_water_pond_50x50m.jpg",
    "id": "dzobj_xxvvnq5piy"
  },
  {
    "objectName": "lake_50x50.p3d",
    "inGameName": "-",
    "category": "water",
    "modelType": "Raw P3D",
    "path": "dz/water/ponds",
    "usableOnConsole": false,
    "searchTags": "",
    "image": "images/water/ponds/lake_50x50.p3d.jpg",
    "id": "dzobj_0daujctom2"
  },
  {
    "objectName": "pond_50x50.p3d",
    "inGameName": "-",
    "category": "water",
    "modelType": "Raw P3D",
    "path": "dz/water/ponds",
    "usableOnConsole": false,
    "searchTags": "",
    "image": "images/water/ponds/pond_50x50.p3d.jpg",
    "id": "dzobj_nepc4kgqu6"
  },
  {
    "objectName": "pond_big_29_01.p3d",
    "inGameName": "-",
    "category": "water",
    "modelType": "Raw P3D",
    "path": "dz/water/ponds",
    "usableOnConsole": false,
    "searchTags": "",
    "image": "images/water/ponds/pond_big_29_01.p3d.jpg",
    "id": "dzobj_zq51ycozg3"
  },
  {
    "objectName": "pond_big_29_02.p3d",
    "inGameName": "-",
    "category": "water",
    "modelType": "Raw P3D",
    "path": "dz/water/ponds",
    "usableOnConsole": false,
    "searchTags": "",
    "image": "images/water/ponds/pond_big_29_02.p3d.jpg",
    "id": "dzobj_j2bx1xegnr"
  },
  {
    "objectName": "pond_big_29_03.p3d",
    "inGameName": "-",
    "category": "water",
    "modelType": "Raw P3D",
    "path": "dz/water/ponds",
    "usableOnConsole": false,
    "searchTags": "",
    "image": "images/water/ponds/pond_big_29_03.p3d.jpg",
    "id": "dzobj_cnfnfx4bah"
  },
  {
    "objectName": "pond_big_29_04.p3d",
    "inGameName": "-",
    "category": "water",
    "modelType": "Raw P3D",
    "path": "dz/water/ponds",
    "usableOnConsole": false,
    "searchTags": "",
    "image": "images/water/ponds/pond_big_29_04.p3d.jpg",
    "id": "dzobj_fc4usotilt"
  },
  {
    "objectName": "pond_big_30_01.p3d",
    "inGameName": "-",
    "category": "water",
    "modelType": "Raw P3D",
    "path": "dz/water/ponds",
    "usableOnConsole": false,
    "searchTags": "",
    "image": "images/water/ponds/pond_big_30_01.p3d.jpg",
    "id": "dzobj_5n28j7er6b"
  },
  {
    "objectName": "pond_big_30_02.p3d",
    "inGameName": "-",
    "category": "water",
    "modelType": "Raw P3D",
    "path": "dz/water/ponds",
    "usableOnConsole": false,
    "searchTags": "",
    "image": "images/water/ponds/pond_big_30_02.p3d.jpg",
    "id": "dzobj_x22fzqeaip"
  },
  {
    "objectName": "pond_big_30_03.p3d",
    "inGameName": "-",
    "category": "water",
    "modelType": "Raw P3D",
    "path": "dz/water/ponds",
    "usableOnConsole": false,
    "searchTags": "",
    "image": "images/water/ponds/pond_big_30_03.p3d.jpg",
    "id": "dzobj_hrfll2qshx"
  },
  {
    "objectName": "pond_big_30_04.p3d",
    "inGameName": "-",
    "category": "water",
    "modelType": "Raw P3D",
    "path": "dz/water/ponds",
    "usableOnConsole": false,
    "searchTags": "",
    "image": "images/water/ponds/pond_big_30_04.p3d.jpg",
    "id": "dzobj_dad5czs7be"
  },
  {
    "objectName": "pond_big_31_01.p3d",
    "inGameName": "-",
    "category": "water",
    "modelType": "Raw P3D",
    "path": "dz/water/ponds",
    "usableOnConsole": false,
    "searchTags": "",
    "image": "images/water/ponds/pond_big_31_01.p3d.jpg",
    "id": "dzobj_3h8mgg0qpr"
  },
  {
    "objectName": "pond_big_31_02.p3d",
    "inGameName": "-",
    "category": "water",
    "modelType": "Raw P3D",
    "path": "dz/water/ponds",
    "usableOnConsole": false,
    "searchTags": "",
    "image": "images/water/ponds/pond_big_31_02.p3d.jpg",
    "id": "dzobj_7rbyo3ycra"
  },
  {
    "objectName": "pond_big_31_03.p3d",
    "inGameName": "-",
    "category": "water",
    "modelType": "Raw P3D",
    "path": "dz/water/ponds",
    "usableOnConsole": false,
    "searchTags": "",
    "image": "images/water/ponds/pond_big_31_03.p3d.jpg",
    "id": "dzobj_bvs6ut41ox"
  },
  {
    "objectName": "pond_big_31_04.p3d",
    "inGameName": "-",
    "category": "water",
    "modelType": "Raw P3D",
    "path": "dz/water/ponds",
    "usableOnConsole": false,
    "searchTags": "",
    "image": "images/water/ponds/pond_big_31_04.p3d.jpg",
    "id": "dzobj_4d5zj48em4"
  },
  {
    "objectName": "pond_big_33_01.p3d",
    "inGameName": "-",
    "category": "water",
    "modelType": "Raw P3D",
    "path": "dz/water/ponds",
    "usableOnConsole": false,
    "searchTags": "",
    "image": "images/water/ponds/pond_big_33_01.p3d.jpg",
    "id": "dzobj_3vlfsyk8vg"
  },
  {
    "objectName": "pond_big_33_02.p3d",
    "inGameName": "-",
    "category": "water",
    "modelType": "Raw P3D",
    "path": "dz/water/ponds",
    "usableOnConsole": false,
    "searchTags": "",
    "image": "images/water/ponds/pond_big_33_02.p3d.jpg",
    "id": "dzobj_7zj5mhfwnx"
  },
  {
    "objectName": "pond_big_33_03.p3d",
    "inGameName": "-",
    "category": "water",
    "modelType": "Raw P3D",
    "path": "dz/water/ponds",
    "usableOnConsole": false,
    "searchTags": "",
    "image": "images/water/ponds/pond_big_33_03.p3d.jpg",
    "id": "dzobj_ahedg13h56"
  },
  {
    "objectName": "pond_big_34_01.p3d",
    "inGameName": "-",
    "category": "water",
    "modelType": "Raw P3D",
    "path": "dz/water/ponds",
    "usableOnConsole": false,
    "searchTags": "",
    "image": "images/water/ponds/pond_big_34_01.p3d.jpg",
    "id": "dzobj_bub4179551"
  },
  {
    "objectName": "pond_big_34_02.p3d",
    "inGameName": "-",
    "category": "water",
    "modelType": "Raw P3D",
    "path": "dz/water/ponds",
    "usableOnConsole": false,
    "searchTags": "",
    "image": "images/water/ponds/pond_big_34_02.p3d.jpg",
    "id": "dzobj_3qdf77hn5k"
  },
  {
    "objectName": "pond_big_34_03.p3d",
    "inGameName": "-",
    "category": "water",
    "modelType": "Raw P3D",
    "path": "dz/water/ponds",
    "usableOnConsole": false,
    "searchTags": "",
    "image": "images/water/ponds/pond_big_34_03.p3d.jpg",
    "id": "dzobj_z1h5860zny"
  },
  {
    "objectName": "pond_big_34_04.p3d",
    "inGameName": "-",
    "category": "water",
    "modelType": "Raw P3D",
    "path": "dz/water/ponds",
    "usableOnConsole": false,
    "searchTags": "",
    "image": "images/water/ponds/pond_big_34_04.p3d.jpg",
    "id": "dzobj_0a1e54z6we"
  },
  {
    "objectName": "pond_big_35_01.p3d",
    "inGameName": "-",
    "category": "water",
    "modelType": "Raw P3D",
    "path": "dz/water/ponds",
    "usableOnConsole": false,
    "searchTags": "",
    "image": "images/water/ponds/pond_big_35_01.p3d.jpg",
    "id": "dzobj_66sx5lxky8"
  },
  {
    "objectName": "pond_big_35_02.p3d",
    "inGameName": "-",
    "category": "water",
    "modelType": "Raw P3D",
    "path": "dz/water/ponds",
    "usableOnConsole": false,
    "searchTags": "",
    "image": "images/water/ponds/pond_big_35_02.p3d.jpg",
    "id": "dzobj_kbnht6rnpv"
  },
  {
    "objectName": "pond_big_36_01.p3d",
    "inGameName": "-",
    "category": "water",
    "modelType": "Raw P3D",
    "path": "dz/water/ponds",
    "usableOnConsole": false,
    "searchTags": "",
    "image": "images/water/ponds/pond_big_36_01.p3d.jpg",
    "id": "dzobj_58o0gdfn3j"
  },
  {
    "objectName": "pond_big_36_02.p3d",
    "inGameName": "-",
    "category": "water",
    "modelType": "Raw P3D",
    "path": "dz/water/ponds",
    "usableOnConsole": false,
    "searchTags": "",
    "image": "images/water/ponds/pond_big_36_02.p3d.jpg",
    "id": "dzobj_1jijzrm97a"
  },
  {
    "objectName": "pond_big_36_03.p3d",
    "inGameName": "-",
    "category": "water",
    "modelType": "Raw P3D",
    "path": "dz/water/ponds",
    "usableOnConsole": false,
    "searchTags": "",
    "image": "images/water/ponds/pond_big_36_03.p3d.jpg",
    "id": "dzobj_0nf9a5libb"
  },
  {
    "objectName": "pond_big_36_04.p3d",
    "inGameName": "-",
    "category": "water",
    "modelType": "Raw P3D",
    "path": "dz/water/ponds",
    "usableOnConsole": false,
    "searchTags": "",
    "image": "images/water/ponds/pond_big_36_04.p3d.jpg",
    "id": "dzobj_gp4a9mzm7q"
  },
  {
    "objectName": "pond_big_37_01.p3d",
    "inGameName": "-",
    "category": "water",
    "modelType": "Raw P3D",
    "path": "dz/water/ponds",
    "usableOnConsole": false,
    "searchTags": "",
    "image": "images/water/ponds/pond_big_37_01.p3d.jpg",
    "id": "dzobj_fqscr3jn9p"
  },
  {
    "objectName": "pond_big_37_02.p3d",
    "inGameName": "-",
    "category": "water",
    "modelType": "Raw P3D",
    "path": "dz/water/ponds",
    "usableOnConsole": false,
    "searchTags": "",
    "image": "images/water/ponds/pond_big_37_02.p3d.jpg",
    "id": "dzobj_aed0h27idn"
  },
  {
    "objectName": "pond_big_37_03.p3d",
    "inGameName": "-",
    "category": "water",
    "modelType": "Raw P3D",
    "path": "dz/water/ponds",
    "usableOnConsole": false,
    "searchTags": "",
    "image": "images/water/ponds/pond_big_37_03.p3d.jpg",
    "id": "dzobj_c56lc9cni6"
  },
  {
    "objectName": "pond_big_37_04.p3d",
    "inGameName": "-",
    "category": "water",
    "modelType": "Raw P3D",
    "path": "dz/water/ponds",
    "usableOnConsole": false,
    "searchTags": "",
    "image": "images/water/ponds/pond_big_37_04.p3d.jpg",
    "id": "dzobj_5etr47mv2d"
  },
  {
    "objectName": "pond_big_38_01.p3d",
    "inGameName": "-",
    "category": "water",
    "modelType": "Raw P3D",
    "path": "dz/water/ponds",
    "usableOnConsole": false,
    "searchTags": "",
    "image": "images/water/ponds/pond_big_38_01.p3d.jpg",
    "id": "dzobj_crtmfsbgfd"
  },
  {
    "objectName": "pond_big_38_02.p3d",
    "inGameName": "-",
    "category": "water",
    "modelType": "Raw P3D",
    "path": "dz/water/ponds",
    "usableOnConsole": false,
    "searchTags": "",
    "image": "images/water/ponds/pond_big_38_02.p3d.jpg",
    "id": "dzobj_hu0lkl5raz"
  },
  {
    "objectName": "pond_big_38_03.p3d",
    "inGameName": "-",
    "category": "water",
    "modelType": "Raw P3D",
    "path": "dz/water/ponds",
    "usableOnConsole": false,
    "searchTags": "",
    "image": "images/water/ponds/pond_big_38_03.p3d.jpg",
    "id": "dzobj_vsqixaushq"
  },
  {
    "objectName": "pond_big_38_04.p3d",
    "inGameName": "-",
    "category": "water",
    "modelType": "Raw P3D",
    "path": "dz/water/ponds",
    "usableOnConsole": false,
    "searchTags": "",
    "image": "images/water/ponds/pond_big_38_04.p3d.jpg",
    "id": "dzobj_qomamoqlym"
  },
  {
    "objectName": "pond_big_39_01.p3d",
    "inGameName": "-",
    "category": "water",
    "modelType": "Raw P3D",
    "path": "dz/water/ponds",
    "usableOnConsole": false,
    "searchTags": "",
    "image": "images/water/ponds/pond_big_39_01.p3d.jpg",
    "id": "dzobj_hrx80ihwa0"
  },
  {
    "objectName": "pond_big_39_02.p3d",
    "inGameName": "-",
    "category": "water",
    "modelType": "Raw P3D",
    "path": "dz/water/ponds",
    "usableOnConsole": false,
    "searchTags": "",
    "image": "images/water/ponds/pond_big_39_02.p3d.jpg",
    "id": "dzobj_qk504atqfb"
  },
  {
    "objectName": "pond_big_39_03.p3d",
    "inGameName": "-",
    "category": "water",
    "modelType": "Raw P3D",
    "path": "dz/water/ponds",
    "usableOnConsole": false,
    "searchTags": "",
    "image": "images/water/ponds/pond_big_39_03.p3d.jpg",
    "id": "dzobj_ljatk41bnp"
  },
  {
    "objectName": "pond_big_39_04.p3d",
    "inGameName": "-",
    "category": "water",
    "modelType": "Raw P3D",
    "path": "dz/water/ponds",
    "usableOnConsole": false,
    "searchTags": "",
    "image": "images/water/ponds/pond_big_39_04.p3d.jpg",
    "id": "dzobj_0g4y2tmnar"
  },
  {
    "objectName": "pond_big_40_01.p3d",
    "inGameName": "-",
    "category": "water",
    "modelType": "Raw P3D",
    "path": "dz/water/ponds",
    "usableOnConsole": false,
    "searchTags": "",
    "image": "images/water/ponds/pond_big_40_01.p3d.jpg",
    "id": "dzobj_1bqdnwou22"
  },
  {
    "objectName": "pond_big_40_02.p3d",
    "inGameName": "-",
    "category": "water",
    "modelType": "Raw P3D",
    "path": "dz/water/ponds",
    "usableOnConsole": false,
    "searchTags": "",
    "image": "images/water/ponds/pond_big_40_02.p3d.jpg",
    "id": "dzobj_raemwo959f"
  },
  {
    "objectName": "pond_big_40_03.p3d",
    "inGameName": "-",
    "category": "water",
    "modelType": "Raw P3D",
    "path": "dz/water/ponds",
    "usableOnConsole": false,
    "searchTags": "",
    "image": "images/water/ponds/pond_big_40_03.p3d.jpg",
    "id": "dzobj_jj4rprnvzu"
  },
  {
    "objectName": "pond_big_40_04.p3d",
    "inGameName": "-",
    "category": "water",
    "modelType": "Raw P3D",
    "path": "dz/water/ponds",
    "usableOnConsole": false,
    "searchTags": "",
    "image": "images/water/ponds/pond_big_40_04.p3d.jpg",
    "id": "dzobj_t18o7tbyb2"
  },
  {
    "objectName": "pond_big_41_01.p3d",
    "inGameName": "-",
    "category": "water",
    "modelType": "Raw P3D",
    "path": "dz/water/ponds",
    "usableOnConsole": false,
    "searchTags": "",
    "image": "images/water/ponds/pond_big_41_01.p3d.jpg",
    "id": "dzobj_cxdos1ubqh"
  },
  {
    "objectName": "pond_big_41_02.p3d",
    "inGameName": "-",
    "category": "water",
    "modelType": "Raw P3D",
    "path": "dz/water/ponds",
    "usableOnConsole": false,
    "searchTags": "",
    "image": "images/water/ponds/pond_big_41_02.p3d.jpg",
    "id": "dzobj_sdrl3nbrvi"
  },
  {
    "objectName": "pond_big_41_03.p3d",
    "inGameName": "-",
    "category": "water",
    "modelType": "Raw P3D",
    "path": "dz/water/ponds",
    "usableOnConsole": false,
    "searchTags": "",
    "image": "images/water/ponds/pond_big_41_03.p3d.jpg",
    "id": "dzobj_xojhm7dedy"
  },
  {
    "objectName": "pond_big_41_04.p3d",
    "inGameName": "-",
    "category": "water",
    "modelType": "Raw P3D",
    "path": "dz/water/ponds",
    "usableOnConsole": false,
    "searchTags": "",
    "image": "images/water/ponds/pond_big_41_04.p3d.jpg",
    "id": "dzobj_xbvhbdo41p"
  },
  {
    "objectName": "pond_big_41_05.p3d",
    "inGameName": "-",
    "category": "water",
    "modelType": "Raw P3D",
    "path": "dz/water/ponds",
    "usableOnConsole": false,
    "searchTags": "",
    "image": "images/water/ponds/pond_big_41_05.p3d.jpg",
    "id": "dzobj_wnyb0zkype"
  },
  {
    "objectName": "pond_big_42_01.p3d",
    "inGameName": "-",
    "category": "water",
    "modelType": "Raw P3D",
    "path": "dz/water/ponds",
    "usableOnConsole": false,
    "searchTags": "",
    "image": "images/water/ponds/pond_big_42_01.p3d.jpg",
    "id": "dzobj_jrqaiqwst1"
  },
  {
    "objectName": "pond_big_42_02.p3d",
    "inGameName": "-",
    "category": "water",
    "modelType": "Raw P3D",
    "path": "dz/water/ponds",
    "usableOnConsole": false,
    "searchTags": "",
    "image": "images/water/ponds/pond_big_42_02.p3d.jpg",
    "id": "dzobj_s6lvep6qq0"
  },
  {
    "objectName": "pond_big_42_03.p3d",
    "inGameName": "-",
    "category": "water",
    "modelType": "Raw P3D",
    "path": "dz/water/ponds",
    "usableOnConsole": false,
    "searchTags": "",
    "image": "images/water/ponds/pond_big_42_03.p3d.jpg",
    "id": "dzobj_nf6j45aesh"
  },
  {
    "objectName": "pond_big_42_04.p3d",
    "inGameName": "-",
    "category": "water",
    "modelType": "Raw P3D",
    "path": "dz/water/ponds",
    "usableOnConsole": false,
    "searchTags": "",
    "image": "images/water/ponds/pond_big_42_04.p3d.jpg",
    "id": "dzobj_mpopyo24xm"
  },
  {
    "objectName": "pond_big_42_05.p3d",
    "inGameName": "-",
    "category": "water",
    "modelType": "Raw P3D",
    "path": "dz/water/ponds",
    "usableOnConsole": false,
    "searchTags": "",
    "image": "images/water/ponds/pond_big_42_05.p3d.jpg",
    "id": "dzobj_cbspdgzywd"
  },
  {
    "objectName": "pond_big_42_06.p3d",
    "inGameName": "-",
    "category": "water",
    "modelType": "Raw P3D",
    "path": "dz/water/ponds",
    "usableOnConsole": false,
    "searchTags": "",
    "image": "images/water/ponds/pond_big_42_06.p3d.jpg",
    "id": "dzobj_mm9xofzu86"
  },
  {
    "objectName": "pond_big_42_07.p3d",
    "inGameName": "-",
    "category": "water",
    "modelType": "Raw P3D",
    "path": "dz/water/ponds",
    "usableOnConsole": false,
    "searchTags": "",
    "image": "images/water/ponds/pond_big_42_07.p3d.jpg",
    "id": "dzobj_0f6vw2uy8r"
  },
  {
    "objectName": "pond_big_42_08.p3d",
    "inGameName": "-",
    "category": "water",
    "modelType": "Raw P3D",
    "path": "dz/water/ponds",
    "usableOnConsole": false,
    "searchTags": "",
    "image": "images/water/ponds/pond_big_42_08.p3d.jpg",
    "id": "dzobj_jbng17hrxl"
  },
  {
    "objectName": "pond_big_42_09.p3d",
    "inGameName": "-",
    "category": "water",
    "modelType": "Raw P3D",
    "path": "dz/water/ponds",
    "usableOnConsole": false,
    "searchTags": "",
    "image": "images/water/ponds/pond_big_42_09.p3d.jpg",
    "id": "dzobj_k1r1y9yn7h"
  },
  {
    "objectName": "pond_big_42_10.p3d",
    "inGameName": "-",
    "category": "water",
    "modelType": "Raw P3D",
    "path": "dz/water/ponds",
    "usableOnConsole": false,
    "searchTags": "",
    "image": "images/water/ponds/pond_big_42_10.p3d.jpg",
    "id": "dzobj_8gwwljb8gv"
  },
  {
    "objectName": "pond_big_42_11.p3d",
    "inGameName": "-",
    "category": "water",
    "modelType": "Raw P3D",
    "path": "dz/water/ponds",
    "usableOnConsole": false,
    "searchTags": "",
    "image": "images/water/ponds/pond_big_42_11.p3d.jpg",
    "id": "dzobj_srdojaps3v"
  },
  {
    "objectName": "pond_big_42_12.p3d",
    "inGameName": "-",
    "category": "water",
    "modelType": "Raw P3D",
    "path": "dz/water/ponds",
    "usableOnConsole": false,
    "searchTags": "",
    "image": "images/water/ponds/pond_big_42_12.p3d.jpg",
    "id": "dzobj_jf0ow2me3u"
  },
  {
    "objectName": "pond_big_42_13.p3d",
    "inGameName": "-",
    "category": "water",
    "modelType": "Raw P3D",
    "path": "dz/water/ponds",
    "usableOnConsole": false,
    "searchTags": "",
    "image": "images/water/ponds/pond_big_42_13.p3d.jpg",
    "id": "dzobj_0qqngzrbdj"
  },
  {
    "objectName": "pond_big_42_14.p3d",
    "inGameName": "-",
    "category": "water",
    "modelType": "Raw P3D",
    "path": "dz/water/ponds",
    "usableOnConsole": false,
    "searchTags": "",
    "image": "images/water/ponds/pond_big_42_14.p3d.jpg",
    "id": "dzobj_8vmswsqqcf"
  },
  {
    "objectName": "pond_big_42_15.p3d",
    "inGameName": "-",
    "category": "water",
    "modelType": "Raw P3D",
    "path": "dz/water/ponds",
    "usableOnConsole": false,
    "searchTags": "",
    "image": "images/water/ponds/pond_big_42_15.p3d.jpg",
    "id": "dzobj_s23aq45wqz"
  },
  {
    "objectName": "pond_big_42_16.p3d",
    "inGameName": "-",
    "category": "water",
    "modelType": "Raw P3D",
    "path": "dz/water/ponds",
    "usableOnConsole": false,
    "searchTags": "",
    "image": "images/water/ponds/pond_big_42_16.p3d.jpg",
    "id": "dzobj_o85kq8ko32"
  },
  {
    "objectName": "pond_big_42_17.p3d",
    "inGameName": "-",
    "category": "water",
    "modelType": "Raw P3D",
    "path": "dz/water/ponds",
    "usableOnConsole": false,
    "searchTags": "",
    "image": "images/water/ponds/pond_big_42_17.p3d.jpg",
    "id": "dzobj_tparhouehs"
  },
  {
    "objectName": "pond_big_42_18.p3d",
    "inGameName": "-",
    "category": "water",
    "modelType": "Raw P3D",
    "path": "dz/water/ponds",
    "usableOnConsole": false,
    "searchTags": "",
    "image": "images/water/ponds/pond_big_42_18.p3d.jpg",
    "id": "dzobj_f1bbw50jyo"
  },
  {
    "objectName": "pond_big_42_19.p3d",
    "inGameName": "-",
    "category": "water",
    "modelType": "Raw P3D",
    "path": "dz/water/ponds",
    "usableOnConsole": false,
    "searchTags": "",
    "image": "images/water/ponds/pond_big_42_19.p3d.jpg",
    "id": "dzobj_gzrn9d3198"
  },
  {
    "objectName": "pond_big_42_20.p3d",
    "inGameName": "-",
    "category": "water",
    "modelType": "Raw P3D",
    "path": "dz/water/ponds",
    "usableOnConsole": false,
    "searchTags": "",
    "image": "images/water/ponds/pond_big_42_20.p3d.jpg",
    "id": "dzobj_usaef5wsce"
  },
  {
    "objectName": "pond_big_44.p3d",
    "inGameName": "-",
    "category": "water",
    "modelType": "Raw P3D",
    "path": "dz/water/ponds",
    "usableOnConsole": false,
    "searchTags": "",
    "image": "images/water/ponds/pond_big_44.p3d.jpg",
    "id": "dzobj_sticb9itsy"
  },
  {
    "objectName": "pond_big_ly_1.p3d",
    "inGameName": "-",
    "category": "water",
    "modelType": "Raw P3D",
    "path": "dz/water/ponds",
    "usableOnConsole": false,
    "searchTags": "",
    "image": "images/water/ponds/pond_big_ly_1.p3d.jpg",
    "id": "dzobj_l5p17zj9t0"
  },
  {
    "objectName": "pond_big_ly_10.p3d",
    "inGameName": "-",
    "category": "water",
    "modelType": "Raw P3D",
    "path": "dz/water/ponds",
    "usableOnConsole": false,
    "searchTags": "",
    "image": "images/water/ponds/pond_big_ly_10.p3d.jpg",
    "id": "dzobj_yxfhgu682f"
  },
  {
    "objectName": "pond_big_ly_11.p3d",
    "inGameName": "-",
    "category": "water",
    "modelType": "Raw P3D",
    "path": "dz/water/ponds",
    "usableOnConsole": false,
    "searchTags": "",
    "image": "images/water/ponds/pond_big_ly_11.p3d.jpg",
    "id": "dzobj_d9y3l8duix"
  },
  {
    "objectName": "pond_big_ly_2.p3d",
    "inGameName": "-",
    "category": "water",
    "modelType": "Raw P3D",
    "path": "dz/water/ponds",
    "usableOnConsole": false,
    "searchTags": "",
    "image": "images/water/ponds/pond_big_ly_2.p3d.jpg",
    "id": "dzobj_bipn4c93ea"
  },
  {
    "objectName": "pond_big_ly_3.p3d",
    "inGameName": "-",
    "category": "water",
    "modelType": "Raw P3D",
    "path": "dz/water/ponds",
    "usableOnConsole": false,
    "searchTags": "",
    "image": "images/water/ponds/pond_big_ly_3.p3d.jpg",
    "id": "dzobj_uyn3j5vez4"
  },
  {
    "objectName": "pond_big_ly_4.p3d",
    "inGameName": "-",
    "category": "water",
    "modelType": "Raw P3D",
    "path": "dz/water/ponds",
    "usableOnConsole": false,
    "searchTags": "",
    "image": "images/water/ponds/pond_big_ly_4.p3d.jpg",
    "id": "dzobj_3cq6519xq8"
  },
  {
    "objectName": "pond_big_ly_5.p3d",
    "inGameName": "-",
    "category": "water",
    "modelType": "Raw P3D",
    "path": "dz/water/ponds",
    "usableOnConsole": false,
    "searchTags": "",
    "image": "images/water/ponds/pond_big_ly_5.p3d.jpg",
    "id": "dzobj_r7c0nnpci4"
  },
  {
    "objectName": "pond_big_ly_6.p3d",
    "inGameName": "-",
    "category": "water",
    "modelType": "Raw P3D",
    "path": "dz/water/ponds",
    "usableOnConsole": false,
    "searchTags": "",
    "image": "images/water/ponds/pond_big_ly_6.p3d.jpg",
    "id": "dzobj_w1pwzq67c0"
  },
  {
    "objectName": "pond_big_ly_7.p3d",
    "inGameName": "-",
    "category": "water",
    "modelType": "Raw P3D",
    "path": "dz/water/ponds",
    "usableOnConsole": false,
    "searchTags": "",
    "image": "images/water/ponds/pond_big_ly_7.p3d.jpg",
    "id": "dzobj_5991jtkj6z"
  },
  {
    "objectName": "pond_big_ly_8.p3d",
    "inGameName": "-",
    "category": "water",
    "modelType": "Raw P3D",
    "path": "dz/water/ponds",
    "usableOnConsole": false,
    "searchTags": "",
    "image": "images/water/ponds/pond_big_ly_8.p3d.jpg",
    "id": "dzobj_wmadeknq7p"
  },
  {
    "objectName": "pond_big_ly_9.p3d",
    "inGameName": "-",
    "category": "water",
    "modelType": "Raw P3D",
    "path": "dz/water/ponds",
    "usableOnConsole": false,
    "searchTags": "",
    "image": "images/water/ponds/pond_big_ly_9.p3d.jpg",
    "id": "dzobj_y8xzr78j1l"
  },
  {
    "objectName": "pond_severogd_novo_down.p3d",
    "inGameName": "-",
    "category": "water",
    "modelType": "Raw P3D",
    "path": "dz/water/ponds",
    "usableOnConsole": false,
    "searchTags": "",
    "image": "images/water/ponds/pond_severogd_novo_down.p3d.jpg",
    "id": "dzobj_tkogi14k0y"
  },
  {
    "objectName": "pond_small_01.p3d",
    "inGameName": "-",
    "category": "water",
    "modelType": "Raw P3D",
    "path": "dz/water/ponds",
    "usableOnConsole": false,
    "searchTags": "",
    "image": "images/water/ponds/pond_small_01.p3d.jpg",
    "id": "dzobj_q1oh27ctc0"
  },
  {
    "objectName": "pond_small_02.p3d",
    "inGameName": "-",
    "category": "water",
    "modelType": "Raw P3D",
    "path": "dz/water/ponds",
    "usableOnConsole": false,
    "searchTags": "",
    "image": "images/water/ponds/pond_small_02.p3d.jpg",
    "id": "dzobj_iwu2tcrh8i"
  },
  {
    "objectName": "pond_small_03.p3d",
    "inGameName": "-",
    "category": "water",
    "modelType": "Raw P3D",
    "path": "dz/water/ponds",
    "usableOnConsole": false,
    "searchTags": "",
    "image": "images/water/ponds/pond_small_03.p3d.jpg",
    "id": "dzobj_f8xnprn6yk"
  },
  {
    "objectName": "pond_small_04.p3d",
    "inGameName": "-",
    "category": "water",
    "modelType": "Raw P3D",
    "path": "dz/water/ponds",
    "usableOnConsole": false,
    "searchTags": "",
    "image": "images/water/ponds/pond_small_04.p3d.jpg",
    "id": "dzobj_dlddnsydu1"
  },
  {
    "objectName": "pond_small_05.p3d",
    "inGameName": "-",
    "category": "water",
    "modelType": "Raw P3D",
    "path": "dz/water/ponds",
    "usableOnConsole": false,
    "searchTags": "",
    "image": "images/water/ponds/pond_small_05.p3d.jpg",
    "id": "dzobj_u9nmi23xmg"
  },
  {
    "objectName": "pond_small_06.p3d",
    "inGameName": "-",
    "category": "water",
    "modelType": "Raw P3D",
    "path": "dz/water/ponds",
    "usableOnConsole": false,
    "searchTags": "",
    "image": "images/water/ponds/pond_small_06.p3d.jpg",
    "id": "dzobj_r93khnl3xz"
  },
  {
    "objectName": "pond_small_08.p3d",
    "inGameName": "-",
    "category": "water",
    "modelType": "Raw P3D",
    "path": "dz/water/ponds",
    "usableOnConsole": false,
    "searchTags": "",
    "image": "images/water/ponds/pond_small_08.p3d.jpg",
    "id": "dzobj_jd5fty8j2g"
  },
  {
    "objectName": "pond_small_09.p3d",
    "inGameName": "-",
    "category": "water",
    "modelType": "Raw P3D",
    "path": "dz/water/ponds",
    "usableOnConsole": false,
    "searchTags": "",
    "image": "images/water/ponds/pond_small_09.p3d.jpg",
    "id": "dzobj_18e73yqcxt"
  },
  {
    "objectName": "pond_small_10.p3d",
    "inGameName": "-",
    "category": "water",
    "modelType": "Raw P3D",
    "path": "dz/water/ponds",
    "usableOnConsole": false,
    "searchTags": "",
    "image": "images/water/ponds/pond_small_10.p3d.jpg",
    "id": "dzobj_zxwwprv8po"
  },
  {
    "objectName": "pond_small_11.p3d",
    "inGameName": "-",
    "category": "water",
    "modelType": "Raw P3D",
    "path": "dz/water/ponds",
    "usableOnConsole": false,
    "searchTags": "",
    "image": "images/water/ponds/pond_small_11.p3d.jpg",
    "id": "dzobj_09axtaze2n"
  },
  {
    "objectName": "pond_small_12.p3d",
    "inGameName": "-",
    "category": "water",
    "modelType": "Raw P3D",
    "path": "dz/water/ponds",
    "usableOnConsole": false,
    "searchTags": "",
    "image": "images/water/ponds/pond_small_12.p3d.jpg",
    "id": "dzobj_9x0iez554b"
  },
  {
    "objectName": "pond_small_13.p3d",
    "inGameName": "-",
    "category": "water",
    "modelType": "Raw P3D",
    "path": "dz/water/ponds",
    "usableOnConsole": false,
    "searchTags": "",
    "image": "images/water/ponds/pond_small_13.p3d.jpg",
    "id": "dzobj_w1hgyy4r2u"
  },
  {
    "objectName": "pond_small_14.p3d",
    "inGameName": "-",
    "category": "water",
    "modelType": "Raw P3D",
    "path": "dz/water/ponds",
    "usableOnConsole": false,
    "searchTags": "",
    "image": "images/water/ponds/pond_small_14.p3d.jpg",
    "id": "dzobj_rga9azrsjf"
  },
  {
    "objectName": "pond_small_15.p3d",
    "inGameName": "-",
    "category": "water",
    "modelType": "Raw P3D",
    "path": "dz/water/ponds",
    "usableOnConsole": false,
    "searchTags": "",
    "image": "images/water/ponds/pond_small_15.p3d.jpg",
    "id": "dzobj_ll4zsfrgbx"
  },
  {
    "objectName": "pond_small_16.p3d",
    "inGameName": "-",
    "category": "water",
    "modelType": "Raw P3D",
    "path": "dz/water/ponds",
    "usableOnConsole": false,
    "searchTags": "",
    "image": "images/water/ponds/pond_small_16.p3d.jpg",
    "id": "dzobj_x43yt0j24x"
  },
  {
    "objectName": "pond_small_17.p3d",
    "inGameName": "-",
    "category": "water",
    "modelType": "Raw P3D",
    "path": "dz/water/ponds",
    "usableOnConsole": false,
    "searchTags": "",
    "image": "images/water/ponds/pond_small_17.p3d.jpg",
    "id": "dzobj_gjmbaj7g25"
  },
  {
    "objectName": "pond_small_18.p3d",
    "inGameName": "-",
    "category": "water",
    "modelType": "Raw P3D",
    "path": "dz/water/ponds",
    "usableOnConsole": false,
    "searchTags": "",
    "image": "images/water/ponds/pond_small_18.p3d.jpg",
    "id": "dzobj_vm2b9a4hxe"
  },
  {
    "objectName": "pond_small_19.p3d",
    "inGameName": "-",
    "category": "water",
    "modelType": "Raw P3D",
    "path": "dz/water/ponds",
    "usableOnConsole": false,
    "searchTags": "",
    "image": "images/water/ponds/pond_small_19.p3d.jpg",
    "id": "dzobj_5ypgsdx4px"
  },
  {
    "objectName": "pond_small_20.p3d",
    "inGameName": "-",
    "category": "water",
    "modelType": "Raw P3D",
    "path": "dz/water/ponds",
    "usableOnConsole": false,
    "searchTags": "",
    "image": "images/water/ponds/pond_small_20.p3d.jpg",
    "id": "dzobj_wzp1pjxn0o"
  },
  {
    "objectName": "pond_small_21.p3d",
    "inGameName": "-",
    "category": "water",
    "modelType": "Raw P3D",
    "path": "dz/water/ponds",
    "usableOnConsole": false,
    "searchTags": "",
    "image": "images/water/ponds/pond_small_21.p3d.jpg",
    "id": "dzobj_2ja6zc0lpl"
  },
  {
    "objectName": "pond_small_22.p3d",
    "inGameName": "-",
    "category": "water",
    "modelType": "Raw P3D",
    "path": "dz/water/ponds",
    "usableOnConsole": false,
    "searchTags": "",
    "image": "images/water/ponds/pond_small_22.p3d.jpg",
    "id": "dzobj_4pmvfcvr71"
  },
  {
    "objectName": "pond_small_23.p3d",
    "inGameName": "-",
    "category": "water",
    "modelType": "Raw P3D",
    "path": "dz/water/ponds",
    "usableOnConsole": false,
    "searchTags": "",
    "image": "images/water/ponds/pond_small_23.p3d.jpg",
    "id": "dzobj_733dvcbj9x"
  },
  {
    "objectName": "pond_small_24.p3d",
    "inGameName": "-",
    "category": "water",
    "modelType": "Raw P3D",
    "path": "dz/water/ponds",
    "usableOnConsole": false,
    "searchTags": "",
    "image": "images/water/ponds/pond_small_24.p3d.jpg",
    "id": "dzobj_2l88b8643i"
  },
  {
    "objectName": "pond_small_25.p3d",
    "inGameName": "-",
    "category": "water",
    "modelType": "Raw P3D",
    "path": "dz/water/ponds",
    "usableOnConsole": false,
    "searchTags": "",
    "image": "images/water/ponds/pond_small_25.p3d.jpg",
    "id": "dzobj_ij9yk7wt6r"
  },
  {
    "objectName": "pond_small_26.p3d",
    "inGameName": "-",
    "category": "water",
    "modelType": "Raw P3D",
    "path": "dz/water/ponds",
    "usableOnConsole": false,
    "searchTags": "",
    "image": "images/water/ponds/pond_small_26.p3d.jpg",
    "id": "dzobj_u9bvml9p14"
  },
  {
    "objectName": "pond_small_27.p3d",
    "inGameName": "-",
    "category": "water",
    "modelType": "Raw P3D",
    "path": "dz/water/ponds",
    "usableOnConsole": false,
    "searchTags": "",
    "image": "images/water/ponds/pond_small_27.p3d.jpg",
    "id": "dzobj_nkzdbhij1a"
  }
]
