[
  {
    "objectName": "StaticObj_Terrain_Livonia_ForestPatch",
    "inGameName": "-",
    "category": "structures_bliss",
    "modelType": "Config",
    "path": "dz/structures_bliss/underground/terrain",
    "usableOnConsole": true,
    "searchTags": "livoniaa, bunker, grass, terrain",
    "image": "images/structures_bliss/underground/terrain/staticobj_terrain_livoniaa_forestpatch.jpg"
  },
  {
    "objectName": "StaticObj_Terrain_Livonia_GrassPatch",
    "inGameName": "-",
    "category": "structures_bliss",
    "modelType": "Config",
    "path": "dz/structures_bliss/underground/terrain",
    "usableOnConsole": true,
    "searchTags": "livoniaa, bunker, grass, terrain",
    "image": "images/structures_bliss/underground/terrain/staticobj_terrain_livoniaa_grasspatch.jpg"
  },
  {
    "objectName": "dambog_terrain_01.p3d",
    "inGameName": "-",
    "category": "structures_bliss",
    "modelType": "Raw P3D",
    "path": "dz/structures_bliss/underground/terrain",
    "usableOnConsole": false,
    "searchTags": "livoniaa, underground, terrain, bunker",
    "image": "images/structures_bliss/underground/terrain/dambog_terrain_01.jpg"
  },
  {
    "objectName": "dambog_terrain_02.p3d",
    "inGameName": "-",
    "category": "structures_bliss",
    "modelType": "Raw P3D",
    "path": "dz/structures_bliss/underground/terrain",
    "usableOnConsole": false,
    "searchTags": "livoniaa, underground, terrain, bunker",
    "image": "images/structures_bliss/underground/terrain/dambog_terrain_02.jpg"
  },
  {
    "objectName": "dambog_terrain_03.p3d",
    "inGameName": "-",
    "category": "structures_bliss",
    "modelType": "Raw P3D",
    "path": "dz/structures_bliss/underground/terrain",
    "usableOnConsole": false,
    "searchTags": "livoniaa, underground, terrain, bunker",
    "image": "images/structures_bliss/underground/terrain/dambog_terrain_03.jpg"
  },
  {
    "objectName": "dambog_terrain_04.p3d",
    "inGameName": "-",
    "category": "structures_bliss",
    "modelType": "Raw P3D",
    "path": "dz/structures_bliss/underground/terrain",
    "usableOnConsole": false,
    "searchTags": "livoniaa, underground, terrain, bunker",
    "image": "images/structures_bliss/underground/terrain/dambog_terrain_04.jpg"
  },
  {
    "objectName": "dambog_terrain_05.p3d",
    "inGameName": "-",
    "category": "structures_bliss",
    "modelType": "Raw P3D",
    "path": "dz/structures_bliss/underground/terrain",
    "usableOnConsole": false,
    "searchTags": "livoniaa, underground, terrain, bunker",
    "image": "images/structures_bliss/underground/terrain/dambog_terrain_05.jpg"
  },
  {
    "objectName": "dambog_terrain_06.p3d",
    "inGameName": "-",
    "category": "structures_bliss",
    "modelType": "Raw P3D",
    "path": "dz/structures_bliss/underground/terrain",
    "usableOnConsole": false,
    "searchTags": "livoniaa, underground, terrain, bunker",
    "image": "images/structures_bliss/underground/terrain/dambog_terrain_06.jpg"
  },
  {
    "objectName": "dambog_terrain_07.p3d",
    "inGameName": "-",
    "category": "structures_bliss",
    "modelType": "Raw P3D",
    "path": "dz/structures_bliss/underground/terrain",
    "usableOnConsole": false,
    "searchTags": "livoniaa, underground, terrain, bunker",
    "image": "images/structures_bliss/underground/terrain/dambog_terrain_07.jpg"
  },
  {
    "objectName": "dambog_terrain_08.p3d",
    "inGameName": "-",
    "category": "structures_bliss",
    "modelType": "Raw P3D",
    "path": "dz/structures_bliss/underground/terrain",
    "usableOnConsole": false,
    "searchTags": "livoniaa, underground, terrain, bunker",
    "image": "images/structures_bliss/underground/terrain/dambog_terrain_08.jpg"
  },
  {
    "objectName": "dambog_terrain_09.p3d",
    "inGameName": "-",
    "category": "structures_bliss",
    "modelType": "Raw P3D",
    "path": "dz/structures_bliss/underground/terrain",
    "usableOnConsole": false,
    "searchTags": "livoniaa, underground, terrain, bunker",
    "image": "images/structures_bliss/underground/terrain/dambog_terrain_09.jpg"
  },
  {
    "objectName": "dambog_terrain_10.p3d",
    "inGameName": "-",
    "category": "structures_bliss",
    "modelType": "Raw P3D",
    "path": "dz/structures_bliss/underground/terrain",
    "usableOnConsole": false,
    "searchTags": "livoniaa, underground, terrain, bunker",
    "image": "images/structures_bliss/underground/terrain/dambog_terrain_10.jpg"
  },
  {
    "objectName": "dambog_terrain_11.p3d",
    "inGameName": "-",
    "category": "structures_bliss",
    "modelType": "Raw P3D",
    "path": "dz/structures_bliss/underground/terrain",
    "usableOnConsole": false,
    "searchTags": "livoniaa, underground, terrain, bunker",
    "image": "images/structures_bliss/underground/terrain/dambog_terrain_11.jpg"
  },
  {
    "objectName": "dambog_terrain_12.p3d",
    "inGameName": "-",
    "category": "structures_bliss",
    "modelType": "Raw P3D",
    "path": "dz/structures_bliss/underground/terrain",
    "usableOnConsole": false,
    "searchTags": "livoniaa, underground, terrain, bunker",
    "image": "images/structures_bliss/underground/terrain/dambog_terrain_12.jpg"
  },
  {
    "objectName": "dambog_terrain_13.p3d",
    "inGameName": "-",
    "category": "structures_bliss",
    "modelType": "Raw P3D",
    "path": "dz/structures_bliss/underground/terrain",
    "usableOnConsole": false,
    "searchTags": "livoniaa, underground, terrain, bunker",
    "image": "images/structures_bliss/underground/terrain/dambog_terrain_13.jpg"
  },
  {
    "objectName": "dambog_terrain_14.p3d",
    "inGameName": "-",
    "category": "structures_bliss",
    "modelType": "Raw P3D",
    "path": "dz/structures_bliss/underground/terrain",
    "usableOnConsole": false,
    "searchTags": "livoniaa, underground, terrain, bunker",
    "image": "images/structures_bliss/underground/terrain/dambog_terrain_14.jpg"
  },
  {
    "objectName": "terrain_forest_generic.p3d",
    "inGameName": "-",
    "category": "structures_bliss",
    "modelType": "Raw P3D",
    "path": "dz/structures_bliss/underground/terrain",
    "usableOnConsole": false,
    "searchTags": "livoniaa, underground, terrain, bunker",
    "image": "images/structures_bliss/underground/terrain/terrain_forest_generic.jpg"
  },
  {
    "objectName": "terrain_livoniaa_forestpatch.p3d",
    "inGameName": "-",
    "category": "structures_bliss",
    "modelType": "Raw P3D",
    "path": "dz/structures_bliss/underground/terrain",
    "usableOnConsole": false,
    "searchTags": "livoniaa, underground, terrain, bunker",
    "image": "images/structures_bliss/underground/terrain/terrain_livoniaa_forestpatch.jpg"
  },
  {
    "objectName": "terrain_livoniaa_grasspatch.p3d",
    "inGameName": "-",
    "category": "structures_bliss",
    "modelType": "Raw P3D",
    "path": "dz/structures_bliss/underground/terrain",
    "usableOnConsole": false,
    "searchTags": "livoniaa, underground, terrain, bunker",
    "image": "images/structures_bliss/underground/terrain/terrain_livoniaa_grasspatch.jpg"
  },
  {
    "objectName": "terrain_occluder_40m.p3d",
    "inGameName": "-",
    "category": "structures_bliss",
    "modelType": "Raw P3D",
    "path": "dz/structures_bliss/underground/terrain",
    "usableOnConsole": false,
    "searchTags": "livoniaa, underground, terrain, bunker",
    "image": "images/structures_bliss/underground/terrain/terrain_occluder_40m.jpg"
  }
]
