[
  {
    "objectName": "StaticObj_Terrain_Livonia_ForestPatch",
    "inGameName": "-",
    "category": "structures_bliss",
    "modelType": "Config",
    "path": "dz/structures_bliss/underground/terrain",
    "usableOnConsole": true,
    "searchTags": "livoniaa, bunker, grass, terrain",
    "image": "images/structures_bliss/underground/terrain/staticobj_terrain_livoniaa_forestpatch.jpg",
    "id": "dzobj_6c8naccifn"
  },
  {
    "objectName": "StaticObj_Terrain_Livonia_GrassPatch",
    "inGameName": "-",
    "category": "structures_bliss",
    "modelType": "Config",
    "path": "dz/structures_bliss/underground/terrain",
    "usableOnConsole": true,
    "searchTags": "livoniaa, bunker, grass, terrain",
    "image": "images/structures_bliss/underground/terrain/staticobj_terrain_livoniaa_grasspatch.jpg",
    "id": "dzobj_vi1oc8g0n7"
  },
  {
    "objectName": "dambog_terrain_01.p3d",
    "inGameName": "-",
    "category": "structures_bliss",
    "modelType": "Raw P3D",
    "path": "dz/structures_bliss/underground/terrain",
    "usableOnConsole": false,
    "searchTags": "livoniaa, underground, terrain, bunker",
    "image": "images/structures_bliss/underground/terrain/dambog_terrain_01.jpg",
    "id": "dzobj_ngsq5y99rk"
  },
  {
    "objectName": "dambog_terrain_02.p3d",
    "inGameName": "-",
    "category": "structures_bliss",
    "modelType": "Raw P3D",
    "path": "dz/structures_bliss/underground/terrain",
    "usableOnConsole": false,
    "searchTags": "livoniaa, underground, terrain, bunker",
    "image": "images/structures_bliss/underground/terrain/dambog_terrain_02.jpg",
    "id": "dzobj_pn0ssiwrlv"
  },
  {
    "objectName": "dambog_terrain_03.p3d",
    "inGameName": "-",
    "category": "structures_bliss",
    "modelType": "Raw P3D",
    "path": "dz/structures_bliss/underground/terrain",
    "usableOnConsole": false,
    "searchTags": "livoniaa, underground, terrain, bunker",
    "image": "images/structures_bliss/underground/terrain/dambog_terrain_03.jpg",
    "id": "dzobj_a8fraj28ks"
  },
  {
    "objectName": "dambog_terrain_04.p3d",
    "inGameName": "-",
    "category": "structures_bliss",
    "modelType": "Raw P3D",
    "path": "dz/structures_bliss/underground/terrain",
    "usableOnConsole": false,
    "searchTags": "livoniaa, underground, terrain, bunker",
    "image": "images/structures_bliss/underground/terrain/dambog_terrain_04.jpg",
    "id": "dzobj_a3djzxuft5"
  },
  {
    "objectName": "dambog_terrain_05.p3d",
    "inGameName": "-",
    "category": "structures_bliss",
    "modelType": "Raw P3D",
    "path": "dz/structures_bliss/underground/terrain",
    "usableOnConsole": false,
    "searchTags": "livoniaa, underground, terrain, bunker",
    "image": "images/structures_bliss/underground/terrain/dambog_terrain_05.jpg",
    "id": "dzobj_dj14hllblo"
  },
  {
    "objectName": "dambog_terrain_06.p3d",
    "inGameName": "-",
    "category": "structures_bliss",
    "modelType": "Raw P3D",
    "path": "dz/structures_bliss/underground/terrain",
    "usableOnConsole": false,
    "searchTags": "livoniaa, underground, terrain, bunker",
    "image": "images/structures_bliss/underground/terrain/dambog_terrain_06.jpg",
    "id": "dzobj_nnns7szubc"
  },
  {
    "objectName": "dambog_terrain_07.p3d",
    "inGameName": "-",
    "category": "structures_bliss",
    "modelType": "Raw P3D",
    "path": "dz/structures_bliss/underground/terrain",
    "usableOnConsole": false,
    "searchTags": "livoniaa, underground, terrain, bunker",
    "image": "images/structures_bliss/underground/terrain/dambog_terrain_07.jpg",
    "id": "dzobj_fuipfwt3s0"
  },
  {
    "objectName": "dambog_terrain_08.p3d",
    "inGameName": "-",
    "category": "structures_bliss",
    "modelType": "Raw P3D",
    "path": "dz/structures_bliss/underground/terrain",
    "usableOnConsole": false,
    "searchTags": "livoniaa, underground, terrain, bunker",
    "image": "images/structures_bliss/underground/terrain/dambog_terrain_08.jpg",
    "id": "dzobj_afowbgk0cf"
  },
  {
    "objectName": "dambog_terrain_09.p3d",
    "inGameName": "-",
    "category": "structures_bliss",
    "modelType": "Raw P3D",
    "path": "dz/structures_bliss/underground/terrain",
    "usableOnConsole": false,
    "searchTags": "livoniaa, underground, terrain, bunker",
    "image": "images/structures_bliss/underground/terrain/dambog_terrain_09.jpg",
    "id": "dzobj_klg0pptnj3"
  },
  {
    "objectName": "dambog_terrain_10.p3d",
    "inGameName": "-",
    "category": "structures_bliss",
    "modelType": "Raw P3D",
    "path": "dz/structures_bliss/underground/terrain",
    "usableOnConsole": false,
    "searchTags": "livoniaa, underground, terrain, bunker",
    "image": "images/structures_bliss/underground/terrain/dambog_terrain_10.jpg",
    "id": "dzobj_j4olh5vudy"
  },
  {
    "objectName": "dambog_terrain_11.p3d",
    "inGameName": "-",
    "category": "structures_bliss",
    "modelType": "Raw P3D",
    "path": "dz/structures_bliss/underground/terrain",
    "usableOnConsole": false,
    "searchTags": "livoniaa, underground, terrain, bunker",
    "image": "images/structures_bliss/underground/terrain/dambog_terrain_11.jpg",
    "id": "dzobj_4uaxfzvewb"
  },
  {
    "objectName": "dambog_terrain_12.p3d",
    "inGameName": "-",
    "category": "structures_bliss",
    "modelType": "Raw P3D",
    "path": "dz/structures_bliss/underground/terrain",
    "usableOnConsole": false,
    "searchTags": "livoniaa, underground, terrain, bunker",
    "image": "images/structures_bliss/underground/terrain/dambog_terrain_12.jpg",
    "id": "dzobj_p9eb0j9f9v"
  },
  {
    "objectName": "dambog_terrain_13.p3d",
    "inGameName": "-",
    "category": "structures_bliss",
    "modelType": "Raw P3D",
    "path": "dz/structures_bliss/underground/terrain",
    "usableOnConsole": false,
    "searchTags": "livoniaa, underground, terrain, bunker",
    "image": "images/structures_bliss/underground/terrain/dambog_terrain_13.jpg",
    "id": "dzobj_1djebsbt67"
  },
  {
    "objectName": "dambog_terrain_14.p3d",
    "inGameName": "-",
    "category": "structures_bliss",
    "modelType": "Raw P3D",
    "path": "dz/structures_bliss/underground/terrain",
    "usableOnConsole": false,
    "searchTags": "livoniaa, underground, terrain, bunker",
    "image": "images/structures_bliss/underground/terrain/dambog_terrain_14.jpg",
    "id": "dzobj_evuwevawj6"
  },
  {
    "objectName": "terrain_forest_generic.p3d",
    "inGameName": "-",
    "category": "structures_bliss",
    "modelType": "Raw P3D",
    "path": "dz/structures_bliss/underground/terrain",
    "usableOnConsole": false,
    "searchTags": "livoniaa, underground, terrain, bunker",
    "image": "images/structures_bliss/underground/terrain/terrain_forest_generic.jpg",
    "id": "dzobj_il2p6i2yjq"
  },
  {
    "objectName": "terrain_livoniaa_forestpatch.p3d",
    "inGameName": "-",
    "category": "structures_bliss",
    "modelType": "Raw P3D",
    "path": "dz/structures_bliss/underground/terrain",
    "usableOnConsole": false,
    "searchTags": "livoniaa, underground, terrain, bunker",
    "image": "images/structures_bliss/underground/terrain/terrain_livoniaa_forestpatch.jpg",
    "id": "dzobj_bu3o9uf52l"
  },
  {
    "objectName": "terrain_livoniaa_grasspatch.p3d",
    "inGameName": "-",
    "category": "structures_bliss",
    "modelType": "Raw P3D",
    "path": "dz/structures_bliss/underground/terrain",
    "usableOnConsole": false,
    "searchTags": "livoniaa, underground, terrain, bunker",
    "image": "images/structures_bliss/underground/terrain/terrain_livoniaa_grasspatch.jpg",
    "id": "dzobj_phocrqqpp7"
  },
  {
    "objectName": "terrain_occluder_40m.p3d",
    "inGameName": "-",
    "category": "structures_bliss",
    "modelType": "Raw P3D",
    "path": "dz/structures_bliss/underground/terrain",
    "usableOnConsole": false,
    "searchTags": "livoniaa, underground, terrain, bunker",
    "image": "images/structures_bliss/underground/terrain/terrain_occluder_40m.jpg",
    "id": "dzobj_dcdqfy9aeu"
  }
]
