[
  {
    "objectName": "Rangefinder",
    "inGameName": "Rangefinder",
    "category": "gear",
    "modelType": "Config",
    "path": "dz/gear/optics",
    "usableOnConsole": true,
    "searchTags": "gear, optics, military, combat, sniping",
    "image": "images/gear/optics/rangefinder.jpg"
  },
  {
    "objectName": "Binoculars",
    "inGameName": "Binoculars",
    "category": "gear",
    "modelType": "Config",
    "path": "dz/gear/optics",
    "usableOnConsole": true,
    "searchTags": "gear, optics",
    "image": "images/gear/optics/binoculars.jpg"
  },
  {
    "objectName": "binoculars.p3d",
    "inGameName": "-",
    "category": "gear",
    "modelType": "Raw P3D",
    "path": "dz/gear/optics",
    "usableOnConsole": false,
    "searchTags": "gear, optics",
    "image": "images/gear/optics/binoculars.p3d.jpg"
  },
  {
    "objectName": "binoculars_view.p3d",
    "inGameName": "-",
    "category": "gear",
    "modelType": "Raw P3D",
    "path": "dz/gear/optics",
    "usableOnConsole": false,
    "searchTags": "gear, optics",
    "image": "images/gear/optics/binoculars_view.p3d.jpg"
  },
  {
    "objectName": "opticview_rangefinder.p3d",
    "inGameName": "-",
    "category": "gear",
    "modelType": "Raw P3D",
    "path": "dz/gear/optics",
    "usableOnConsole": false,
    "searchTags": "gear, optics, military, combat, sniping",
    "image": "images/gear/optics/opticview_rangefinder.p3d.jpg"
  },
  {
    "objectName": "opticview_rangefinder_new.p3d",
    "inGameName": "-",
    "category": "gear",
    "modelType": "Raw P3D",
    "path": "dz/gear/optics",
    "usableOnConsole": false,
    "searchTags": "gear, optics, military, combat, sniping",
    "image": "images/gear/optics/opticview_rangefinder_new.p3d.jpg"
  },
  {
    "objectName": "rangefinder.p3d",
    "inGameName": "Rangefinder",
    "category": "gear",
    "modelType": "Raw P3D",
    "path": "dz/gear/optics",
    "usableOnConsole": false,
    "searchTags": "gear, optics, military, combat, sniping",
    "image": "images/gear/optics/rangefinder.p3d.jpg"
  }
]
