[
  {
    "objectName": "AKS74U",
    "inGameName": "KAS-74U",
    "category": "weapons",
    "modelType": "Config",
    "path": "dz/weapons/firearms/ak74",
    "usableOnConsole": true,
    "searchTags": "AK, machine_gun, automatic, 5.45x39",
    "image": "images/weapons/firearms/aks74u.jpg",
    "id": "dzobj_1u6gw6dd03"
  },
  {
    "objectName": "aks74u.p3d",
    "inGameName": "KAS-74U",
    "category": "weapons",
    "modelType": "Raw P3D",
    "path": "dz/weapons/firearms/ak74",
    "usableOnConsole": false,
    "searchTags": "AK, machine_gun, automatic, 5.45x39",
    "image": "images/weapons/firearms/aks74u.jpg",
    "id": "dzobj_su1t5lnvlw"
  },
  {
    "objectName": "AKS74U_Black",
    "inGameName": "KAS-74U",
    "category": "weapons",
    "modelType": "Config",
    "path": "dz/weapons/firearms/ak74",
    "usableOnConsole": true,
    "searchTags": "AK, machine_gun, automatic, 5.45x39",
    "image": "images/weapons/firearms/aks74u.jpg",
    "id": "dzobj_bt65lso78r"
  },
  {
    "objectName": "AKS74U_Green",
    "inGameName": "KAS-74U",
    "category": "weapons",
    "modelType": "Config",
    "path": "dz/weapons/firearms/ak74",
    "usableOnConsole": true,
    "searchTags": "AK, machine_gun, automatic, 5.45x39",
    "image": "images/weapons/firearms/aks74u.jpg",
    "id": "dzobj_ut2trwfqwc"
  }
]
