[
  {
    "objectName": "StaticObj_Rail_ConcreteRamp",
    "inGameName": "-",
    "category": "structures",
    "modelType": "Config",
    "path": "dz/structures/rail/misc",
    "usableOnConsole": true,
    "searchTags": "rail, concrete, ramp, slope, platform, train",
    "image": "images/structures/rail/misc/staticobj_rail_concreteramp.jpg",
    "id": "dzobj_wogfs9n4ra"
  },
  {
    "objectName": "StaticObj_Rail_Crossing_Barrier",
    "inGameName": "-",
    "category": "structures",
    "modelType": "Config",
    "path": "dz/structures/rail/misc",
    "usableOnConsole": true,
    "searchTags": "rail, crossing, barrier, gate, train, railway, road",
    "image": "images/structures/rail/misc/staticobj_rail_crossing_barrier.jpg",
    "id": "dzobj_qzfo2gn12z"
  },
  {
    "objectName": "StaticObj_Rail_Crossing_Block_10",
    "inGameName": "-",
    "category": "structures",
    "modelType": "Config",
    "path": "dz/structures/rail/misc",
    "usableOnConsole": true,
    "searchTags": "rail, crossing, block, barrier, medium, train, railway, road",
    "image": "images/structures/rail/misc/staticobj_rail_crossing_block_10.jpg",
    "id": "dzobj_hqhyufcflf"
  },
  {
    "objectName": "StaticObj_Rail_Crossing_Block_25",
    "inGameName": "-",
    "category": "structures",
    "modelType": "Config",
    "path": "dz/structures/rail/misc",
    "usableOnConsole": true,
    "searchTags": "rail, crossing, block, barrier, large, train, railway, road",
    "image": "images/structures/rail/misc/staticobj_rail_crossing_block_25.jpg",
    "id": "dzobj_z03fiul011"
  },
  {
    "objectName": "StaticObj_Rail_LineBreak_Concrete",
    "inGameName": "-",
    "category": "structures",
    "modelType": "Config",
    "path": "dz/structures/rail/misc",
    "usableOnConsole": true,
    "searchTags": "rail, line break, concrete, stop, train, railway, buffer, siding, end",
    "image": "images/structures/rail/misc/staticobj_rail_linebreak_concrete.jpg",
    "id": "dzobj_m3gcu5p3p7"
  },
  {
    "objectName": "StaticObj_Rail_LineBreak_Iron",
    "inGameName": "-",
    "category": "structures",
    "modelType": "Config",
    "path": "dz/structures/rail/misc",
    "usableOnConsole": true,
    "searchTags": "rail, line break, iron, stop, train, railway, buffer, sising, end",
    "image": "images/structures/rail/misc/staticobj_rail_linebreak_iron.jpg",
    "id": "dzobj_yrip263890"
  },
  {
    "objectName": "StaticObj_Rail_Platform_Cross",
    "inGameName": "-",
    "category": "structures",
    "modelType": "Config",
    "path": "dz/structures/rail/misc",
    "usableOnConsole": true,
    "searchTags": "rail, platform, cross, walkway, train, railway, metal, dip",
    "image": "images/structures/rail/misc/staticobj_rail_platform_cross.jpg",
    "id": "dzobj_i7ty3qerdk"
  },
  {
    "objectName": "StaticObj_Rail_Platform_Segment",
    "inGameName": "-",
    "category": "structures",
    "modelType": "Config",
    "path": "dz/structures/rail/misc",
    "usableOnConsole": true,
    "searchTags": "rail, platform, segment, walkway, train, railway, metal",
    "image": "images/structures/rail/misc/staticobj_rail_platform_segment.jpg",
    "id": "dzobj_wj1m23qs1w"
  },
  {
    "objectName": "StaticObj_Rail_Platform_Start",
    "inGameName": "-",
    "category": "structures",
    "modelType": "Config",
    "path": "dz/structures/rail/misc",
    "usableOnConsole": true,
    "searchTags": "rail, platform, start, walkway, train, railway, end",
    "image": "images/structures/rail/misc/staticobj_rail_platform_start.jpg",
    "id": "dzobj_el8e956lvi"
  },
  {
    "objectName": "StaticObj_Rail_PoleF",
    "inGameName": "-",
    "category": "structures",
    "modelType": "Config",
    "path": "dz/structures/rail/misc",
    "usableOnConsole": true,
    "searchTags": "rail, pole, support, train, railway, cable, electricity, power, small",
    "image": "images/structures/rail/misc/staticobj_rail_polef.jpg",
    "id": "dzobj_wsl3ixu9ac"
  },
  {
    "objectName": "StaticObj_Rail_PoleT",
    "inGameName": "-",
    "category": "structures",
    "modelType": "Config",
    "path": "dz/structures/rail/misc",
    "usableOnConsole": true,
    "searchTags": "rail, pole, T type, support, train, railway, railway, cable, electricity, power, small",
    "image": "images/structures/rail/misc/staticobj_rail_polet.jpg",
    "id": "dzobj_er4wbf1xna"
  },
  {
    "objectName": "StaticObj_Rail_PoleTT1",
    "inGameName": "-",
    "category": "structures",
    "modelType": "Config",
    "path": "dz/structures/rail/misc",
    "usableOnConsole": true,
    "searchTags": "rail, pole, TT1, support, train, railway, railway, cable, electricity, power, large",
    "image": "images/structures/rail/misc/staticobj_rail_polett1.jpg",
    "id": "dzobj_flg1g7sqpb"
  },
  {
    "objectName": "StaticObj_Rail_PoleTT2",
    "inGameName": "-",
    "category": "structures",
    "modelType": "Config",
    "path": "dz/structures/rail/misc",
    "usableOnConsole": true,
    "searchTags": "rail, pole, TT2, support, train, railway, railway, cable, electricity, power, large",
    "image": "images/structures/rail/misc/staticobj_rail_polett2.jpg",
    "id": "dzobj_uvyqo9ylxc"
  },
  {
    "objectName": "StaticObj_Rail_Signals",
    "inGameName": "-",
    "category": "structures",
    "modelType": "Config",
    "path": "dz/structures/rail/misc",
    "usableOnConsole": true,
    "searchTags": "rail, signal, train, railway, light, post",
    "image": "images/structures/rail/misc/staticobj_rail_signals.jpg",
    "id": "dzobj_lqyqhdt5zi"
  },
  {
    "objectName": "rail_concreteramp.p3d",
    "inGameName": "-",
    "category": "structures",
    "modelType": "Raw P3D",
    "path": "dz/structures/rail/misc",
    "usableOnConsole": false,
    "searchTags": "rail, concrete, ramp, slope, platform, train",
    "image": "images/structures/rail/misc/staticobj_rail_concreteramp.jpg",
    "id": "dzobj_8uhi2r7gyj"
  },
  {
    "objectName": "rail_crossing_barrier.p3d",
    "inGameName": "-",
    "category": "structures",
    "modelType": "Raw P3D",
    "path": "dz/structures/rail/misc",
    "usableOnConsole": false,
    "searchTags": "rail, crossing, barrier, gate, train, railway, road",
    "image": "images/structures/rail/misc/staticobj_rail_crossing_barrier.jpg",
    "id": "dzobj_by9pw9400p"
  },
  {
    "objectName": "rail_crossing_block_10.p3d",
    "inGameName": "-",
    "category": "structures",
    "modelType": "Raw P3D",
    "path": "dz/structures/rail/misc",
    "usableOnConsole": false,
    "searchTags": "rail, crossing, block, barrier, medium, train, railway, road",
    "image": "images/structures/rail/misc/staticobj_rail_crossing_block_10.jpg",
    "id": "dzobj_wz6dblyaq3"
  },
  {
    "objectName": "rail_crossing_block_25.p3d",
    "inGameName": "-",
    "category": "structures",
    "modelType": "Raw P3D",
    "path": "dz/structures/rail/misc",
    "usableOnConsole": false,
    "searchTags": "rail, crossing, block, barrier, large, train, railway, road",
    "image": "images/structures/rail/misc/staticobj_rail_crossing_block_25.jpg",
    "id": "dzobj_dz8reingr6"
  },
  {
    "objectName": "rail_linebreak_concrete.p3d",
    "inGameName": "-",
    "category": "structures",
    "modelType": "Raw P3D",
    "path": "dz/structures/rail/misc",
    "usableOnConsole": false,
    "searchTags": "misc",
    "image": "images/structures/rail/misc/rail_linebreak_concrete.p3d.jpg",
    "id": "dzobj_nfmf4w0c08"
  },
  {
    "objectName": "rail_linebreak_iron.p3d",
    "inGameName": "-",
    "category": "structures",
    "modelType": "Raw P3D",
    "path": "dz/structures/rail/misc",
    "usableOnConsole": false,
    "searchTags": "misc",
    "image": "images/structures/rail/misc/rail_linebreak_iron.p3d.jpg",
    "id": "dzobj_4e1fvc73zj"
  },
  {
    "objectName": "rail_platform_cross.p3d",
    "inGameName": "-",
    "category": "structures",
    "modelType": "Raw P3D",
    "path": "dz/structures/rail/misc",
    "usableOnConsole": false,
    "searchTags": "rail, platform, cross, walkway, train, railway, metal, dip",
    "image": "images/structures/rail/misc/staticobj_rail_platform_cross.jpg",
    "id": "dzobj_t9qigavp3y"
  },
  {
    "objectName": "rail_platform_segment.p3d",
    "inGameName": "-",
    "category": "structures",
    "modelType": "Raw P3D",
    "path": "dz/structures/rail/misc",
    "usableOnConsole": false,
    "searchTags": "rail, platform, segment, walkway, train, railway, metal",
    "image": "images/structures/rail/misc/staticobj_rail_platform_segment.jpg",
    "id": "dzobj_yzluogf3qk"
  },
  {
    "objectName": "rail_platform_start.p3d",
    "inGameName": "-",
    "category": "structures",
    "modelType": "Raw P3D",
    "path": "dz/structures/rail/misc",
    "usableOnConsole": false,
    "searchTags": "rail, platform, start, walkway, train, railway, end",
    "image": "images/structures/rail/misc/staticobj_rail_platform_start.jpg",
    "id": "dzobj_mksk2v9e9r"
  },
  {
    "objectName": "rail_polef.p3d",
    "inGameName": "-",
    "category": "structures",
    "modelType": "Raw P3D",
    "path": "dz/structures/rail/misc",
    "usableOnConsole": false,
    "searchTags": "rail, pole, support, train, railway, cable, electricity, power, small",
    "image": "images/structures/rail/misc/staticobj_rail_polef.jpg",
    "id": "dzobj_n4f2liptzm"
  },
  {
    "objectName": "rail_polet.p3d",
    "inGameName": "-",
    "category": "structures",
    "modelType": "Raw P3D",
    "path": "dz/structures/rail/misc",
    "usableOnConsole": false,
    "searchTags": "rail, pole, T type, support, train, railway, railway, cable, electricity, power, small",
    "image": "images/structures/rail/misc/staticobj_rail_polet.jpg",
    "id": "dzobj_0p99onh7iv"
  },
  {
    "objectName": "rail_polett1.p3d",
    "inGameName": "-",
    "category": "structures",
    "modelType": "Raw P3D",
    "path": "dz/structures/rail/misc",
    "usableOnConsole": false,
    "searchTags": "rail, pole, TT1, support, train, railway, railway, cable, electricity, power, large",
    "image": "images/structures/rail/misc/staticobj_rail_polett1.jpg",
    "id": "dzobj_5znmfp9e7e"
  },
  {
    "objectName": "rail_polett2.p3d",
    "inGameName": "-",
    "category": "structures",
    "modelType": "Raw P3D",
    "path": "dz/structures/rail/misc",
    "usableOnConsole": false,
    "searchTags": "rail, pole, TT2, support, train, railway, railway, cable, electricity, power, large",
    "image": "images/structures/rail/misc/staticobj_rail_polett2.jpg",
    "id": "dzobj_hjrtp0jyif"
  },
  {
    "objectName": "rail_signals.p3d",
    "inGameName": "-",
    "category": "structures",
    "modelType": "Raw P3D",
    "path": "dz/structures/rail/misc",
    "usableOnConsole": false,
    "searchTags": "rail, signal, train, railway, light, post",
    "image": "images/structures/rail/misc/staticobj_rail_signals.jpg",
    "id": "dzobj_tbjl18uxkh"
  }
]
