[
  {
    "objectName": "Land_DieselPowerPlant_Building",
    "inGameName": "-",
    "category": "structures_bliss",
    "modelType": "Config",
    "path": "dz/structures_bliss/industrial/dieselpowerplant",
    "usableOnConsole": true,
    "searchTags": "livoniaa, industrial",
    "image": "images/structures_bliss/industrial/dieselpowerplant/land_dieselpowerplant_building.jpg"
  },
  {
    "objectName": "Land_DieselPowerPlant_Tank_Big",
    "inGameName": "-",
    "category": "structures_bliss",
    "modelType": "Config",
    "path": "dz/structures_bliss/industrial/dieselpowerplant",
    "usableOnConsole": true,
    "searchTags": "livoniaa, industrial",
    "image": "images/structures_bliss/industrial/dieselpowerplant/land_dieselpowerplant_tank_big.jpg"
  },
  {
    "objectName": "Land_DieselPowerPlant_Tank_Small",
    "inGameName": "-",
    "category": "structures_bliss",
    "modelType": "Config",
    "path": "dz/structures_bliss/industrial/dieselpowerplant",
    "usableOnConsole": true,
    "searchTags": "livoniaa, industrial",
    "image": "images/structures_bliss/industrial/dieselpowerplant/land_dieselpowerplant_tank_small.jpg"
  },
  {
    "objectName": "dieselpowerplant_building.p3d",
    "inGameName": "-",
    "category": "structures_bliss",
    "modelType": "Raw P3D",
    "path": "dz/structures_bliss/industrial/dieselpowerplant",
    "usableOnConsole": false,
    "searchTags": "livoniaa, industrial",
    "image": "images/structures_bliss/industrial/dieselpowerplant/dieselpowerplant_building.jpg"
  },
  {
    "objectName": "dieselpowerplant_cooling.p3d",
    "inGameName": "-",
    "category": "structures_bliss",
    "modelType": "Raw P3D",
    "path": "dz/structures_bliss/industrial/dieselpowerplant",
    "usableOnConsole": false,
    "searchTags": "livoniaa, industrial",
    "image": "images/structures_bliss/industrial/dieselpowerplant/dieselpowerplant_cooling.jpg"
  },
  {
    "objectName": "dieselpowerplant_tank_big.p3d",
    "inGameName": "-",
    "category": "structures_bliss",
    "modelType": "Raw P3D",
    "path": "dz/structures_bliss/industrial/dieselpowerplant",
    "usableOnConsole": false,
    "searchTags": "livoniaa, industrial",
    "image": "images/structures_bliss/industrial/dieselpowerplant/dieselpowerplant_tank_big.jpg"
  },
  {
    "objectName": "dieselpowerplant_tank_small.p3d",
    "inGameName": "-",
    "category": "structures_bliss",
    "modelType": "Raw P3D",
    "path": "dz/structures_bliss/industrial/dieselpowerplant",
    "usableOnConsole": false,
    "searchTags": "livoniaa, industrial",
    "image": "images/structures_bliss/industrial/dieselpowerplant/dieselpowerplant_tank_small.jpg"
  },
  {
    "objectName": "dieselpowerplant_transformer.p3d",
    "inGameName": "-",
    "category": "structures_bliss",
    "modelType": "Raw P3D",
    "path": "dz/structures_bliss/industrial/dieselpowerplant",
    "usableOnConsole": false,
    "searchTags": "livoniaa, industrial",
    "image": "images/structures_bliss/industrial/dieselpowerplant/dieselpowerplant_transformer.jpg"
  }
]
