[
  {
    "objectName": "StaticObj_Furniture_lobby_table",
    "inGameName": "-",
    "category": "structures",
    "modelType": "Config",
    "path": "dz/structures/furniture/tables/lobby_table",
    "usableOnConsole": true,
    "searchTags": "desk, tables",
    "image": "images/structures/furniture/tables/lobby_table/staticobj_furniture_lobby_table.jpg"
  },
  {
    "objectName": "lobby_table.p3d",
    "inGameName": "-",
    "category": "structures",
    "modelType": "Raw P3D",
    "path": "dz/structures/furniture/tables/lobby_table",
    "usableOnConsole": false,
    "searchTags": "desk, furniture, tables",
    "image": "images/structures/furniture/tables/lobby_table/lobby_table.p3d.jpg"
  }
]
