[
  {
    "objectName": "Land_Construction_Building",
    "inGameName": "-",
    "category": "structures",
    "modelType": "Config",
    "path": "dz/structures/industrial/construction",
    "usableOnConsole": true,
    "searchTags": "broken, half_built, incomplete, large, concrete, building",
    "image": "images/structures/industrial/construction/land_construction_building.jpg",
    "id": "dzobj_15zs8xjh6a"
  },
  {
    "objectName": "Land_Construction_Crane",
    "inGameName": "-",
    "category": "structures",
    "modelType": "Config",
    "path": "dz/structures/industrial/construction",
    "usableOnConsole": true,
    "searchTags": "crane, yellow, large, lifting",
    "image": "images/structures/industrial/construction/land_construction_crane.jpg",
    "id": "dzobj_knpiz055xm"
  },
  {
    "objectName": "Land_Construction_House1",
    "inGameName": "-",
    "category": "structures",
    "modelType": "Config",
    "path": "dz/structures/industrial/construction",
    "usableOnConsole": true,
    "searchTags": "broken, half_built, incomplete, medium, concrete, building",
    "image": "images/structures/industrial/construction/land_construction_house1.jpg",
    "id": "dzobj_4qiab7nzbw"
  },
  {
    "objectName": "Land_Construction_House2",
    "inGameName": "-",
    "category": "structures",
    "modelType": "Config",
    "path": "dz/structures/industrial/construction",
    "usableOnConsole": true,
    "searchTags": "broken, half_built, incomplete, medium, concrete, building",
    "image": "images/structures/industrial/construction/land_construction_house2.jpg",
    "id": "dzobj_ogbkz6nllq"
  },
  {
    "objectName": "construction_building.p3d",
    "inGameName": "-",
    "category": "structures",
    "modelType": "Raw P3D",
    "path": "dz/structures/industrial/construction",
    "usableOnConsole": false,
    "searchTags": "broken, half_built, incomplete, large, concrete, building",
    "image": "images/structures/industrial/construction/land_construction_building.jpg",
    "id": "dzobj_ht7cvzfywh"
  },
  {
    "objectName": "construction_crane.p3d",
    "inGameName": "-",
    "category": "structures",
    "modelType": "Raw P3D",
    "path": "dz/structures/industrial/construction",
    "usableOnConsole": false,
    "searchTags": "crane, yellow, large, lifting",
    "image": "images/structures/industrial/construction/land_construction_crane.jpg",
    "id": "dzobj_ybocgzipz8"
  },
  {
    "objectName": "construction_house1.p3d",
    "inGameName": "-",
    "category": "structures",
    "modelType": "Raw P3D",
    "path": "dz/structures/industrial/construction",
    "usableOnConsole": false,
    "searchTags": "broken, half_built, incomplete, medium, concrete, building",
    "image": "images/structures/industrial/construction/land_construction_house1.jpg",
    "id": "dzobj_eae28nifmi"
  },
  {
    "objectName": "construction_house2.p3d",
    "inGameName": "-",
    "category": "structures",
    "modelType": "Raw P3D",
    "path": "dz/structures/industrial/construction",
    "usableOnConsole": false,
    "searchTags": "broken, half_built, incomplete, medium, concrete, building",
    "image": "images/structures/industrial/construction/land_construction_house2.jpg",
    "id": "dzobj_dul2vthz0p"
  }
]
