[
  {
    "objectName": "Clutter",
    "inGameName": "-",
    "category": "plants_sakhal",
    "modelType": "Config",
    "path": "dz/plants_sakhal/clutter",
    "usableOnConsole": true,
    "searchTags": "clutter, plants, grasses, foilage, ground",
    "image": "images/plants_sakhal/clutter/clutter.jpg",
    "id": "dzobj_7fwyxdslow"
  },
  {
    "objectName": "BrownGrass_Tall",
    "inGameName": "-",
    "category": "plants_sakhal",
    "modelType": "Config",
    "path": "dz/plants_sakhal/clutter",
    "usableOnConsole": true,
    "searchTags": "clutter, plants, grasses, foilage, ground",
    "image": "images/plants_sakhal/clutter/browngrass_tall.jpg",
    "id": "dzobj_23g8tiuyus"
  },
  {
    "objectName": "BrownGrass_Tall2",
    "inGameName": "-",
    "category": "plants_sakhal",
    "modelType": "Config",
    "path": "dz/plants_sakhal/clutter",
    "usableOnConsole": true,
    "searchTags": "clutter, plants, grasses, foilage, ground",
    "image": "images/plants_sakhal/clutter/browngrass_tall2.jpg",
    "id": "dzobj_nr1h5uvisf"
  },
  {
    "objectName": "BrownGrass_Lump",
    "inGameName": "-",
    "category": "plants_sakhal",
    "modelType": "Config",
    "path": "dz/plants_sakhal/clutter",
    "usableOnConsole": true,
    "searchTags": "clutter, plants, grasses, foilage, ground",
    "image": "images/plants_sakhal/clutter/browngrass_lump.jpg",
    "id": "dzobj_y46sfpdhw5"
  },
  {
    "objectName": "BrownGrass",
    "inGameName": "-",
    "category": "plants_sakhal",
    "modelType": "Config",
    "path": "dz/plants_sakhal/clutter",
    "usableOnConsole": true,
    "searchTags": "clutter, plants, grasses, foilage, ground",
    "image": "images/plants_sakhal/clutter/browngrass.jpg",
    "id": "dzobj_dzslhltxqy"
  },
  {
    "objectName": "BrownGrass_Flat",
    "inGameName": "-",
    "category": "plants_sakhal",
    "modelType": "Config",
    "path": "dz/plants_sakhal/clutter",
    "usableOnConsole": true,
    "searchTags": "clutter, plants, grasses, foilage, ground",
    "image": "images/plants_sakhal/clutter/browngrass_flat.jpg",
    "id": "dzobj_e3bgda09vi"
  },
  {
    "objectName": "DryThistle",
    "inGameName": "-",
    "category": "plants_sakhal",
    "modelType": "Config",
    "path": "dz/plants_sakhal/clutter",
    "usableOnConsole": true,
    "searchTags": "clutter, plants, grasses, foilage, ground",
    "image": "images/plants_sakhal/clutter/drythistle.jpg",
    "id": "dzobj_zbqbnm6tts"
  },
  {
    "objectName": "GreenGrass_Tall",
    "inGameName": "-",
    "category": "plants_sakhal",
    "modelType": "Config",
    "path": "dz/plants_sakhal/clutter",
    "usableOnConsole": true,
    "searchTags": "clutter, plants, grasses, foilage, ground",
    "image": "images/plants_sakhal/clutter/greengrass_tall.jpg",
    "id": "dzobj_okkyt63cng"
  },
  {
    "objectName": "GreenGrass_Tall2",
    "inGameName": "-",
    "category": "plants_sakhal",
    "modelType": "Config",
    "path": "dz/plants_sakhal/clutter",
    "usableOnConsole": true,
    "searchTags": "clutter, plants, grasses, foilage, ground",
    "image": "images/plants_sakhal/clutter/greengrass_tall2.jpg",
    "id": "dzobj_ns250x7ie4"
  },
  {
    "objectName": "BirchLeaves",
    "inGameName": "-",
    "category": "plants_sakhal",
    "modelType": "Config",
    "path": "dz/plants_sakhal/clutter",
    "usableOnConsole": true,
    "searchTags": "clutter, plants, grasses, foilage, ground",
    "image": "images/plants_sakhal/clutter/birchleaves.jpg",
    "id": "dzobj_xtorcl5v0n"
  },
  {
    "objectName": "BirchLeaves_Sparse",
    "inGameName": "-",
    "category": "plants_sakhal",
    "modelType": "Config",
    "path": "dz/plants_sakhal/clutter",
    "usableOnConsole": true,
    "searchTags": "clutter, plants, grasses, foilage, ground",
    "image": "images/plants_sakhal/clutter/birchleaves_sparse.jpg",
    "id": "dzobj_r2c1sqhvub"
  },
  {
    "objectName": "Twigs1",
    "inGameName": "-",
    "category": "plants_sakhal",
    "modelType": "Config",
    "path": "dz/plants_sakhal/clutter",
    "usableOnConsole": true,
    "searchTags": "clutter, plants, grasses, foilage, ground",
    "image": "images/plants_sakhal/clutter/twigs1.jpg",
    "id": "dzobj_tz68gdc7cu"
  },
  {
    "objectName": "Twigs2",
    "inGameName": "-",
    "category": "plants_sakhal",
    "modelType": "Config",
    "path": "dz/plants_sakhal/clutter",
    "usableOnConsole": true,
    "searchTags": "clutter, plants, grasses, foilage, ground",
    "image": "images/plants_sakhal/clutter/twigs2.jpg",
    "id": "dzobj_9mkvautw5v"
  },
  {
    "objectName": "PiceaCluster",
    "inGameName": "-",
    "category": "plants_sakhal",
    "modelType": "Config",
    "path": "dz/plants_sakhal/clutter",
    "usableOnConsole": true,
    "searchTags": "clutter, plants, grasses, foilage, ground",
    "image": "images/plants_sakhal/clutter/piceacluster.jpg",
    "id": "dzobj_vvpumc7m6v"
  },
  {
    "objectName": "PiceaCones",
    "inGameName": "-",
    "category": "plants_sakhal",
    "modelType": "Config",
    "path": "dz/plants_sakhal/clutter",
    "usableOnConsole": true,
    "searchTags": "clutter, plants, grasses, foilage, ground",
    "image": "images/plants_sakhal/clutter/piceacones.jpg",
    "id": "dzobj_i9gqdrevoq"
  },
  {
    "objectName": "Stones",
    "inGameName": "-",
    "category": "plants_sakhal",
    "modelType": "Config",
    "path": "dz/plants_sakhal/clutter",
    "usableOnConsole": true,
    "searchTags": "clutter, plants, grasses, foilage, ground",
    "image": "images/plants_sakhal/clutter/stones.jpg",
    "id": "dzobj_7xw95wtcyg"
  },
  {
    "objectName": "Stones_small",
    "inGameName": "-",
    "category": "plants_sakhal",
    "modelType": "Config",
    "path": "dz/plants_sakhal/clutter",
    "usableOnConsole": true,
    "searchTags": "clutter, plants, grasses, foilage, ground",
    "image": "images/plants_sakhal/clutter/stones_small.jpg",
    "id": "dzobj_ubaij5b3bk"
  },
  {
    "objectName": "VolcanicStones_Red",
    "inGameName": "-",
    "category": "plants_sakhal",
    "modelType": "Config",
    "path": "dz/plants_sakhal/clutter",
    "usableOnConsole": true,
    "searchTags": "clutter, plants, grasses, foilage, ground",
    "image": "images/plants_sakhal/clutter/volcanicstones_red.jpg",
    "id": "dzobj_4zy4n4l3ev"
  },
  {
    "objectName": "VolcanicStones_Yellow",
    "inGameName": "-",
    "category": "plants_sakhal",
    "modelType": "Config",
    "path": "dz/plants_sakhal/clutter",
    "usableOnConsole": true,
    "searchTags": "clutter, plants, grasses, foilage, ground",
    "image": "images/plants_sakhal/clutter/volcanicstones_yellow.jpg",
    "id": "dzobj_z4ftzirqld"
  },
  {
    "objectName": "c_birchleaves.p3d",
    "inGameName": "-",
    "category": "plants_sakhal",
    "modelType": "Raw P3D",
    "path": "dz/plants_sakhal/clutter",
    "usableOnConsole": true,
    "searchTags": "leaves, leaf, brown, sakhal",
    "image": "images/plants_sakhal/clutter/dzplants_sakhalclutterc_birchleaves.p3d.jpeg",
    "id": "dzobj_lz4kd7fpuh"
  },
  {
    "objectName": "c_birchleaves_sparse.p3d",
    "inGameName": "-",
    "category": "plants_sakhal",
    "modelType": "Raw P3D",
    "path": "dz/plants_sakhal/clutter",
    "usableOnConsole": true,
    "searchTags": "leaves, leaf, brown, sakhal",
    "image": "images/plants_sakhal/plants_sakhal/dzplants_sakhalplants_sakhalc_birchleaves_sparse.p3d.jpeg",
    "id": "dzobj_0imwqhy3nx"
  },
  {
    "objectName": "c_browngrass.p3d",
    "inGameName": "-",
    "category": "plants_sakhal",
    "modelType": "Raw P3D",
    "path": "dz/plants_sakhal/clutter",
    "usableOnConsole": true,
    "searchTags": "grass, brown, sakhal",
    "image": "images/plants_sakhal/clutter/dzplants_sakhalclutterc_browngrass.p3d.jpeg",
    "id": "dzobj_708js5penm"
  },
  {
    "objectName": "c_browngrass_flat.p3d",
    "inGameName": "-",
    "category": "plants_sakhal",
    "modelType": "Raw P3D",
    "path": "dz/plants_sakhal/clutter",
    "usableOnConsole": true,
    "searchTags": "grass, brown, sakhal",
    "image": "images/plants_sakhal/clutter/dzplants_sakhalclutterc_browngrass_flat.p3d.jpeg",
    "id": "dzobj_336vtun8mw"
  },
  {
    "objectName": "c_browngrass_lump.p3d",
    "inGameName": "-",
    "category": "plants_sakhal",
    "modelType": "Raw P3D",
    "path": "dz/plants_sakhal/clutter",
    "usableOnConsole": true,
    "searchTags": "grass, brown, sakhal",
    "image": "images/plants_sakhal/clutter/dzplants_sakhalclutterc_browngrass_lump.p3d.jpeg",
    "id": "dzobj_yeqweqszkk"
  },
  {
    "objectName": "c_browngrass_tall.p3d",
    "inGameName": "-",
    "category": "plants_sakhal",
    "modelType": "Raw P3D",
    "path": "dz/plants_sakhal/clutter",
    "usableOnConsole": true,
    "searchTags": "grass, brown, sakhal",
    "image": "images/plants_sakhal/clutter/dzplants_sakhalclutterc_browngrass_tall.p3d.jpeg",
    "id": "dzobj_ktz5m9h1gt"
  },
  {
    "objectName": "c_browngrass_tall2.p3d",
    "inGameName": "-",
    "category": "plants_sakhal",
    "modelType": "Raw P3D",
    "path": "dz/plants_sakhal/clutter",
    "usableOnConsole": true,
    "searchTags": "grass, brown, sakhal",
    "image": "images/plants_sakhal/clutter/dzplants_sakhalclutterc_browngrass_tall2.p3d.jpeg",
    "id": "dzobj_rh0gkndd8h"
  },
  {
    "objectName": "c_drythistle.p3d",
    "inGameName": "-",
    "category": "plants_sakhal",
    "modelType": "Raw P3D",
    "path": "dz/plants_sakhal/clutter",
    "usableOnConsole": true,
    "searchTags": "weed, brown, sakhal",
    "image": "images/plants_sakhal/clutter/dzplants_sakhalclutterc_drythistle.p3d.jpeg",
    "id": "dzobj_3goafvams6"
  },
  {
    "objectName": "c_greengrass_tall.p3d",
    "inGameName": "-",
    "category": "plants_sakhal",
    "modelType": "Raw P3D",
    "path": "dz/plants_sakhal/clutter",
    "usableOnConsole": true,
    "searchTags": "grass, green, sakhal",
    "image": "images/plants_sakhal/clutter/dzplants_sakhalclutterc_greengrass_tall.p3d.jpeg",
    "id": "dzobj_4os14xzyy9"
  },
  {
    "objectName": "c_greengrass_tall2.p3d",
    "inGameName": "-",
    "category": "plants_sakhal",
    "modelType": "Raw P3D",
    "path": "dz/plants_sakhal/clutter",
    "usableOnConsole": true,
    "searchTags": "grass, green, sakhal",
    "image": "images/plants_sakhal/clutter/dzplants_sakhalclutterc_greengrass_tall2.p3d.jpeg",
    "id": "dzobj_78a6zla8ac"
  },
  {
    "objectName": "c_piceacluster.p3d",
    "inGameName": "-",
    "category": "plants_sakhal",
    "modelType": "Raw P3D",
    "path": "dz/plants_sakhal/clutter",
    "usableOnConsole": true,
    "searchTags": "spruce, green, sakhal",
    "image": "images/plants_sakhal/clutter/dzplants_sakhalclutterc_piceacluster.p3d.jpeg",
    "id": "dzobj_ms37g7th9a"
  },
  {
    "objectName": "c_piceacones.p3d",
    "inGameName": "-",
    "category": "plants_sakhal",
    "modelType": "Raw P3D",
    "path": "dz/plants_sakhal/clutter",
    "usableOnConsole": true,
    "searchTags": "pine cone, spruce cone, sakhal",
    "image": "images/plants_sakhal/clutter/dzplants_sakhalclutterc_piceacones.p3d.jpeg",
    "id": "dzobj_1wc1vmdr1z"
  },
  {
    "objectName": "c_stones.p3d",
    "inGameName": "-",
    "category": "plants_sakhal",
    "modelType": "Raw P3D",
    "path": "dz/plants_sakhal/clutter",
    "usableOnConsole": true,
    "searchTags": "stones, small, sakhal",
    "image": "images/plants_sakhal/clutter/dzplants_sakhalclutterc_stones.p3d.jpeg",
    "id": "dzobj_7ikw2k50hn"
  },
  {
    "objectName": "c_stones_small.p3d",
    "inGameName": "-",
    "category": "plants_sakhal",
    "modelType": "Raw P3D",
    "path": "dz/plants_sakhal/clutter",
    "usableOnConsole": true,
    "searchTags": "stones, small, sakhal",
    "image": "images/plants_sakhal/clutter/dzplants_sakhalclutterc_stones_small.p3d.jpeg",
    "id": "dzobj_2k7qt1kdej"
  },
  {
    "objectName": "c_twigs1.p3d",
    "inGameName": "-",
    "category": "plants_sakhal",
    "modelType": "Raw P3D",
    "path": "dz/plants_sakhal/clutter",
    "usableOnConsole": true,
    "searchTags": "sticks, sakhal",
    "image": "images/plants_sakhal/clutter/dzplants_sakhalclutterc_twigs1.p3d.jpeg",
    "id": "dzobj_vimnvrxkhl"
  },
  {
    "objectName": "c_twigs2.p3d",
    "inGameName": "-",
    "category": "plants_sakhal",
    "modelType": "Raw P3D",
    "path": "dz/plants_sakhal/clutter",
    "usableOnConsole": true,
    "searchTags": "sticks, sakhal",
    "image": "images/plants_sakhal/clutter/dzplants_sakhalclutterc_twigs2.p3d.jpeg",
    "id": "dzobj_3dngzl4ubv"
  },
  {
    "objectName": "c_volcanicstones_red.p3d",
    "inGameName": "-",
    "category": "plants_sakhal",
    "modelType": "Raw P3D",
    "path": "dz/plants_sakhal/clutter",
    "usableOnConsole": true,
    "searchTags": "volcano, small, stones, red, sakhal",
    "image": "images/plants_sakhal/clutter/dzplants_sakhalclutterc_volcanicstones_red.p3d.jpeg",
    "id": "dzobj_r82y71yq8s"
  },
  {
    "objectName": "c_volcanicstones_yellow.p3d",
    "inGameName": "-",
    "category": "plants_sakhal",
    "modelType": "Raw P3D",
    "path": "dz/plants_sakhal/clutter",
    "usableOnConsole": true,
    "searchTags": "volcano, small, stones, yellow, sakhal",
    "image": "images/plants_sakhal/clutter/dzplants_sakhalclutterc_volcanicstones_yellow.p3d.jpeg",
    "id": "dzobj_kj6t62n7pi"
  }
]
