[
  {
    "objectName": "Land_Smokestack_Big",
    "inGameName": "-",
    "category": "structures",
    "modelType": "Config",
    "path": "dz/structures/industrial/smokestacks",
    "usableOnConsole": true,
    "searchTags": "chimney, factory, industry, tall, exhaust, large",
    "image": "images/structures/industrial/smokestacks/land_smokestack_big.jpg",
    "id": "dzobj_bhdmorhvu1"
  },
  {
    "objectName": "Land_Smokestack_Brick",
    "inGameName": "-",
    "category": "structures",
    "modelType": "Config",
    "path": "dz/structures/industrial/smokestacks",
    "usableOnConsole": true,
    "searchTags": "chimney, factory, industry, brick, masonry, pipe, exhaust, smoke",
    "image": "images/structures/industrial/smokestacks/land_smokestack_brick.jpg",
    "id": "dzobj_8wf3bwl32m"
  },
  {
    "objectName": "Land_Smokestack_Metal",
    "inGameName": "-",
    "category": "structures",
    "modelType": "Config",
    "path": "dz/structures/industrial/smokestacks",
    "usableOnConsole": true,
    "searchTags": "chimney, factory, industry, pipe, exhaust, smoke, metal, tall, large",
    "image": "images/structures/industrial/smokestacks/land_smokestack_metal.jpg",
    "id": "dzobj_pkeeevownu"
  },
  {
    "objectName": "Land_Smokestack_Medium",
    "inGameName": "-",
    "category": "structures",
    "modelType": "Config",
    "path": "dz/structures/industrial/smokestacks",
    "usableOnConsole": true,
    "searchTags": "chimney, factory, industry, tall, exhaust, smoke, red, white",
    "image": "images/structures/industrial/smokestacks/land_smokestack_medium.jpg",
    "id": "dzobj_cojju6g9fg"
  },
  {
    "objectName": "smokestack_big.p3d",
    "inGameName": "-",
    "category": "structures",
    "modelType": "Raw P3D",
    "path": "dz/structures/industrial/smokestacks",
    "usableOnConsole": false,
    "searchTags": "chimney, factory, industry, tall, exhaust, large",
    "image": "images/structures/industrial/smokestacks/land_smokestack_big.jpg",
    "id": "dzobj_6xzga3o49k"
  },
  {
    "objectName": "smokestack_brick.p3d",
    "inGameName": "-",
    "category": "structures",
    "modelType": "Raw P3D",
    "path": "dz/structures/industrial/smokestacks",
    "usableOnConsole": false,
    "searchTags": "chimney, factory, industry, brick, masonry, pipe, exhaust, smoke",
    "image": "images/structures/industrial/smokestacks/land_smokestack_brick.jpg",
    "id": "dzobj_k5numj7ik6"
  },
  {
    "objectName": "smokestack_medium.p3d",
    "inGameName": "-",
    "category": "structures",
    "modelType": "Raw P3D",
    "path": "dz/structures/industrial/smokestacks",
    "usableOnConsole": false,
    "searchTags": "chimney, factory, industry, tall, exhaust, smoke, red, white",
    "image": "images/structures/industrial/smokestacks/land_smokestack_medium.jpg",
    "id": "dzobj_5245iqh727"
  },
  {
    "objectName": "smokestack_metal.p3d",
    "inGameName": "-",
    "category": "structures",
    "modelType": "Raw P3D",
    "path": "dz/structures/industrial/smokestacks",
    "usableOnConsole": false,
    "searchTags": "chimney, factory, industry, pipe, exhaust, smoke, metal, tall, large",
    "image": "images/structures/industrial/smokestacks/land_smokestack_metal.jpg",
    "id": "dzobj_du86mcuyy1"
  }
]
