[
  {
    "objectName": "MaleFeet_Base",
    "inGameName": "Bare feet new",
    "category": "characters",
    "modelType": "Config",
    "path": "dz/characters/shoes",
    "usableOnConsole": true,
    "searchTags": "bare, feet, pc, player, survivor, loot, footware",
    "image": "images/characters/shoes/malefeet_base/malefeet_base.jpg",
    "id": "dzobj_0d9f7pcyx1"
  },
  {
    "objectName": "FemaleFeet_Base",
    "inGameName": "Bare feet new",
    "category": "characters",
    "modelType": "Config",
    "path": "dz/characters/shoes",
    "usableOnConsole": true,
    "searchTags": "bare, feet, pc, player, survivor, loot, footware",
    "image": "images/characters/shoes/femalefeet_base/femalefeet_base.jpg",
    "id": "dzobj_00tepvd2x5"
  },
  {
    "objectName": "AthleticShoes_Black",
    "inGameName": "Athletic Shoes",
    "category": "characters",
    "modelType": "Config",
    "path": "dz/characters/shoes",
    "usableOnConsole": true,
    "searchTags": "sports, trainers, loot, footware",
    "image": "images/characters/shoes/athleticshoes_black/athleticshoes_black.jpg",
    "id": "dzobj_1clic1inqw"
  },
  {
    "objectName": "AthleticShoes_Blue",
    "inGameName": "Athletic Shoes",
    "category": "characters",
    "modelType": "Config",
    "path": "dz/characters/shoes",
    "usableOnConsole": true,
    "searchTags": "sports, trainers, loot, footware",
    "image": "images/characters/shoes/athleticshoes_blue/athleticshoes_blue.jpg",
    "id": "dzobj_k6cqq3e1is"
  },
  {
    "objectName": "AthleticShoes_Brown",
    "inGameName": "Athletic Shoes",
    "category": "characters",
    "modelType": "Config",
    "path": "dz/characters/shoes",
    "usableOnConsole": true,
    "searchTags": "sports, trainers, loot, footware",
    "image": "images/characters/shoes/athleticshoes_brown/athleticshoes_brown.jpg",
    "id": "dzobj_qxzoecchvj"
  },
  {
    "objectName": "AthleticShoes_Green",
    "inGameName": "Athletic Shoes",
    "category": "characters",
    "modelType": "Config",
    "path": "dz/characters/shoes",
    "usableOnConsole": true,
    "searchTags": "sports, trainers, loot, footware",
    "image": "images/characters/shoes/athleticshoes_green/athleticshoes_green.jpg",
    "id": "dzobj_j2px72z93w"
  },
  {
    "objectName": "AthleticShoes_Grey",
    "inGameName": "Athletic Shoes",
    "category": "characters",
    "modelType": "Config",
    "path": "dz/characters/shoes",
    "usableOnConsole": true,
    "searchTags": "sports, trainers, loot, footware",
    "image": "images/characters/shoes/athleticshoes_grey/athleticshoes_grey.jpg",
    "id": "dzobj_eq3wlllxrw"
  },
  {
    "objectName": "HikingBoots_Black",
    "inGameName": "Hiking Boots",
    "category": "characters",
    "modelType": "Config",
    "path": "dz/characters/shoes",
    "usableOnConsole": true,
    "searchTags": "shoes, trail, woods, walking, loot, footware",
    "image": "images/characters/shoes/hikingboots_black/hikingboots_black.jpg",
    "id": "dzobj_8yevvkbklc"
  },
  {
    "objectName": "HikingBoots_Brown",
    "inGameName": "Hiking Boots",
    "category": "characters",
    "modelType": "Config",
    "path": "dz/characters/shoes",
    "usableOnConsole": true,
    "searchTags": "shoes, trail, woods, walking, loot, footware",
    "image": "images/characters/shoes/hikingboots_brown/hikingboots_brown.jpg",
    "id": "dzobj_b2gnsp3mot"
  },
  {
    "objectName": "HikingBootsLow_Beige",
    "inGameName": "Trail Shoes",
    "category": "characters",
    "modelType": "Config",
    "path": "dz/characters/shoes",
    "usableOnConsole": true,
    "searchTags": "shoes, trail, woods, walking, loot, footware",
    "image": "images/characters/shoes/hikingbootslow_beige/hikingbootslow_beige.jpg",
    "id": "dzobj_e9ibyf6oue"
  },
  {
    "objectName": "HikingBootsLow_Black",
    "inGameName": "Trail Shoes",
    "category": "characters",
    "modelType": "Config",
    "path": "dz/characters/shoes",
    "usableOnConsole": true,
    "searchTags": "shoes, trail, woods, walking, loot, footware",
    "image": "images/characters/shoes/hikingbootslow_black/hikingbootslow_black.jpg",
    "id": "dzobj_xissyd4i8h"
  },
  {
    "objectName": "HikingBootsLow_Blue",
    "inGameName": "Trail Shoes",
    "category": "characters",
    "modelType": "Config",
    "path": "dz/characters/shoes",
    "usableOnConsole": true,
    "searchTags": "shoes, trail, woods, walking, loot, footware",
    "image": "images/characters/shoes/hikingbootslow_blue/hikingbootslow_blue.jpg",
    "id": "dzobj_6j90pbttni"
  },
  {
    "objectName": "HikingBootsLow_Grey",
    "inGameName": "Trail Shoes",
    "category": "characters",
    "modelType": "Config",
    "path": "dz/characters/shoes",
    "usableOnConsole": true,
    "searchTags": "shoes, trail, woods, walking, loot, footware",
    "image": "images/characters/shoes/hikingbootslow_grey/hikingbootslow_grey.jpg",
    "id": "dzobj_7wwv9yeilx"
  },
  {
    "objectName": "Wellies_Black",
    "inGameName": "Wellies",
    "category": "characters",
    "modelType": "Config",
    "path": "dz/characters/shoes",
    "usableOnConsole": true,
    "searchTags": "shoes, waterpoof, wellington, loot, footware",
    "image": "images/characters/shoes/wellies_black/wellies_black.jpg",
    "id": "dzobj_0wdh875odp"
  },
  {
    "objectName": "Wellies_Brown",
    "inGameName": "Wellies",
    "category": "characters",
    "modelType": "Config",
    "path": "dz/characters/shoes",
    "usableOnConsole": true,
    "searchTags": "shoes, waterpoof, wellington, loot, footware",
    "image": "images/characters/shoes/wellies_brown/wellies_brown.jpg",
    "id": "dzobj_v937jkdxie"
  },
  {
    "objectName": "Wellies_Green",
    "inGameName": "Wellies",
    "category": "characters",
    "modelType": "Config",
    "path": "dz/characters/shoes",
    "usableOnConsole": true,
    "searchTags": "shoes, waterpoof, wellington, loot, footware",
    "image": "images/characters/shoes/wellies_green/wellies_green.jpg",
    "id": "dzobj_qz2svr6pn1"
  },
  {
    "objectName": "Wellies_Grey",
    "inGameName": "Wellies",
    "category": "characters",
    "modelType": "Config",
    "path": "dz/characters/shoes",
    "usableOnConsole": true,
    "searchTags": "shoes, waterpoof, wellington, loot, footware",
    "image": "images/characters/shoes/wellies_grey/wellies_grey.jpg",
    "id": "dzobj_j9263yo67j"
  },
  {
    "objectName": "WorkingBoots_Beige",
    "inGameName": "Working Boots",
    "category": "characters",
    "modelType": "Config",
    "path": "dz/characters/shoes",
    "usableOnConsole": true,
    "searchTags": "shoes, steel toe cap, loot, footware",
    "image": "images/characters/shoes/workingboots_beige/workingboots_beige.jpg",
    "id": "dzobj_l7hb66h0cr"
  },
  {
    "objectName": "WorkingBoots_Brown",
    "inGameName": "Working Boots",
    "category": "characters",
    "modelType": "Config",
    "path": "dz/characters/shoes",
    "usableOnConsole": true,
    "searchTags": "shoes, steel toe cap, loot, footware",
    "image": "images/characters/shoes/workingboots_brown/workingboots_brown.jpg",
    "id": "dzobj_xiieci4wyh"
  },
  {
    "objectName": "WorkingBoots_Green",
    "inGameName": "Working Boots",
    "category": "characters",
    "modelType": "Config",
    "path": "dz/characters/shoes",
    "usableOnConsole": true,
    "searchTags": "shoes, steel toe cap, loot, footware",
    "image": "images/characters/shoes/workingboots_green/workingboots_green.jpg",
    "id": "dzobj_9925237rk1"
  },
  {
    "objectName": "WorkingBoots_Grey",
    "inGameName": "Working Boots",
    "category": "characters",
    "modelType": "Config",
    "path": "dz/characters/shoes",
    "usableOnConsole": true,
    "searchTags": "shoes, steel toe cap, loot, footware",
    "image": "images/characters/shoes/workingboots_grey/workingboots_grey.jpg",
    "id": "dzobj_xybu41v5a1"
  },
  {
    "objectName": "WorkingBoots_Yellow",
    "inGameName": "Working Boots",
    "category": "characters",
    "modelType": "Config",
    "path": "dz/characters/shoes",
    "usableOnConsole": true,
    "searchTags": "shoes, steel toe cap, loot, footware",
    "image": "images/characters/shoes/workingboots_yellow/workingboots_yellow.jpg",
    "id": "dzobj_50hy3kgk2x"
  },
  {
    "objectName": "JungleBoots_Beige",
    "inGameName": "Jungle Boots",
    "category": "characters",
    "modelType": "Config",
    "path": "dz/characters/shoes",
    "usableOnConsole": true,
    "searchTags": "shoes, steel toe cap, military, army, combat, loot, footware",
    "image": "images/characters/shoes/jungleboots_beige/jungleboots_beige.jpg",
    "id": "dzobj_pxe311h8ne"
  },
  {
    "objectName": "JungleBoots_Black",
    "inGameName": "Jungle Boots",
    "category": "characters",
    "modelType": "Config",
    "path": "dz/characters/shoes",
    "usableOnConsole": true,
    "searchTags": "shoes, steel toe cap, military, army, combat, loot, footware",
    "image": "images/characters/shoes/jungleboots_black/jungleboots_black.jpg",
    "id": "dzobj_coc74pt9e2"
  },
  {
    "objectName": "JungleBoots_Brown",
    "inGameName": "Jungle Boots",
    "category": "characters",
    "modelType": "Config",
    "path": "dz/characters/shoes",
    "usableOnConsole": true,
    "searchTags": "shoes, steel toe cap, military, army, combat, loot, footware",
    "image": "images/characters/shoes/jungleboots_brown/jungleboots_brown.jpg",
    "id": "dzobj_ts2s5fs0tj"
  },
  {
    "objectName": "JungleBoots_Green",
    "inGameName": "Jungle Boots",
    "category": "characters",
    "modelType": "Config",
    "path": "dz/characters/shoes",
    "usableOnConsole": true,
    "searchTags": "shoes, steel toe cap, military, army, combat, loot, footware",
    "image": "images/characters/shoes/jungleboots_green/jungleboots_green.jpg",
    "id": "dzobj_ci56mykjp7"
  },
  {
    "objectName": "JungleBoots_Olive",
    "inGameName": "Jungle Boots",
    "category": "characters",
    "modelType": "Config",
    "path": "dz/characters/shoes",
    "usableOnConsole": true,
    "searchTags": "shoes, steel toe cap, military, army, combat, loot, footware",
    "image": "images/characters/shoes/jungleboots_olive/jungleboots_olive.jpg",
    "id": "dzobj_hs3qgwj2h1"
  },
  {
    "objectName": "DressShoes_Beige",
    "inGameName": "Dress Shoes",
    "category": "characters",
    "modelType": "Config",
    "path": "dz/characters/shoes",
    "usableOnConsole": true,
    "searchTags": "smart, fancy, formal, loot, footware",
    "image": "images/characters/shoes/dressshoes_beige/dressshoes_beige.jpg",
    "id": "dzobj_fvr1piqif8"
  },
  {
    "objectName": "DressShoes_Black",
    "inGameName": "Dress Shoes",
    "category": "characters",
    "modelType": "Config",
    "path": "dz/characters/shoes",
    "usableOnConsole": true,
    "searchTags": "smart, fancy, formal, loot, footware",
    "image": "images/characters/shoes/dressshoes_black/dressshoes_black.jpg",
    "id": "dzobj_h618raxnef"
  },
  {
    "objectName": "DressShoes_Brown",
    "inGameName": "Dress Shoes",
    "category": "characters",
    "modelType": "Config",
    "path": "dz/characters/shoes",
    "usableOnConsole": true,
    "searchTags": "smart, fancy, formal, loot, footware",
    "image": "images/characters/shoes/dressshoes_brown/dressshoes_brown.jpg",
    "id": "dzobj_e6c3yk1fs3"
  },
  {
    "objectName": "DressShoes_Sunburst",
    "inGameName": "Dress Shoes",
    "category": "characters",
    "modelType": "Config",
    "path": "dz/characters/shoes",
    "usableOnConsole": true,
    "searchTags": "smart, fancy, formal, loot, footware",
    "image": "images/characters/shoes/dressshoes_sunburst/dressshoes_sunburst.jpg",
    "id": "dzobj_w4rxbpsu4a"
  },
  {
    "objectName": "DressShoes_White",
    "inGameName": "Dress Shoes",
    "category": "characters",
    "modelType": "Config",
    "path": "dz/characters/shoes",
    "usableOnConsole": true,
    "searchTags": "smart, fancy, formal, loot, footware",
    "image": "images/characters/shoes/dressshoes_white/dressshoes_white.jpg",
    "id": "dzobj_mz9djnuj6z"
  },
  {
    "objectName": "MilitaryBoots_Beige",
    "inGameName": "Assault Boots",
    "category": "characters",
    "modelType": "Config",
    "path": "dz/characters/shoes",
    "usableOnConsole": true,
    "searchTags": "assault, shoes, combat, military, army, loot, footware",
    "image": "images/characters/shoes/militaryboots_beige/militaryboots_beige.jpg",
    "id": "dzobj_atml4jgiaq"
  },
  {
    "objectName": "MilitaryBoots_Black",
    "inGameName": "Assault Boots",
    "category": "characters",
    "modelType": "Config",
    "path": "dz/characters/shoes",
    "usableOnConsole": true,
    "searchTags": "assault, shoes, combat, military, army, loot, footware",
    "image": "images/characters/shoes/militaryboots_black/militaryboots_black.jpg",
    "id": "dzobj_1ig46wg4hx"
  },
  {
    "objectName": "MilitaryBoots_Bluerock",
    "inGameName": "Assault Boots",
    "category": "characters",
    "modelType": "Config",
    "path": "dz/characters/shoes",
    "usableOnConsole": true,
    "searchTags": "assault, shoes, combat, military, army, loot, footware",
    "image": "images/characters/shoes/militaryboots_bluerock/militaryboots_bluerock.jpg",
    "id": "dzobj_koohqrj78e"
  },
  {
    "objectName": "MilitaryBoots_Brown",
    "inGameName": "Assault Boots",
    "category": "characters",
    "modelType": "Config",
    "path": "dz/characters/shoes",
    "usableOnConsole": true,
    "searchTags": "assault, shoes, combat, military, army, loot, footware",
    "image": "images/characters/shoes/militaryboots_brown/militaryboots_brown.jpg",
    "id": "dzobj_soostkfhmw"
  },
  {
    "objectName": "MilitaryBoots_Redpunk",
    "inGameName": "Assault Boots",
    "category": "characters",
    "modelType": "Config",
    "path": "dz/characters/shoes",
    "usableOnConsole": true,
    "searchTags": "assault, shoes, combat, military, army, loot, footware",
    "image": "images/characters/shoes/militaryboots_redpunk/militaryboots_redpunk.jpg",
    "id": "dzobj_xq9xu63cbp"
  },
  {
    "objectName": "CombatBoots_Beige",
    "inGameName": "Hunter Boots",
    "category": "characters",
    "modelType": "Config",
    "path": "dz/characters/shoes",
    "usableOnConsole": true,
    "searchTags": "assault, shoes, combat, military, army, loot, footware",
    "image": "images/characters/shoes/combatboots_beige/combatboots_beige.jpg",
    "id": "dzobj_c04lnq3o84"
  },
  {
    "objectName": "CombatBoots_Black",
    "inGameName": "Hunter Boots",
    "category": "characters",
    "modelType": "Config",
    "path": "dz/characters/shoes",
    "usableOnConsole": true,
    "searchTags": "assault, shoes, combat, military, army, loot, footware",
    "image": "images/characters/shoes/combatboots_black/combatboots_black.jpg",
    "id": "dzobj_zsp6j3z3dc"
  },
  {
    "objectName": "CombatBoots_Brown",
    "inGameName": "Hunter Boots",
    "category": "characters",
    "modelType": "Config",
    "path": "dz/characters/shoes",
    "usableOnConsole": true,
    "searchTags": "assault, shoes, combat, military, army, loot, footware",
    "image": "images/characters/shoes/combatboots_brown/combatboots_brown.jpg",
    "id": "dzobj_mcln6c0dif"
  },
  {
    "objectName": "CombatBoots_Green",
    "inGameName": "Hunter Boots",
    "category": "characters",
    "modelType": "Config",
    "path": "dz/characters/shoes",
    "usableOnConsole": true,
    "searchTags": "assault, shoes, combat, military, army, loot, footware",
    "image": "images/characters/shoes/combatboots_green/combatboots_green.jpg",
    "id": "dzobj_2ptyqtm661"
  },
  {
    "objectName": "CombatBoots_Grey",
    "inGameName": "Hunter Boots",
    "category": "characters",
    "modelType": "Config",
    "path": "dz/characters/shoes",
    "usableOnConsole": true,
    "searchTags": "assault, shoes, combat, military, army, loot, footware",
    "image": "images/characters/shoes/combatboots_grey/combatboots_grey.jpg",
    "id": "dzobj_qquhv9ygq5"
  },
  {
    "objectName": "JoggingShoes_Black",
    "inGameName": "Running Shoes",
    "category": "characters",
    "modelType": "Config",
    "path": "dz/characters/shoes",
    "usableOnConsole": true,
    "searchTags": "running, sports, training, loot, footware",
    "image": "images/characters/shoes/joggingshoes_black/joggingshoes_black.jpg",
    "id": "dzobj_sybwleu0ve"
  },
  {
    "objectName": "JoggingShoes_Blue",
    "inGameName": "Running Shoes",
    "category": "characters",
    "modelType": "Config",
    "path": "dz/characters/shoes",
    "usableOnConsole": true,
    "searchTags": "running, sports, training, loot, footware",
    "image": "images/characters/shoes/joggingshoes_blue/joggingshoes_blue.jpg",
    "id": "dzobj_ce3rr2bftf"
  },
  {
    "objectName": "JoggingShoes_Red",
    "inGameName": "Running Shoes",
    "category": "characters",
    "modelType": "Config",
    "path": "dz/characters/shoes",
    "usableOnConsole": true,
    "searchTags": "running, sports, training, loot, footware",
    "image": "images/characters/shoes/joggingshoes_red/joggingshoes_red.jpg",
    "id": "dzobj_7yy2hk9a2p"
  },
  {
    "objectName": "JoggingShoes_Violet",
    "inGameName": "Running Shoes",
    "category": "characters",
    "modelType": "Config",
    "path": "dz/characters/shoes",
    "usableOnConsole": true,
    "searchTags": "running, sports, training, loot, footware",
    "image": "images/characters/shoes/joggingshoes_violet/joggingshoes_violet.jpg",
    "id": "dzobj_vjqfsvk2es"
  },
  {
    "objectName": "JoggingShoes_White",
    "inGameName": "Running Shoes",
    "category": "characters",
    "modelType": "Config",
    "path": "dz/characters/shoes",
    "usableOnConsole": true,
    "searchTags": "running, sports, training, loot, footware",
    "image": "images/characters/shoes/joggingshoes_white/joggingshoes_white.jpg",
    "id": "dzobj_25d5ava6b2"
  },
  {
    "objectName": "LeatherShoes_Beige",
    "inGameName": "Leather Shoes",
    "category": "characters",
    "modelType": "Config",
    "path": "dz/characters/shoes",
    "usableOnConsole": true,
    "searchTags": "crafted, loot, footware",
    "image": "images/characters/shoes/leathershoes_beige/leathershoes_beige.jpg",
    "id": "dzobj_xa9yi6kn7o"
  },
  {
    "objectName": "LeatherShoes_Black",
    "inGameName": "Leather Shoes",
    "category": "characters",
    "modelType": "Config",
    "path": "dz/characters/shoes",
    "usableOnConsole": true,
    "searchTags": "crafted, loot, footware",
    "image": "images/characters/shoes/leathershoes_black/leathershoes_black.jpg",
    "id": "dzobj_kavsht4wiw"
  },
  {
    "objectName": "LeatherShoes_Brown",
    "inGameName": "Leather Shoes",
    "category": "characters",
    "modelType": "Config",
    "path": "dz/characters/shoes",
    "usableOnConsole": true,
    "searchTags": "crafted, loot, footware",
    "image": "images/characters/shoes/leathershoes_brown/leathershoes_brown.jpg",
    "id": "dzobj_6e0twp8wfz"
  },
  {
    "objectName": "LeatherShoes_Natural",
    "inGameName": "Leather Shoes",
    "category": "characters",
    "modelType": "Config",
    "path": "dz/characters/shoes",
    "usableOnConsole": true,
    "searchTags": "crafted, loot, footware",
    "image": "images/characters/shoes/leathershoes_natural/leathershoes_natural.jpg",
    "id": "dzobj_96p0q3ssau"
  },
  {
    "objectName": "Sneakers_Black",
    "inGameName": "Sneakers",
    "category": "characters",
    "modelType": "Config",
    "path": "dz/characters/shoes",
    "usableOnConsole": true,
    "searchTags": "shoes, sports, trainers, loot, footware",
    "image": "images/characters/shoes/sneakers_black/sneakers_black.jpg",
    "id": "dzobj_j99xsi0qd8"
  },
  {
    "objectName": "Sneakers_Gray",
    "inGameName": "Sneakers",
    "category": "characters",
    "modelType": "Config",
    "path": "dz/characters/shoes",
    "usableOnConsole": true,
    "searchTags": "shoes, sports, trainers, loot, footware",
    "image": "images/characters/shoes/sneakers_gray/sneakers_gray.jpg",
    "id": "dzobj_x0rn5bdihb"
  },
  {
    "objectName": "Sneakers_Green",
    "inGameName": "Sneakers",
    "category": "characters",
    "modelType": "Config",
    "path": "dz/characters/shoes",
    "usableOnConsole": true,
    "searchTags": "shoes, sports, trainers, loot, footware",
    "image": "images/characters/shoes/sneakers_green/sneakers_green.jpg",
    "id": "dzobj_z9osjoczpo"
  },
  {
    "objectName": "Sneakers_Red",
    "inGameName": "Sneakers",
    "category": "characters",
    "modelType": "Config",
    "path": "dz/characters/shoes",
    "usableOnConsole": true,
    "searchTags": "shoes, sports, trainers, loot, footware",
    "image": "images/characters/shoes/sneakers_red/sneakers_red.jpg",
    "id": "dzobj_gx2t3rlqro"
  },
  {
    "objectName": "Sneakers_White",
    "inGameName": "Sneakers",
    "category": "characters",
    "modelType": "Config",
    "path": "dz/characters/shoes",
    "usableOnConsole": true,
    "searchTags": "shoes, sports, trainers, loot, footware",
    "image": "images/characters/shoes/sneakers_white/sneakers_white.jpg",
    "id": "dzobj_fnr5hodowu"
  },
  {
    "objectName": "Ballerinas_Blue",
    "inGameName": "Flat Shoes",
    "category": "characters",
    "modelType": "Config",
    "path": "dz/characters/shoes",
    "usableOnConsole": true,
    "searchTags": "flat, shoes, dance, dancing, loot, footware",
    "image": "images/characters/shoes/ballerinas_blue/ballerinas_blue.jpg",
    "id": "dzobj_1veodz6vum"
  },
  {
    "objectName": "Ballerinas_Red",
    "inGameName": "Flat Shoes",
    "category": "characters",
    "modelType": "Config",
    "path": "dz/characters/shoes",
    "usableOnConsole": true,
    "searchTags": "flat, shoes, dance, dancing, loot, footware",
    "image": "images/characters/shoes/ballerinas_red/ballerinas_red.jpg",
    "id": "dzobj_am2hmmjnyf"
  },
  {
    "objectName": "Ballerinas_White",
    "inGameName": "Flat Shoes",
    "category": "characters",
    "modelType": "Config",
    "path": "dz/characters/shoes",
    "usableOnConsole": true,
    "searchTags": "flat, shoes, dance, dancing, loot, footware",
    "image": "images/characters/shoes/ballerinas_white/ballerinas_white.jpg",
    "id": "dzobj_w01683j8rp"
  },
  {
    "objectName": "Ballerinas_Yellow",
    "inGameName": "Flat Shoes",
    "category": "characters",
    "modelType": "Config",
    "path": "dz/characters/shoes",
    "usableOnConsole": true,
    "searchTags": "flat, shoes, dance, dancing, loot, footware",
    "image": "images/characters/shoes/ballerinas_yellow/ballerinas_yellow.jpg",
    "id": "dzobj_iz57ylcv78"
  },
  {
    "objectName": "FeetCover_Improvised",
    "inGameName": "Improvised Feet Wrapping",
    "category": "characters",
    "modelType": "Config",
    "path": "dz/characters/shoes",
    "usableOnConsole": true,
    "searchTags": "shoes, wrapping, loot, footware",
    "image": "images/characters/shoes/feetcover_improvised/feetcover_improvised.jpg",
    "id": "dzobj_mfw2jsoats"
  },
  {
    "objectName": "TTSKOBoots",
    "inGameName": "Combat Boots",
    "category": "characters",
    "modelType": "Config",
    "path": "dz/characters/shoes",
    "usableOnConsole": true,
    "searchTags": "combat, shoes, wrapping, rags, loot, footware",
    "image": "images/characters/shoes/ttskoboots/ttskoboots.jpg",
    "id": "dzobj_miukf72e0a"
  },
  {
    "objectName": "MedievalBoots",
    "inGameName": "Medieval Boots",
    "category": "characters",
    "modelType": "Config",
    "path": "dz/characters/shoes",
    "usableOnConsole": true,
    "searchTags": "shoes, armour, armor, castle, medieval, loot, footware",
    "image": "images/characters/shoes/medievalboots/medievalboots.jpg",
    "id": "dzobj_b70q23kbrc"
  },
  {
    "objectName": "athleticshoes_ground.p3d",
    "inGameName": "Athletic Shoes",
    "category": "characters",
    "modelType": "Raw P3D",
    "path": "dz/characters/shoes",
    "usableOnConsole": false,
    "searchTags": "[MATCH TO CONFIG], loot, footware",
    "image": "images/characters/shoes/athleticshoes_ground.p3d.jpg",
    "id": "dzobj_0t1s0w4kwy"
  },
  {
    "objectName": "athleticshoes_m_above0.p3d",
    "inGameName": "-",
    "category": "characters",
    "modelType": "Raw P3D",
    "path": "dz/characters/shoes",
    "usableOnConsole": false,
    "searchTags": "[MATCH TO CONFIG], loot, footware",
    "image": "images/characters/shoes/athleticshoes_m_above0.p3d.jpg",
    "id": "dzobj_fzvv3ciljv"
  },
  {
    "objectName": "ballerinas_ground.p3d",
    "inGameName": "Flat Shoes",
    "category": "characters",
    "modelType": "Raw P3D",
    "path": "dz/characters/shoes",
    "usableOnConsole": false,
    "searchTags": "[MATCH TO CONFIG], loot, footware",
    "image": "images/characters/shoes/ballerinas_ground.p3d.jpg",
    "id": "dzobj_tidu5o1rr8"
  },
  {
    "objectName": "combatboots_ground.p3d",
    "inGameName": "Hunter Boots",
    "category": "characters",
    "modelType": "Raw P3D",
    "path": "dz/characters/shoes",
    "usableOnConsole": false,
    "searchTags": "[MATCH TO CONFIG], loot, footware",
    "image": "images/characters/shoes/combatboots_ground.p3d.jpg",
    "id": "dzobj_sw00d2jjic"
  },
  {
    "objectName": "feetcover_improvised_g.p3d",
    "inGameName": "Improvised Feet Wrapping",
    "category": "characters",
    "modelType": "Raw P3D",
    "path": "dz/characters/shoes",
    "usableOnConsole": false,
    "searchTags": "bare, feet, pc, player, survivor, loot, footware",
    "image": "images/characters/shoes/malefeet_base/malefeet_base.jpg",
    "id": "dzobj_qo2qlz6qpu"
  },
  {
    "objectName": "feet_m_above0.p3d",
    "inGameName": "-",
    "category": "characters",
    "modelType": "Raw P3D",
    "path": "dz/characters/shoes",
    "usableOnConsole": false,
    "searchTags": "[MATCH TO CONFIG], loot, footware",
    "image": "images/characters/shoes/feet_m_above0.p3d.jpg",
    "id": "dzobj_lt95p586r4"
  },
  {
    "objectName": "hikingboots_ground.p3d",
    "inGameName": "Hiking Boots",
    "category": "characters",
    "modelType": "Raw P3D",
    "path": "dz/characters/shoes",
    "usableOnConsole": false,
    "searchTags": "[MATCH TO CONFIG], loot, footware",
    "image": "images/characters/shoes/hikingboots_ground.p3d.jpg",
    "id": "dzobj_3jgppdglsg"
  },
  {
    "objectName": "hikingboots_low_ground.p3d",
    "inGameName": "Trail Shoes",
    "category": "characters",
    "modelType": "Raw P3D",
    "path": "dz/characters/shoes",
    "usableOnConsole": false,
    "searchTags": "[MATCH TO CONFIG], loot, footware",
    "image": "images/characters/shoes/hikingboots_low_ground.p3d.jpg",
    "id": "dzobj_pomk3f95k4"
  },
  {
    "objectName": "joggingshoes_ground.p3d",
    "inGameName": "Running Shoes",
    "category": "characters",
    "modelType": "Raw P3D",
    "path": "dz/characters/shoes",
    "usableOnConsole": false,
    "searchTags": "[MATCH TO CONFIG], loot, footware",
    "image": "images/characters/shoes/joggingshoes_ground.p3d.jpg",
    "id": "dzobj_wpiu2xplru"
  },
  {
    "objectName": "jungleboots_ground.p3d",
    "inGameName": "Jungle Boots",
    "category": "characters",
    "modelType": "Raw P3D",
    "path": "dz/characters/shoes",
    "usableOnConsole": false,
    "searchTags": "[MATCH TO CONFIG], loot, footware",
    "image": "images/characters/shoes/jungleboots_ground.p3d.jpg",
    "id": "dzobj_cqubcfw03v"
  },
  {
    "objectName": "leathershoes_ground.p3d",
    "inGameName": "Dress Shoes",
    "category": "characters",
    "modelType": "Raw P3D",
    "path": "dz/characters/shoes",
    "usableOnConsole": false,
    "searchTags": "[MATCH TO CONFIG], loot, footware",
    "image": "images/characters/shoes/leathershoes_ground.p3d.jpg",
    "id": "dzobj_rj3d4a5hmz"
  },
  {
    "objectName": "medievalboots_g.p3d",
    "inGameName": "Medieval Boots",
    "category": "characters",
    "modelType": "Raw P3D",
    "path": "dz/characters/shoes",
    "usableOnConsole": false,
    "searchTags": "shoes, armour, armor, castle, medieval, loot, footware",
    "image": "images/characters/shoes/medievalboots/medievalboots.jpg",
    "id": "dzobj_6enqb0ir65"
  },
  {
    "objectName": "militaryboots_ground.p3d",
    "inGameName": "Assault Boots",
    "category": "characters",
    "modelType": "Raw P3D",
    "path": "dz/characters/shoes",
    "usableOnConsole": false,
    "searchTags": "[MATCH TO CONFIG], loot, footware",
    "image": "images/characters/shoes/militaryboots_ground.p3d.jpg",
    "id": "dzobj_pmgp0rncdf"
  },
  {
    "objectName": "nbc_boots_g.p3d",
    "inGameName": "-",
    "category": "characters",
    "modelType": "Raw P3D",
    "path": "dz/characters/shoes",
    "usableOnConsole": false,
    "searchTags": "NBC, protection, shoes, loot, footware",
    "image": "images/characters/shoes/nbcbootsgray/nbcbootsgray.jpg",
    "id": "dzobj_nuz3hjo8c8"
  },
  {
    "objectName": "shoes_leathermoccasins_g.p3d",
    "inGameName": "Leather Shoes",
    "category": "characters",
    "modelType": "Raw P3D",
    "path": "dz/characters/shoes",
    "usableOnConsole": false,
    "searchTags": "[MATCH TO CONFIG], loot, footware",
    "image": "images/characters/shoes/shoes_leathermoccasins_g.p3d.jpg",
    "id": "dzobj_7q2rgp5jrt"
  },
  {
    "objectName": "sneakers_g.p3d",
    "inGameName": "Sneakers",
    "category": "characters",
    "modelType": "Raw P3D",
    "path": "dz/characters/shoes",
    "usableOnConsole": false,
    "searchTags": "shoes, sports, trainers, loot, footware",
    "image": "images/characters/shoes/sneakers_black/sneakers_black.jpg",
    "id": "dzobj_k5reoi2kh2"
  },
  {
    "objectName": "ttsko_boots_g.p3d",
    "inGameName": "Combat Boots",
    "category": "characters",
    "modelType": "Raw P3D",
    "path": "dz/characters/shoes",
    "usableOnConsole": false,
    "searchTags": "combat, shoes, wrapping, rags, loot, footware",
    "image": "images/characters/shoes/ttskoboots/ttskoboots.jpg",
    "id": "dzobj_md6zs21wsa"
  },
  {
    "objectName": "wellies_ground.p3d",
    "inGameName": "Wellies",
    "category": "characters",
    "modelType": "Raw P3D",
    "path": "dz/characters/shoes",
    "usableOnConsole": false,
    "searchTags": "[MATCH TO CONFIG], loot, footware",
    "image": "images/characters/shoes/wellies_ground.p3d.jpg",
    "id": "dzobj_xf6c00ckf2"
  },
  {
    "objectName": "workingboots_ground.p3d",
    "inGameName": "Working Boots",
    "category": "characters",
    "modelType": "Raw P3D",
    "path": "dz/characters/shoes",
    "usableOnConsole": false,
    "searchTags": "[MATCH TO CONFIG], loot, footware",
    "image": "images/characters/shoes/workingboots_ground.p3d.jpg",
    "id": "dzobj_xbapckal11"
  },
  {
    "objectName": "NBCBootsGray",
    "inGameName": "Bare feet new",
    "category": "characters",
    "modelType": "Config",
    "path": "dz/characters/shoes",
    "usableOnConsole": true,
    "searchTags": "NBC, protection, shoes, loot, footware",
    "image": "images/characters/shoes/nbcbootsgray/nbcbootsgray.jpg",
    "id": "dzobj_4p6e9yh1fm"
  },
  {
    "objectName": "NBCBootsWhite",
    "inGameName": "Bare feet new",
    "category": "characters",
    "modelType": "Config",
    "path": "dz/characters/shoes",
    "usableOnConsole": true,
    "searchTags": "NBC, protection, shoes, loot, footware",
    "image": "images/characters/shoes/nbcbootswhite/nbcbootswhite.jpg",
    "id": "dzobj_lhzfizd088"
  },
  {
    "objectName": "NBCBootsYellow",
    "inGameName": "Bare feet new",
    "category": "characters",
    "modelType": "Config",
    "path": "dz/characters/shoes",
    "usableOnConsole": true,
    "searchTags": "NBC, protection, shoes, loot, footware",
    "image": "images/characters/shoes/nbcbootsyellow/nbcbootsyellow.jpg",
    "id": "dzobj_qbwnnku7sq"
  }
]
