[
  {
    "objectName": "MaleFeet_Base",
    "inGameName": "Bare feet new",
    "category": "characters",
    "modelType": "Config",
    "path": "dz/characters/shoes",
    "usableOnConsole": true,
    "searchTags": "bare, feet, pc, player, survivor, loot, footware",
    "image": "images/characters/shoes/malefeet_base/malefeet_base.jpg"
  },
  {
    "objectName": "FemaleFeet_Base",
    "inGameName": "Bare feet new",
    "category": "characters",
    "modelType": "Config",
    "path": "dz/characters/shoes",
    "usableOnConsole": true,
    "searchTags": "bare, feet, pc, player, survivor, loot, footware",
    "image": "images/characters/shoes/femalefeet_base/femalefeet_base.jpg"
  },
  {
    "objectName": "AthleticShoes_Black",
    "inGameName": "Athletic Shoes",
    "category": "characters",
    "modelType": "Config",
    "path": "dz/characters/shoes",
    "usableOnConsole": true,
    "searchTags": "sports, trainers, loot, footware",
    "image": "images/characters/shoes/athleticshoes_black/athleticshoes_black.jpg"
  },
  {
    "objectName": "AthleticShoes_Blue",
    "inGameName": "Athletic Shoes",
    "category": "characters",
    "modelType": "Config",
    "path": "dz/characters/shoes",
    "usableOnConsole": true,
    "searchTags": "sports, trainers, loot, footware",
    "image": "images/characters/shoes/athleticshoes_blue/athleticshoes_blue.jpg"
  },
  {
    "objectName": "AthleticShoes_Brown",
    "inGameName": "Athletic Shoes",
    "category": "characters",
    "modelType": "Config",
    "path": "dz/characters/shoes",
    "usableOnConsole": true,
    "searchTags": "sports, trainers, loot, footware",
    "image": "images/characters/shoes/athleticshoes_brown/athleticshoes_brown.jpg"
  },
  {
    "objectName": "AthleticShoes_Green",
    "inGameName": "Athletic Shoes",
    "category": "characters",
    "modelType": "Config",
    "path": "dz/characters/shoes",
    "usableOnConsole": true,
    "searchTags": "sports, trainers, loot, footware",
    "image": "images/characters/shoes/athleticshoes_green/athleticshoes_green.jpg"
  },
  {
    "objectName": "AthleticShoes_Grey",
    "inGameName": "Athletic Shoes",
    "category": "characters",
    "modelType": "Config",
    "path": "dz/characters/shoes",
    "usableOnConsole": true,
    "searchTags": "sports, trainers, loot, footware",
    "image": "images/characters/shoes/athleticshoes_grey/athleticshoes_grey.jpg"
  },
  {
    "objectName": "HikingBoots_Black",
    "inGameName": "Hiking Boots",
    "category": "characters",
    "modelType": "Config",
    "path": "dz/characters/shoes",
    "usableOnConsole": true,
    "searchTags": "shoes, trail, woods, walking, loot, footware",
    "image": "images/characters/shoes/hikingboots_black/hikingboots_black.jpg"
  },
  {
    "objectName": "HikingBoots_Brown",
    "inGameName": "Hiking Boots",
    "category": "characters",
    "modelType": "Config",
    "path": "dz/characters/shoes",
    "usableOnConsole": true,
    "searchTags": "shoes, trail, woods, walking, loot, footware",
    "image": "images/characters/shoes/hikingboots_brown/hikingboots_brown.jpg"
  },
  {
    "objectName": "HikingBootsLow_Beige",
    "inGameName": "Trail Shoes",
    "category": "characters",
    "modelType": "Config",
    "path": "dz/characters/shoes",
    "usableOnConsole": true,
    "searchTags": "shoes, trail, woods, walking, loot, footware",
    "image": "images/characters/shoes/hikingbootslow_beige/hikingbootslow_beige.jpg"
  },
  {
    "objectName": "HikingBootsLow_Black",
    "inGameName": "Trail Shoes",
    "category": "characters",
    "modelType": "Config",
    "path": "dz/characters/shoes",
    "usableOnConsole": true,
    "searchTags": "shoes, trail, woods, walking, loot, footware",
    "image": "images/characters/shoes/hikingbootslow_black/hikingbootslow_black.jpg"
  },
  {
    "objectName": "HikingBootsLow_Blue",
    "inGameName": "Trail Shoes",
    "category": "characters",
    "modelType": "Config",
    "path": "dz/characters/shoes",
    "usableOnConsole": true,
    "searchTags": "shoes, trail, woods, walking, loot, footware",
    "image": "images/characters/shoes/hikingbootslow_blue/hikingbootslow_blue.jpg"
  },
  {
    "objectName": "HikingBootsLow_Grey",
    "inGameName": "Trail Shoes",
    "category": "characters",
    "modelType": "Config",
    "path": "dz/characters/shoes",
    "usableOnConsole": true,
    "searchTags": "shoes, trail, woods, walking, loot, footware",
    "image": "images/characters/shoes/hikingbootslow_grey/hikingbootslow_grey.jpg"
  },
  {
    "objectName": "Wellies_Black",
    "inGameName": "Wellies",
    "category": "characters",
    "modelType": "Config",
    "path": "dz/characters/shoes",
    "usableOnConsole": true,
    "searchTags": "shoes, waterpoof, wellington, loot, footware",
    "image": "images/characters/shoes/wellies_black/wellies_black.jpg"
  },
  {
    "objectName": "Wellies_Brown",
    "inGameName": "Wellies",
    "category": "characters",
    "modelType": "Config",
    "path": "dz/characters/shoes",
    "usableOnConsole": true,
    "searchTags": "shoes, waterpoof, wellington, loot, footware",
    "image": "images/characters/shoes/wellies_brown/wellies_brown.jpg"
  },
  {
    "objectName": "Wellies_Green",
    "inGameName": "Wellies",
    "category": "characters",
    "modelType": "Config",
    "path": "dz/characters/shoes",
    "usableOnConsole": true,
    "searchTags": "shoes, waterpoof, wellington, loot, footware",
    "image": "images/characters/shoes/wellies_green/wellies_green.jpg"
  },
  {
    "objectName": "Wellies_Grey",
    "inGameName": "Wellies",
    "category": "characters",
    "modelType": "Config",
    "path": "dz/characters/shoes",
    "usableOnConsole": true,
    "searchTags": "shoes, waterpoof, wellington, loot, footware",
    "image": "images/characters/shoes/wellies_grey/wellies_grey.jpg"
  },
  {
    "objectName": "WorkingBoots_Beige",
    "inGameName": "Working Boots",
    "category": "characters",
    "modelType": "Config",
    "path": "dz/characters/shoes",
    "usableOnConsole": true,
    "searchTags": "shoes, steel toe cap, loot, footware",
    "image": "images/characters/shoes/workingboots_beige/workingboots_beige.jpg"
  },
  {
    "objectName": "WorkingBoots_Brown",
    "inGameName": "Working Boots",
    "category": "characters",
    "modelType": "Config",
    "path": "dz/characters/shoes",
    "usableOnConsole": true,
    "searchTags": "shoes, steel toe cap, loot, footware",
    "image": "images/characters/shoes/workingboots_brown/workingboots_brown.jpg"
  },
  {
    "objectName": "WorkingBoots_Green",
    "inGameName": "Working Boots",
    "category": "characters",
    "modelType": "Config",
    "path": "dz/characters/shoes",
    "usableOnConsole": true,
    "searchTags": "shoes, steel toe cap, loot, footware",
    "image": "images/characters/shoes/workingboots_green/workingboots_green.jpg"
  },
  {
    "objectName": "WorkingBoots_Grey",
    "inGameName": "Working Boots",
    "category": "characters",
    "modelType": "Config",
    "path": "dz/characters/shoes",
    "usableOnConsole": true,
    "searchTags": "shoes, steel toe cap, loot, footware",
    "image": "images/characters/shoes/workingboots_grey/workingboots_grey.jpg"
  },
  {
    "objectName": "WorkingBoots_Yellow",
    "inGameName": "Working Boots",
    "category": "characters",
    "modelType": "Config",
    "path": "dz/characters/shoes",
    "usableOnConsole": true,
    "searchTags": "shoes, steel toe cap, loot, footware",
    "image": "images/characters/shoes/workingboots_yellow/workingboots_yellow.jpg"
  },
  {
    "objectName": "JungleBoots_Beige",
    "inGameName": "Jungle Boots",
    "category": "characters",
    "modelType": "Config",
    "path": "dz/characters/shoes",
    "usableOnConsole": true,
    "searchTags": "shoes, steel toe cap, military, army, combat, loot, footware",
    "image": "images/characters/shoes/jungleboots_beige/jungleboots_beige.jpg"
  },
  {
    "objectName": "JungleBoots_Black",
    "inGameName": "Jungle Boots",
    "category": "characters",
    "modelType": "Config",
    "path": "dz/characters/shoes",
    "usableOnConsole": true,
    "searchTags": "shoes, steel toe cap, military, army, combat, loot, footware",
    "image": "images/characters/shoes/jungleboots_black/jungleboots_black.jpg"
  },
  {
    "objectName": "JungleBoots_Brown",
    "inGameName": "Jungle Boots",
    "category": "characters",
    "modelType": "Config",
    "path": "dz/characters/shoes",
    "usableOnConsole": true,
    "searchTags": "shoes, steel toe cap, military, army, combat, loot, footware",
    "image": "images/characters/shoes/jungleboots_brown/jungleboots_brown.jpg"
  },
  {
    "objectName": "JungleBoots_Green",
    "inGameName": "Jungle Boots",
    "category": "characters",
    "modelType": "Config",
    "path": "dz/characters/shoes",
    "usableOnConsole": true,
    "searchTags": "shoes, steel toe cap, military, army, combat, loot, footware",
    "image": "images/characters/shoes/jungleboots_green/jungleboots_green.jpg"
  },
  {
    "objectName": "JungleBoots_Olive",
    "inGameName": "Jungle Boots",
    "category": "characters",
    "modelType": "Config",
    "path": "dz/characters/shoes",
    "usableOnConsole": true,
    "searchTags": "shoes, steel toe cap, military, army, combat, loot, footware",
    "image": "images/characters/shoes/jungleboots_olive/jungleboots_olive.jpg"
  },
  {
    "objectName": "DressShoes_Beige",
    "inGameName": "Dress Shoes",
    "category": "characters",
    "modelType": "Config",
    "path": "dz/characters/shoes",
    "usableOnConsole": true,
    "searchTags": "smart, fancy, formal, loot, footware",
    "image": "images/characters/shoes/dressshoes_beige/dressshoes_beige.jpg"
  },
  {
    "objectName": "DressShoes_Black",
    "inGameName": "Dress Shoes",
    "category": "characters",
    "modelType": "Config",
    "path": "dz/characters/shoes",
    "usableOnConsole": true,
    "searchTags": "smart, fancy, formal, loot, footware",
    "image": "images/characters/shoes/dressshoes_black/dressshoes_black.jpg"
  },
  {
    "objectName": "DressShoes_Brown",
    "inGameName": "Dress Shoes",
    "category": "characters",
    "modelType": "Config",
    "path": "dz/characters/shoes",
    "usableOnConsole": true,
    "searchTags": "smart, fancy, formal, loot, footware",
    "image": "images/characters/shoes/dressshoes_brown/dressshoes_brown.jpg"
  },
  {
    "objectName": "DressShoes_Sunburst",
    "inGameName": "Dress Shoes",
    "category": "characters",
    "modelType": "Config",
    "path": "dz/characters/shoes",
    "usableOnConsole": true,
    "searchTags": "smart, fancy, formal, loot, footware",
    "image": "images/characters/shoes/dressshoes_sunburst/dressshoes_sunburst.jpg"
  },
  {
    "objectName": "DressShoes_White",
    "inGameName": "Dress Shoes",
    "category": "characters",
    "modelType": "Config",
    "path": "dz/characters/shoes",
    "usableOnConsole": true,
    "searchTags": "smart, fancy, formal, loot, footware",
    "image": "images/characters/shoes/dressshoes_white/dressshoes_white.jpg"
  },
  {
    "objectName": "MilitaryBoots_Beige",
    "inGameName": "Assault Boots",
    "category": "characters",
    "modelType": "Config",
    "path": "dz/characters/shoes",
    "usableOnConsole": true,
    "searchTags": "assault, shoes, combat, military, army, loot, footware",
    "image": "images/characters/shoes/militaryboots_beige/militaryboots_beige.jpg"
  },
  {
    "objectName": "MilitaryBoots_Black",
    "inGameName": "Assault Boots",
    "category": "characters",
    "modelType": "Config",
    "path": "dz/characters/shoes",
    "usableOnConsole": true,
    "searchTags": "assault, shoes, combat, military, army, loot, footware",
    "image": "images/characters/shoes/militaryboots_black/militaryboots_black.jpg"
  },
  {
    "objectName": "MilitaryBoots_Bluerock",
    "inGameName": "Assault Boots",
    "category": "characters",
    "modelType": "Config",
    "path": "dz/characters/shoes",
    "usableOnConsole": true,
    "searchTags": "assault, shoes, combat, military, army, loot, footware",
    "image": "images/characters/shoes/militaryboots_bluerock/militaryboots_bluerock.jpg"
  },
  {
    "objectName": "MilitaryBoots_Brown",
    "inGameName": "Assault Boots",
    "category": "characters",
    "modelType": "Config",
    "path": "dz/characters/shoes",
    "usableOnConsole": true,
    "searchTags": "assault, shoes, combat, military, army, loot, footware",
    "image": "images/characters/shoes/militaryboots_brown/militaryboots_brown.jpg"
  },
  {
    "objectName": "MilitaryBoots_Redpunk",
    "inGameName": "Assault Boots",
    "category": "characters",
    "modelType": "Config",
    "path": "dz/characters/shoes",
    "usableOnConsole": true,
    "searchTags": "assault, shoes, combat, military, army, loot, footware",
    "image": "images/characters/shoes/militaryboots_redpunk/militaryboots_redpunk.jpg"
  },
  {
    "objectName": "CombatBoots_Beige",
    "inGameName": "Hunter Boots",
    "category": "characters",
    "modelType": "Config",
    "path": "dz/characters/shoes",
    "usableOnConsole": true,
    "searchTags": "assault, shoes, combat, military, army, loot, footware",
    "image": "images/characters/shoes/combatboots_beige/combatboots_beige.jpg"
  },
  {
    "objectName": "CombatBoots_Black",
    "inGameName": "Hunter Boots",
    "category": "characters",
    "modelType": "Config",
    "path": "dz/characters/shoes",
    "usableOnConsole": true,
    "searchTags": "assault, shoes, combat, military, army, loot, footware",
    "image": "images/characters/shoes/combatboots_black/combatboots_black.jpg"
  },
  {
    "objectName": "CombatBoots_Brown",
    "inGameName": "Hunter Boots",
    "category": "characters",
    "modelType": "Config",
    "path": "dz/characters/shoes",
    "usableOnConsole": true,
    "searchTags": "assault, shoes, combat, military, army, loot, footware",
    "image": "images/characters/shoes/combatboots_brown/combatboots_brown.jpg"
  },
  {
    "objectName": "CombatBoots_Green",
    "inGameName": "Hunter Boots",
    "category": "characters",
    "modelType": "Config",
    "path": "dz/characters/shoes",
    "usableOnConsole": true,
    "searchTags": "assault, shoes, combat, military, army, loot, footware",
    "image": "images/characters/shoes/combatboots_green/combatboots_green.jpg"
  },
  {
    "objectName": "CombatBoots_Grey",
    "inGameName": "Hunter Boots",
    "category": "characters",
    "modelType": "Config",
    "path": "dz/characters/shoes",
    "usableOnConsole": true,
    "searchTags": "assault, shoes, combat, military, army, loot, footware",
    "image": "images/characters/shoes/combatboots_grey/combatboots_grey.jpg"
  },
  {
    "objectName": "JoggingShoes_Black",
    "inGameName": "Running Shoes",
    "category": "characters",
    "modelType": "Config",
    "path": "dz/characters/shoes",
    "usableOnConsole": true,
    "searchTags": "running, sports, training, loot, footware",
    "image": "images/characters/shoes/joggingshoes_black/joggingshoes_black.jpg"
  },
  {
    "objectName": "JoggingShoes_Blue",
    "inGameName": "Running Shoes",
    "category": "characters",
    "modelType": "Config",
    "path": "dz/characters/shoes",
    "usableOnConsole": true,
    "searchTags": "running, sports, training, loot, footware",
    "image": "images/characters/shoes/joggingshoes_blue/joggingshoes_blue.jpg"
  },
  {
    "objectName": "JoggingShoes_Red",
    "inGameName": "Running Shoes",
    "category": "characters",
    "modelType": "Config",
    "path": "dz/characters/shoes",
    "usableOnConsole": true,
    "searchTags": "running, sports, training, loot, footware",
    "image": "images/characters/shoes/joggingshoes_red/joggingshoes_red.jpg"
  },
  {
    "objectName": "JoggingShoes_Violet",
    "inGameName": "Running Shoes",
    "category": "characters",
    "modelType": "Config",
    "path": "dz/characters/shoes",
    "usableOnConsole": true,
    "searchTags": "running, sports, training, loot, footware",
    "image": "images/characters/shoes/joggingshoes_violet/joggingshoes_violet.jpg"
  },
  {
    "objectName": "JoggingShoes_White",
    "inGameName": "Running Shoes",
    "category": "characters",
    "modelType": "Config",
    "path": "dz/characters/shoes",
    "usableOnConsole": true,
    "searchTags": "running, sports, training, loot, footware",
    "image": "images/characters/shoes/joggingshoes_white/joggingshoes_white.jpg"
  },
  {
    "objectName": "LeatherShoes_Beige",
    "inGameName": "Leather Shoes",
    "category": "characters",
    "modelType": "Config",
    "path": "dz/characters/shoes",
    "usableOnConsole": true,
    "searchTags": "crafted, loot, footware",
    "image": "images/characters/shoes/leathershoes_beige/leathershoes_beige.jpg"
  },
  {
    "objectName": "LeatherShoes_Black",
    "inGameName": "Leather Shoes",
    "category": "characters",
    "modelType": "Config",
    "path": "dz/characters/shoes",
    "usableOnConsole": true,
    "searchTags": "crafted, loot, footware",
    "image": "images/characters/shoes/leathershoes_black/leathershoes_black.jpg"
  },
  {
    "objectName": "LeatherShoes_Brown",
    "inGameName": "Leather Shoes",
    "category": "characters",
    "modelType": "Config",
    "path": "dz/characters/shoes",
    "usableOnConsole": true,
    "searchTags": "crafted, loot, footware",
    "image": "images/characters/shoes/leathershoes_brown/leathershoes_brown.jpg"
  },
  {
    "objectName": "LeatherShoes_Natural",
    "inGameName": "Leather Shoes",
    "category": "characters",
    "modelType": "Config",
    "path": "dz/characters/shoes",
    "usableOnConsole": true,
    "searchTags": "crafted, loot, footware",
    "image": "images/characters/shoes/leathershoes_natural/leathershoes_natural.jpg"
  },
  {
    "objectName": "Sneakers_Black",
    "inGameName": "Sneakers",
    "category": "characters",
    "modelType": "Config",
    "path": "dz/characters/shoes",
    "usableOnConsole": true,
    "searchTags": "shoes, sports, trainers, loot, footware",
    "image": "images/characters/shoes/sneakers_black/sneakers_black.jpg"
  },
  {
    "objectName": "Sneakers_Gray",
    "inGameName": "Sneakers",
    "category": "characters",
    "modelType": "Config",
    "path": "dz/characters/shoes",
    "usableOnConsole": true,
    "searchTags": "shoes, sports, trainers, loot, footware",
    "image": "images/characters/shoes/sneakers_gray/sneakers_gray.jpg"
  },
  {
    "objectName": "Sneakers_Green",
    "inGameName": "Sneakers",
    "category": "characters",
    "modelType": "Config",
    "path": "dz/characters/shoes",
    "usableOnConsole": true,
    "searchTags": "shoes, sports, trainers, loot, footware",
    "image": "images/characters/shoes/sneakers_green/sneakers_green.jpg"
  },
  {
    "objectName": "Sneakers_Red",
    "inGameName": "Sneakers",
    "category": "characters",
    "modelType": "Config",
    "path": "dz/characters/shoes",
    "usableOnConsole": true,
    "searchTags": "shoes, sports, trainers, loot, footware",
    "image": "images/characters/shoes/sneakers_red/sneakers_red.jpg"
  },
  {
    "objectName": "Sneakers_White",
    "inGameName": "Sneakers",
    "category": "characters",
    "modelType": "Config",
    "path": "dz/characters/shoes",
    "usableOnConsole": true,
    "searchTags": "shoes, sports, trainers, loot, footware",
    "image": "images/characters/shoes/sneakers_white/sneakers_white.jpg"
  },
  {
    "objectName": "Ballerinas_Blue",
    "inGameName": "Flat Shoes",
    "category": "characters",
    "modelType": "Config",
    "path": "dz/characters/shoes",
    "usableOnConsole": true,
    "searchTags": "flat, shoes, dance, dancing, loot, footware",
    "image": "images/characters/shoes/ballerinas_blue/ballerinas_blue.jpg"
  },
  {
    "objectName": "Ballerinas_Red",
    "inGameName": "Flat Shoes",
    "category": "characters",
    "modelType": "Config",
    "path": "dz/characters/shoes",
    "usableOnConsole": true,
    "searchTags": "flat, shoes, dance, dancing, loot, footware",
    "image": "images/characters/shoes/ballerinas_red/ballerinas_red.jpg"
  },
  {
    "objectName": "Ballerinas_White",
    "inGameName": "Flat Shoes",
    "category": "characters",
    "modelType": "Config",
    "path": "dz/characters/shoes",
    "usableOnConsole": true,
    "searchTags": "flat, shoes, dance, dancing, loot, footware",
    "image": "images/characters/shoes/ballerinas_white/ballerinas_white.jpg"
  },
  {
    "objectName": "Ballerinas_Yellow",
    "inGameName": "Flat Shoes",
    "category": "characters",
    "modelType": "Config",
    "path": "dz/characters/shoes",
    "usableOnConsole": true,
    "searchTags": "flat, shoes, dance, dancing, loot, footware",
    "image": "images/characters/shoes/ballerinas_yellow/ballerinas_yellow.jpg"
  },
  {
    "objectName": "FeetCover_Improvised",
    "inGameName": "Improvised Feet Wrapping",
    "category": "characters",
    "modelType": "Config",
    "path": "dz/characters/shoes",
    "usableOnConsole": true,
    "searchTags": "shoes, wrapping, loot, footware",
    "image": "images/characters/shoes/feetcover_improvised/feetcover_improvised.jpg"
  },
  {
    "objectName": "TTSKOBoots",
    "inGameName": "Combat Boots",
    "category": "characters",
    "modelType": "Config",
    "path": "dz/characters/shoes",
    "usableOnConsole": true,
    "searchTags": "combat, shoes, wrapping, rags, loot, footware",
    "image": "images/characters/shoes/ttskoboots/ttskoboots.jpg"
  },
  {
    "objectName": "MedievalBoots",
    "inGameName": "Medieval Boots",
    "category": "characters",
    "modelType": "Config",
    "path": "dz/characters/shoes",
    "usableOnConsole": true,
    "searchTags": "shoes, armour, armor, castle, medieval, loot, footware",
    "image": "images/characters/shoes/medievalboots/medievalboots.jpg"
  },
  {
    "objectName": "athleticshoes_ground.p3d",
    "inGameName": "Athletic Shoes",
    "category": "characters",
    "modelType": "Raw P3D",
    "path": "dz/characters/shoes",
    "usableOnConsole": false,
    "searchTags": "[MATCH TO CONFIG], loot, footware",
    "image": "images/characters/shoes/athleticshoes_ground.p3d.jpg"
  },
  {
    "objectName": "athleticshoes_m_above0.p3d",
    "inGameName": "-",
    "category": "characters",
    "modelType": "Raw P3D",
    "path": "dz/characters/shoes",
    "usableOnConsole": false,
    "searchTags": "[MATCH TO CONFIG], loot, footware",
    "image": "images/characters/shoes/athleticshoes_m_above0.p3d.jpg"
  },
  {
    "objectName": "ballerinas_ground.p3d",
    "inGameName": "Flat Shoes",
    "category": "characters",
    "modelType": "Raw P3D",
    "path": "dz/characters/shoes",
    "usableOnConsole": false,
    "searchTags": "[MATCH TO CONFIG], loot, footware",
    "image": "images/characters/shoes/ballerinas_ground.p3d.jpg"
  },
  {
    "objectName": "combatboots_ground.p3d",
    "inGameName": "Hunter Boots",
    "category": "characters",
    "modelType": "Raw P3D",
    "path": "dz/characters/shoes",
    "usableOnConsole": false,
    "searchTags": "[MATCH TO CONFIG], loot, footware",
    "image": "images/characters/shoes/combatboots_ground.p3d.jpg"
  },
  {
    "objectName": "feetcover_improvised_g.p3d",
    "inGameName": "Improvised Feet Wrapping",
    "category": "characters",
    "modelType": "Raw P3D",
    "path": "dz/characters/shoes",
    "usableOnConsole": false,
    "searchTags": "bare, feet, pc, player, survivor, loot, footware",
    "image": "images/characters/shoes/malefeet_base/malefeet_base.jpg"
  },
  {
    "objectName": "feet_m_above0.p3d",
    "inGameName": "-",
    "category": "characters",
    "modelType": "Raw P3D",
    "path": "dz/characters/shoes",
    "usableOnConsole": false,
    "searchTags": "[MATCH TO CONFIG], loot, footware",
    "image": "images/characters/shoes/feet_m_above0.p3d.jpg"
  },
  {
    "objectName": "hikingboots_ground.p3d",
    "inGameName": "Hiking Boots",
    "category": "characters",
    "modelType": "Raw P3D",
    "path": "dz/characters/shoes",
    "usableOnConsole": false,
    "searchTags": "[MATCH TO CONFIG], loot, footware",
    "image": "images/characters/shoes/hikingboots_ground.p3d.jpg"
  },
  {
    "objectName": "hikingboots_low_ground.p3d",
    "inGameName": "Trail Shoes",
    "category": "characters",
    "modelType": "Raw P3D",
    "path": "dz/characters/shoes",
    "usableOnConsole": false,
    "searchTags": "[MATCH TO CONFIG], loot, footware",
    "image": "images/characters/shoes/hikingboots_low_ground.p3d.jpg"
  },
  {
    "objectName": "joggingshoes_ground.p3d",
    "inGameName": "Running Shoes",
    "category": "characters",
    "modelType": "Raw P3D",
    "path": "dz/characters/shoes",
    "usableOnConsole": false,
    "searchTags": "[MATCH TO CONFIG], loot, footware",
    "image": "images/characters/shoes/joggingshoes_ground.p3d.jpg"
  },
  {
    "objectName": "jungleboots_ground.p3d",
    "inGameName": "Jungle Boots",
    "category": "characters",
    "modelType": "Raw P3D",
    "path": "dz/characters/shoes",
    "usableOnConsole": false,
    "searchTags": "[MATCH TO CONFIG], loot, footware",
    "image": "images/characters/shoes/jungleboots_ground.p3d.jpg"
  },
  {
    "objectName": "leathershoes_ground.p3d",
    "inGameName": "Dress Shoes",
    "category": "characters",
    "modelType": "Raw P3D",
    "path": "dz/characters/shoes",
    "usableOnConsole": false,
    "searchTags": "[MATCH TO CONFIG], loot, footware",
    "image": "images/characters/shoes/leathershoes_ground.p3d.jpg"
  },
  {
    "objectName": "medievalboots_g.p3d",
    "inGameName": "Medieval Boots",
    "category": "characters",
    "modelType": "Raw P3D",
    "path": "dz/characters/shoes",
    "usableOnConsole": false,
    "searchTags": "shoes, armour, armor, castle, medieval, loot, footware",
    "image": "images/characters/shoes/medievalboots/medievalboots.jpg"
  },
  {
    "objectName": "militaryboots_ground.p3d",
    "inGameName": "Assault Boots",
    "category": "characters",
    "modelType": "Raw P3D",
    "path": "dz/characters/shoes",
    "usableOnConsole": false,
    "searchTags": "[MATCH TO CONFIG], loot, footware",
    "image": "images/characters/shoes/militaryboots_ground.p3d.jpg"
  },
  {
    "objectName": "nbc_boots_g.p3d",
    "inGameName": "-",
    "category": "characters",
    "modelType": "Raw P3D",
    "path": "dz/characters/shoes",
    "usableOnConsole": false,
    "searchTags": "NBC, protection, shoes, loot, footware",
    "image": "images/characters/shoes/nbcbootsgray/nbcbootsgray.jpg"
  },
  {
    "objectName": "shoes_leathermoccasins_g.p3d",
    "inGameName": "Leather Shoes",
    "category": "characters",
    "modelType": "Raw P3D",
    "path": "dz/characters/shoes",
    "usableOnConsole": false,
    "searchTags": "[MATCH TO CONFIG], loot, footware",
    "image": "images/characters/shoes/shoes_leathermoccasins_g.p3d.jpg"
  },
  {
    "objectName": "sneakers_g.p3d",
    "inGameName": "Sneakers",
    "category": "characters",
    "modelType": "Raw P3D",
    "path": "dz/characters/shoes",
    "usableOnConsole": false,
    "searchTags": "shoes, sports, trainers, loot, footware",
    "image": "images/characters/shoes/sneakers_black/sneakers_black.jpg"
  },
  {
    "objectName": "ttsko_boots_g.p3d",
    "inGameName": "Combat Boots",
    "category": "characters",
    "modelType": "Raw P3D",
    "path": "dz/characters/shoes",
    "usableOnConsole": false,
    "searchTags": "combat, shoes, wrapping, rags, loot, footware",
    "image": "images/characters/shoes/ttskoboots/ttskoboots.jpg"
  },
  {
    "objectName": "wellies_ground.p3d",
    "inGameName": "Wellies",
    "category": "characters",
    "modelType": "Raw P3D",
    "path": "dz/characters/shoes",
    "usableOnConsole": false,
    "searchTags": "[MATCH TO CONFIG], loot, footware",
    "image": "images/characters/shoes/wellies_ground.p3d.jpg"
  },
  {
    "objectName": "workingboots_ground.p3d",
    "inGameName": "Working Boots",
    "category": "characters",
    "modelType": "Raw P3D",
    "path": "dz/characters/shoes",
    "usableOnConsole": false,
    "searchTags": "[MATCH TO CONFIG], loot, footware",
    "image": "images/characters/shoes/workingboots_ground.p3d.jpg"
  },
  {
    "objectName": "NBCBootsGray",
    "inGameName": "Bare feet new",
    "category": "characters",
    "modelType": "Config",
    "path": "dz/characters/shoes",
    "usableOnConsole": true,
    "searchTags": "NBC, protection, shoes, loot, footware",
    "image": "images/characters/shoes/nbcbootsgray/nbcbootsgray.jpg"
  },
  {
    "objectName": "NBCBootsWhite",
    "inGameName": "Bare feet new",
    "category": "characters",
    "modelType": "Config",
    "path": "dz/characters/shoes",
    "usableOnConsole": true,
    "searchTags": "NBC, protection, shoes, loot, footware",
    "image": "images/characters/shoes/nbcbootswhite/nbcbootswhite.jpg"
  },
  {
    "objectName": "NBCBootsYellow",
    "inGameName": "Bare feet new",
    "category": "characters",
    "modelType": "Config",
    "path": "dz/characters/shoes",
    "usableOnConsole": true,
    "searchTags": "NBC, protection, shoes, loot, footware",
    "image": "images/characters/shoes/nbcbootsyellow/nbcbootsyellow.jpg"
  }
]
