[
  {
    "objectName": "StaticObj_Furniture_lobby_case",
    "inGameName": "-",
    "category": "structures",
    "modelType": "Config",
    "path": "dz/structures/furniture/cases/lobby_case",
    "usableOnConsole": true,
    "searchTags": "decoration",
    "image": "images/structures/furniture/cases/lobby_case/staticobj_furniture_lobby_case.jpg"
  },
  {
    "objectName": "lobby_case.p3d",
    "inGameName": "-",
    "category": "structures",
    "modelType": "Raw P3D",
    "path": "dz/structures/furniture/cases/lobby_case",
    "usableOnConsole": false,
    "searchTags": "decoration, furniture",
    "image": "images/structures/furniture/cases/lobby_case/lobby_case.p3d.jpg"
  }
]
