[
  {
    "objectName": "Land_Castle_Bergfrit",
    "inGameName": "-",
    "category": "structures",
    "modelType": "Config",
    "path": "dz/structures/specific/castles",
    "usableOnConsole": true,
    "searchTags": "castles, fortress, specific",
    "image": "images/structures/specific/castles/land_castle_bergfrit.jpg",
    "id": "dzobj_vpp2whwrdu"
  },
  {
    "objectName": "Land_Castle_Bergfrit2",
    "inGameName": "-",
    "category": "structures",
    "modelType": "Config",
    "path": "dz/structures/specific/castles",
    "usableOnConsole": true,
    "searchTags": "castles, fortress, specific",
    "image": "images/structures/specific/castles/land_castle_bergfrit2.jpg",
    "id": "dzobj_7wllwsr0pg"
  },
  {
    "objectName": "Land_Castle_Donjon",
    "inGameName": "-",
    "category": "structures",
    "modelType": "Config",
    "path": "dz/structures/specific/castles",
    "usableOnConsole": true,
    "searchTags": "castles, fortress, specific",
    "image": "images/structures/specific/castles/land_castle_donjon.jpg",
    "id": "dzobj_moc1oaox9e"
  },
  {
    "objectName": "castle_bastion.p3d",
    "inGameName": "-",
    "category": "structures",
    "modelType": "Raw P3D",
    "path": "dz/structures/specific/castles",
    "usableOnConsole": false,
    "searchTags": "castles, fortress, specific",
    "image": "images/structures/specific/castles/castle_bastion.p3d.jpg",
    "id": "dzobj_iywa7k3wwv"
  },
  {
    "objectName": "castle_bastion_nolc.p3d",
    "inGameName": "-",
    "category": "structures",
    "modelType": "Raw P3D",
    "path": "dz/structures/specific/castles",
    "usableOnConsole": false,
    "searchTags": "castles, fortress, specific",
    "image": "images/structures/specific/castles/castle_bastion_nolc.p3d.jpg",
    "id": "dzobj_723tu5f1v2"
  },
  {
    "objectName": "castle_bergfrit.p3d",
    "inGameName": "-",
    "category": "structures",
    "modelType": "Raw P3D",
    "path": "dz/structures/specific/castles",
    "usableOnConsole": false,
    "searchTags": "castles, fortress, specific",
    "image": "images/structures/specific/castles/castle_bergfrit.p3d.jpg",
    "id": "dzobj_qg952e5gp7"
  },
  {
    "objectName": "castle_bergfrit2.p3d",
    "inGameName": "-",
    "category": "structures",
    "modelType": "Raw P3D",
    "path": "dz/structures/specific/castles",
    "usableOnConsole": false,
    "searchTags": "castles, fortress, specific",
    "image": "images/structures/specific/castles/land_castle_bergfrit2.jpg",
    "id": "dzobj_iyd7cio9zg"
  },
  {
    "objectName": "castle_donjon.p3d",
    "inGameName": "-",
    "category": "structures",
    "modelType": "Raw P3D",
    "path": "dz/structures/specific/castles",
    "usableOnConsole": false,
    "searchTags": "castles, fortress, specific",
    "image": "images/structures/specific/castles/castle_donjon.p3d.jpg",
    "id": "dzobj_jh5jiuqqcw"
  },
  {
    "objectName": "castle_gate.p3d",
    "inGameName": "-",
    "category": "structures",
    "modelType": "Raw P3D",
    "path": "dz/structures/specific/castles",
    "usableOnConsole": false,
    "searchTags": "castles, door, entry, fortress, specific",
    "image": "images/structures/specific/castles/land_castle_gate.jpg",
    "id": "dzobj_7mankyblg6"
  },
  {
    "objectName": "castle_stairs.p3d",
    "inGameName": "-",
    "category": "structures",
    "modelType": "Raw P3D",
    "path": "dz/structures/specific/castles",
    "usableOnConsole": false,
    "searchTags": "castles, fortress, specific",
    "image": "images/structures/specific/castles/castle_stairs.p3d.jpg",
    "id": "dzobj_s2gorrnm07"
  },
  {
    "objectName": "castle_stairs_bottom_nolc.p3d",
    "inGameName": "-",
    "category": "structures",
    "modelType": "Raw P3D",
    "path": "dz/structures/specific/castles",
    "usableOnConsole": false,
    "searchTags": "castles, fortress, specific",
    "image": "images/structures/specific/castles/castle_stairs_bottom_nolc.p3d.jpg",
    "id": "dzobj_o8t7htjkfq"
  },
  {
    "objectName": "castle_stairs_middle_nolc.p3d",
    "inGameName": "-",
    "category": "structures",
    "modelType": "Raw P3D",
    "path": "dz/structures/specific/castles",
    "usableOnConsole": false,
    "searchTags": "castles, fortress, specific",
    "image": "images/structures/specific/castles/castle_stairs_middle_nolc.p3d.jpg",
    "id": "dzobj_cb32b5j9ky"
  },
  {
    "objectName": "castle_stairs_nolc.p3d",
    "inGameName": "-",
    "category": "structures",
    "modelType": "Raw P3D",
    "path": "dz/structures/specific/castles",
    "usableOnConsole": false,
    "searchTags": "castles, fortress, specific",
    "image": "images/structures/specific/castles/land_castle_stairs_nolc.jpg",
    "id": "dzobj_oz0bzr1ps1"
  },
  {
    "objectName": "castle_stairs_top_nolc.p3d",
    "inGameName": "-",
    "category": "structures",
    "modelType": "Raw P3D",
    "path": "dz/structures/specific/castles",
    "usableOnConsole": false,
    "searchTags": "castles, fortress, specific",
    "image": "images/structures/specific/castles/castle_stairs_top_nolc.p3d.jpg",
    "id": "dzobj_0agzmbi3yv"
  },
  {
    "objectName": "castle_wall1_20.p3d",
    "inGameName": "-",
    "category": "structures",
    "modelType": "Raw P3D",
    "path": "dz/structures/specific/castles",
    "usableOnConsole": false,
    "searchTags": "barrier, castles, fortress, specific",
    "image": "images/structures/specific/castles/castle_wall1_20.p3d.jpg",
    "id": "dzobj_flxenq3i75"
  },
  {
    "objectName": "castle_wall1_20_nolc.p3d",
    "inGameName": "-",
    "category": "structures",
    "modelType": "Raw P3D",
    "path": "dz/structures/specific/castles",
    "usableOnConsole": false,
    "searchTags": "barrier, castles, fortress, specific",
    "image": "images/structures/specific/castles/castle_wall1_20_nolc.p3d.jpg",
    "id": "dzobj_g7vaachhdu"
  },
  {
    "objectName": "castle_wall1_20_turn.p3d",
    "inGameName": "-",
    "category": "structures",
    "modelType": "Raw P3D",
    "path": "dz/structures/specific/castles",
    "usableOnConsole": false,
    "searchTags": "barrier, castles, fortress, specific",
    "image": "images/structures/specific/castles/castle_wall1_20_turn.p3d.jpg",
    "id": "dzobj_y4pvgdkth3"
  },
  {
    "objectName": "castle_wall1_20_turn_nolc.p3d",
    "inGameName": "-",
    "category": "structures",
    "modelType": "Raw P3D",
    "path": "dz/structures/specific/castles",
    "usableOnConsole": false,
    "searchTags": "barrier, castles, fortress, specific",
    "image": "images/structures/specific/castles/castle_wall1_20_turn_nolc.p3d.jpg",
    "id": "dzobj_0uiqr3h8jd"
  },
  {
    "objectName": "castle_wall1_corner1.p3d",
    "inGameName": "-",
    "category": "structures",
    "modelType": "Raw P3D",
    "path": "dz/structures/specific/castles",
    "usableOnConsole": false,
    "searchTags": "barrier, castles, fortress, specific",
    "image": "images/structures/specific/castles/castle_wall1_corner1.p3d.jpg",
    "id": "dzobj_rba6hyz5da"
  },
  {
    "objectName": "castle_wall1_corner1_nolc.p3d",
    "inGameName": "-",
    "category": "structures",
    "modelType": "Raw P3D",
    "path": "dz/structures/specific/castles",
    "usableOnConsole": false,
    "searchTags": "barrier, castles, fortress, specific",
    "image": "images/structures/specific/castles/castle_wall1_corner1_nolc.p3d.jpg",
    "id": "dzobj_b0n0mj7i04"
  },
  {
    "objectName": "castle_wall1_corner2.p3d",
    "inGameName": "-",
    "category": "structures",
    "modelType": "Raw P3D",
    "path": "dz/structures/specific/castles",
    "usableOnConsole": false,
    "searchTags": "barrier, castles, fortress, specific",
    "image": "images/structures/specific/castles/castle_wall1_corner2.p3d.jpg",
    "id": "dzobj_9ig4plvxhr"
  },
  {
    "objectName": "castle_wall1_corner2_nolc.p3d",
    "inGameName": "-",
    "category": "structures",
    "modelType": "Raw P3D",
    "path": "dz/structures/specific/castles",
    "usableOnConsole": false,
    "searchTags": "barrier, castles, fortress, specific",
    "image": "images/structures/specific/castles/castle_wall1_corner2_nolc.p3d.jpg",
    "id": "dzobj_bxi1xtvzty"
  },
  {
    "objectName": "castle_wall1_end1.p3d",
    "inGameName": "-",
    "category": "structures",
    "modelType": "Raw P3D",
    "path": "dz/structures/specific/castles",
    "usableOnConsole": false,
    "searchTags": "barrier, castles, fortress, specific",
    "image": "images/structures/specific/castles/castle_wall1_end1.p3d.jpg",
    "id": "dzobj_2kphnvtere"
  },
  {
    "objectName": "castle_wall1_end1_nolc.p3d",
    "inGameName": "-",
    "category": "structures",
    "modelType": "Raw P3D",
    "path": "dz/structures/specific/castles",
    "usableOnConsole": false,
    "searchTags": "barrier, castles, fortress, specific",
    "image": "images/structures/specific/castles/castle_wall1_end1_nolc.p3d.jpg",
    "id": "dzobj_g9ac54fnfp"
  },
  {
    "objectName": "castle_wall1_end2.p3d",
    "inGameName": "-",
    "category": "structures",
    "modelType": "Raw P3D",
    "path": "dz/structures/specific/castles",
    "usableOnConsole": false,
    "searchTags": "barrier, castles, fortress, specific",
    "image": "images/structures/specific/castles/castle_wall1_end2.p3d.jpg",
    "id": "dzobj_ha09sf9e8k"
  },
  {
    "objectName": "castle_wall1_end2_nolc.p3d",
    "inGameName": "-",
    "category": "structures",
    "modelType": "Raw P3D",
    "path": "dz/structures/specific/castles",
    "usableOnConsole": false,
    "searchTags": "barrier, castles, fortress, specific",
    "image": "images/structures/specific/castles/castle_wall1_end2_nolc.p3d.jpg",
    "id": "dzobj_0k3sy9gvn5"
  },
  {
    "objectName": "castle_wall2_30.p3d",
    "inGameName": "-",
    "category": "structures",
    "modelType": "Raw P3D",
    "path": "dz/structures/specific/castles",
    "usableOnConsole": false,
    "searchTags": "barrier, castles, fortress, specific",
    "image": "images/structures/specific/castles/castle_wall2_30.p3d.jpg",
    "id": "dzobj_h8hjxup2oj"
  },
  {
    "objectName": "castle_wall2_30_nolc.p3d",
    "inGameName": "-",
    "category": "structures",
    "modelType": "Raw P3D",
    "path": "dz/structures/specific/castles",
    "usableOnConsole": false,
    "searchTags": "barrier, castles, fortress, specific",
    "image": "images/structures/specific/castles/castle_wall2_30_nolc.p3d.jpg",
    "id": "dzobj_ovei0t5r9p"
  },
  {
    "objectName": "castle_wall2_corner1.p3d",
    "inGameName": "-",
    "category": "structures",
    "modelType": "Raw P3D",
    "path": "dz/structures/specific/castles",
    "usableOnConsole": false,
    "searchTags": "barrier, castles, fortress, specific",
    "image": "images/structures/specific/castles/castle_wall2_corner1.p3d.jpg",
    "id": "dzobj_mnyv39vbqu"
  },
  {
    "objectName": "castle_wall2_corner1_nolc.p3d",
    "inGameName": "-",
    "category": "structures",
    "modelType": "Raw P3D",
    "path": "dz/structures/specific/castles",
    "usableOnConsole": false,
    "searchTags": "barrier, castles, fortress, specific",
    "image": "images/structures/specific/castles/castle_wall2_corner1_nolc.p3d.jpg",
    "id": "dzobj_gkmbnzwgt7"
  },
  {
    "objectName": "castle_wall2_corner2.p3d",
    "inGameName": "-",
    "category": "structures",
    "modelType": "Raw P3D",
    "path": "dz/structures/specific/castles",
    "usableOnConsole": false,
    "searchTags": "barrier, castles, fortress, specific",
    "image": "images/structures/specific/castles/castle_wall2_corner2.p3d.jpg",
    "id": "dzobj_rc8aryoy43"
  },
  {
    "objectName": "castle_wall2_corner2_nolc.p3d",
    "inGameName": "-",
    "category": "structures",
    "modelType": "Raw P3D",
    "path": "dz/structures/specific/castles",
    "usableOnConsole": false,
    "searchTags": "barrier, castles, fortress, specific",
    "image": "images/structures/specific/castles/castle_wall2_corner2_nolc.p3d.jpg",
    "id": "dzobj_37w239s3tm"
  },
  {
    "objectName": "castle_wall2_end1.p3d",
    "inGameName": "-",
    "category": "structures",
    "modelType": "Raw P3D",
    "path": "dz/structures/specific/castles",
    "usableOnConsole": false,
    "searchTags": "barrier, castles, fortress, specific",
    "image": "images/structures/specific/castles/castle_wall2_end1.p3d.jpg",
    "id": "dzobj_c3he9p2oxf"
  },
  {
    "objectName": "castle_wall2_end1_nolc.p3d",
    "inGameName": "-",
    "category": "structures",
    "modelType": "Raw P3D",
    "path": "dz/structures/specific/castles",
    "usableOnConsole": false,
    "searchTags": "barrier, castles, fortress, specific",
    "image": "images/structures/specific/castles/castle_wall2_end1_nolc.p3d.jpg",
    "id": "dzobj_fr11gtv10a"
  },
  {
    "objectName": "castle_wall2_end2.p3d",
    "inGameName": "-",
    "category": "structures",
    "modelType": "Raw P3D",
    "path": "dz/structures/specific/castles",
    "usableOnConsole": false,
    "searchTags": "barrier, castles, fortress, specific",
    "image": "images/structures/specific/castles/castle_wall2_end2.p3d.jpg",
    "id": "dzobj_ghjpl2y5lz"
  },
  {
    "objectName": "castle_wall2_end2_nolc.p3d",
    "inGameName": "-",
    "category": "structures",
    "modelType": "Raw P3D",
    "path": "dz/structures/specific/castles",
    "usableOnConsole": false,
    "searchTags": "barrier, castles, fortress, specific",
    "image": "images/structures/specific/castles/castle_wall2_end2_nolc.p3d.jpg",
    "id": "dzobj_tvigvb7nbb"
  },
  {
    "objectName": "castle_walls_10.p3d",
    "inGameName": "-",
    "category": "structures",
    "modelType": "Raw P3D",
    "path": "dz/structures/specific/castles",
    "usableOnConsole": false,
    "searchTags": "castles, fortress, specific",
    "image": "images/structures/specific/castles/castle_walls_10.p3d.jpg",
    "id": "dzobj_ebse2trzqr"
  },
  {
    "objectName": "castle_walls_10_nolc.p3d",
    "inGameName": "-",
    "category": "structures",
    "modelType": "Raw P3D",
    "path": "dz/structures/specific/castles",
    "usableOnConsole": false,
    "searchTags": "castles, fortress, specific",
    "image": "images/structures/specific/castles/castle_walls_10_nolc.p3d.jpg",
    "id": "dzobj_1065o93sxi"
  },
  {
    "objectName": "castle_walls_5_d.p3d",
    "inGameName": "-",
    "category": "structures",
    "modelType": "Raw P3D",
    "path": "dz/structures/specific/castles",
    "usableOnConsole": false,
    "searchTags": "castles, fortress, specific",
    "image": "images/structures/specific/castles/castle_walls_5_d.p3d.jpg",
    "id": "dzobj_euimrul2ez"
  },
  {
    "objectName": "castle_walls_5_d_nolc.p3d",
    "inGameName": "-",
    "category": "structures",
    "modelType": "Raw P3D",
    "path": "dz/structures/specific/castles",
    "usableOnConsole": false,
    "searchTags": "castles, fortress, specific",
    "image": "images/structures/specific/castles/castle_walls_5_d_nolc.p3d.jpg",
    "id": "dzobj_0dd3xnvta8"
  },
  {
    "objectName": "castle_walls_end.p3d",
    "inGameName": "-",
    "category": "structures",
    "modelType": "Raw P3D",
    "path": "dz/structures/specific/castles",
    "usableOnConsole": false,
    "searchTags": "castles, fortress, specific",
    "image": "images/structures/specific/castles/castle_walls_end.p3d.jpg",
    "id": "dzobj_r3lbsu3vmd"
  },
  {
    "objectName": "castle_walls_end_nolc.p3d",
    "inGameName": "-",
    "category": "structures",
    "modelType": "Raw P3D",
    "path": "dz/structures/specific/castles",
    "usableOnConsole": false,
    "searchTags": "castles, fortress, specific",
    "image": "images/structures/specific/castles/castle_walls_end_nolc.p3d.jpg",
    "id": "dzobj_onzq9msiwh"
  },
  {
    "objectName": "Land_Castle_Bastion",
    "inGameName": "-",
    "category": "structures",
    "modelType": "Config",
    "path": "dz/structures/specific/castles",
    "usableOnConsole": true,
    "searchTags": "castles, fortress, specific",
    "image": "images/structures/specific/castles/land_castle_bastion.jpg",
    "id": "dzobj_gi91rfuyku"
  },
  {
    "objectName": "Land_Castle_Bastion_nolc",
    "inGameName": "-",
    "category": "structures",
    "modelType": "Config",
    "path": "dz/structures/specific/castles",
    "usableOnConsole": true,
    "searchTags": "castles, fortress, specific",
    "image": "images/structures/specific/castles/land_castle_bastion_nolc.jpg",
    "id": "dzobj_6foxu5ak1x"
  },
  {
    "objectName": "Land_Castle_Gate",
    "inGameName": "-",
    "category": "structures",
    "modelType": "Config",
    "path": "dz/structures/specific/castles",
    "usableOnConsole": true,
    "searchTags": "castles, door, entry, fortress, specific",
    "image": "images/structures/specific/castles/land_castle_gate.jpg",
    "id": "dzobj_ejpomgiosl"
  },
  {
    "objectName": "Land_Castle_Stairs",
    "inGameName": "-",
    "category": "structures",
    "modelType": "Config",
    "path": "dz/structures/specific/castles",
    "usableOnConsole": true,
    "searchTags": "castles, fortress, specific",
    "image": "images/structures/specific/castles/land_castle_stairs.jpg",
    "id": "dzobj_v4jjgo1b50"
  },
  {
    "objectName": "Land_Castle_Stairs_nolc",
    "inGameName": "-",
    "category": "structures",
    "modelType": "Config",
    "path": "dz/structures/specific/castles",
    "usableOnConsole": true,
    "searchTags": "castles, fortress, specific",
    "image": "images/structures/specific/castles/land_castle_stairs_nolc.jpg",
    "id": "dzobj_px86aw57rd"
  },
  {
    "objectName": "Land_Castle_Wall1_20",
    "inGameName": "-",
    "category": "structures",
    "modelType": "Config",
    "path": "dz/structures/specific/castles",
    "usableOnConsole": true,
    "searchTags": "barrier, castles, fortress, specific",
    "image": "images/structures/specific/castles/land_castle_wall1_20.jpg",
    "id": "dzobj_k00ue5jz8y"
  },
  {
    "objectName": "Land_Castle_Wall1_20_Turn",
    "inGameName": "-",
    "category": "structures",
    "modelType": "Config",
    "path": "dz/structures/specific/castles",
    "usableOnConsole": true,
    "searchTags": "barrier, castles, fortress, specific",
    "image": "images/structures/specific/castles/land_castle_wall1_20_turn.jpg",
    "id": "dzobj_aq0hqgy4gd"
  },
  {
    "objectName": "Land_Castle_Wall1_20_Turn_nolc",
    "inGameName": "-",
    "category": "structures",
    "modelType": "Config",
    "path": "dz/structures/specific/castles",
    "usableOnConsole": true,
    "searchTags": "barrier, castles, fortress, specific",
    "image": "images/structures/specific/castles/land_castle_wall1_20_turn_nolc.jpg",
    "id": "dzobj_brjycffrv6"
  },
  {
    "objectName": "Land_Castle_Wall1_20_nolc",
    "inGameName": "-",
    "category": "structures",
    "modelType": "Config",
    "path": "dz/structures/specific/castles",
    "usableOnConsole": true,
    "searchTags": "barrier, castles, fortress, specific",
    "image": "images/structures/specific/castles/land_castle_wall1_20_nolc.jpg",
    "id": "dzobj_kfd05wk0ah"
  },
  {
    "objectName": "Land_Castle_Wall1_Corner1",
    "inGameName": "-",
    "category": "structures",
    "modelType": "Config",
    "path": "dz/structures/specific/castles",
    "usableOnConsole": true,
    "searchTags": "barrier, castles, fortress, specific",
    "image": "images/structures/specific/castles/land_castle_wall1_corner1.jpg",
    "id": "dzobj_gq2m3pj5bc"
  },
  {
    "objectName": "Land_Castle_Wall1_Corner1_nolc",
    "inGameName": "-",
    "category": "structures",
    "modelType": "Config",
    "path": "dz/structures/specific/castles",
    "usableOnConsole": true,
    "searchTags": "barrier, castles, fortress, specific",
    "image": "images/structures/specific/castles/land_castle_wall1_corner1_nolc.jpg",
    "id": "dzobj_ox6p4cfaq2"
  },
  {
    "objectName": "Land_Castle_Wall1_Corner2",
    "inGameName": "-",
    "category": "structures",
    "modelType": "Config",
    "path": "dz/structures/specific/castles",
    "usableOnConsole": true,
    "searchTags": "barrier, castles, fortress, specific",
    "image": "images/structures/specific/castles/land_castle_wall1_corner2.jpg",
    "id": "dzobj_am7rzlfh3b"
  },
  {
    "objectName": "Land_Castle_Wall1_Corner2_nolc",
    "inGameName": "-",
    "category": "structures",
    "modelType": "Config",
    "path": "dz/structures/specific/castles",
    "usableOnConsole": true,
    "searchTags": "barrier, castles, fortress, specific",
    "image": "images/structures/specific/castles/land_castle_wall1_corner2_nolc.jpg",
    "id": "dzobj_r6aknapsc4"
  },
  {
    "objectName": "Land_Castle_Wall1_End1",
    "inGameName": "-",
    "category": "structures",
    "modelType": "Config",
    "path": "dz/structures/specific/castles",
    "usableOnConsole": true,
    "searchTags": "barrier, castles, fortress, specific",
    "image": "images/structures/specific/castles/land_castle_wall1_end1.jpg",
    "id": "dzobj_umiwa3uoth"
  },
  {
    "objectName": "Land_Castle_Wall1_End1_nolc",
    "inGameName": "-",
    "category": "structures",
    "modelType": "Config",
    "path": "dz/structures/specific/castles",
    "usableOnConsole": true,
    "searchTags": "barrier, castles, fortress, specific",
    "image": "images/structures/specific/castles/land_castle_wall1_end1_nolc.jpg",
    "id": "dzobj_0jnll4dev8"
  },
  {
    "objectName": "Land_Castle_Wall1_End2",
    "inGameName": "-",
    "category": "structures",
    "modelType": "Config",
    "path": "dz/structures/specific/castles",
    "usableOnConsole": true,
    "searchTags": "barrier, castles, fortress, specific",
    "image": "images/structures/specific/castles/land_castle_wall1_end2.jpg",
    "id": "dzobj_7dy4frs528"
  },
  {
    "objectName": "Land_Castle_Wall1_End2_nolc",
    "inGameName": "-",
    "category": "structures",
    "modelType": "Config",
    "path": "dz/structures/specific/castles",
    "usableOnConsole": true,
    "searchTags": "barrier, castles, fortress, specific",
    "image": "images/structures/specific/castles/land_castle_wall1_end2_nolc.jpg",
    "id": "dzobj_jaoudpb7if"
  },
  {
    "objectName": "Land_Castle_Wall2_30",
    "inGameName": "-",
    "category": "structures",
    "modelType": "Config",
    "path": "dz/structures/specific/castles",
    "usableOnConsole": true,
    "searchTags": "barrier, castles, fortress, specific",
    "image": "images/structures/specific/castles/land_castle_wall2_30.jpg",
    "id": "dzobj_ej7b0c6y84"
  },
  {
    "objectName": "Land_Castle_Wall2_30_nolc",
    "inGameName": "-",
    "category": "structures",
    "modelType": "Config",
    "path": "dz/structures/specific/castles",
    "usableOnConsole": true,
    "searchTags": "barrier, castles, fortress, specific",
    "image": "images/structures/specific/castles/land_castle_wall2_30_nolc.jpg",
    "id": "dzobj_c7z96a45jz"
  },
  {
    "objectName": "Land_Castle_Wall2_Corner1",
    "inGameName": "-",
    "category": "structures",
    "modelType": "Config",
    "path": "dz/structures/specific/castles",
    "usableOnConsole": true,
    "searchTags": "barrier, castles, fortress, specific",
    "image": "images/structures/specific/castles/land_castle_wall2_corner1.jpg",
    "id": "dzobj_mei3ukhh9d"
  },
  {
    "objectName": "Land_Castle_Wall2_Corner1_nolc",
    "inGameName": "-",
    "category": "structures",
    "modelType": "Config",
    "path": "dz/structures/specific/castles",
    "usableOnConsole": true,
    "searchTags": "barrier, castles, fortress, specific",
    "image": "images/structures/specific/castles/land_castle_wall2_corner1_nolc.jpg",
    "id": "dzobj_o39qsyvb82"
  },
  {
    "objectName": "Land_Castle_Wall2_Corner2",
    "inGameName": "-",
    "category": "structures",
    "modelType": "Config",
    "path": "dz/structures/specific/castles",
    "usableOnConsole": true,
    "searchTags": "barrier, castles, fortress, specific",
    "image": "images/structures/specific/castles/land_castle_wall2_corner2.jpg",
    "id": "dzobj_0fmiegf1ro"
  },
  {
    "objectName": "Land_Castle_Wall2_Corner2_nolc",
    "inGameName": "-",
    "category": "structures",
    "modelType": "Config",
    "path": "dz/structures/specific/castles",
    "usableOnConsole": true,
    "searchTags": "barrier, castles, fortress, specific",
    "image": "images/structures/specific/castles/land_castle_wall2_corner2_nolc.jpg",
    "id": "dzobj_77kjttv0is"
  },
  {
    "objectName": "Land_Castle_Wall2_End1",
    "inGameName": "-",
    "category": "structures",
    "modelType": "Config",
    "path": "dz/structures/specific/castles",
    "usableOnConsole": true,
    "searchTags": "barrier, castles, fortress, specific",
    "image": "images/structures/specific/castles/land_castle_wall2_end1.jpg",
    "id": "dzobj_rqa2v7462w"
  },
  {
    "objectName": "Land_Castle_Wall2_End1_nolc",
    "inGameName": "-",
    "category": "structures",
    "modelType": "Config",
    "path": "dz/structures/specific/castles",
    "usableOnConsole": true,
    "searchTags": "barrier, castles, fortress, specific",
    "image": "images/structures/specific/castles/land_castle_wall2_end1_nolc.jpg",
    "id": "dzobj_gwspcjn5ol"
  },
  {
    "objectName": "Land_Castle_Wall2_End2",
    "inGameName": "-",
    "category": "structures",
    "modelType": "Config",
    "path": "dz/structures/specific/castles",
    "usableOnConsole": true,
    "searchTags": "barrier, castles, fortress, specific",
    "image": "images/structures/specific/castles/land_castle_wall2_end2.jpg",
    "id": "dzobj_kq3bd49d6h"
  },
  {
    "objectName": "Land_Castle_Wall2_End2_nolc",
    "inGameName": "-",
    "category": "structures",
    "modelType": "Config",
    "path": "dz/structures/specific/castles",
    "usableOnConsole": true,
    "searchTags": "barrier, castles, fortress, specific",
    "image": "images/structures/specific/castles/land_castle_wall2_end2_nolc.jpg",
    "id": "dzobj_hwcv1c6luq"
  },
  {
    "objectName": "Land_Castle_WallS_10",
    "inGameName": "-",
    "category": "structures",
    "modelType": "Config",
    "path": "dz/structures/specific/castles",
    "usableOnConsole": true,
    "searchTags": "barrier, castles, fortress, specific",
    "image": "images/structures/specific/castles/land_castle_walls_10.jpg",
    "id": "dzobj_ijnl378xgw"
  },
  {
    "objectName": "Land_Castle_WallS_10_nolc",
    "inGameName": "-",
    "category": "structures",
    "modelType": "Config",
    "path": "dz/structures/specific/castles",
    "usableOnConsole": true,
    "searchTags": "barrier, castles, fortress, specific",
    "image": "images/structures/specific/castles/land_castle_walls_10_nolc.jpg",
    "id": "dzobj_evupujvyx4"
  },
  {
    "objectName": "Land_Castle_WallS_5_D",
    "inGameName": "-",
    "category": "structures",
    "modelType": "Config",
    "path": "dz/structures/specific/castles",
    "usableOnConsole": true,
    "searchTags": "barrier, castles, fortress, specific",
    "image": "images/structures/specific/castles/land_castle_walls_5_d.jpg",
    "id": "dzobj_1tg6qawvam"
  },
  {
    "objectName": "Land_Castle_WallS_5_D_nolc",
    "inGameName": "-",
    "category": "structures",
    "modelType": "Config",
    "path": "dz/structures/specific/castles",
    "usableOnConsole": true,
    "searchTags": "barrier, castles, fortress, specific",
    "image": "images/structures/specific/castles/land_castle_walls_5_d_nolc.jpg",
    "id": "dzobj_t7r0w27fiq"
  },
  {
    "objectName": "Land_Castle_WallS_End",
    "inGameName": "-",
    "category": "structures",
    "modelType": "Config",
    "path": "dz/structures/specific/castles",
    "usableOnConsole": true,
    "searchTags": "barrier, castles, fortress, specific",
    "image": "images/structures/specific/castles/land_castle_walls_end.jpg",
    "id": "dzobj_avwlrk5ktz"
  },
  {
    "objectName": "Land_Castle_WallS_End_nolc",
    "inGameName": "-",
    "category": "structures",
    "modelType": "Config",
    "path": "dz/structures/specific/castles",
    "usableOnConsole": true,
    "searchTags": "barrier, castles, fortress, specific",
    "image": "images/structures/specific/castles/land_castle_walls_end_nolc.jpg",
    "id": "dzobj_vpgbx8szzr"
  }
]
