[
  {
    "objectName": "StaticObj_Furniture_SofaCorner",
    "inGameName": "-",
    "category": "structures",
    "modelType": "Config",
    "path": "dz/structures/furniture/chairs/sofacorner",
    "usableOnConsole": true,
    "searchTags": "chairs",
    "image": "images/structures/furniture/chairs/sofacorner/staticobj_furniture_sofacorner.jpg"
  },
  {
    "objectName": "sofacorner.p3d",
    "inGameName": "-",
    "category": "structures",
    "modelType": "Raw P3D",
    "path": "dz/structures/furniture/chairs/sofacorner",
    "usableOnConsole": false,
    "searchTags": "chairs, furniture",
    "image": "images/structures/furniture/chairs/sofacorner/sofacorner.p3d.jpg"
  }
]
