[
  {
    "objectName": "StaticObj_Furniture_skrin_bar",
    "inGameName": "-",
    "category": "structures",
    "modelType": "Config",
    "path": "dz/structures/furniture/cases/skrin_bar",
    "usableOnConsole": true,
    "searchTags": "decoration",
    "image": "images/structures/furniture/cases/skrin_bar/staticobj_furniture_skrin_bar.jpg"
  },
  {
    "objectName": "skrin_bar.p3d",
    "inGameName": "-",
    "category": "structures",
    "modelType": "Raw P3D",
    "path": "dz/structures/furniture/cases/skrin_bar",
    "usableOnConsole": false,
    "searchTags": "decoration, furniture",
    "image": "images/structures/furniture/cases/skrin_bar/skrin_bar.p3d.jpg"
  }
]
