[
  {
    "objectName": "StaticObj_Furniture_pc",
    "inGameName": "-",
    "category": "structures",
    "modelType": "Config",
    "path": "dz/structures/furniture/eletrical_appliances/pc",
    "usableOnConsole": true,
    "searchTags": "appliances, eletrical",
    "image": "images/structures/furniture/eletrical_appliances/pc/staticobj_furniture_pc.jpg",
    "id": "dzobj_guxy476asu"
  },
  {
    "objectName": "pc.p3d",
    "inGameName": "-",
    "category": "structures",
    "modelType": "Raw P3D",
    "path": "dz/structures/furniture/eletrical_appliances/pc",
    "usableOnConsole": false,
    "searchTags": "appliances, eletrical, furniture",
    "image": "images/structures/furniture/eletrical_appliances/pc/pc.p3d.jpg",
    "id": "dzobj_32uqpmazx6"
  }
]
