[
  {
    "objectName": "GP25",
    "inGameName": "-",
    "category": "weapons",
    "modelType": "Config",
    "path": "dz/weapons/launchers/gp25",
    "usableOnConsole": true,
    "searchTags": "launchers, weapon, weapons",
    "image": "images/weapons/launchers/gp25/gp25.jpg",
    "id": "dzobj_3tij2dhn4s"
  },
  {
    "objectName": "GP25_Standalone",
    "inGameName": "-",
    "category": "weapons",
    "modelType": "Config",
    "path": "dz/weapons/launchers/gp25",
    "usableOnConsole": true,
    "searchTags": "launchers, weapon, weapons",
    "image": "images/weapons/launchers/gp25/gp25_standalone.jpg",
    "id": "dzobj_d0765f899p"
  },
  {
    "objectName": "ubgl_gp25.p3d",
    "inGameName": "-",
    "category": "weapons",
    "modelType": "Raw P3D",
    "path": "dz/weapons/launchers/gp25",
    "usableOnConsole": false,
    "searchTags": "launchers, weapon, weapons",
    "image": "images/weapons/launchers/gp25/ubgl_gp25.p3d.jpg",
    "id": "dzobj_h3z8tmwyx9"
  }
]
