[
  {
    "objectName": "Land_Power_VHV_Tower",
    "inGameName": "-",
    "category": "structures_bliss",
    "modelType": "Config",
    "path": "dz/structures_bliss/industrial/power",
    "usableOnConsole": true,
    "searchTags": "livoniaa, industrial, electrical, infrastructure, lighting",
    "image": "images/structures_bliss/industrial/power/land_power_vhv_tower.jpg",
    "id": "dzobj_fuuztugv1y"
  },
  {
    "objectName": "Land_Power_VHV_Tower_Corner",
    "inGameName": "-",
    "category": "structures_bliss",
    "modelType": "Config",
    "path": "dz/structures_bliss/industrial/power",
    "usableOnConsole": true,
    "searchTags": "livoniaa, industrial, electrical, infrastructure, lighting",
    "image": "images/structures_bliss/industrial/power/land_power_vhv_tower_corner.jpg",
    "id": "dzobj_pdhvvelbb3"
  },
  {
    "objectName": "StaticObj_Power_Pole_Wood4",
    "inGameName": "-",
    "category": "structures_bliss",
    "modelType": "Config",
    "path": "dz/structures_bliss/industrial/power",
    "usableOnConsole": true,
    "searchTags": "livoniaa, industrial, electrical, infrastructure, lighting",
    "image": "images/structures_bliss/industrial/power/staticobj_power_pole_wood4.jpg",
    "id": "dzobj_22hr2g51v8"
  },
  {
    "objectName": "StaticObj_Power_Pole_Wood4_A",
    "inGameName": "-",
    "category": "structures_bliss",
    "modelType": "Config",
    "path": "dz/structures_bliss/industrial/power",
    "usableOnConsole": true,
    "searchTags": "livoniaa, industrial, electrical, infrastructure, lighting",
    "image": "images/structures_bliss/industrial/power/staticobj_power_pole_wood4_a.jpg",
    "id": "dzobj_acvpn77fdt"
  },
  {
    "objectName": "StaticObj_Power_Pole_Wood4_A_End",
    "inGameName": "-",
    "category": "structures_bliss",
    "modelType": "Config",
    "path": "dz/structures_bliss/industrial/power",
    "usableOnConsole": true,
    "searchTags": "livoniaa, industrial, electrical, infrastructure, lighting",
    "image": "images/structures_bliss/industrial/power/staticobj_power_pole_wood4_a_end.jpg",
    "id": "dzobj_hlhaz6dsts"
  },
  {
    "objectName": "StaticObj_Power_Pole_Wood4_A_J",
    "inGameName": "-",
    "category": "structures_bliss",
    "modelType": "Config",
    "path": "dz/structures_bliss/industrial/power",
    "usableOnConsole": true,
    "searchTags": "livoniaa, industrial, electrical, infrastructure, lighting",
    "image": "images/structures_bliss/industrial/power/staticobj_power_pole_wood4_a_j.jpg",
    "id": "dzobj_kprrpgsdkz"
  },
  {
    "objectName": "StaticObj_Power_Pole_Wood4_A_J_Nest",
    "inGameName": "-",
    "category": "structures_bliss",
    "modelType": "Config",
    "path": "dz/structures_bliss/industrial/power",
    "usableOnConsole": true,
    "searchTags": "livoniaa, industrial, electrical, infrastructure, lighting",
    "image": "images/structures_bliss/industrial/power/staticobj_power_pole_wood4_a_j_nest.jpg",
    "id": "dzobj_hvd2gfo5rv"
  },
  {
    "objectName": "StaticObj_Power_Pole_Wood4_End",
    "inGameName": "-",
    "category": "structures_bliss",
    "modelType": "Config",
    "path": "dz/structures_bliss/industrial/power",
    "usableOnConsole": true,
    "searchTags": "livoniaa, industrial, electrical, infrastructure, lighting",
    "image": "images/structures_bliss/industrial/power/staticobj_power_pole_wood4_end.jpg",
    "id": "dzobj_x9588yywxe"
  },
  {
    "objectName": "StaticObj_Power_Pole_Wood4_Lamp",
    "inGameName": "-",
    "category": "structures_bliss",
    "modelType": "Config",
    "path": "dz/structures_bliss/industrial/power",
    "usableOnConsole": true,
    "searchTags": "livoniaa, industrial, electrical, infrastructure, lighting",
    "image": "images/structures_bliss/industrial/power/staticobj_power_pole_wood4_lamp.jpg",
    "id": "dzobj_ybus52mrie"
  },
  {
    "objectName": "StaticObj_Power_Pole_Wood5",
    "inGameName": "-",
    "category": "structures_bliss",
    "modelType": "Config",
    "path": "dz/structures_bliss/industrial/power",
    "usableOnConsole": true,
    "searchTags": "livoniaa, industrial, electrical, infrastructure, lighting",
    "image": "images/structures_bliss/industrial/power/staticobj_power_pole_wood5.jpg",
    "id": "dzobj_qise6s125l"
  },
  {
    "objectName": "StaticObj_Power_Pole_Wood5_End",
    "inGameName": "-",
    "category": "structures_bliss",
    "modelType": "Config",
    "path": "dz/structures_bliss/industrial/power",
    "usableOnConsole": true,
    "searchTags": "livoniaa, industrial, electrical, infrastructure, lighting",
    "image": "images/structures_bliss/industrial/power/staticobj_power_pole_wood5_end.jpg",
    "id": "dzobj_39xxe6ge46"
  },
  {
    "objectName": "StaticObj_Power_Pole_Wood5_End_rus",
    "inGameName": "-",
    "category": "structures_bliss",
    "modelType": "Config",
    "path": "dz/structures_bliss/industrial/power",
    "usableOnConsole": true,
    "searchTags": "livoniaa, industrial, electrical, infrastructure, lighting",
    "image": "images/structures_bliss/industrial/power/staticobj_power_pole_wood5_end_rus.jpg",
    "id": "dzobj_pbtyp8dry5"
  },
  {
    "objectName": "StaticObj_Power_Pole_Wood5_J",
    "inGameName": "-",
    "category": "structures_bliss",
    "modelType": "Config",
    "path": "dz/structures_bliss/industrial/power",
    "usableOnConsole": true,
    "searchTags": "livoniaa, industrial, electrical, infrastructure, lighting",
    "image": "images/structures_bliss/industrial/power/staticobj_power_pole_wood5_j.jpg",
    "id": "dzobj_fqf1ft1umr"
  },
  {
    "objectName": "StaticObj_Power_Pole_Wood5_J_Nest_rus",
    "inGameName": "-",
    "category": "structures_bliss",
    "modelType": "Config",
    "path": "dz/structures_bliss/industrial/power",
    "usableOnConsole": true,
    "searchTags": "livoniaa, industrial, electrical, infrastructure, lighting",
    "image": "images/structures_bliss/industrial/power/staticobj_power_pole_wood5_j_nest_rus.jpg",
    "id": "dzobj_4iv6xebn3r"
  },
  {
    "objectName": "StaticObj_Power_Pole_Wood5_J_rus",
    "inGameName": "-",
    "category": "structures_bliss",
    "modelType": "Config",
    "path": "dz/structures_bliss/industrial/power",
    "usableOnConsole": true,
    "searchTags": "livoniaa, industrial, electrical, infrastructure, lighting",
    "image": "images/structures_bliss/industrial/power/staticobj_power_pole_wood5_j_rus.jpg",
    "id": "dzobj_l1nlig8wag"
  },
  {
    "objectName": "StaticObj_Power_Pole_Wood5_rus",
    "inGameName": "-",
    "category": "structures_bliss",
    "modelType": "Config",
    "path": "dz/structures_bliss/industrial/power",
    "usableOnConsole": true,
    "searchTags": "livoniaa, industrial, electrical, infrastructure, lighting",
    "image": "images/structures_bliss/industrial/power/staticobj_power_pole_wood5_rus.jpg",
    "id": "dzobj_6xa2191shb"
  },
  {
    "objectName": "StaticObj_Power_Pole_Wood6_End",
    "inGameName": "-",
    "category": "structures_bliss",
    "modelType": "Config",
    "path": "dz/structures_bliss/industrial/power",
    "usableOnConsole": true,
    "searchTags": "livoniaa, industrial, electrical, infrastructure, lighting",
    "image": "images/structures_bliss/industrial/power/staticobj_power_pole_wood6_end.jpg",
    "id": "dzobj_ysd25np065"
  },
  {
    "objectName": "StaticObj_Power_Pole_Wood6_H",
    "inGameName": "-",
    "category": "structures_bliss",
    "modelType": "Config",
    "path": "dz/structures_bliss/industrial/power",
    "usableOnConsole": true,
    "searchTags": "livoniaa, industrial, electrical, infrastructure, lighting",
    "image": "images/structures_bliss/industrial/power/staticobj_power_pole_wood6_h.jpg",
    "id": "dzobj_rfsqvevdtj"
  },
  {
    "objectName": "StaticObj_Power_Pole_Wood6_H_Trail_B",
    "inGameName": "-",
    "category": "structures_bliss",
    "modelType": "Config",
    "path": "dz/structures_bliss/industrial/power",
    "usableOnConsole": true,
    "searchTags": "livoniaa, industrial, electrical, infrastructure, lighting",
    "image": "images/structures_bliss/industrial/power/staticobj_power_pole_wood6_h_trail_b.jpg",
    "id": "dzobj_bzppo6xx1c"
  },
  {
    "objectName": "StaticObj_Power_Pole_Wood6_H_Trail_G",
    "inGameName": "-",
    "category": "structures_bliss",
    "modelType": "Config",
    "path": "dz/structures_bliss/industrial/power",
    "usableOnConsole": true,
    "searchTags": "livoniaa, industrial, electrical, infrastructure, lighting",
    "image": "images/structures_bliss/industrial/power/staticobj_power_pole_wood6_h_trail_g.jpg",
    "id": "dzobj_nhyrh1athb"
  },
  {
    "objectName": "StaticObj_Power_Pole_Wood6_H_Trail_R",
    "inGameName": "-",
    "category": "structures_bliss",
    "modelType": "Config",
    "path": "dz/structures_bliss/industrial/power",
    "usableOnConsole": true,
    "searchTags": "livoniaa, industrial, electrical, infrastructure, lighting",
    "image": "images/structures_bliss/industrial/power/staticobj_power_pole_wood6_h_trail_r.jpg",
    "id": "dzobj_6ehc98dm50"
  },
  {
    "objectName": "StaticObj_Power_Pole_Wood6_H_Trail_Y",
    "inGameName": "-",
    "category": "structures_bliss",
    "modelType": "Config",
    "path": "dz/structures_bliss/industrial/power",
    "usableOnConsole": true,
    "searchTags": "livoniaa, industrial, electrical, infrastructure, lighting",
    "image": "images/structures_bliss/industrial/power/staticobj_power_pole_wood6_h_trail_y.jpg",
    "id": "dzobj_lhdxf8fugd"
  },
  {
    "objectName": "StaticObj_Power_Pole_Wood6_J",
    "inGameName": "-",
    "category": "structures_bliss",
    "modelType": "Config",
    "path": "dz/structures_bliss/industrial/power",
    "usableOnConsole": true,
    "searchTags": "livoniaa, industrial, electrical, infrastructure, lighting",
    "image": "images/structures_bliss/industrial/power/staticobj_power_pole_wood6_j.jpg",
    "id": "dzobj_lngs6s485v"
  },
  {
    "objectName": "StaticObj_Power_Wire_50",
    "inGameName": "-",
    "category": "structures_bliss",
    "modelType": "Config",
    "path": "dz/structures_bliss/industrial/power",
    "usableOnConsole": true,
    "searchTags": "livoniaa, industrial, electrical, infrastructure, lighting",
    "image": "images/structures_bliss/industrial/power/staticobj_power_wire_50.jpg",
    "id": "dzobj_2tql2zn4ey"
  },
  {
    "objectName": "StaticObj_Power_Wire_50_Main",
    "inGameName": "-",
    "category": "structures_bliss",
    "modelType": "Config",
    "path": "dz/structures_bliss/industrial/power",
    "usableOnConsole": true,
    "searchTags": "livoniaa, industrial, electrical, infrastructure, lighting",
    "image": "images/structures_bliss/industrial/power/staticobj_power_wire_50_main.jpg",
    "id": "dzobj_o2pg916aou"
  },
  {
    "objectName": "StaticObj_Power_WireTel_50_Main",
    "inGameName": "-",
    "category": "structures_bliss",
    "modelType": "Config",
    "path": "dz/structures_bliss/industrial/power",
    "usableOnConsole": true,
    "searchTags": "livoniaa, industrial, electrical, infrastructure, lighting",
    "image": "images/structures_bliss/industrial/power/staticobj_power_wiretel_50_main.jpg",
    "id": "dzobj_4da67qke8o"
  },
  {
    "objectName": "power_pole_wood4.p3d",
    "inGameName": "-",
    "category": "structures_bliss",
    "modelType": "Raw P3D",
    "path": "dz/structures_bliss/industrial/power",
    "usableOnConsole": false,
    "searchTags": "livoniaa, industrial, electrical, infrastructure, lighting",
    "image": "images/structures_bliss/industrial/power/staticobj_power_pole_wood4.jpg",
    "id": "dzobj_o8ik26yt58"
  },
  {
    "objectName": "power_pole_wood4_a.p3d",
    "inGameName": "-",
    "category": "structures_bliss",
    "modelType": "Raw P3D",
    "path": "dz/structures_bliss/industrial/power",
    "usableOnConsole": false,
    "searchTags": "livoniaa, industrial, electrical, infrastructure, lighting",
    "image": "images/structures_bliss/industrial/power/staticobj_power_pole_wood4_a.jpg",
    "id": "dzobj_8yf60ka05j"
  },
  {
    "objectName": "power_pole_wood4_a_end.p3d",
    "inGameName": "-",
    "category": "structures_bliss",
    "modelType": "Raw P3D",
    "path": "dz/structures_bliss/industrial/power",
    "usableOnConsole": false,
    "searchTags": "livoniaa, industrial, electrical, infrastructure, lighting",
    "image": "images/structures_bliss/industrial/power/staticobj_power_pole_wood4_a_end.jpg",
    "id": "dzobj_rrooj2bqqu"
  },
  {
    "objectName": "power_pole_wood4_a_j.p3d",
    "inGameName": "-",
    "category": "structures_bliss",
    "modelType": "Raw P3D",
    "path": "dz/structures_bliss/industrial/power",
    "usableOnConsole": false,
    "searchTags": "livoniaa, industrial, electrical, infrastructure, lighting",
    "image": "images/structures_bliss/industrial/power/staticobj_power_pole_wood4_a_j.jpg",
    "id": "dzobj_4bf01399n1"
  },
  {
    "objectName": "power_pole_wood4_a_j_nest.p3d",
    "inGameName": "-",
    "category": "structures_bliss",
    "modelType": "Raw P3D",
    "path": "dz/structures_bliss/industrial/power",
    "usableOnConsole": false,
    "searchTags": "livoniaa, industrial, electrical, infrastructure, lighting",
    "image": "images/structures_bliss/industrial/power/staticobj_power_pole_wood4_a_j_nest.jpg",
    "id": "dzobj_815cgbxloj"
  },
  {
    "objectName": "power_pole_wood4_end.p3d",
    "inGameName": "-",
    "category": "structures_bliss",
    "modelType": "Raw P3D",
    "path": "dz/structures_bliss/industrial/power",
    "usableOnConsole": false,
    "searchTags": "livoniaa, industrial, electrical, infrastructure, lighting",
    "image": "images/structures_bliss/industrial/power/staticobj_power_pole_wood4_end.jpg",
    "id": "dzobj_bgtg4hfyqc"
  },
  {
    "objectName": "power_pole_wood4_lamp.p3d",
    "inGameName": "-",
    "category": "structures_bliss",
    "modelType": "Raw P3D",
    "path": "dz/structures_bliss/industrial/power",
    "usableOnConsole": false,
    "searchTags": "livoniaa, industrial, electrical, infrastructure, lighting",
    "image": "images/structures_bliss/industrial/power/staticobj_power_pole_wood4_lamp.jpg",
    "id": "dzobj_au9jy8z840"
  },
  {
    "objectName": "power_pole_wood4_lamp_only.p3d",
    "inGameName": "-",
    "category": "structures_bliss",
    "modelType": "Raw P3D",
    "path": "dz/structures_bliss/industrial/power",
    "usableOnConsole": false,
    "searchTags": "livoniaa, industrial, electrical, infrastructure, lighting",
    "image": "images/structures_bliss/industrial/power/power_pole_wood4_lamp_only.jpg",
    "id": "dzobj_jklevi8sy4"
  },
  {
    "objectName": "power_pole_wood5.p3d",
    "inGameName": "-",
    "category": "structures_bliss",
    "modelType": "Raw P3D",
    "path": "dz/structures_bliss/industrial/power",
    "usableOnConsole": false,
    "searchTags": "livoniaa, industrial, electrical, infrastructure, lighting",
    "image": "images/structures_bliss/industrial/power/staticobj_power_pole_wood5.jpg",
    "id": "dzobj_pmcs35120e"
  },
  {
    "objectName": "power_pole_wood5_end.p3d",
    "inGameName": "-",
    "category": "structures_bliss",
    "modelType": "Raw P3D",
    "path": "dz/structures_bliss/industrial/power",
    "usableOnConsole": false,
    "searchTags": "livoniaa, industrial, electrical, infrastructure, lighting",
    "image": "images/structures_bliss/industrial/power/staticobj_power_pole_wood5_end.jpg",
    "id": "dzobj_kmmh3zm1hf"
  },
  {
    "objectName": "power_pole_wood5_end_rus.p3d",
    "inGameName": "-",
    "category": "structures_bliss",
    "modelType": "Raw P3D",
    "path": "dz/structures_bliss/industrial/power",
    "usableOnConsole": false,
    "searchTags": "livoniaa, industrial, electrical, infrastructure, lighting",
    "image": "images/structures_bliss/industrial/power/staticobj_power_pole_wood5_end_rus.jpg",
    "id": "dzobj_ak4evq7w56"
  },
  {
    "objectName": "power_pole_wood5_j.p3d",
    "inGameName": "-",
    "category": "structures_bliss",
    "modelType": "Raw P3D",
    "path": "dz/structures_bliss/industrial/power",
    "usableOnConsole": false,
    "searchTags": "livoniaa, industrial, electrical, infrastructure, lighting",
    "image": "images/structures_bliss/industrial/power/staticobj_power_pole_wood5_j.jpg",
    "id": "dzobj_gl7wrdzz81"
  },
  {
    "objectName": "power_pole_wood5_j_nest_rus.p3d",
    "inGameName": "-",
    "category": "structures_bliss",
    "modelType": "Raw P3D",
    "path": "dz/structures_bliss/industrial/power",
    "usableOnConsole": false,
    "searchTags": "livoniaa, industrial, electrical, infrastructure, lighting",
    "image": "images/structures_bliss/industrial/power/staticobj_power_pole_wood5_j_nest_rus.jpg",
    "id": "dzobj_hmos42md49"
  },
  {
    "objectName": "power_pole_wood5_j_rus.p3d",
    "inGameName": "-",
    "category": "structures_bliss",
    "modelType": "Raw P3D",
    "path": "dz/structures_bliss/industrial/power",
    "usableOnConsole": false,
    "searchTags": "livoniaa, industrial, electrical, infrastructure, lighting",
    "image": "images/structures_bliss/industrial/power/staticobj_power_pole_wood5_j_rus.jpg",
    "id": "dzobj_xegznsog3w"
  },
  {
    "objectName": "power_pole_wood5_rus.p3d",
    "inGameName": "-",
    "category": "structures_bliss",
    "modelType": "Raw P3D",
    "path": "dz/structures_bliss/industrial/power",
    "usableOnConsole": false,
    "searchTags": "livoniaa, industrial, electrical, infrastructure, lighting",
    "image": "images/structures_bliss/industrial/power/staticobj_power_pole_wood5_rus.jpg",
    "id": "dzobj_fskwpbp7e4"
  },
  {
    "objectName": "power_pole_wood6_end.p3d",
    "inGameName": "-",
    "category": "structures_bliss",
    "modelType": "Raw P3D",
    "path": "dz/structures_bliss/industrial/power",
    "usableOnConsole": false,
    "searchTags": "livoniaa, industrial, electrical, infrastructure, lighting",
    "image": "images/structures_bliss/industrial/power/staticobj_power_pole_wood6_end.jpg",
    "id": "dzobj_0rqavbz7h5"
  },
  {
    "objectName": "power_pole_wood6_h.p3d",
    "inGameName": "-",
    "category": "structures_bliss",
    "modelType": "Raw P3D",
    "path": "dz/structures_bliss/industrial/power",
    "usableOnConsole": false,
    "searchTags": "livoniaa, industrial, electrical, infrastructure, lighting",
    "image": "images/structures_bliss/industrial/power/staticobj_power_pole_wood6_h.jpg",
    "id": "dzobj_c3rl4r8c05"
  },
  {
    "objectName": "power_pole_wood6_h_trail_b.p3d",
    "inGameName": "-",
    "category": "structures_bliss",
    "modelType": "Raw P3D",
    "path": "dz/structures_bliss/industrial/power",
    "usableOnConsole": false,
    "searchTags": "livoniaa, industrial, electrical, infrastructure, lighting",
    "image": "images/structures_bliss/industrial/power/staticobj_power_pole_wood6_h_trail_b.jpg",
    "id": "dzobj_bj38q0pxux"
  },
  {
    "objectName": "power_pole_wood6_h_trail_g.p3d",
    "inGameName": "-",
    "category": "structures_bliss",
    "modelType": "Raw P3D",
    "path": "dz/structures_bliss/industrial/power",
    "usableOnConsole": false,
    "searchTags": "livoniaa, industrial, electrical, infrastructure, lighting",
    "image": "images/structures_bliss/industrial/power/staticobj_power_pole_wood6_h_trail_g.jpg",
    "id": "dzobj_7j7kk827b3"
  },
  {
    "objectName": "power_pole_wood6_h_trail_r.p3d",
    "inGameName": "-",
    "category": "structures_bliss",
    "modelType": "Raw P3D",
    "path": "dz/structures_bliss/industrial/power",
    "usableOnConsole": false,
    "searchTags": "livoniaa, industrial, electrical, infrastructure, lighting",
    "image": "images/structures_bliss/industrial/power/staticobj_power_pole_wood6_h_trail_r.jpg",
    "id": "dzobj_m6qdj93v7u"
  },
  {
    "objectName": "power_pole_wood6_h_trail_y.p3d",
    "inGameName": "-",
    "category": "structures_bliss",
    "modelType": "Raw P3D",
    "path": "dz/structures_bliss/industrial/power",
    "usableOnConsole": false,
    "searchTags": "livoniaa, industrial, electrical, infrastructure, lighting",
    "image": "images/structures_bliss/industrial/power/staticobj_power_pole_wood6_h_trail_y.jpg",
    "id": "dzobj_1e6l8t6ut0"
  },
  {
    "objectName": "power_pole_wood6_j.p3d",
    "inGameName": "-",
    "category": "structures_bliss",
    "modelType": "Raw P3D",
    "path": "dz/structures_bliss/industrial/power",
    "usableOnConsole": false,
    "searchTags": "livoniaa, industrial, electrical, infrastructure, lighting",
    "image": "images/structures_bliss/industrial/power/staticobj_power_pole_wood6_j.jpg",
    "id": "dzobj_9jdsetyvql"
  },
  {
    "objectName": "power_vhv_end.p3d",
    "inGameName": "-",
    "category": "structures_bliss",
    "modelType": "Raw P3D",
    "path": "dz/structures_bliss/industrial/power",
    "usableOnConsole": false,
    "searchTags": "livoniaa, industrial, electrical, infrastructure, lighting",
    "image": "images/structures_bliss/industrial/power/power_vhv_end.jpg",
    "id": "dzobj_2rbd521jsa"
  },
  {
    "objectName": "power_vhv_tower.p3d",
    "inGameName": "-",
    "category": "structures_bliss",
    "modelType": "Raw P3D",
    "path": "dz/structures_bliss/industrial/power",
    "usableOnConsole": false,
    "searchTags": "livoniaa, industrial, electrical, infrastructure, lighting",
    "image": "images/structures_bliss/industrial/power/land_power_vhv_tower.jpg",
    "id": "dzobj_nycyog2zgf"
  },
  {
    "objectName": "power_vhv_tower_corner.p3d",
    "inGameName": "-",
    "category": "structures_bliss",
    "modelType": "Raw P3D",
    "path": "dz/structures_bliss/industrial/power",
    "usableOnConsole": false,
    "searchTags": "livoniaa, industrial, electrical, infrastructure, lighting",
    "image": "images/structures_bliss/industrial/power/land_power_vhv_tower_corner.jpg",
    "id": "dzobj_i2zv7lmb1r"
  },
  {
    "objectName": "power_vhv_wires_direct.p3d",
    "inGameName": "-",
    "category": "structures_bliss",
    "modelType": "Raw P3D",
    "path": "dz/structures_bliss/industrial/power",
    "usableOnConsole": false,
    "searchTags": "livoniaa, industrial, electrical, infrastructure, lighting",
    "image": "images/structures_bliss/industrial/power/power_vhv_wires_direct.jpg",
    "id": "dzobj_xohttcly7n"
  },
  {
    "objectName": "power_vhv_wires_direct_short.p3d",
    "inGameName": "-",
    "category": "structures_bliss",
    "modelType": "Raw P3D",
    "path": "dz/structures_bliss/industrial/power",
    "usableOnConsole": false,
    "searchTags": "livoniaa, industrial, electrical, infrastructure, lighting",
    "image": "images/structures_bliss/industrial/power/power_vhv_wires_direct_short.jpg",
    "id": "dzobj_p3t66krqs4"
  },
  {
    "objectName": "power_vhv_wires_end.p3d",
    "inGameName": "-",
    "category": "structures_bliss",
    "modelType": "Raw P3D",
    "path": "dz/structures_bliss/industrial/power",
    "usableOnConsole": false,
    "searchTags": "livoniaa, industrial, electrical, infrastructure, lighting",
    "image": "images/structures_bliss/industrial/power/power_vhv_wires_end.jpg",
    "id": "dzobj_harcnt392v"
  },
  {
    "objectName": "power_vhv_wires_left.p3d",
    "inGameName": "-",
    "category": "structures_bliss",
    "modelType": "Raw P3D",
    "path": "dz/structures_bliss/industrial/power",
    "usableOnConsole": false,
    "searchTags": "livoniaa, industrial, electrical, infrastructure, lighting",
    "image": "images/structures_bliss/industrial/power/power_vhv_wires_left.jpg",
    "id": "dzobj_hs51w0msf2"
  },
  {
    "objectName": "power_vhv_wires_right.p3d",
    "inGameName": "-",
    "category": "structures_bliss",
    "modelType": "Raw P3D",
    "path": "dz/structures_bliss/industrial/power",
    "usableOnConsole": false,
    "searchTags": "livoniaa, industrial, electrical, infrastructure, lighting",
    "image": "images/structures_bliss/industrial/power/power_vhv_wires_right.jpg",
    "id": "dzobj_f046w3snpc"
  },
  {
    "objectName": "power_wiretel_50_main.p3d",
    "inGameName": "-",
    "category": "structures_bliss",
    "modelType": "Raw P3D",
    "path": "dz/structures_bliss/industrial/power",
    "usableOnConsole": false,
    "searchTags": "livoniaa, industrial, electrical, infrastructure, lighting",
    "image": "images/structures_bliss/industrial/power/staticobj_power_wiretel_50_main.jpg",
    "id": "dzobj_5k8ljj6c2i"
  },
  {
    "objectName": "power_wire_50.p3d",
    "inGameName": "-",
    "category": "structures_bliss",
    "modelType": "Raw P3D",
    "path": "dz/structures_bliss/industrial/power",
    "usableOnConsole": false,
    "searchTags": "livoniaa, industrial, electrical, infrastructure, lighting",
    "image": "images/structures_bliss/industrial/power/staticobj_power_wire_50.jpg",
    "id": "dzobj_ee3tunzey8"
  },
  {
    "objectName": "power_wire_50_main.p3d",
    "inGameName": "-",
    "category": "structures_bliss",
    "modelType": "Raw P3D",
    "path": "dz/structures_bliss/industrial/power",
    "usableOnConsole": false,
    "searchTags": "livoniaa, industrial, electrical, infrastructure, lighting",
    "image": "images/structures_bliss/industrial/power/staticobj_power_wire_50_main.jpg",
    "id": "dzobj_ln7sm2i1uk"
  }
]
