[
  {
    "objectName": "asf1enoch_0 2000.p3d",
    "inGameName": "-",
    "category": "structures_bliss",
    "modelType": "Raw P3D",
    "path": "dz/structures_bliss/roads/parts",
    "usableOnConsole": false,
    "searchTags": "",
    "image": "images/structures_bliss/roads/parts/asf1enoch_0 2000.jpg",
    "id": "dzobj_en52t3kc0e"
  },
  {
    "objectName": "asf1enoch_1 1000.p3d",
    "inGameName": "-",
    "category": "structures_bliss",
    "modelType": "Raw P3D",
    "path": "dz/structures_bliss/roads/parts",
    "usableOnConsole": false,
    "searchTags": "",
    "image": "images/structures_bliss/roads/parts/asf1enoch_1 1000.jpg",
    "id": "dzobj_f8naa78nha"
  },
  {
    "objectName": "asf1enoch_10 100.p3d",
    "inGameName": "-",
    "category": "structures_bliss",
    "modelType": "Raw P3D",
    "path": "dz/structures_bliss/roads/parts",
    "usableOnConsole": false,
    "searchTags": "",
    "image": "images/structures_bliss/roads/parts/asf1enoch_10 100.jpg",
    "id": "dzobj_ija59ao2ni"
  },
  {
    "objectName": "asf1enoch_10 25.p3d",
    "inGameName": "-",
    "category": "structures_bliss",
    "modelType": "Raw P3D",
    "path": "dz/structures_bliss/roads/parts",
    "usableOnConsole": false,
    "searchTags": "",
    "image": "images/structures_bliss/roads/parts/asf1enoch_10 25.jpg",
    "id": "dzobj_9dq9lsecis"
  },
  {
    "objectName": "asf1enoch_10 50.p3d",
    "inGameName": "-",
    "category": "structures_bliss",
    "modelType": "Raw P3D",
    "path": "dz/structures_bliss/roads/parts",
    "usableOnConsole": false,
    "searchTags": "",
    "image": "images/structures_bliss/roads/parts/asf1enoch_10 50.jpg",
    "id": "dzobj_uu3rienn7b"
  },
  {
    "objectName": "asf1enoch_10 75.p3d",
    "inGameName": "-",
    "category": "structures_bliss",
    "modelType": "Raw P3D",
    "path": "dz/structures_bliss/roads/parts",
    "usableOnConsole": false,
    "searchTags": "",
    "image": "images/structures_bliss/roads/parts/asf1enoch_10 75.jpg",
    "id": "dzobj_bozpb3lsh9"
  },
  {
    "objectName": "asf1enoch_12.p3d",
    "inGameName": "-",
    "category": "structures_bliss",
    "modelType": "Raw P3D",
    "path": "dz/structures_bliss/roads/parts",
    "usableOnConsole": false,
    "searchTags": "",
    "image": "images/structures_bliss/roads/parts/asf1enoch_12.jpg",
    "id": "dzobj_5k8bfjx1rs"
  },
  {
    "objectName": "asf1enoch_15 75.p3d",
    "inGameName": "-",
    "category": "structures_bliss",
    "modelType": "Raw P3D",
    "path": "dz/structures_bliss/roads/parts",
    "usableOnConsole": false,
    "searchTags": "",
    "image": "images/structures_bliss/roads/parts/asf1enoch_15 75.jpg",
    "id": "dzobj_kd3yrloiez"
  },
  {
    "objectName": "asf1enoch_22 50.p3d",
    "inGameName": "-",
    "category": "structures_bliss",
    "modelType": "Raw P3D",
    "path": "dz/structures_bliss/roads/parts",
    "usableOnConsole": false,
    "searchTags": "",
    "image": "images/structures_bliss/roads/parts/asf1enoch_22 50.jpg",
    "id": "dzobj_6lyzqbra29"
  },
  {
    "objectName": "asf1enoch_25.p3d",
    "inGameName": "-",
    "category": "structures_bliss",
    "modelType": "Raw P3D",
    "path": "dz/structures_bliss/roads/parts",
    "usableOnConsole": false,
    "searchTags": "",
    "image": "images/structures_bliss/roads/parts/asf1enoch_25.jpg",
    "id": "dzobj_nso9km3lmm"
  },
  {
    "objectName": "asf1enoch_30 25.p3d",
    "inGameName": "-",
    "category": "structures_bliss",
    "modelType": "Raw P3D",
    "path": "dz/structures_bliss/roads/parts",
    "usableOnConsole": false,
    "searchTags": "",
    "image": "images/structures_bliss/roads/parts/asf1enoch_30 25.jpg",
    "id": "dzobj_mgwe181f9z"
  },
  {
    "objectName": "asf1enoch_6.p3d",
    "inGameName": "-",
    "category": "structures_bliss",
    "modelType": "Raw P3D",
    "path": "dz/structures_bliss/roads/parts",
    "usableOnConsole": false,
    "searchTags": "",
    "image": "images/structures_bliss/roads/parts/asf1enoch_6.jpg",
    "id": "dzobj_1t9opn298c"
  },
  {
    "objectName": "asf1enoch_60 10.p3d",
    "inGameName": "-",
    "category": "structures_bliss",
    "modelType": "Raw P3D",
    "path": "dz/structures_bliss/roads/parts",
    "usableOnConsole": false,
    "searchTags": "",
    "image": "images/structures_bliss/roads/parts/asf1enoch_60 10.jpg",
    "id": "dzobj_w825vbfvwk"
  },
  {
    "objectName": "asf1enoch_6konec.p3d",
    "inGameName": "-",
    "category": "structures_bliss",
    "modelType": "Raw P3D",
    "path": "dz/structures_bliss/roads/parts",
    "usableOnConsole": false,
    "searchTags": "",
    "image": "images/structures_bliss/roads/parts/asf1enoch_6konec.jpg",
    "id": "dzobj_8ykwxv0qew"
  },
  {
    "objectName": "asf1enoch_7 100.p3d",
    "inGameName": "-",
    "category": "structures_bliss",
    "modelType": "Raw P3D",
    "path": "dz/structures_bliss/roads/parts",
    "usableOnConsole": false,
    "searchTags": "",
    "image": "images/structures_bliss/roads/parts/asf1enoch_7 100.jpg",
    "id": "dzobj_rpgiuiccd9"
  },
  {
    "objectName": "asf2enoch_0 2000.p3d",
    "inGameName": "-",
    "category": "structures_bliss",
    "modelType": "Raw P3D",
    "path": "dz/structures_bliss/roads/parts",
    "usableOnConsole": false,
    "searchTags": "",
    "image": "images/structures_bliss/roads/parts/asf2enoch_0 2000.jpg",
    "id": "dzobj_fe853985i8"
  },
  {
    "objectName": "asf2enoch_1 1000.p3d",
    "inGameName": "-",
    "category": "structures_bliss",
    "modelType": "Raw P3D",
    "path": "dz/structures_bliss/roads/parts",
    "usableOnConsole": false,
    "searchTags": "",
    "image": "images/structures_bliss/roads/parts/asf2enoch_1 1000.jpg",
    "id": "dzobj_pfv19ubgzm"
  },
  {
    "objectName": "asf2enoch_10 100.p3d",
    "inGameName": "-",
    "category": "structures_bliss",
    "modelType": "Raw P3D",
    "path": "dz/structures_bliss/roads/parts",
    "usableOnConsole": false,
    "searchTags": "",
    "image": "images/structures_bliss/roads/parts/asf2enoch_10 100.jpg",
    "id": "dzobj_evlh7b0c7y"
  },
  {
    "objectName": "asf2enoch_10 25.p3d",
    "inGameName": "-",
    "category": "structures_bliss",
    "modelType": "Raw P3D",
    "path": "dz/structures_bliss/roads/parts",
    "usableOnConsole": false,
    "searchTags": "",
    "image": "images/structures_bliss/roads/parts/asf2enoch_10 25.jpg",
    "id": "dzobj_itswe9pu2y"
  },
  {
    "objectName": "asf2enoch_10 50.p3d",
    "inGameName": "-",
    "category": "structures_bliss",
    "modelType": "Raw P3D",
    "path": "dz/structures_bliss/roads/parts",
    "usableOnConsole": false,
    "searchTags": "",
    "image": "images/structures_bliss/roads/parts/asf2enoch_10 50.jpg",
    "id": "dzobj_9n2utj0no4"
  },
  {
    "objectName": "asf2enoch_10 75.p3d",
    "inGameName": "-",
    "category": "structures_bliss",
    "modelType": "Raw P3D",
    "path": "dz/structures_bliss/roads/parts",
    "usableOnConsole": false,
    "searchTags": "",
    "image": "images/structures_bliss/roads/parts/asf2enoch_10 75.jpg",
    "id": "dzobj_ojwvkn8coc"
  },
  {
    "objectName": "asf2enoch_12.p3d",
    "inGameName": "-",
    "category": "structures_bliss",
    "modelType": "Raw P3D",
    "path": "dz/structures_bliss/roads/parts",
    "usableOnConsole": false,
    "searchTags": "",
    "image": "images/structures_bliss/roads/parts/asf2enoch_12.jpg",
    "id": "dzobj_kg3hfuptfh"
  },
  {
    "objectName": "asf2enoch_15 75.p3d",
    "inGameName": "-",
    "category": "structures_bliss",
    "modelType": "Raw P3D",
    "path": "dz/structures_bliss/roads/parts",
    "usableOnConsole": false,
    "searchTags": "",
    "image": "images/structures_bliss/roads/parts/asf2enoch_15 75.jpg",
    "id": "dzobj_5r0luiqv1z"
  },
  {
    "objectName": "asf2enoch_22 50.p3d",
    "inGameName": "-",
    "category": "structures_bliss",
    "modelType": "Raw P3D",
    "path": "dz/structures_bliss/roads/parts",
    "usableOnConsole": false,
    "searchTags": "",
    "image": "images/structures_bliss/roads/parts/asf2enoch_22 50.jpg",
    "id": "dzobj_qtky8p787n"
  },
  {
    "objectName": "asf2enoch_25.p3d",
    "inGameName": "-",
    "category": "structures_bliss",
    "modelType": "Raw P3D",
    "path": "dz/structures_bliss/roads/parts",
    "usableOnConsole": false,
    "searchTags": "",
    "image": "images/structures_bliss/roads/parts/asf2enoch_25.jpg",
    "id": "dzobj_cxwtxbp9j9"
  },
  {
    "objectName": "asf2enoch_30 25.p3d",
    "inGameName": "-",
    "category": "structures_bliss",
    "modelType": "Raw P3D",
    "path": "dz/structures_bliss/roads/parts",
    "usableOnConsole": false,
    "searchTags": "",
    "image": "images/structures_bliss/roads/parts/asf2enoch_30 25.jpg",
    "id": "dzobj_1u4htwyul1"
  },
  {
    "objectName": "asf2enoch_6.p3d",
    "inGameName": "-",
    "category": "structures_bliss",
    "modelType": "Raw P3D",
    "path": "dz/structures_bliss/roads/parts",
    "usableOnConsole": false,
    "searchTags": "",
    "image": "images/structures_bliss/roads/parts/asf2enoch_6.jpg",
    "id": "dzobj_ve124s0taw"
  },
  {
    "objectName": "asf2enoch_60 10.p3d",
    "inGameName": "-",
    "category": "structures_bliss",
    "modelType": "Raw P3D",
    "path": "dz/structures_bliss/roads/parts",
    "usableOnConsole": false,
    "searchTags": "",
    "image": "images/structures_bliss/roads/parts/asf2enoch_60 10.jpg",
    "id": "dzobj_8jhgj6ltxg"
  },
  {
    "objectName": "asf2enoch_6konec.p3d",
    "inGameName": "-",
    "category": "structures_bliss",
    "modelType": "Raw P3D",
    "path": "dz/structures_bliss/roads/parts",
    "usableOnConsole": false,
    "searchTags": "",
    "image": "images/structures_bliss/roads/parts/asf2enoch_6konec.jpg",
    "id": "dzobj_etgbvkvbty"
  },
  {
    "objectName": "asf2enoch_7 100.p3d",
    "inGameName": "-",
    "category": "structures_bliss",
    "modelType": "Raw P3D",
    "path": "dz/structures_bliss/roads/parts",
    "usableOnConsole": false,
    "searchTags": "",
    "image": "images/structures_bliss/roads/parts/asf2enoch_7 100.jpg",
    "id": "dzobj_f8v6pcqouz"
  },
  {
    "objectName": "mudenoch_0 2000.p3d",
    "inGameName": "-",
    "category": "structures_bliss",
    "modelType": "Raw P3D",
    "path": "dz/structures_bliss/roads/parts",
    "usableOnConsole": false,
    "searchTags": "",
    "image": "images/structures_bliss/roads/parts/mudenoch_0 2000.jpg",
    "id": "dzobj_5yzptlxtnv"
  },
  {
    "objectName": "mudenoch_1 1000.p3d",
    "inGameName": "-",
    "category": "structures_bliss",
    "modelType": "Raw P3D",
    "path": "dz/structures_bliss/roads/parts",
    "usableOnConsole": false,
    "searchTags": "",
    "image": "images/structures_bliss/roads/parts/mudenoch_1 1000.jpg",
    "id": "dzobj_p5qvtgvg8g"
  },
  {
    "objectName": "mudenoch_10 100.p3d",
    "inGameName": "-",
    "category": "structures_bliss",
    "modelType": "Raw P3D",
    "path": "dz/structures_bliss/roads/parts",
    "usableOnConsole": false,
    "searchTags": "",
    "image": "images/structures_bliss/roads/parts/mudenoch_10 100.jpg",
    "id": "dzobj_0np258caol"
  },
  {
    "objectName": "mudenoch_10 25.p3d",
    "inGameName": "-",
    "category": "structures_bliss",
    "modelType": "Raw P3D",
    "path": "dz/structures_bliss/roads/parts",
    "usableOnConsole": false,
    "searchTags": "",
    "image": "images/structures_bliss/roads/parts/mudenoch_10 25.jpg",
    "id": "dzobj_ehs3a6el4w"
  },
  {
    "objectName": "mudenoch_10 50.p3d",
    "inGameName": "-",
    "category": "structures_bliss",
    "modelType": "Raw P3D",
    "path": "dz/structures_bliss/roads/parts",
    "usableOnConsole": false,
    "searchTags": "",
    "image": "images/structures_bliss/roads/parts/mudenoch_10 50.jpg",
    "id": "dzobj_wsya3xsapy"
  },
  {
    "objectName": "mudenoch_10 75.p3d",
    "inGameName": "-",
    "category": "structures_bliss",
    "modelType": "Raw P3D",
    "path": "dz/structures_bliss/roads/parts",
    "usableOnConsole": false,
    "searchTags": "",
    "image": "images/structures_bliss/roads/parts/mudenoch_10 75.jpg",
    "id": "dzobj_f94wc3zzzr"
  },
  {
    "objectName": "mudenoch_12.p3d",
    "inGameName": "-",
    "category": "structures_bliss",
    "modelType": "Raw P3D",
    "path": "dz/structures_bliss/roads/parts",
    "usableOnConsole": false,
    "searchTags": "",
    "image": "images/structures_bliss/roads/parts/mudenoch_12.jpg",
    "id": "dzobj_29ett1nj5k"
  },
  {
    "objectName": "mudenoch_15 75.p3d",
    "inGameName": "-",
    "category": "structures_bliss",
    "modelType": "Raw P3D",
    "path": "dz/structures_bliss/roads/parts",
    "usableOnConsole": false,
    "searchTags": "",
    "image": "images/structures_bliss/roads/parts/mudenoch_15 75.jpg",
    "id": "dzobj_bj7s5ufj3d"
  },
  {
    "objectName": "mudenoch_22 50.p3d",
    "inGameName": "-",
    "category": "structures_bliss",
    "modelType": "Raw P3D",
    "path": "dz/structures_bliss/roads/parts",
    "usableOnConsole": false,
    "searchTags": "",
    "image": "images/structures_bliss/roads/parts/mudenoch_22 50.jpg",
    "id": "dzobj_hnid89jrs0"
  },
  {
    "objectName": "mudenoch_25.p3d",
    "inGameName": "-",
    "category": "structures_bliss",
    "modelType": "Raw P3D",
    "path": "dz/structures_bliss/roads/parts",
    "usableOnConsole": false,
    "searchTags": "",
    "image": "images/structures_bliss/roads/parts/mudenoch_25.jpg",
    "id": "dzobj_xgzbc3gp12"
  },
  {
    "objectName": "mudenoch_30 25.p3d",
    "inGameName": "-",
    "category": "structures_bliss",
    "modelType": "Raw P3D",
    "path": "dz/structures_bliss/roads/parts",
    "usableOnConsole": false,
    "searchTags": "",
    "image": "images/structures_bliss/roads/parts/mudenoch_30 25.jpg",
    "id": "dzobj_x6btv80xyx"
  },
  {
    "objectName": "mudenoch_6.p3d",
    "inGameName": "-",
    "category": "structures_bliss",
    "modelType": "Raw P3D",
    "path": "dz/structures_bliss/roads/parts",
    "usableOnConsole": false,
    "searchTags": "",
    "image": "images/structures_bliss/roads/parts/mudenoch_6.jpg",
    "id": "dzobj_33x5ipgb61"
  },
  {
    "objectName": "mudenoch_60 10.p3d",
    "inGameName": "-",
    "category": "structures_bliss",
    "modelType": "Raw P3D",
    "path": "dz/structures_bliss/roads/parts",
    "usableOnConsole": false,
    "searchTags": "",
    "image": "images/structures_bliss/roads/parts/mudenoch_60 10.jpg",
    "id": "dzobj_2yqsm96n9f"
  },
  {
    "objectName": "mudenoch_6konec.p3d",
    "inGameName": "-",
    "category": "structures_bliss",
    "modelType": "Raw P3D",
    "path": "dz/structures_bliss/roads/parts",
    "usableOnConsole": false,
    "searchTags": "",
    "image": "images/structures_bliss/roads/parts/mudenoch_6konec.jpg",
    "id": "dzobj_p9geh8wqdv"
  },
  {
    "objectName": "mudenoch_7 100.p3d",
    "inGameName": "-",
    "category": "structures_bliss",
    "modelType": "Raw P3D",
    "path": "dz/structures_bliss/roads/parts",
    "usableOnConsole": false,
    "searchTags": "",
    "image": "images/structures_bliss/roads/parts/mudenoch_7 100.jpg",
    "id": "dzobj_alzwu08rsi"
  },
  {
    "objectName": "pathenoch_dirt_10.p3d",
    "inGameName": "-",
    "category": "structures_bliss",
    "modelType": "Raw P3D",
    "path": "dz/structures_bliss/roads/parts",
    "usableOnConsole": false,
    "searchTags": "",
    "image": "images/structures_bliss/roads/parts/pathenoch_dirt_10.jpg",
    "id": "dzobj_hgg771cb56"
  },
  {
    "objectName": "pathenoch_dirt_30.p3d",
    "inGameName": "-",
    "category": "structures_bliss",
    "modelType": "Raw P3D",
    "path": "dz/structures_bliss/roads/parts",
    "usableOnConsole": false,
    "searchTags": "",
    "image": "images/structures_bliss/roads/parts/pathenoch_dirt_30.jpg",
    "id": "dzobj_8qmhep3pus"
  },
  {
    "objectName": "pathenoch_dirt_curve.p3d",
    "inGameName": "-",
    "category": "structures_bliss",
    "modelType": "Raw P3D",
    "path": "dz/structures_bliss/roads/parts",
    "usableOnConsole": false,
    "searchTags": "",
    "image": "images/structures_bliss/roads/parts/pathenoch_dirt_curve.jpg",
    "id": "dzobj_dqtlh0vjvb"
  },
  {
    "objectName": "pathenoch_rock_10.p3d",
    "inGameName": "-",
    "category": "structures_bliss",
    "modelType": "Raw P3D",
    "path": "dz/structures_bliss/roads/parts",
    "usableOnConsole": false,
    "searchTags": "",
    "image": "images/structures_bliss/roads/parts/pathenoch_rock_10.jpg",
    "id": "dzobj_sqtwzh5zp6"
  },
  {
    "objectName": "pathenoch_rock_30.p3d",
    "inGameName": "-",
    "category": "structures_bliss",
    "modelType": "Raw P3D",
    "path": "dz/structures_bliss/roads/parts",
    "usableOnConsole": false,
    "searchTags": "",
    "image": "images/structures_bliss/roads/parts/pathenoch_rock_30.jpg",
    "id": "dzobj_rnkdtvoaeo"
  },
  {
    "objectName": "pathenoch_rock_curve.p3d",
    "inGameName": "-",
    "category": "structures_bliss",
    "modelType": "Raw P3D",
    "path": "dz/structures_bliss/roads/parts",
    "usableOnConsole": false,
    "searchTags": "",
    "image": "images/structures_bliss/roads/parts/pathenoch_rock_curve.jpg",
    "id": "dzobj_t4jx0jqa2l"
  },
  {
    "objectName": "quarryenoch_0 2000.p3d",
    "inGameName": "-",
    "category": "structures_bliss",
    "modelType": "Raw P3D",
    "path": "dz/structures_bliss/roads/parts",
    "usableOnConsole": false,
    "searchTags": "",
    "image": "images/structures_bliss/roads/parts/quarryenoch_0 2000.jpg",
    "id": "dzobj_x3is56z4e7"
  },
  {
    "objectName": "quarryenoch_1 1000.p3d",
    "inGameName": "-",
    "category": "structures_bliss",
    "modelType": "Raw P3D",
    "path": "dz/structures_bliss/roads/parts",
    "usableOnConsole": false,
    "searchTags": "",
    "image": "images/structures_bliss/roads/parts/quarryenoch_1 1000.jpg",
    "id": "dzobj_njusl5o9uc"
  },
  {
    "objectName": "quarryenoch_10 100.p3d",
    "inGameName": "-",
    "category": "structures_bliss",
    "modelType": "Raw P3D",
    "path": "dz/structures_bliss/roads/parts",
    "usableOnConsole": false,
    "searchTags": "",
    "image": "images/structures_bliss/roads/parts/quarryenoch_10 100.jpg",
    "id": "dzobj_mp8ct5cop0"
  },
  {
    "objectName": "quarryenoch_10 25.p3d",
    "inGameName": "-",
    "category": "structures_bliss",
    "modelType": "Raw P3D",
    "path": "dz/structures_bliss/roads/parts",
    "usableOnConsole": false,
    "searchTags": "",
    "image": "images/structures_bliss/roads/parts/quarryenoch_10 25.jpg",
    "id": "dzobj_mbq1ysiap3"
  },
  {
    "objectName": "quarryenoch_10 50.p3d",
    "inGameName": "-",
    "category": "structures_bliss",
    "modelType": "Raw P3D",
    "path": "dz/structures_bliss/roads/parts",
    "usableOnConsole": false,
    "searchTags": "",
    "image": "images/structures_bliss/roads/parts/quarryenoch_10 50.jpg",
    "id": "dzobj_5civpi11rb"
  },
  {
    "objectName": "quarryenoch_10 75.p3d",
    "inGameName": "-",
    "category": "structures_bliss",
    "modelType": "Raw P3D",
    "path": "dz/structures_bliss/roads/parts",
    "usableOnConsole": false,
    "searchTags": "",
    "image": "images/structures_bliss/roads/parts/quarryenoch_10 75.jpg",
    "id": "dzobj_789bwtqoq0"
  },
  {
    "objectName": "quarryenoch_12.p3d",
    "inGameName": "-",
    "category": "structures_bliss",
    "modelType": "Raw P3D",
    "path": "dz/structures_bliss/roads/parts",
    "usableOnConsole": false,
    "searchTags": "",
    "image": "images/structures_bliss/roads/parts/quarryenoch_12.jpg",
    "id": "dzobj_o0i1ebssm5"
  },
  {
    "objectName": "quarryenoch_15 75.p3d",
    "inGameName": "-",
    "category": "structures_bliss",
    "modelType": "Raw P3D",
    "path": "dz/structures_bliss/roads/parts",
    "usableOnConsole": false,
    "searchTags": "",
    "image": "images/structures_bliss/roads/parts/quarryenoch_15 75.jpg",
    "id": "dzobj_wh5wh4e22m"
  },
  {
    "objectName": "quarryenoch_22 50.p3d",
    "inGameName": "-",
    "category": "structures_bliss",
    "modelType": "Raw P3D",
    "path": "dz/structures_bliss/roads/parts",
    "usableOnConsole": false,
    "searchTags": "",
    "image": "images/structures_bliss/roads/parts/quarryenoch_22 50.jpg",
    "id": "dzobj_tnt9nkttt0"
  },
  {
    "objectName": "quarryenoch_25.p3d",
    "inGameName": "-",
    "category": "structures_bliss",
    "modelType": "Raw P3D",
    "path": "dz/structures_bliss/roads/parts",
    "usableOnConsole": false,
    "searchTags": "",
    "image": "images/structures_bliss/roads/parts/quarryenoch_25.jpg",
    "id": "dzobj_qo9b3d5rop"
  },
  {
    "objectName": "quarryenoch_30 25.p3d",
    "inGameName": "-",
    "category": "structures_bliss",
    "modelType": "Raw P3D",
    "path": "dz/structures_bliss/roads/parts",
    "usableOnConsole": false,
    "searchTags": "",
    "image": "images/structures_bliss/roads/parts/quarryenoch_30 25.jpg",
    "id": "dzobj_sf5t64nt6a"
  },
  {
    "objectName": "quarryenoch_6.p3d",
    "inGameName": "-",
    "category": "structures_bliss",
    "modelType": "Raw P3D",
    "path": "dz/structures_bliss/roads/parts",
    "usableOnConsole": false,
    "searchTags": "",
    "image": "images/structures_bliss/roads/parts/quarryenoch_6.jpg",
    "id": "dzobj_xxt1o57all"
  },
  {
    "objectName": "quarryenoch_60 10.p3d",
    "inGameName": "-",
    "category": "structures_bliss",
    "modelType": "Raw P3D",
    "path": "dz/structures_bliss/roads/parts",
    "usableOnConsole": false,
    "searchTags": "",
    "image": "images/structures_bliss/roads/parts/quarryenoch_60 10.jpg",
    "id": "dzobj_8ts8t6c83a"
  },
  {
    "objectName": "quarryenoch_6konec.p3d",
    "inGameName": "-",
    "category": "structures_bliss",
    "modelType": "Raw P3D",
    "path": "dz/structures_bliss/roads/parts",
    "usableOnConsole": false,
    "searchTags": "",
    "image": "images/structures_bliss/roads/parts/quarryenoch_6konec.jpg",
    "id": "dzobj_lrzitske3n"
  },
  {
    "objectName": "quarryenoch_7 100.p3d",
    "inGameName": "-",
    "category": "structures_bliss",
    "modelType": "Raw P3D",
    "path": "dz/structures_bliss/roads/parts",
    "usableOnConsole": false,
    "searchTags": "",
    "image": "images/structures_bliss/roads/parts/quarryenoch_7 100.jpg",
    "id": "dzobj_4ldmu5bbnu"
  }
]
