[
  {
    "objectName": "asf1enoch_0 2000.p3d",
    "inGameName": "-",
    "category": "structures_bliss",
    "modelType": "Raw P3D",
    "path": "dz/structures_bliss/roads/parts",
    "usableOnConsole": false,
    "searchTags": "",
    "image": "images/structures_bliss/roads/parts/asf1enoch_0 2000.jpg"
  },
  {
    "objectName": "asf1enoch_1 1000.p3d",
    "inGameName": "-",
    "category": "structures_bliss",
    "modelType": "Raw P3D",
    "path": "dz/structures_bliss/roads/parts",
    "usableOnConsole": false,
    "searchTags": "",
    "image": "images/structures_bliss/roads/parts/asf1enoch_1 1000.jpg"
  },
  {
    "objectName": "asf1enoch_10 100.p3d",
    "inGameName": "-",
    "category": "structures_bliss",
    "modelType": "Raw P3D",
    "path": "dz/structures_bliss/roads/parts",
    "usableOnConsole": false,
    "searchTags": "",
    "image": "images/structures_bliss/roads/parts/asf1enoch_10 100.jpg"
  },
  {
    "objectName": "asf1enoch_10 25.p3d",
    "inGameName": "-",
    "category": "structures_bliss",
    "modelType": "Raw P3D",
    "path": "dz/structures_bliss/roads/parts",
    "usableOnConsole": false,
    "searchTags": "",
    "image": "images/structures_bliss/roads/parts/asf1enoch_10 25.jpg"
  },
  {
    "objectName": "asf1enoch_10 50.p3d",
    "inGameName": "-",
    "category": "structures_bliss",
    "modelType": "Raw P3D",
    "path": "dz/structures_bliss/roads/parts",
    "usableOnConsole": false,
    "searchTags": "",
    "image": "images/structures_bliss/roads/parts/asf1enoch_10 50.jpg"
  },
  {
    "objectName": "asf1enoch_10 75.p3d",
    "inGameName": "-",
    "category": "structures_bliss",
    "modelType": "Raw P3D",
    "path": "dz/structures_bliss/roads/parts",
    "usableOnConsole": false,
    "searchTags": "",
    "image": "images/structures_bliss/roads/parts/asf1enoch_10 75.jpg"
  },
  {
    "objectName": "asf1enoch_12.p3d",
    "inGameName": "-",
    "category": "structures_bliss",
    "modelType": "Raw P3D",
    "path": "dz/structures_bliss/roads/parts",
    "usableOnConsole": false,
    "searchTags": "",
    "image": "images/structures_bliss/roads/parts/asf1enoch_12.jpg"
  },
  {
    "objectName": "asf1enoch_15 75.p3d",
    "inGameName": "-",
    "category": "structures_bliss",
    "modelType": "Raw P3D",
    "path": "dz/structures_bliss/roads/parts",
    "usableOnConsole": false,
    "searchTags": "",
    "image": "images/structures_bliss/roads/parts/asf1enoch_15 75.jpg"
  },
  {
    "objectName": "asf1enoch_22 50.p3d",
    "inGameName": "-",
    "category": "structures_bliss",
    "modelType": "Raw P3D",
    "path": "dz/structures_bliss/roads/parts",
    "usableOnConsole": false,
    "searchTags": "",
    "image": "images/structures_bliss/roads/parts/asf1enoch_22 50.jpg"
  },
  {
    "objectName": "asf1enoch_25.p3d",
    "inGameName": "-",
    "category": "structures_bliss",
    "modelType": "Raw P3D",
    "path": "dz/structures_bliss/roads/parts",
    "usableOnConsole": false,
    "searchTags": "",
    "image": "images/structures_bliss/roads/parts/asf1enoch_25.jpg"
  },
  {
    "objectName": "asf1enoch_30 25.p3d",
    "inGameName": "-",
    "category": "structures_bliss",
    "modelType": "Raw P3D",
    "path": "dz/structures_bliss/roads/parts",
    "usableOnConsole": false,
    "searchTags": "",
    "image": "images/structures_bliss/roads/parts/asf1enoch_30 25.jpg"
  },
  {
    "objectName": "asf1enoch_6.p3d",
    "inGameName": "-",
    "category": "structures_bliss",
    "modelType": "Raw P3D",
    "path": "dz/structures_bliss/roads/parts",
    "usableOnConsole": false,
    "searchTags": "",
    "image": "images/structures_bliss/roads/parts/asf1enoch_6.jpg"
  },
  {
    "objectName": "asf1enoch_60 10.p3d",
    "inGameName": "-",
    "category": "structures_bliss",
    "modelType": "Raw P3D",
    "path": "dz/structures_bliss/roads/parts",
    "usableOnConsole": false,
    "searchTags": "",
    "image": "images/structures_bliss/roads/parts/asf1enoch_60 10.jpg"
  },
  {
    "objectName": "asf1enoch_6konec.p3d",
    "inGameName": "-",
    "category": "structures_bliss",
    "modelType": "Raw P3D",
    "path": "dz/structures_bliss/roads/parts",
    "usableOnConsole": false,
    "searchTags": "",
    "image": "images/structures_bliss/roads/parts/asf1enoch_6konec.jpg"
  },
  {
    "objectName": "asf1enoch_7 100.p3d",
    "inGameName": "-",
    "category": "structures_bliss",
    "modelType": "Raw P3D",
    "path": "dz/structures_bliss/roads/parts",
    "usableOnConsole": false,
    "searchTags": "",
    "image": "images/structures_bliss/roads/parts/asf1enoch_7 100.jpg"
  },
  {
    "objectName": "asf2enoch_0 2000.p3d",
    "inGameName": "-",
    "category": "structures_bliss",
    "modelType": "Raw P3D",
    "path": "dz/structures_bliss/roads/parts",
    "usableOnConsole": false,
    "searchTags": "",
    "image": "images/structures_bliss/roads/parts/asf2enoch_0 2000.jpg"
  },
  {
    "objectName": "asf2enoch_1 1000.p3d",
    "inGameName": "-",
    "category": "structures_bliss",
    "modelType": "Raw P3D",
    "path": "dz/structures_bliss/roads/parts",
    "usableOnConsole": false,
    "searchTags": "",
    "image": "images/structures_bliss/roads/parts/asf2enoch_1 1000.jpg"
  },
  {
    "objectName": "asf2enoch_10 100.p3d",
    "inGameName": "-",
    "category": "structures_bliss",
    "modelType": "Raw P3D",
    "path": "dz/structures_bliss/roads/parts",
    "usableOnConsole": false,
    "searchTags": "",
    "image": "images/structures_bliss/roads/parts/asf2enoch_10 100.jpg"
  },
  {
    "objectName": "asf2enoch_10 25.p3d",
    "inGameName": "-",
    "category": "structures_bliss",
    "modelType": "Raw P3D",
    "path": "dz/structures_bliss/roads/parts",
    "usableOnConsole": false,
    "searchTags": "",
    "image": "images/structures_bliss/roads/parts/asf2enoch_10 25.jpg"
  },
  {
    "objectName": "asf2enoch_10 50.p3d",
    "inGameName": "-",
    "category": "structures_bliss",
    "modelType": "Raw P3D",
    "path": "dz/structures_bliss/roads/parts",
    "usableOnConsole": false,
    "searchTags": "",
    "image": "images/structures_bliss/roads/parts/asf2enoch_10 50.jpg"
  },
  {
    "objectName": "asf2enoch_10 75.p3d",
    "inGameName": "-",
    "category": "structures_bliss",
    "modelType": "Raw P3D",
    "path": "dz/structures_bliss/roads/parts",
    "usableOnConsole": false,
    "searchTags": "",
    "image": "images/structures_bliss/roads/parts/asf2enoch_10 75.jpg"
  },
  {
    "objectName": "asf2enoch_12.p3d",
    "inGameName": "-",
    "category": "structures_bliss",
    "modelType": "Raw P3D",
    "path": "dz/structures_bliss/roads/parts",
    "usableOnConsole": false,
    "searchTags": "",
    "image": "images/structures_bliss/roads/parts/asf2enoch_12.jpg"
  },
  {
    "objectName": "asf2enoch_15 75.p3d",
    "inGameName": "-",
    "category": "structures_bliss",
    "modelType": "Raw P3D",
    "path": "dz/structures_bliss/roads/parts",
    "usableOnConsole": false,
    "searchTags": "",
    "image": "images/structures_bliss/roads/parts/asf2enoch_15 75.jpg"
  },
  {
    "objectName": "asf2enoch_22 50.p3d",
    "inGameName": "-",
    "category": "structures_bliss",
    "modelType": "Raw P3D",
    "path": "dz/structures_bliss/roads/parts",
    "usableOnConsole": false,
    "searchTags": "",
    "image": "images/structures_bliss/roads/parts/asf2enoch_22 50.jpg"
  },
  {
    "objectName": "asf2enoch_25.p3d",
    "inGameName": "-",
    "category": "structures_bliss",
    "modelType": "Raw P3D",
    "path": "dz/structures_bliss/roads/parts",
    "usableOnConsole": false,
    "searchTags": "",
    "image": "images/structures_bliss/roads/parts/asf2enoch_25.jpg"
  },
  {
    "objectName": "asf2enoch_30 25.p3d",
    "inGameName": "-",
    "category": "structures_bliss",
    "modelType": "Raw P3D",
    "path": "dz/structures_bliss/roads/parts",
    "usableOnConsole": false,
    "searchTags": "",
    "image": "images/structures_bliss/roads/parts/asf2enoch_30 25.jpg"
  },
  {
    "objectName": "asf2enoch_6.p3d",
    "inGameName": "-",
    "category": "structures_bliss",
    "modelType": "Raw P3D",
    "path": "dz/structures_bliss/roads/parts",
    "usableOnConsole": false,
    "searchTags": "",
    "image": "images/structures_bliss/roads/parts/asf2enoch_6.jpg"
  },
  {
    "objectName": "asf2enoch_60 10.p3d",
    "inGameName": "-",
    "category": "structures_bliss",
    "modelType": "Raw P3D",
    "path": "dz/structures_bliss/roads/parts",
    "usableOnConsole": false,
    "searchTags": "",
    "image": "images/structures_bliss/roads/parts/asf2enoch_60 10.jpg"
  },
  {
    "objectName": "asf2enoch_6konec.p3d",
    "inGameName": "-",
    "category": "structures_bliss",
    "modelType": "Raw P3D",
    "path": "dz/structures_bliss/roads/parts",
    "usableOnConsole": false,
    "searchTags": "",
    "image": "images/structures_bliss/roads/parts/asf2enoch_6konec.jpg"
  },
  {
    "objectName": "asf2enoch_7 100.p3d",
    "inGameName": "-",
    "category": "structures_bliss",
    "modelType": "Raw P3D",
    "path": "dz/structures_bliss/roads/parts",
    "usableOnConsole": false,
    "searchTags": "",
    "image": "images/structures_bliss/roads/parts/asf2enoch_7 100.jpg"
  },
  {
    "objectName": "mudenoch_0 2000.p3d",
    "inGameName": "-",
    "category": "structures_bliss",
    "modelType": "Raw P3D",
    "path": "dz/structures_bliss/roads/parts",
    "usableOnConsole": false,
    "searchTags": "",
    "image": "images/structures_bliss/roads/parts/mudenoch_0 2000.jpg"
  },
  {
    "objectName": "mudenoch_1 1000.p3d",
    "inGameName": "-",
    "category": "structures_bliss",
    "modelType": "Raw P3D",
    "path": "dz/structures_bliss/roads/parts",
    "usableOnConsole": false,
    "searchTags": "",
    "image": "images/structures_bliss/roads/parts/mudenoch_1 1000.jpg"
  },
  {
    "objectName": "mudenoch_10 100.p3d",
    "inGameName": "-",
    "category": "structures_bliss",
    "modelType": "Raw P3D",
    "path": "dz/structures_bliss/roads/parts",
    "usableOnConsole": false,
    "searchTags": "",
    "image": "images/structures_bliss/roads/parts/mudenoch_10 100.jpg"
  },
  {
    "objectName": "mudenoch_10 25.p3d",
    "inGameName": "-",
    "category": "structures_bliss",
    "modelType": "Raw P3D",
    "path": "dz/structures_bliss/roads/parts",
    "usableOnConsole": false,
    "searchTags": "",
    "image": "images/structures_bliss/roads/parts/mudenoch_10 25.jpg"
  },
  {
    "objectName": "mudenoch_10 50.p3d",
    "inGameName": "-",
    "category": "structures_bliss",
    "modelType": "Raw P3D",
    "path": "dz/structures_bliss/roads/parts",
    "usableOnConsole": false,
    "searchTags": "",
    "image": "images/structures_bliss/roads/parts/mudenoch_10 50.jpg"
  },
  {
    "objectName": "mudenoch_10 75.p3d",
    "inGameName": "-",
    "category": "structures_bliss",
    "modelType": "Raw P3D",
    "path": "dz/structures_bliss/roads/parts",
    "usableOnConsole": false,
    "searchTags": "",
    "image": "images/structures_bliss/roads/parts/mudenoch_10 75.jpg"
  },
  {
    "objectName": "mudenoch_12.p3d",
    "inGameName": "-",
    "category": "structures_bliss",
    "modelType": "Raw P3D",
    "path": "dz/structures_bliss/roads/parts",
    "usableOnConsole": false,
    "searchTags": "",
    "image": "images/structures_bliss/roads/parts/mudenoch_12.jpg"
  },
  {
    "objectName": "mudenoch_15 75.p3d",
    "inGameName": "-",
    "category": "structures_bliss",
    "modelType": "Raw P3D",
    "path": "dz/structures_bliss/roads/parts",
    "usableOnConsole": false,
    "searchTags": "",
    "image": "images/structures_bliss/roads/parts/mudenoch_15 75.jpg"
  },
  {
    "objectName": "mudenoch_22 50.p3d",
    "inGameName": "-",
    "category": "structures_bliss",
    "modelType": "Raw P3D",
    "path": "dz/structures_bliss/roads/parts",
    "usableOnConsole": false,
    "searchTags": "",
    "image": "images/structures_bliss/roads/parts/mudenoch_22 50.jpg"
  },
  {
    "objectName": "mudenoch_25.p3d",
    "inGameName": "-",
    "category": "structures_bliss",
    "modelType": "Raw P3D",
    "path": "dz/structures_bliss/roads/parts",
    "usableOnConsole": false,
    "searchTags": "",
    "image": "images/structures_bliss/roads/parts/mudenoch_25.jpg"
  },
  {
    "objectName": "mudenoch_30 25.p3d",
    "inGameName": "-",
    "category": "structures_bliss",
    "modelType": "Raw P3D",
    "path": "dz/structures_bliss/roads/parts",
    "usableOnConsole": false,
    "searchTags": "",
    "image": "images/structures_bliss/roads/parts/mudenoch_30 25.jpg"
  },
  {
    "objectName": "mudenoch_6.p3d",
    "inGameName": "-",
    "category": "structures_bliss",
    "modelType": "Raw P3D",
    "path": "dz/structures_bliss/roads/parts",
    "usableOnConsole": false,
    "searchTags": "",
    "image": "images/structures_bliss/roads/parts/mudenoch_6.jpg"
  },
  {
    "objectName": "mudenoch_60 10.p3d",
    "inGameName": "-",
    "category": "structures_bliss",
    "modelType": "Raw P3D",
    "path": "dz/structures_bliss/roads/parts",
    "usableOnConsole": false,
    "searchTags": "",
    "image": "images/structures_bliss/roads/parts/mudenoch_60 10.jpg"
  },
  {
    "objectName": "mudenoch_6konec.p3d",
    "inGameName": "-",
    "category": "structures_bliss",
    "modelType": "Raw P3D",
    "path": "dz/structures_bliss/roads/parts",
    "usableOnConsole": false,
    "searchTags": "",
    "image": "images/structures_bliss/roads/parts/mudenoch_6konec.jpg"
  },
  {
    "objectName": "mudenoch_7 100.p3d",
    "inGameName": "-",
    "category": "structures_bliss",
    "modelType": "Raw P3D",
    "path": "dz/structures_bliss/roads/parts",
    "usableOnConsole": false,
    "searchTags": "",
    "image": "images/structures_bliss/roads/parts/mudenoch_7 100.jpg"
  },
  {
    "objectName": "pathenoch_dirt_10.p3d",
    "inGameName": "-",
    "category": "structures_bliss",
    "modelType": "Raw P3D",
    "path": "dz/structures_bliss/roads/parts",
    "usableOnConsole": false,
    "searchTags": "",
    "image": "images/structures_bliss/roads/parts/pathenoch_dirt_10.jpg"
  },
  {
    "objectName": "pathenoch_dirt_30.p3d",
    "inGameName": "-",
    "category": "structures_bliss",
    "modelType": "Raw P3D",
    "path": "dz/structures_bliss/roads/parts",
    "usableOnConsole": false,
    "searchTags": "",
    "image": "images/structures_bliss/roads/parts/pathenoch_dirt_30.jpg"
  },
  {
    "objectName": "pathenoch_dirt_curve.p3d",
    "inGameName": "-",
    "category": "structures_bliss",
    "modelType": "Raw P3D",
    "path": "dz/structures_bliss/roads/parts",
    "usableOnConsole": false,
    "searchTags": "",
    "image": "images/structures_bliss/roads/parts/pathenoch_dirt_curve.jpg"
  },
  {
    "objectName": "pathenoch_rock_10.p3d",
    "inGameName": "-",
    "category": "structures_bliss",
    "modelType": "Raw P3D",
    "path": "dz/structures_bliss/roads/parts",
    "usableOnConsole": false,
    "searchTags": "",
    "image": "images/structures_bliss/roads/parts/pathenoch_rock_10.jpg"
  },
  {
    "objectName": "pathenoch_rock_30.p3d",
    "inGameName": "-",
    "category": "structures_bliss",
    "modelType": "Raw P3D",
    "path": "dz/structures_bliss/roads/parts",
    "usableOnConsole": false,
    "searchTags": "",
    "image": "images/structures_bliss/roads/parts/pathenoch_rock_30.jpg"
  },
  {
    "objectName": "pathenoch_rock_curve.p3d",
    "inGameName": "-",
    "category": "structures_bliss",
    "modelType": "Raw P3D",
    "path": "dz/structures_bliss/roads/parts",
    "usableOnConsole": false,
    "searchTags": "",
    "image": "images/structures_bliss/roads/parts/pathenoch_rock_curve.jpg"
  },
  {
    "objectName": "quarryenoch_0 2000.p3d",
    "inGameName": "-",
    "category": "structures_bliss",
    "modelType": "Raw P3D",
    "path": "dz/structures_bliss/roads/parts",
    "usableOnConsole": false,
    "searchTags": "",
    "image": "images/structures_bliss/roads/parts/quarryenoch_0 2000.jpg"
  },
  {
    "objectName": "quarryenoch_1 1000.p3d",
    "inGameName": "-",
    "category": "structures_bliss",
    "modelType": "Raw P3D",
    "path": "dz/structures_bliss/roads/parts",
    "usableOnConsole": false,
    "searchTags": "",
    "image": "images/structures_bliss/roads/parts/quarryenoch_1 1000.jpg"
  },
  {
    "objectName": "quarryenoch_10 100.p3d",
    "inGameName": "-",
    "category": "structures_bliss",
    "modelType": "Raw P3D",
    "path": "dz/structures_bliss/roads/parts",
    "usableOnConsole": false,
    "searchTags": "",
    "image": "images/structures_bliss/roads/parts/quarryenoch_10 100.jpg"
  },
  {
    "objectName": "quarryenoch_10 25.p3d",
    "inGameName": "-",
    "category": "structures_bliss",
    "modelType": "Raw P3D",
    "path": "dz/structures_bliss/roads/parts",
    "usableOnConsole": false,
    "searchTags": "",
    "image": "images/structures_bliss/roads/parts/quarryenoch_10 25.jpg"
  },
  {
    "objectName": "quarryenoch_10 50.p3d",
    "inGameName": "-",
    "category": "structures_bliss",
    "modelType": "Raw P3D",
    "path": "dz/structures_bliss/roads/parts",
    "usableOnConsole": false,
    "searchTags": "",
    "image": "images/structures_bliss/roads/parts/quarryenoch_10 50.jpg"
  },
  {
    "objectName": "quarryenoch_10 75.p3d",
    "inGameName": "-",
    "category": "structures_bliss",
    "modelType": "Raw P3D",
    "path": "dz/structures_bliss/roads/parts",
    "usableOnConsole": false,
    "searchTags": "",
    "image": "images/structures_bliss/roads/parts/quarryenoch_10 75.jpg"
  },
  {
    "objectName": "quarryenoch_12.p3d",
    "inGameName": "-",
    "category": "structures_bliss",
    "modelType": "Raw P3D",
    "path": "dz/structures_bliss/roads/parts",
    "usableOnConsole": false,
    "searchTags": "",
    "image": "images/structures_bliss/roads/parts/quarryenoch_12.jpg"
  },
  {
    "objectName": "quarryenoch_15 75.p3d",
    "inGameName": "-",
    "category": "structures_bliss",
    "modelType": "Raw P3D",
    "path": "dz/structures_bliss/roads/parts",
    "usableOnConsole": false,
    "searchTags": "",
    "image": "images/structures_bliss/roads/parts/quarryenoch_15 75.jpg"
  },
  {
    "objectName": "quarryenoch_22 50.p3d",
    "inGameName": "-",
    "category": "structures_bliss",
    "modelType": "Raw P3D",
    "path": "dz/structures_bliss/roads/parts",
    "usableOnConsole": false,
    "searchTags": "",
    "image": "images/structures_bliss/roads/parts/quarryenoch_22 50.jpg"
  },
  {
    "objectName": "quarryenoch_25.p3d",
    "inGameName": "-",
    "category": "structures_bliss",
    "modelType": "Raw P3D",
    "path": "dz/structures_bliss/roads/parts",
    "usableOnConsole": false,
    "searchTags": "",
    "image": "images/structures_bliss/roads/parts/quarryenoch_25.jpg"
  },
  {
    "objectName": "quarryenoch_30 25.p3d",
    "inGameName": "-",
    "category": "structures_bliss",
    "modelType": "Raw P3D",
    "path": "dz/structures_bliss/roads/parts",
    "usableOnConsole": false,
    "searchTags": "",
    "image": "images/structures_bliss/roads/parts/quarryenoch_30 25.jpg"
  },
  {
    "objectName": "quarryenoch_6.p3d",
    "inGameName": "-",
    "category": "structures_bliss",
    "modelType": "Raw P3D",
    "path": "dz/structures_bliss/roads/parts",
    "usableOnConsole": false,
    "searchTags": "",
    "image": "images/structures_bliss/roads/parts/quarryenoch_6.jpg"
  },
  {
    "objectName": "quarryenoch_60 10.p3d",
    "inGameName": "-",
    "category": "structures_bliss",
    "modelType": "Raw P3D",
    "path": "dz/structures_bliss/roads/parts",
    "usableOnConsole": false,
    "searchTags": "",
    "image": "images/structures_bliss/roads/parts/quarryenoch_60 10.jpg"
  },
  {
    "objectName": "quarryenoch_6konec.p3d",
    "inGameName": "-",
    "category": "structures_bliss",
    "modelType": "Raw P3D",
    "path": "dz/structures_bliss/roads/parts",
    "usableOnConsole": false,
    "searchTags": "",
    "image": "images/structures_bliss/roads/parts/quarryenoch_6konec.jpg"
  },
  {
    "objectName": "quarryenoch_7 100.p3d",
    "inGameName": "-",
    "category": "structures_bliss",
    "modelType": "Raw P3D",
    "path": "dz/structures_bliss/roads/parts",
    "usableOnConsole": false,
    "searchTags": "",
    "image": "images/structures_bliss/roads/parts/quarryenoch_7 100.jpg"
  }
]
