[
  {
    "objectName": "MaleHands_Base",
    "inGameName": "Bare hands",
    "category": "characters",
    "modelType": "Config",
    "path": "dz/characters/gloves",
    "usableOnConsole": true,
    "searchTags": "hands, bare, unprotected, skin, no gloves",
    "image": "images/characters/gloves/bare_hands.jpg",
    "id": "dzobj_h6tunxtryg"
  },
  {
    "objectName": "FemaleHands_Base",
    "inGameName": "Bare hands",
    "category": "characters",
    "modelType": "Config",
    "path": "dz/characters/gloves",
    "usableOnConsole": true,
    "searchTags": "hands, bare, unprotected, skin, no gloves",
    "image": "images/characters/gloves/bare_hands.jpg",
    "id": "dzobj_ect5b1n16o"
  },
  {
    "objectName": "WorkingGloves_Beige",
    "inGameName": "Working Gloves",
    "category": "characters",
    "modelType": "Config",
    "path": "dz/characters/gloves",
    "usableOnConsole": true,
    "searchTags": "gloves, working, leather, protective, labor",
    "image": "images/characters/gloves/working_gloves_beige.jpg",
    "id": "dzobj_cxompkrnvt"
  },
  {
    "objectName": "WorkingGloves_Black",
    "inGameName": "Working Gloves",
    "category": "characters",
    "modelType": "Config",
    "path": "dz/characters/gloves",
    "usableOnConsole": true,
    "searchTags": "gloves, working, leather, protective, labor",
    "image": "images/characters/gloves/working_gloves_black.jpg",
    "id": "dzobj_xmnfls1gmh"
  },
  {
    "objectName": "WorkingGloves_Brown",
    "inGameName": "Working Gloves",
    "category": "characters",
    "modelType": "Config",
    "path": "dz/characters/gloves",
    "usableOnConsole": true,
    "searchTags": "gloves, working, leather, protective, labor",
    "image": "images/characters/gloves/working_gloves_brown.jpg",
    "id": "dzobj_p3i0tslc2m"
  },
  {
    "objectName": "WorkingGloves_Yellow",
    "inGameName": "Working Gloves",
    "category": "characters",
    "modelType": "Config",
    "path": "dz/characters/gloves",
    "usableOnConsole": true,
    "searchTags": "gloves, working, leather, protective, labor",
    "image": "images/characters/gloves/working_gloves_yellow.jpg",
    "id": "dzobj_8f8ta3580u"
  },
  {
    "objectName": "HandsCover_Improvised",
    "inGameName": "Improvised Hands Wrapping",
    "category": "characters",
    "modelType": "Config",
    "path": "dz/characters/gloves",
    "usableOnConsole": true,
    "searchTags": "gloves, improvised, wrapping, bandage, cloth",
    "image": "images/characters/gloves/handscover_improvised.jpg",
    "id": "dzobj_z55d9iylgd"
  },
  {
    "objectName": "TacticalGloves_Beige",
    "inGameName": "Tactical Gloves",
    "category": "characters",
    "modelType": "Config",
    "path": "dz/characters/gloves",
    "usableOnConsole": true,
    "searchTags": "gloves, tactical, military, grip, combat",
    "image": "images/characters/gloves/tactical_gloves_beige.jpg",
    "id": "dzobj_dnr81ai6if"
  },
  {
    "objectName": "TacticalGloves_Black",
    "inGameName": "Tactical Gloves",
    "category": "characters",
    "modelType": "Config",
    "path": "dz/characters/gloves",
    "usableOnConsole": true,
    "searchTags": "gloves, tactical, military, grip, combat",
    "image": "images/characters/gloves/tactical_gloves_black.jpg",
    "id": "dzobj_y0rjyb9n50"
  },
  {
    "objectName": "TacticalGloves_Green",
    "inGameName": "Tactical Gloves",
    "category": "characters",
    "modelType": "Config",
    "path": "dz/characters/gloves",
    "usableOnConsole": true,
    "searchTags": "gloves, tactical, military, grip, combat",
    "image": "images/characters/gloves/tactical_gloves_green.jpg",
    "id": "dzobj_fsjka0jad0"
  },
  {
    "objectName": "NBCGlovesGray",
    "inGameName": "NBC Gloves",
    "category": "characters",
    "modelType": "Config",
    "path": "dz/characters/gloves",
    "usableOnConsole": true,
    "searchTags": "gloves, nbc, hazmat, chemical, protective, medical",
    "image": "images/characters/gloves/nbc_gloves_gray.jpg",
    "id": "dzobj_fgtegchlh2"
  },
  {
    "objectName": "NBCGlovesYellow",
    "inGameName": "NBC Gloves",
    "category": "characters",
    "modelType": "Config",
    "path": "dz/characters/gloves",
    "usableOnConsole": true,
    "searchTags": "gloves, nbc, hazmat, chemical, protective, medical",
    "image": "images/characters/gloves/nbc_gloves_yellow.jpg",
    "id": "dzobj_w4i3bx83tq"
  },
  {
    "objectName": "SurgivalGloves_Blue",
    "inGameName": "Surgival Gloves",
    "category": "characters",
    "modelType": "Config",
    "path": "dz/characters/gloves",
    "usableOnConsole": true,
    "searchTags": "gloves, surgical, medical, sterile, disposable",
    "image": "images/characters/gloves/surgical_gloves_blue.jpg",
    "id": "dzobj_ry0aih83sy"
  },
  {
    "objectName": "SurgivalGloves_White",
    "inGameName": "Surgival Gloves",
    "category": "characters",
    "modelType": "Config",
    "path": "dz/characters/gloves",
    "usableOnConsole": true,
    "searchTags": "gloves, surgical, medical, sterile, disposable",
    "image": "images/characters/gloves/surgical_gloves_blue.jpg",
    "id": "dzobj_wrlhxz38tm"
  },
  {
    "objectName": "SurgivalGloves_LightBlue",
    "inGameName": "Surgival Gloves",
    "category": "characters",
    "modelType": "Config",
    "path": "dz/characters/gloves",
    "usableOnConsole": true,
    "searchTags": "gloves, surgical, medical, sterile, disposable",
    "image": "images/characters/gloves/surgical_gloves_light_blue.jpg",
    "id": "dzobj_ikpuiyumef"
  },
  {
    "objectName": "SurgivalGloves_Green",
    "inGameName": "Surgival Gloves",
    "category": "characters",
    "modelType": "Config",
    "path": "dz/characters/gloves",
    "usableOnConsole": true,
    "searchTags": "gloves, surgical, medical, sterile, disposable",
    "image": "images/characters/gloves/surgical_gloves_green.jpg",
    "id": "dzobj_28w10pbjug"
  },
  {
    "objectName": "LeatherGloves_Natural",
    "inGameName": "Leather Gloves",
    "category": "characters",
    "modelType": "Config",
    "path": "dz/characters/gloves",
    "usableOnConsole": true,
    "searchTags": "gloves, leather, dress, warm, classic",
    "image": "images/characters/gloves/leather_gloves_natural.jpg",
    "id": "dzobj_2krr1logff"
  },
  {
    "objectName": "LeatherGloves_Beige",
    "inGameName": "Leather Gloves",
    "category": "characters",
    "modelType": "Config",
    "path": "dz/characters/gloves",
    "usableOnConsole": true,
    "searchTags": "gloves, leather, dress, warm, classic",
    "image": "images/characters/gloves/leather_gloves_beige.jpg",
    "id": "dzobj_3qdary32zf"
  },
  {
    "objectName": "LeatherGloves_Black",
    "inGameName": "Leather Gloves",
    "category": "characters",
    "modelType": "Config",
    "path": "dz/characters/gloves",
    "usableOnConsole": true,
    "searchTags": "gloves, leather, dress, warm, classic",
    "image": "images/characters/gloves/leather_gloves_black.jpg",
    "id": "dzobj_c9u2qbs7qe"
  },
  {
    "objectName": "LeatherGloves_Brown",
    "inGameName": "Leather Gloves",
    "category": "characters",
    "modelType": "Config",
    "path": "dz/characters/gloves",
    "usableOnConsole": true,
    "searchTags": "gloves, leather, dress, warm, classic",
    "image": "images/characters/gloves/leather_gloves_brown.jpg",
    "id": "dzobj_051ek6lh27"
  },
  {
    "objectName": "OMNOGloves_Gray",
    "inGameName": "OMNO Gloves",
    "category": "characters",
    "modelType": "Config",
    "path": "dz/characters/gloves",
    "usableOnConsole": true,
    "searchTags": "gloves, tactical, military, grip, combat",
    "image": "images/characters/gloves/omno_gloves_gray.jpg",
    "id": "dzobj_1d082dvmew"
  },
  {
    "objectName": "OMNOGloves_Brown",
    "inGameName": "OMNO Gloves",
    "category": "characters",
    "modelType": "Config",
    "path": "dz/characters/gloves",
    "usableOnConsole": true,
    "searchTags": "gloves, tactical, military, grip, combat",
    "image": "images/characters/gloves/omno_gloves_brown.jpg",
    "id": "dzobj_mi4miwvvub"
  },
  {
    "objectName": "WoolGloves_Green",
    "inGameName": "Wool Gloves",
    "category": "characters",
    "modelType": "Config",
    "path": "dz/characters/gloves",
    "usableOnConsole": true,
    "searchTags": "gloves, wool, knitted, warm, winter",
    "image": "images/characters/gloves/wool_gloves_green.jpg",
    "id": "dzobj_gyirz9591x"
  },
  {
    "objectName": "WoolGloves_Tan",
    "inGameName": "Wool Gloves",
    "category": "characters",
    "modelType": "Config",
    "path": "dz/characters/gloves",
    "usableOnConsole": true,
    "searchTags": "gloves, wool, knitted, warm, winter",
    "image": "images/characters/gloves/wool_gloves_tan.jpg",
    "id": "dzobj_oyrfhs4jps"
  },
  {
    "objectName": "WoolGloves_Black",
    "inGameName": "Wool Gloves",
    "category": "characters",
    "modelType": "Config",
    "path": "dz/characters/gloves",
    "usableOnConsole": true,
    "searchTags": "gloves, wool, knitted, warm, winter",
    "image": "images/characters/gloves/wool_gloves_black.jpg",
    "id": "dzobj_5yohsw873l"
  },
  {
    "objectName": "WoolGloves_White",
    "inGameName": "Wool Gloves",
    "category": "characters",
    "modelType": "Config",
    "path": "dz/characters/gloves",
    "usableOnConsole": true,
    "searchTags": "gloves, wool, knitted, warm, winter",
    "image": "images/characters/gloves/wool_gloves_white.jpg",
    "id": "dzobj_vxgjt6iwl7"
  },
  {
    "objectName": "WoolGloves_ChristmasBlue",
    "inGameName": "Wool Gloves",
    "category": "characters",
    "modelType": "Config",
    "path": "dz/characters/gloves",
    "usableOnConsole": true,
    "searchTags": "gloves, wool, knitted, warm, winter, festive, santa, seasonal",
    "image": "images/characters/gloves/wool_gloves_christmas_blue.jpg",
    "id": "dzobj_n70g5xsntb"
  },
  {
    "objectName": "WoolGloves_ChristmasRed",
    "inGameName": "Wool Gloves",
    "category": "characters",
    "modelType": "Config",
    "path": "dz/characters/gloves",
    "usableOnConsole": true,
    "searchTags": "gloves, wool, knitted, warm, winter, festive, santa, seasonal",
    "image": "images/characters/gloves/wool_gloves_christmas_red.jpg",
    "id": "dzobj_wzqyo9nabv"
  },
  {
    "objectName": "WoolGloves_Fingerless_Green",
    "inGameName": "Wool Gloves",
    "category": "characters",
    "modelType": "Config",
    "path": "dz/characters/gloves",
    "usableOnConsole": true,
    "searchTags": "gloves, fingerless, wool, winter, dexterity",
    "image": "images/characters/gloves/wool_gloves_christmas_red.jpg",
    "id": "dzobj_twemgzyvkn"
  },
  {
    "objectName": "WoolGloves_Fingerless_Tan",
    "inGameName": "Wool Gloves",
    "category": "characters",
    "modelType": "Config",
    "path": "dz/characters/gloves",
    "usableOnConsole": true,
    "searchTags": "gloves, fingerless, wool, winter, dexterity",
    "image": "images/characters/gloves/wool_gloves_fingerless_tan.jpg",
    "id": "dzobj_lzagmlp5qs"
  },
  {
    "objectName": "WoolGloves_Fingerless_Black",
    "inGameName": "Wool Gloves",
    "category": "characters",
    "modelType": "Config",
    "path": "dz/characters/gloves",
    "usableOnConsole": true,
    "searchTags": "gloves, fingerless, wool, winter, dexterity",
    "image": "images/characters/gloves/wool_gloves_fingerless_black.jpg",
    "id": "dzobj_51zmkx3ubz"
  },
  {
    "objectName": "WoolGloves_Fingerless_White",
    "inGameName": "Wool Gloves",
    "category": "characters",
    "modelType": "Config",
    "path": "dz/characters/gloves",
    "usableOnConsole": true,
    "searchTags": "gloves, fingerless, wool, winter, dexterity",
    "image": "images/characters/gloves/wool_gloves_fingerless_white.jpg",
    "id": "dzobj_b72cbrdzs1"
  },
  {
    "objectName": "WoolGloves_Fingerless_ChristmasBlue",
    "inGameName": "Wool Gloves",
    "category": "characters",
    "modelType": "Config",
    "path": "dz/characters/gloves",
    "usableOnConsole": true,
    "searchTags": "gloves, fingerless, wool, winter, dexterity, festive, santa, seasonal",
    "image": "images/characters/gloves/wool_gloves_fingerless_christmas_blue.jpg",
    "id": "dzobj_rb3qzln4v4"
  },
  {
    "objectName": "WoolGloves_Fingerless_ChristmasRed",
    "inGameName": "Wool Gloves",
    "category": "characters",
    "modelType": "Config",
    "path": "dz/characters/gloves",
    "usableOnConsole": true,
    "searchTags": "gloves, fingerless, wool, winter, dexterity, festive, santa, seasonal",
    "image": "images/characters/gloves/wool_gloves_fingerless_christmas_red.jpg",
    "id": "dzobj_g9d4iyphya"
  },
  {
    "objectName": "PaddedGloves_Brown",
    "inGameName": "Padded Gloves",
    "category": "characters",
    "modelType": "Config",
    "path": "dz/characters/gloves",
    "usableOnConsole": true,
    "searchTags": "gloves, padded, motorcycle, protective, armored",
    "image": "images/characters/gloves/padded_gloves_brown.jpg",
    "id": "dzobj_qexz6qrc0p"
  },
  {
    "objectName": "PaddedGloves_Beige",
    "inGameName": "Padded Gloves",
    "category": "characters",
    "modelType": "Config",
    "path": "dz/characters/gloves",
    "usableOnConsole": true,
    "searchTags": "gloves, padded, motorcycle, protective, armored",
    "image": "images/characters/gloves/padded_gloves_beige.jpg",
    "id": "dzobj_rqnilicsn2"
  },
  {
    "objectName": "PaddedGloves_Threat",
    "inGameName": "Padded Gloves",
    "category": "characters",
    "modelType": "Config",
    "path": "dz/characters/gloves",
    "usableOnConsole": true,
    "searchTags": "gloves, padded, motorcycle, protective, armored",
    "image": "images/characters/gloves/padded_gloves_threat.jpg",
    "id": "dzobj_gjyrg6v63o"
  },
  {
    "objectName": "SkiGloves_Blue",
    "inGameName": "Ski Gloves",
    "category": "characters",
    "modelType": "Config",
    "path": "dz/characters/gloves",
    "usableOnConsole": true,
    "searchTags": "gloves, ski, insulated, snow, winter",
    "image": "images/characters/gloves/ski_gloves_blue.jpg",
    "id": "dzobj_nkqed5edh7"
  },
  {
    "objectName": "SkiGloves_Red",
    "inGameName": "Ski Gloves",
    "category": "characters",
    "modelType": "Config",
    "path": "dz/characters/gloves",
    "usableOnConsole": true,
    "searchTags": "gloves, ski, insulated, snow, winter",
    "image": "images/characters/gloves/ski_gloves_red.jpg",
    "id": "dzobj_e77yo4nqmf"
  },
  {
    "objectName": "SkiGloves_90s",
    "inGameName": "Ski Gloves",
    "category": "characters",
    "modelType": "Config",
    "path": "dz/characters/gloves",
    "usableOnConsole": true,
    "searchTags": "gloves, ski, insulated, snow, winter",
    "image": "images/characters/gloves/ski_gloves_90s.jpg",
    "id": "dzobj_hq60t6oqg1"
  },
  {
    "objectName": "hands3_f.p3d",
    "inGameName": "Bare hands",
    "category": "characters",
    "modelType": "Raw P3D",
    "path": "dz/characters/gloves",
    "usableOnConsole": false,
    "searchTags": "hands, bare, unprotected, skin, no gloves",
    "image": "images/characters/gloves/bare_hands.jpg",
    "id": "dzobj_gnkekscz74"
  },
  {
    "objectName": "hands3_m.p3d",
    "inGameName": "Bare hands",
    "category": "characters",
    "modelType": "Raw P3D",
    "path": "dz/characters/gloves",
    "usableOnConsole": false,
    "searchTags": "hands, bare, unprotected, skin, no gloves",
    "image": "images/characters/gloves/bare_hands.jpg",
    "id": "dzobj_okhs5p2wbk"
  },
  {
    "objectName": "handscover_improvised_g.p3d",
    "inGameName": "Improvised Hands Wrapping",
    "category": "characters",
    "modelType": "Raw P3D",
    "path": "dz/characters/gloves",
    "usableOnConsole": false,
    "searchTags": "gloves, improvised, wrapping, bandage, cloth",
    "image": "images/characters/gloves/handscover_improvised.jpg",
    "id": "dzobj_egj81z5q1s"
  },
  {
    "objectName": "leather_gloves_g.p3d",
    "inGameName": "-",
    "category": "characters",
    "modelType": "Raw P3D",
    "path": "dz/characters/gloves",
    "usableOnConsole": false,
    "searchTags": "gloves, leather, dress, warm, classic",
    "image": "images/characters/gloves/leather_gloves_beige.jpg",
    "id": "dzobj_kw7nm65ni1"
  },
  {
    "objectName": "nbc_gloves_g.p3d",
    "inGameName": "-",
    "category": "characters",
    "modelType": "Raw P3D",
    "path": "dz/characters/gloves",
    "usableOnConsole": false,
    "searchTags": "gloves, nbc, hazmat, chemical, protective, medical",
    "image": "images/characters/gloves/nbc_gloves_gray.jpg",
    "id": "dzobj_t8fuafno7t"
  },
  {
    "objectName": "omno_gloves_g.p3d",
    "inGameName": "-",
    "category": "characters",
    "modelType": "Raw P3D",
    "path": "dz/characters/gloves",
    "usableOnConsole": false,
    "searchTags": "gloves, tactical, military, grip, combat",
    "image": "images/characters/gloves/omno_gloves_brown.jpg",
    "id": "dzobj_8ycj2ttpt1"
  },
  {
    "objectName": "paddedgloves_g.p3d",
    "inGameName": "-",
    "category": "characters",
    "modelType": "Raw P3D",
    "path": "dz/characters/gloves",
    "usableOnConsole": false,
    "searchTags": "gloves, padded, motorcycle, protective, armored",
    "image": "images/characters/gloves/padded_gloves_beige.jpg",
    "id": "dzobj_tqb30oi2t5"
  },
  {
    "objectName": "skigloves_g.p3d",
    "inGameName": "-",
    "category": "characters",
    "modelType": "Raw P3D",
    "path": "dz/characters/gloves",
    "usableOnConsole": false,
    "searchTags": "gloves, ski, insulated, snow, winter",
    "image": "images/characters/gloves/ski_gloves_90s.jpg",
    "id": "dzobj_qrc5aht8ek"
  },
  {
    "objectName": "surgical_gloves_g.p3d",
    "inGameName": "-",
    "category": "characters",
    "modelType": "Raw P3D",
    "path": "dz/characters/gloves",
    "usableOnConsole": false,
    "searchTags": "gloves, surgical, medical, sterile, disposable",
    "image": "images/characters/gloves/surgical_gloves_blue.jpg",
    "id": "dzobj_5qmor6cbgx"
  },
  {
    "objectName": "tactical_gloves_g.p3d",
    "inGameName": "Tactical Gloves",
    "category": "characters",
    "modelType": "Raw P3D",
    "path": "dz/characters/gloves",
    "usableOnConsole": false,
    "searchTags": "gloves, tactical, military, grip, combat",
    "image": "images/characters/gloves/tactical_gloves_beige.jpg",
    "id": "dzobj_etopts9g0b"
  },
  {
    "objectName": "woolglovesfingerless_g.p3d",
    "inGameName": "-",
    "category": "characters",
    "modelType": "Raw P3D",
    "path": "dz/characters/gloves",
    "usableOnConsole": false,
    "searchTags": "gloves, fingerless, wool, winter, dexterity",
    "image": "images/characters/gloves/wool_gloves_fingerless_green.jpg",
    "id": "dzobj_9875uigxmn"
  },
  {
    "objectName": "woolgloves_g.p3d",
    "inGameName": "-",
    "category": "characters",
    "modelType": "Raw P3D",
    "path": "dz/characters/gloves",
    "usableOnConsole": false,
    "searchTags": "gloves, wool, knitted, warm, winter",
    "image": "images/characters/gloves/wool_gloves_green.jpg",
    "id": "dzobj_0n1gerxazo"
  },
  {
    "objectName": "working_gloves_g.p3d",
    "inGameName": "Working Gloves",
    "category": "characters",
    "modelType": "Raw P3D",
    "path": "dz/characters/gloves",
    "usableOnConsole": false,
    "searchTags": "gloves, working, leather, protective, labor",
    "image": "images/characters/gloves/working_gloves_beige.jpg",
    "id": "dzobj_cx5dkqu313"
  }
]
