[
  {
    "objectName": "MaleHands_Base",
    "inGameName": "Bare hands",
    "category": "characters",
    "modelType": "Config",
    "path": "dz/characters/gloves",
    "usableOnConsole": true,
    "searchTags": "hands, bare, unprotected, skin, no gloves",
    "image": "images/characters/gloves/bare_hands.jpg"
  },
  {
    "objectName": "FemaleHands_Base",
    "inGameName": "Bare hands",
    "category": "characters",
    "modelType": "Config",
    "path": "dz/characters/gloves",
    "usableOnConsole": true,
    "searchTags": "hands, bare, unprotected, skin, no gloves",
    "image": "images/characters/gloves/bare_hands.jpg"
  },
  {
    "objectName": "WorkingGloves_Beige",
    "inGameName": "Working Gloves",
    "category": "characters",
    "modelType": "Config",
    "path": "dz/characters/gloves",
    "usableOnConsole": true,
    "searchTags": "gloves, working, leather, protective, labor",
    "image": "images/characters/gloves/working_gloves_beige.jpg"
  },
  {
    "objectName": "WorkingGloves_Black",
    "inGameName": "Working Gloves",
    "category": "characters",
    "modelType": "Config",
    "path": "dz/characters/gloves",
    "usableOnConsole": true,
    "searchTags": "gloves, working, leather, protective, labor",
    "image": "images/characters/gloves/working_gloves_black.jpg"
  },
  {
    "objectName": "WorkingGloves_Brown",
    "inGameName": "Working Gloves",
    "category": "characters",
    "modelType": "Config",
    "path": "dz/characters/gloves",
    "usableOnConsole": true,
    "searchTags": "gloves, working, leather, protective, labor",
    "image": "images/characters/gloves/working_gloves_brown.jpg"
  },
  {
    "objectName": "WorkingGloves_Yellow",
    "inGameName": "Working Gloves",
    "category": "characters",
    "modelType": "Config",
    "path": "dz/characters/gloves",
    "usableOnConsole": true,
    "searchTags": "gloves, working, leather, protective, labor",
    "image": "images/characters/gloves/working_gloves_yellow.jpg"
  },
  {
    "objectName": "HandsCover_Improvised",
    "inGameName": "Improvised Hands Wrapping",
    "category": "characters",
    "modelType": "Config",
    "path": "dz/characters/gloves",
    "usableOnConsole": true,
    "searchTags": "gloves, improvised, wrapping, bandage, cloth",
    "image": "images/characters/gloves/handscover_improvised.jpg"
  },
  {
    "objectName": "TacticalGloves_Beige",
    "inGameName": "Tactical Gloves",
    "category": "characters",
    "modelType": "Config",
    "path": "dz/characters/gloves",
    "usableOnConsole": true,
    "searchTags": "gloves, tactical, military, grip, combat",
    "image": "images/characters/gloves/tactical_gloves_beige.jpg"
  },
  {
    "objectName": "TacticalGloves_Black",
    "inGameName": "Tactical Gloves",
    "category": "characters",
    "modelType": "Config",
    "path": "dz/characters/gloves",
    "usableOnConsole": true,
    "searchTags": "gloves, tactical, military, grip, combat",
    "image": "images/characters/gloves/tactical_gloves_black.jpg"
  },
  {
    "objectName": "TacticalGloves_Green",
    "inGameName": "Tactical Gloves",
    "category": "characters",
    "modelType": "Config",
    "path": "dz/characters/gloves",
    "usableOnConsole": true,
    "searchTags": "gloves, tactical, military, grip, combat",
    "image": "images/characters/gloves/tactical_gloves_green.jpg"
  },
  {
    "objectName": "NBCGlovesGray",
    "inGameName": "NBC Gloves",
    "category": "characters",
    "modelType": "Config",
    "path": "dz/characters/gloves",
    "usableOnConsole": true,
    "searchTags": "gloves, nbc, hazmat, chemical, protective, medical",
    "image": "images/characters/gloves/nbc_gloves_gray.jpg"
  },
  {
    "objectName": "NBCGlovesYellow",
    "inGameName": "NBC Gloves",
    "category": "characters",
    "modelType": "Config",
    "path": "dz/characters/gloves",
    "usableOnConsole": true,
    "searchTags": "gloves, nbc, hazmat, chemical, protective, medical",
    "image": "images/characters/gloves/nbc_gloves_yellow.jpg"
  },
  {
    "objectName": "SurgivalGloves_Blue",
    "inGameName": "Surgival Gloves",
    "category": "characters",
    "modelType": "Config",
    "path": "dz/characters/gloves",
    "usableOnConsole": true,
    "searchTags": "gloves, surgical, medical, sterile, disposable",
    "image": "images/characters/gloves/surgical_gloves_blue.jpg"
  },
  {
    "objectName": "SurgivalGloves_White",
    "inGameName": "Surgival Gloves",
    "category": "characters",
    "modelType": "Config",
    "path": "dz/characters/gloves",
    "usableOnConsole": true,
    "searchTags": "gloves, surgical, medical, sterile, disposable",
    "image": "images/characters/gloves/surgical_gloves_blue.jpg"
  },
  {
    "objectName": "SurgivalGloves_LightBlue",
    "inGameName": "Surgival Gloves",
    "category": "characters",
    "modelType": "Config",
    "path": "dz/characters/gloves",
    "usableOnConsole": true,
    "searchTags": "gloves, surgical, medical, sterile, disposable",
    "image": "images/characters/gloves/surgical_gloves_light_blue.jpg"
  },
  {
    "objectName": "SurgivalGloves_Green",
    "inGameName": "Surgival Gloves",
    "category": "characters",
    "modelType": "Config",
    "path": "dz/characters/gloves",
    "usableOnConsole": true,
    "searchTags": "gloves, surgical, medical, sterile, disposable",
    "image": "images/characters/gloves/surgical_gloves_green.jpg"
  },
  {
    "objectName": "LeatherGloves_Natural",
    "inGameName": "Leather Gloves",
    "category": "characters",
    "modelType": "Config",
    "path": "dz/characters/gloves",
    "usableOnConsole": true,
    "searchTags": "gloves, leather, dress, warm, classic",
    "image": "images/characters/gloves/leather_gloves_natural.jpg"
  },
  {
    "objectName": "LeatherGloves_Beige",
    "inGameName": "Leather Gloves",
    "category": "characters",
    "modelType": "Config",
    "path": "dz/characters/gloves",
    "usableOnConsole": true,
    "searchTags": "gloves, leather, dress, warm, classic",
    "image": "images/characters/gloves/leather_gloves_beige.jpg"
  },
  {
    "objectName": "LeatherGloves_Black",
    "inGameName": "Leather Gloves",
    "category": "characters",
    "modelType": "Config",
    "path": "dz/characters/gloves",
    "usableOnConsole": true,
    "searchTags": "gloves, leather, dress, warm, classic",
    "image": "images/characters/gloves/leather_gloves_black.jpg"
  },
  {
    "objectName": "LeatherGloves_Brown",
    "inGameName": "Leather Gloves",
    "category": "characters",
    "modelType": "Config",
    "path": "dz/characters/gloves",
    "usableOnConsole": true,
    "searchTags": "gloves, leather, dress, warm, classic",
    "image": "images/characters/gloves/leather_gloves_brown.jpg"
  },
  {
    "objectName": "OMNOGloves_Gray",
    "inGameName": "OMNO Gloves",
    "category": "characters",
    "modelType": "Config",
    "path": "dz/characters/gloves",
    "usableOnConsole": true,
    "searchTags": "gloves, tactical, military, grip, combat",
    "image": "images/characters/gloves/omno_gloves_gray.jpg"
  },
  {
    "objectName": "OMNOGloves_Brown",
    "inGameName": "OMNO Gloves",
    "category": "characters",
    "modelType": "Config",
    "path": "dz/characters/gloves",
    "usableOnConsole": true,
    "searchTags": "gloves, tactical, military, grip, combat",
    "image": "images/characters/gloves/omno_gloves_brown.jpg"
  },
  {
    "objectName": "WoolGloves_Green",
    "inGameName": "Wool Gloves",
    "category": "characters",
    "modelType": "Config",
    "path": "dz/characters/gloves",
    "usableOnConsole": true,
    "searchTags": "gloves, wool, knitted, warm, winter",
    "image": "images/characters/gloves/wool_gloves_green.jpg"
  },
  {
    "objectName": "WoolGloves_Tan",
    "inGameName": "Wool Gloves",
    "category": "characters",
    "modelType": "Config",
    "path": "dz/characters/gloves",
    "usableOnConsole": true,
    "searchTags": "gloves, wool, knitted, warm, winter",
    "image": "images/characters/gloves/wool_gloves_tan.jpg"
  },
  {
    "objectName": "WoolGloves_Black",
    "inGameName": "Wool Gloves",
    "category": "characters",
    "modelType": "Config",
    "path": "dz/characters/gloves",
    "usableOnConsole": true,
    "searchTags": "gloves, wool, knitted, warm, winter",
    "image": "images/characters/gloves/wool_gloves_black.jpg"
  },
  {
    "objectName": "WoolGloves_White",
    "inGameName": "Wool Gloves",
    "category": "characters",
    "modelType": "Config",
    "path": "dz/characters/gloves",
    "usableOnConsole": true,
    "searchTags": "gloves, wool, knitted, warm, winter",
    "image": "images/characters/gloves/wool_gloves_white.jpg"
  },
  {
    "objectName": "WoolGloves_ChristmasBlue",
    "inGameName": "Wool Gloves",
    "category": "characters",
    "modelType": "Config",
    "path": "dz/characters/gloves",
    "usableOnConsole": true,
    "searchTags": "gloves, wool, knitted, warm, winter, festive, santa, seasonal",
    "image": "images/characters/gloves/wool_gloves_christmas_blue.jpg"
  },
  {
    "objectName": "WoolGloves_ChristmasRed",
    "inGameName": "Wool Gloves",
    "category": "characters",
    "modelType": "Config",
    "path": "dz/characters/gloves",
    "usableOnConsole": true,
    "searchTags": "gloves, wool, knitted, warm, winter, festive, santa, seasonal",
    "image": "images/characters/gloves/wool_gloves_christmas_red.jpg"
  },
  {
    "objectName": "WoolGloves_Fingerless_Green",
    "inGameName": "Wool Gloves",
    "category": "characters",
    "modelType": "Config",
    "path": "dz/characters/gloves",
    "usableOnConsole": true,
    "searchTags": "gloves, fingerless, wool, winter, dexterity",
    "image": "images/characters/gloves/wool_gloves_christmas_red.jpg"
  },
  {
    "objectName": "WoolGloves_Fingerless_Tan",
    "inGameName": "Wool Gloves",
    "category": "characters",
    "modelType": "Config",
    "path": "dz/characters/gloves",
    "usableOnConsole": true,
    "searchTags": "gloves, fingerless, wool, winter, dexterity",
    "image": "images/characters/gloves/wool_gloves_fingerless_tan.jpg"
  },
  {
    "objectName": "WoolGloves_Fingerless_Black",
    "inGameName": "Wool Gloves",
    "category": "characters",
    "modelType": "Config",
    "path": "dz/characters/gloves",
    "usableOnConsole": true,
    "searchTags": "gloves, fingerless, wool, winter, dexterity",
    "image": "images/characters/gloves/wool_gloves_fingerless_black.jpg"
  },
  {
    "objectName": "WoolGloves_Fingerless_White",
    "inGameName": "Wool Gloves",
    "category": "characters",
    "modelType": "Config",
    "path": "dz/characters/gloves",
    "usableOnConsole": true,
    "searchTags": "gloves, fingerless, wool, winter, dexterity",
    "image": "images/characters/gloves/wool_gloves_fingerless_white.jpg"
  },
  {
    "objectName": "WoolGloves_Fingerless_ChristmasBlue",
    "inGameName": "Wool Gloves",
    "category": "characters",
    "modelType": "Config",
    "path": "dz/characters/gloves",
    "usableOnConsole": true,
    "searchTags": "gloves, fingerless, wool, winter, dexterity, festive, santa, seasonal",
    "image": "images/characters/gloves/wool_gloves_fingerless_christmas_blue.jpg"
  },
  {
    "objectName": "WoolGloves_Fingerless_ChristmasRed",
    "inGameName": "Wool Gloves",
    "category": "characters",
    "modelType": "Config",
    "path": "dz/characters/gloves",
    "usableOnConsole": true,
    "searchTags": "gloves, fingerless, wool, winter, dexterity, festive, santa, seasonal",
    "image": "images/characters/gloves/wool_gloves_fingerless_christmas_red.jpg"
  },
  {
    "objectName": "PaddedGloves_Brown",
    "inGameName": "Padded Gloves",
    "category": "characters",
    "modelType": "Config",
    "path": "dz/characters/gloves",
    "usableOnConsole": true,
    "searchTags": "gloves, padded, motorcycle, protective, armored",
    "image": "images/characters/gloves/padded_gloves_brown.jpg"
  },
  {
    "objectName": "PaddedGloves_Beige",
    "inGameName": "Padded Gloves",
    "category": "characters",
    "modelType": "Config",
    "path": "dz/characters/gloves",
    "usableOnConsole": true,
    "searchTags": "gloves, padded, motorcycle, protective, armored",
    "image": "images/characters/gloves/padded_gloves_beige.jpg"
  },
  {
    "objectName": "PaddedGloves_Threat",
    "inGameName": "Padded Gloves",
    "category": "characters",
    "modelType": "Config",
    "path": "dz/characters/gloves",
    "usableOnConsole": true,
    "searchTags": "gloves, padded, motorcycle, protective, armored",
    "image": "images/characters/gloves/padded_gloves_threat.jpg"
  },
  {
    "objectName": "SkiGloves_Blue",
    "inGameName": "Ski Gloves",
    "category": "characters",
    "modelType": "Config",
    "path": "dz/characters/gloves",
    "usableOnConsole": true,
    "searchTags": "gloves, ski, insulated, snow, winter",
    "image": "images/characters/gloves/ski_gloves_blue.jpg"
  },
  {
    "objectName": "SkiGloves_Red",
    "inGameName": "Ski Gloves",
    "category": "characters",
    "modelType": "Config",
    "path": "dz/characters/gloves",
    "usableOnConsole": true,
    "searchTags": "gloves, ski, insulated, snow, winter",
    "image": "images/characters/gloves/ski_gloves_red.jpg"
  },
  {
    "objectName": "SkiGloves_90s",
    "inGameName": "Ski Gloves",
    "category": "characters",
    "modelType": "Config",
    "path": "dz/characters/gloves",
    "usableOnConsole": true,
    "searchTags": "gloves, ski, insulated, snow, winter",
    "image": "images/characters/gloves/ski_gloves_90s.jpg"
  },
  {
    "objectName": "hands3_f.p3d",
    "inGameName": "Bare hands",
    "category": "characters",
    "modelType": "Raw P3D",
    "path": "dz/characters/gloves",
    "usableOnConsole": false,
    "searchTags": "hands, bare, unprotected, skin, no gloves",
    "image": "images/characters/gloves/bare_hands.jpg"
  },
  {
    "objectName": "hands3_m.p3d",
    "inGameName": "Bare hands",
    "category": "characters",
    "modelType": "Raw P3D",
    "path": "dz/characters/gloves",
    "usableOnConsole": false,
    "searchTags": "hands, bare, unprotected, skin, no gloves",
    "image": "images/characters/gloves/bare_hands.jpg"
  },
  {
    "objectName": "handscover_improvised_g.p3d",
    "inGameName": "Improvised Hands Wrapping",
    "category": "characters",
    "modelType": "Raw P3D",
    "path": "dz/characters/gloves",
    "usableOnConsole": false,
    "searchTags": "gloves, improvised, wrapping, bandage, cloth",
    "image": "images/characters/gloves/handscover_improvised.jpg"
  },
  {
    "objectName": "leather_gloves_g.p3d",
    "inGameName": "-",
    "category": "characters",
    "modelType": "Raw P3D",
    "path": "dz/characters/gloves",
    "usableOnConsole": false,
    "searchTags": "gloves, leather, dress, warm, classic",
    "image": "images/characters/gloves/leather_gloves_beige.jpg"
  },
  {
    "objectName": "nbc_gloves_g.p3d",
    "inGameName": "-",
    "category": "characters",
    "modelType": "Raw P3D",
    "path": "dz/characters/gloves",
    "usableOnConsole": false,
    "searchTags": "gloves, nbc, hazmat, chemical, protective, medical",
    "image": "images/characters/gloves/nbc_gloves_gray.jpg"
  },
  {
    "objectName": "omno_gloves_g.p3d",
    "inGameName": "-",
    "category": "characters",
    "modelType": "Raw P3D",
    "path": "dz/characters/gloves",
    "usableOnConsole": false,
    "searchTags": "gloves, tactical, military, grip, combat",
    "image": "images/characters/gloves/omno_gloves_brown.jpg"
  },
  {
    "objectName": "paddedgloves_g.p3d",
    "inGameName": "-",
    "category": "characters",
    "modelType": "Raw P3D",
    "path": "dz/characters/gloves",
    "usableOnConsole": false,
    "searchTags": "gloves, padded, motorcycle, protective, armored",
    "image": "images/characters/gloves/padded_gloves_beige.jpg"
  },
  {
    "objectName": "skigloves_g.p3d",
    "inGameName": "-",
    "category": "characters",
    "modelType": "Raw P3D",
    "path": "dz/characters/gloves",
    "usableOnConsole": false,
    "searchTags": "gloves, ski, insulated, snow, winter",
    "image": "images/characters/gloves/ski_gloves_90s.jpg"
  },
  {
    "objectName": "surgical_gloves_g.p3d",
    "inGameName": "-",
    "category": "characters",
    "modelType": "Raw P3D",
    "path": "dz/characters/gloves",
    "usableOnConsole": false,
    "searchTags": "gloves, surgical, medical, sterile, disposable",
    "image": "images/characters/gloves/surgical_gloves_blue.jpg"
  },
  {
    "objectName": "tactical_gloves_g.p3d",
    "inGameName": "Tactical Gloves",
    "category": "characters",
    "modelType": "Raw P3D",
    "path": "dz/characters/gloves",
    "usableOnConsole": false,
    "searchTags": "gloves, tactical, military, grip, combat",
    "image": "images/characters/gloves/tactical_gloves_beige.jpg"
  },
  {
    "objectName": "woolglovesfingerless_g.p3d",
    "inGameName": "-",
    "category": "characters",
    "modelType": "Raw P3D",
    "path": "dz/characters/gloves",
    "usableOnConsole": false,
    "searchTags": "gloves, fingerless, wool, winter, dexterity",
    "image": "images/characters/gloves/wool_gloves_fingerless_green.jpg"
  },
  {
    "objectName": "woolgloves_g.p3d",
    "inGameName": "-",
    "category": "characters",
    "modelType": "Raw P3D",
    "path": "dz/characters/gloves",
    "usableOnConsole": false,
    "searchTags": "gloves, wool, knitted, warm, winter",
    "image": "images/characters/gloves/wool_gloves_green.jpg"
  },
  {
    "objectName": "working_gloves_g.p3d",
    "inGameName": "Working Gloves",
    "category": "characters",
    "modelType": "Raw P3D",
    "path": "dz/characters/gloves",
    "usableOnConsole": false,
    "searchTags": "gloves, working, leather, protective, labor",
    "image": "images/characters/gloves/working_gloves_beige.jpg"
  },
  {
    "objectName": "SurgicalGloves_Blue",
    "inGameName": "Surgival Gloves",
    "category": "characters",
    "modelType": "Config",
    "path": "dz/characters/gloves",
    "usableOnConsole": true,
    "searchTags": "gloves, surgical, medical, sterile, disposable",
    "image": "images/characters/gloves/surgical_gloves_blue.jpg"
  },
  {
    "objectName": "SurgicalGloves_Green",
    "inGameName": "Surgival Gloves",
    "category": "characters",
    "modelType": "Config",
    "path": "dz/characters/gloves",
    "usableOnConsole": true,
    "searchTags": "gloves, surgical, medical, sterile, disposable",
    "image": "images/characters/gloves/surgical_gloves_blue.jpg"
  },
  {
    "objectName": "SurgicalGloves_LightBlue",
    "inGameName": "Surgival Gloves",
    "category": "characters",
    "modelType": "Config",
    "path": "dz/characters/gloves",
    "usableOnConsole": true,
    "searchTags": "gloves, surgical, medical, sterile, disposable",
    "image": "images/characters/gloves/surgical_gloves_blue.jpg"
  },
  {
    "objectName": "SurgicalGloves_White",
    "inGameName": "Surgival Gloves",
    "category": "characters",
    "modelType": "Config",
    "path": "dz/characters/gloves",
    "usableOnConsole": true,
    "searchTags": "gloves, surgical, medical, sterile, disposable",
    "image": "images/characters/gloves/surgical_gloves_blue.jpg"
  },
  {
    "objectName": "WoolGlovesFingerless_Black",
    "inGameName": "Wool Gloves",
    "category": "characters",
    "modelType": "Config",
    "path": "dz/characters/gloves",
    "usableOnConsole": true,
    "searchTags": "gloves, wool, knitted, warm, winter",
    "image": "images/characters/gloves/wool_gloves_green.jpg"
  },
  {
    "objectName": "WoolGlovesFingerless_ChristmasBlue",
    "inGameName": "Wool Gloves",
    "category": "characters",
    "modelType": "Config",
    "path": "dz/characters/gloves",
    "usableOnConsole": true,
    "searchTags": "gloves, wool, knitted, warm, winter",
    "image": "images/characters/gloves/wool_gloves_green.jpg"
  },
  {
    "objectName": "WoolGlovesFingerless_ChristmasRed",
    "inGameName": "Wool Gloves",
    "category": "characters",
    "modelType": "Config",
    "path": "dz/characters/gloves",
    "usableOnConsole": true,
    "searchTags": "gloves, wool, knitted, warm, winter",
    "image": "images/characters/gloves/wool_gloves_green.jpg"
  },
  {
    "objectName": "WoolGlovesFingerless_Green",
    "inGameName": "Wool Gloves",
    "category": "characters",
    "modelType": "Config",
    "path": "dz/characters/gloves",
    "usableOnConsole": true,
    "searchTags": "gloves, wool, knitted, warm, winter",
    "image": "images/characters/gloves/wool_gloves_green.jpg"
  },
  {
    "objectName": "WoolGlovesFingerless_Tan",
    "inGameName": "Wool Gloves",
    "category": "characters",
    "modelType": "Config",
    "path": "dz/characters/gloves",
    "usableOnConsole": true,
    "searchTags": "gloves, wool, knitted, warm, winter",
    "image": "images/characters/gloves/wool_gloves_green.jpg"
  },
  {
    "objectName": "WoolGlovesFingerless_White",
    "inGameName": "Wool Gloves",
    "category": "characters",
    "modelType": "Config",
    "path": "dz/characters/gloves",
    "usableOnConsole": true,
    "searchTags": "gloves, wool, knitted, warm, winter",
    "image": "images/characters/gloves/wool_gloves_green.jpg"
  }
]
