[
  {
    "objectName": "christmas_lights",
    "inGameName": "Refridgerator",
    "category": "gear",
    "modelType": "Config",
    "path": "dz/gear/containers",
    "usableOnConsole": true,
    "searchTags": "containers, gear, christms, festive, santa, season",
    "image": "images/gear/containers/christmas_lights.jpg"
  },
  {
    "objectName": "Refridgerator",
    "inGameName": "Refridgerator",
    "category": "gear",
    "modelType": "Config",
    "path": "dz/gear/containers",
    "usableOnConsole": true,
    "searchTags": "containers, gear, fridge",
    "image": "images/gear/containers/refridgerator.jpg"
  },
  {
    "objectName": "Barrel_Blue",
    "inGameName": "Barrel",
    "category": "gear",
    "modelType": "Config",
    "path": "dz/gear/containers",
    "usableOnConsole": true,
    "searchTags": "container, containers, drum, gear, storage, base building, oil",
    "image": "images/gear/containers/barrel_colorbase.jpg"
  },
  {
    "objectName": "Barrel_Green",
    "inGameName": "Barrel",
    "category": "gear",
    "modelType": "Config",
    "path": "dz/gear/containers",
    "usableOnConsole": true,
    "searchTags": "container, containers, drum, gear, storage, base building, oil",
    "image": "images/gear/containers/barrel_colorbase.jpg"
  },
  {
    "objectName": "Barrel_Red",
    "inGameName": "Barrel",
    "category": "gear",
    "modelType": "Config",
    "path": "dz/gear/containers",
    "usableOnConsole": true,
    "searchTags": "container, containers, drum, gear, storage, base building, oil",
    "image": "images/gear/containers/barrel_colorbase.jpg"
  },
  {
    "objectName": "Barrel_Yellow",
    "inGameName": "Barrel",
    "category": "gear",
    "modelType": "Config",
    "path": "dz/gear/containers",
    "usableOnConsole": true,
    "searchTags": "container, containers, drum, gear, storage, base building, oil",
    "image": "images/gear/containers/barrel_colorbase.jpg"
  },
  {
    "objectName": "RefrigeratorMinsk",
    "inGameName": "Minsk refrigerator",
    "category": "gear",
    "modelType": "Config",
    "path": "dz/gear/containers",
    "usableOnConsole": true,
    "searchTags": "containers, gear",
    "image": "images/gear/containers/refrigeratorminsk.jpg"
  },
  {
    "objectName": "TrashCan",
    "inGameName": "Trash Can",
    "category": "gear",
    "modelType": "Config",
    "path": "dz/gear/containers",
    "usableOnConsole": true,
    "searchTags": "containers, gear",
    "image": "images/gear/containers/trashcan.jpg"
  },
  {
    "objectName": "FirstAidKit",
    "inGameName": "First Aid Pouch",
    "category": "gear",
    "modelType": "Config",
    "path": "dz/gear/containers",
    "usableOnConsole": true,
    "searchTags": "containers, gear, pouch, bandage, medical, IV, hospital, ambulnce",
    "image": "images/gear/containers/firstaidkit.jpg"
  },
  {
    "objectName": "SmallProtectorCase",
    "inGameName": "Protective Case",
    "category": "gear",
    "modelType": "Config",
    "path": "dz/gear/containers",
    "usableOnConsole": true,
    "searchTags": "containers, gear, protective, yellow, bomb",
    "image": "images/gear/containers/smallprotectorcase.jpg"
  },
  {
    "objectName": "AmmoBox",
    "inGameName": "Ammo Box",
    "category": "gear",
    "modelType": "Config",
    "path": "dz/gear/containers",
    "usableOnConsole": true,
    "searchTags": "ammunition, containers, crate, gear, rounds, storage, military, combat, guns",
    "image": "images/gear/containers/ammobox.jpg"
  },
  {
    "objectName": "Bear_Beige",
    "inGameName": "Teddy Bear",
    "category": "gear",
    "modelType": "Config",
    "path": "dz/gear/containers",
    "usableOnConsole": true,
    "searchTags": "containers, gear, teddy, brian, storage",
    "image": "images/gear/containers/bear_colorbase.jpg"
  },
  {
    "objectName": "Bear_Dark",
    "inGameName": "Teddy Bear",
    "category": "gear",
    "modelType": "Config",
    "path": "dz/gear/containers",
    "usableOnConsole": true,
    "searchTags": "containers, gear, teddy, brian, storage",
    "image": "images/gear/containers/bear_colorbase.jpg"
  },
  {
    "objectName": "Bear_Pink",
    "inGameName": "Teddy Bear",
    "category": "gear",
    "modelType": "Config",
    "path": "dz/gear/containers",
    "usableOnConsole": true,
    "searchTags": "containers, gear, teddy, brian, storage",
    "image": "images/gear/containers/bear_colorbase.jpg"
  },
  {
    "objectName": "Bear_White",
    "inGameName": "Teddy Bear",
    "category": "gear",
    "modelType": "Config",
    "path": "dz/gear/containers",
    "usableOnConsole": true,
    "searchTags": "containers, gear, teddy, brian, storage",
    "image": "images/gear/containers/bear_colorbase.jpg"
  },
  {
    "objectName": "WaterproofBag_Green",
    "inGameName": "Drysack",
    "category": "gear",
    "modelType": "Config",
    "path": "dz/gear/containers",
    "usableOnConsole": true,
    "searchTags": "backpack, containers, drysack, gear, storage",
    "image": "images/gear/containers/waterproofbag_colorbase.jpg"
  },
  {
    "objectName": "WaterproofBag_Orange",
    "inGameName": "Drysack",
    "category": "gear",
    "modelType": "Config",
    "path": "dz/gear/containers",
    "usableOnConsole": true,
    "searchTags": "backpack, containers, drysack, gear, storage",
    "image": "images/gear/containers/waterproofbag_colorbase.jpg"
  },
  {
    "objectName": "WaterproofBag_Yellow",
    "inGameName": "Drysack",
    "category": "gear",
    "modelType": "Config",
    "path": "dz/gear/containers",
    "usableOnConsole": true,
    "searchTags": "backpack, containers, drysack, gear, storage",
    "image": "images/gear/containers/waterproofbag_colorbase.jpg"
  },
  {
    "objectName": "GiftBox_Medium",
    "inGameName": "Medium Gift Box",
    "category": "gear",
    "modelType": "Config",
    "path": "dz/gear/containers",
    "usableOnConsole": true,
    "searchTags": "containers, crate, gear, storage, christmas, sesonal, santa, festive",
    "image": "images/gear/containers/giftbox_medium.jpg"
  },
  {
    "objectName": "GiftBox_Large",
    "inGameName": "Large Gift Box",
    "category": "gear",
    "modelType": "Config",
    "path": "dz/gear/containers",
    "usableOnConsole": true,
    "searchTags": "containers, crate, gear, storage, christmas, sesonal, santa, festive",
    "image": "images/gear/containers/giftbox_large.jpg"
  },
  {
    "objectName": "ScientificBriefcase",
    "inGameName": "Scientific Briefcase",
    "category": "gear",
    "modelType": "Config",
    "path": "dz/gear/containers",
    "usableOnConsole": true,
    "searchTags": "containers, gear, storage, sakhal, volcano, frozen, scientist",
    "image": "images/gear/containers/scientificbriefcase.jpg"
  },
  {
    "objectName": "300roundbox.p3d",
    "inGameName": "Ammo Box",
    "category": "gear",
    "modelType": "Raw P3D",
    "path": "dz/gear/containers",
    "usableOnConsole": false,
    "searchTags": "[match to ammobox]",
    "image": "images/gear/containers/300roundbox.p3d.jpg"
  },
  {
    "objectName": "55galdrum.p3d",
    "inGameName": "Barrel",
    "category": "gear",
    "modelType": "Raw P3D",
    "path": "dz/gear/containers",
    "usableOnConsole": false,
    "searchTags": "",
    "image": "images/gear/containers/55galdrum.p3d.jpg"
  },
  {
    "objectName": "christmasbox1.p3d",
    "inGameName": "-",
    "category": "gear",
    "modelType": "Raw P3D",
    "path": "dz/gear/containers",
    "usableOnConsole": false,
    "searchTags": "",
    "image": "images/gear/containers/christmasbox1.p3d.jpg"
  },
  {
    "objectName": "christmasbox2.p3d",
    "inGameName": "Medium Gift Box",
    "category": "gear",
    "modelType": "Raw P3D",
    "path": "dz/gear/containers",
    "usableOnConsole": false,
    "searchTags": "",
    "image": "images/gear/containers/christmasbox2.p3d.jpg"
  },
  {
    "objectName": "christmasbox3.p3d",
    "inGameName": "Large Gift Box",
    "category": "gear",
    "modelType": "Raw P3D",
    "path": "dz/gear/containers",
    "usableOnConsole": false,
    "searchTags": "",
    "image": "images/gear/containers/christmasbox3.p3d.jpg"
  },
  {
    "objectName": "firstaidkit.p3d",
    "inGameName": "First Aid Pouch",
    "category": "gear",
    "modelType": "Raw P3D",
    "path": "dz/gear/containers",
    "usableOnConsole": false,
    "searchTags": "containers, gear, pouch, bandage, medical, IV, hospital, ambulnce",
    "image": "images/gear/containers/firstaidkit.p3d.jpg"
  },
  {
    "objectName": "fridge.p3d",
    "inGameName": "Minsk refrigerator",
    "category": "gear",
    "modelType": "Raw P3D",
    "path": "dz/gear/containers",
    "usableOnConsole": false,
    "searchTags": "",
    "image": "images/gear/containers/fridge.p3d.jpg"
  },
  {
    "objectName": "protector_case.p3d",
    "inGameName": "Protective Case",
    "category": "gear",
    "modelType": "Raw P3D",
    "path": "dz/gear/containers",
    "usableOnConsole": false,
    "searchTags": "",
    "image": "images/gear/containers/protector_case.p3d.jpg"
  },
  {
    "objectName": "scientificcase.p3d",
    "inGameName": "Scientific Briefcase",
    "category": "gear",
    "modelType": "Raw P3D",
    "path": "dz/gear/containers",
    "usableOnConsole": false,
    "searchTags": "containers, gear, storage, sakhal, volcano, frozen, scientist",
    "image": "images/gear/containers/scientificcase.p3d.jpg"
  },
  {
    "objectName": "teddybear.p3d",
    "inGameName": "Teddy Bear",
    "category": "gear",
    "modelType": "Raw P3D",
    "path": "dz/gear/containers",
    "usableOnConsole": false,
    "searchTags": "",
    "image": "images/gear/containers/teddybear.p3d.jpg"
  },
  {
    "objectName": "trashcan.p3d",
    "inGameName": "Trash Can",
    "category": "gear",
    "modelType": "Raw P3D",
    "path": "dz/gear/containers",
    "usableOnConsole": false,
    "searchTags": "containers, gear",
    "image": "images/gear/containers/trashcan.p3d.jpg"
  },
  {
    "objectName": "wallet.p3d",
    "inGameName": "-",
    "category": "gear",
    "modelType": "Raw P3D",
    "path": "dz/gear/containers",
    "usableOnConsole": false,
    "searchTags": "",
    "image": "images/gear/containers/wallet.p3d.jpg"
  },
  {
    "objectName": "waterproofbag.p3d",
    "inGameName": "Drysack",
    "category": "gear",
    "modelType": "Raw P3D",
    "path": "dz/gear/containers",
    "usableOnConsole": false,
    "searchTags": "",
    "image": "images/gear/containers/waterproofbag.p3d.jpg"
  },
  {
    "objectName": "GiftBox_Large_1",
    "inGameName": "Large Gift Box",
    "category": "gear",
    "modelType": "Config",
    "path": "dz/gear/containers",
    "usableOnConsole": true,
    "searchTags": "containers, crate, gear, storage, christmas, sesonal, santa, festive",
    "image": "images/gear/containers/giftbox_large.jpg"
  },
  {
    "objectName": "GiftBox_Large_2",
    "inGameName": "Large Gift Box",
    "category": "gear",
    "modelType": "Config",
    "path": "dz/gear/containers",
    "usableOnConsole": true,
    "searchTags": "containers, crate, gear, storage, christmas, sesonal, santa, festive",
    "image": "images/gear/containers/giftbox_large.jpg"
  },
  {
    "objectName": "GiftBox_Large_3",
    "inGameName": "Large Gift Box",
    "category": "gear",
    "modelType": "Config",
    "path": "dz/gear/containers",
    "usableOnConsole": true,
    "searchTags": "containers, crate, gear, storage, christmas, sesonal, santa, festive",
    "image": "images/gear/containers/giftbox_large.jpg"
  },
  {
    "objectName": "GiftBox_Large_4",
    "inGameName": "Large Gift Box",
    "category": "gear",
    "modelType": "Config",
    "path": "dz/gear/containers",
    "usableOnConsole": true,
    "searchTags": "containers, crate, gear, storage, christmas, sesonal, santa, festive",
    "image": "images/gear/containers/giftbox_large.jpg"
  },
  {
    "objectName": "GiftBox_Medium_1",
    "inGameName": "Medium Gift Box",
    "category": "gear",
    "modelType": "Config",
    "path": "dz/gear/containers",
    "usableOnConsole": true,
    "searchTags": "containers, crate, gear, storage, christmas, sesonal, santa, festive",
    "image": "images/gear/containers/giftbox_medium.jpg"
  },
  {
    "objectName": "GiftBox_Medium_2",
    "inGameName": "Medium Gift Box",
    "category": "gear",
    "modelType": "Config",
    "path": "dz/gear/containers",
    "usableOnConsole": true,
    "searchTags": "containers, crate, gear, storage, christmas, sesonal, santa, festive",
    "image": "images/gear/containers/giftbox_medium.jpg"
  },
  {
    "objectName": "GiftBox_Medium_3",
    "inGameName": "Medium Gift Box",
    "category": "gear",
    "modelType": "Config",
    "path": "dz/gear/containers",
    "usableOnConsole": true,
    "searchTags": "containers, crate, gear, storage, christmas, sesonal, santa, festive",
    "image": "images/gear/containers/giftbox_medium.jpg"
  },
  {
    "objectName": "GiftBox_Medium_4",
    "inGameName": "Medium Gift Box",
    "category": "gear",
    "modelType": "Config",
    "path": "dz/gear/containers",
    "usableOnConsole": true,
    "searchTags": "containers, crate, gear, storage, christmas, sesonal, santa, festive",
    "image": "images/gear/containers/giftbox_medium.jpg"
  },
  {
    "objectName": "GiftBox_Small_1",
    "inGameName": "Medium Gift Box",
    "category": "gear",
    "modelType": "Config",
    "path": "dz/gear/containers",
    "usableOnConsole": true,
    "searchTags": "containers, crate, gear, storage, christmas, sesonal, santa, festive",
    "image": "images/gear/containers/giftbox_medium.jpg"
  },
  {
    "objectName": "GiftBox_Small_2",
    "inGameName": "Medium Gift Box",
    "category": "gear",
    "modelType": "Config",
    "path": "dz/gear/containers",
    "usableOnConsole": true,
    "searchTags": "containers, crate, gear, storage, christmas, sesonal, santa, festive",
    "image": "images/gear/containers/giftbox_medium.jpg"
  },
  {
    "objectName": "GiftBox_Small_3",
    "inGameName": "Medium Gift Box",
    "category": "gear",
    "modelType": "Config",
    "path": "dz/gear/containers",
    "usableOnConsole": true,
    "searchTags": "containers, crate, gear, storage, christmas, sesonal, santa, festive",
    "image": "images/gear/containers/giftbox_medium.jpg"
  },
  {
    "objectName": "GiftBox_Small_4",
    "inGameName": "Medium Gift Box",
    "category": "gear",
    "modelType": "Config",
    "path": "dz/gear/containers",
    "usableOnConsole": true,
    "searchTags": "containers, crate, gear, storage, christmas, sesonal, santa, festive",
    "image": "images/gear/containers/giftbox_medium.jpg"
  }
]
