[
  {
    "objectName": "Land_Tank_Big",
    "inGameName": "-",
    "category": "structures",
    "modelType": "Config",
    "path": "dz/structures/industrial/tanks",
    "usableOnConsole": true,
    "searchTags": "tank, fuel, container, big, storage, industrial, liquid, gas, oil",
    "image": "images/structures/industrial/tanks/land_tank_big.jpg",
    "id": "dzobj_twr4b0qnyw"
  },
  {
    "objectName": "Land_Tank_Medium_Stairs",
    "inGameName": "-",
    "category": "structures",
    "modelType": "Config",
    "path": "dz/structures/industrial/tanks",
    "usableOnConsole": true,
    "searchTags": "tank, fuel, container, medium, storage, industrial, liquid, gas, oil, stairs, access",
    "image": "images/structures/industrial/tanks/land_tank_medium_stairs.jpg",
    "id": "dzobj_ua50b6muxo"
  },
  {
    "objectName": "StaticObj_Tank_Medium",
    "inGameName": "-",
    "category": "structures",
    "modelType": "Config",
    "path": "dz/structures/industrial/tanks",
    "usableOnConsole": true,
    "searchTags": "tank, fuel, container, medium, storage, industrial, liquid, gas, oil",
    "image": "images/structures/industrial/tanks/staticobj_tank_medium.jpg",
    "id": "dzobj_o6g7yobff5"
  },
  {
    "objectName": "StaticObj_Tank_Small_Gas",
    "inGameName": "-",
    "category": "structures",
    "modelType": "Config",
    "path": "dz/structures/industrial/tanks",
    "usableOnConsole": true,
    "searchTags": "tank, fuel, gas, propane, container, storage, industrial, cylinder",
    "image": "images/structures/industrial/tanks/staticobj_tank_small_gas.jpg",
    "id": "dzobj_yob7y3crai"
  },
  {
    "objectName": "StaticObj_Tank_Small_Rusty",
    "inGameName": "-",
    "category": "structures",
    "modelType": "Config",
    "path": "dz/structures/industrial/tanks",
    "usableOnConsole": true,
    "searchTags": "tank, fuel, container, rusty, storage, industrial, liquid, gas, oil",
    "image": "images/structures/industrial/tanks/staticobj_tank_small_rusty.jpg",
    "id": "dzobj_p3q2n4vhsu"
  },
  {
    "objectName": "StaticObj_Tank_Small_White",
    "inGameName": "-",
    "category": "structures",
    "modelType": "Config",
    "path": "dz/structures/industrial/tanks",
    "usableOnConsole": true,
    "searchTags": "tank, fuel, container, white, storage, industrial, liquid, gas, oil",
    "image": "images/structures/industrial/tanks/staticobj_tank_small_white.jpg",
    "id": "dzobj_hsamnaislh"
  },
  {
    "objectName": "tank_big.p3d",
    "inGameName": "-",
    "category": "structures",
    "modelType": "Raw P3D",
    "path": "dz/structures/industrial/tanks",
    "usableOnConsole": false,
    "searchTags": "tank, fuel, container, big, storage, industrial, liquid, gas, oil",
    "image": "images/structures/industrial/tanks/land_tank_big.jpg",
    "id": "dzobj_9jvdt1oig2"
  },
  {
    "objectName": "tank_medium.p3d",
    "inGameName": "-",
    "category": "structures",
    "modelType": "Raw P3D",
    "path": "dz/structures/industrial/tanks",
    "usableOnConsole": false,
    "searchTags": "tank, fuel, container, medium, storage, industrial, liquid, gas, oil",
    "image": "images/structures/industrial/tanks/staticobj_tank_medium.jpg",
    "id": "dzobj_pr7i4vk9d0"
  },
  {
    "objectName": "tank_medium_stairs.p3d",
    "inGameName": "-",
    "category": "structures",
    "modelType": "Raw P3D",
    "path": "dz/structures/industrial/tanks",
    "usableOnConsole": false,
    "searchTags": "tank, fuel, container, medium, storage, industrial, liquid, gas, oil, stairs, access",
    "image": "images/structures/industrial/tanks/land_tank_medium_stairs.jpg",
    "id": "dzobj_fio4fge4iu"
  },
  {
    "objectName": "tank_small_gas.p3d",
    "inGameName": "-",
    "category": "structures",
    "modelType": "Raw P3D",
    "path": "dz/structures/industrial/tanks",
    "usableOnConsole": false,
    "searchTags": "tank, fuel, gas, propane, container, storage, industrial, cylinder",
    "image": "images/structures/industrial/tanks/staticobj_tank_small_gas.jpg",
    "id": "dzobj_w3hrgkx8tc"
  },
  {
    "objectName": "tank_small_rusty.p3d",
    "inGameName": "-",
    "category": "structures",
    "modelType": "Raw P3D",
    "path": "dz/structures/industrial/tanks",
    "usableOnConsole": false,
    "searchTags": "tank, fuel, container, rusty, storage, industrial, liquid, gas, oil",
    "image": "images/structures/industrial/tanks/staticobj_tank_small_rusty.jpg",
    "id": "dzobj_qca9uqmo2e"
  },
  {
    "objectName": "tank_small_white.p3d",
    "inGameName": "-",
    "category": "structures",
    "modelType": "Raw P3D",
    "path": "dz/structures/industrial/tanks",
    "usableOnConsole": false,
    "searchTags": "tank, fuel, container, white, storage, industrial, liquid, gas, oil",
    "image": "images/structures/industrial/tanks/staticobj_tank_small_white.jpg",
    "id": "dzobj_9pcae0ewtu"
  }
]
