[
  {
    "objectName": "StaticObj_ShellCrater1",
    "inGameName": "-",
    "category": "structures_bliss",
    "modelType": "Config",
    "path": "dz/structures_bliss/military/training",
    "usableOnConsole": true,
    "searchTags": "livoniaa, military, training, explosion, rubble, dirt",
    "image": "images/structures_bliss/military/training/staticobj_shellcrater1.jpg",
    "id": "dzobj_z466h5mnw3"
  },
  {
    "objectName": "StaticObj_ShellCrater1_Decal",
    "inGameName": "-",
    "category": "structures_bliss",
    "modelType": "Config",
    "path": "dz/structures_bliss/military/training",
    "usableOnConsole": true,
    "searchTags": "livoniaa, military, training, explosion, rubble, dirt",
    "image": "images/structures_bliss/military/training/staticobj_shellcrater1_decal.jpg",
    "id": "dzobj_ddw3pqvaxm"
  },
  {
    "objectName": "StaticObj_ShellCrater2_Debris",
    "inGameName": "-",
    "category": "structures_bliss",
    "modelType": "Config",
    "path": "dz/structures_bliss/military/training",
    "usableOnConsole": true,
    "searchTags": "livoniaa, military, training, explosion, rubble, dirt",
    "image": "images/structures_bliss/military/training/staticobj_shellcrater2_debris.jpg",
    "id": "dzobj_7h4ir4hnza"
  },
  {
    "objectName": "StaticObj_ShellCrater2_Decal",
    "inGameName": "-",
    "category": "structures_bliss",
    "modelType": "Config",
    "path": "dz/structures_bliss/military/training",
    "usableOnConsole": true,
    "searchTags": "livoniaa, military, training, explosion, rubble, dirt",
    "image": "images/structures_bliss/military/training/staticobj_shellcrater2_decal.jpg",
    "id": "dzobj_30okbg6hvm"
  },
  {
    "objectName": "StaticObj_ShellCrater2_Large",
    "inGameName": "-",
    "category": "structures_bliss",
    "modelType": "Config",
    "path": "dz/structures_bliss/military/training",
    "usableOnConsole": true,
    "searchTags": "livoniaa, military, training, explosion, rubble, dirt",
    "image": "images/structures_bliss/military/training/staticobj_shellcrater2_large.jpg",
    "id": "dzobj_q22a7nazqt"
  },
  {
    "objectName": "StaticObj_ShellCrater2_Small",
    "inGameName": "-",
    "category": "structures_bliss",
    "modelType": "Config",
    "path": "dz/structures_bliss/military/training",
    "usableOnConsole": true,
    "searchTags": "livoniaa, military, training, explosion, rubble, dirt",
    "image": "images/structures_bliss/military/training/staticobj_shellcrater2_small.jpg",
    "id": "dzobj_2ew0dw23j4"
  },
  {
    "objectName": "StaticObj_Target_Concrete_Block",
    "inGameName": "-",
    "category": "structures_bliss",
    "modelType": "Config",
    "path": "dz/structures_bliss/military/training",
    "usableOnConsole": true,
    "searchTags": "livoniaa, military, training, foundation, structure",
    "image": "images/structures_bliss/military/training/staticobj_target_concrete_block.jpg",
    "id": "dzobj_bfen1o7cnb"
  },
  {
    "objectName": "StaticObj_Target_Concrete_Ramp",
    "inGameName": "-",
    "category": "structures_bliss",
    "modelType": "Config",
    "path": "dz/structures_bliss/military/training",
    "usableOnConsole": true,
    "searchTags": "livoniaa, military, training, foundation, structure",
    "image": "images/structures_bliss/military/training/staticobj_target_concrete_ramp.jpg",
    "id": "dzobj_4gw6nl2szy"
  },
  {
    "objectName": "StaticObj_Target_Concrete1",
    "inGameName": "-",
    "category": "structures_bliss",
    "modelType": "Config",
    "path": "dz/structures_bliss/military/training",
    "usableOnConsole": true,
    "searchTags": "livoniaa, military, training, foundation, structure",
    "image": "images/structures_bliss/military/training/staticobj_target_concrete1.jpg",
    "id": "dzobj_zlk899jbm9"
  },
  {
    "objectName": "StaticObj_Target_Concrete2",
    "inGameName": "-",
    "category": "structures_bliss",
    "modelType": "Config",
    "path": "dz/structures_bliss/military/training",
    "usableOnConsole": true,
    "searchTags": "livoniaa, military, training, foundation, structure",
    "image": "images/structures_bliss/military/training/staticobj_target_concrete2.jpg",
    "id": "dzobj_vi3k5vun8z"
  },
  {
    "objectName": "StaticObj_Target_Support",
    "inGameName": "-",
    "category": "structures_bliss",
    "modelType": "Config",
    "path": "dz/structures_bliss/military/training",
    "usableOnConsole": true,
    "searchTags": "livoniaa, military, training, foundation, structure",
    "image": "images/structures_bliss/military/training/staticobj_target_support.jpg",
    "id": "dzobj_80fp23ux1q"
  },
  {
    "objectName": "shellcrater1.p3d",
    "inGameName": "-",
    "category": "structures_bliss",
    "modelType": "Raw P3D",
    "path": "dz/structures_bliss/military/training",
    "usableOnConsole": false,
    "searchTags": "livonia, military, training, explosion, rubble, dirt",
    "image": "images/structures_bliss/military/training/staticobj_shellcrater1.jpg",
    "id": "dzobj_y1qxg45vsq"
  },
  {
    "objectName": "shellcrater1_decal.p3d",
    "inGameName": "-",
    "category": "structures_bliss",
    "modelType": "Raw P3D",
    "path": "dz/structures_bliss/military/training",
    "usableOnConsole": false,
    "searchTags": "livonia, military, training, explosion, rubble, dirt",
    "image": "images/structures_bliss/military/training/staticobj_shellcrater1_decal.jpg",
    "id": "dzobj_edys3ffbkk"
  },
  {
    "objectName": "shellcrater2_debris.p3d",
    "inGameName": "-",
    "category": "structures_bliss",
    "modelType": "Raw P3D",
    "path": "dz/structures_bliss/military/training",
    "usableOnConsole": false,
    "searchTags": "livonia, military, training, explosion, rubble, dirt",
    "image": "images/structures_bliss/military/training/staticobj_shellcrater2_debris.jpg",
    "id": "dzobj_aca8zxv6gc"
  },
  {
    "objectName": "shellcrater2_decal.p3d",
    "inGameName": "-",
    "category": "structures_bliss",
    "modelType": "Raw P3D",
    "path": "dz/structures_bliss/military/training",
    "usableOnConsole": false,
    "searchTags": "livonia, military, training, explosion, rubble, dirt",
    "image": "images/structures_bliss/military/training/staticobj_shellcrater2_decal.jpg",
    "id": "dzobj_y4flql41ac"
  },
  {
    "objectName": "shellcrater2_large.p3d",
    "inGameName": "-",
    "category": "structures_bliss",
    "modelType": "Raw P3D",
    "path": "dz/structures_bliss/military/training",
    "usableOnConsole": false,
    "searchTags": "livonia, military, training, explosion, rubble, dirt",
    "image": "images/structures_bliss/military/training/staticobj_shellcrater2_large.jpg",
    "id": "dzobj_d21f0shc04"
  },
  {
    "objectName": "shellcrater2_small.p3d",
    "inGameName": "-",
    "category": "structures_bliss",
    "modelType": "Raw P3D",
    "path": "dz/structures_bliss/military/training",
    "usableOnConsole": false,
    "searchTags": "livonia, military, training, explosion, rubble, dirt",
    "image": "images/structures_bliss/military/training/staticobj_shellcrater2_small.jpg",
    "id": "dzobj_l7f6ggs6q1"
  },
  {
    "objectName": "target_concrete1.p3d",
    "inGameName": "-",
    "category": "structures_bliss",
    "modelType": "Raw P3D",
    "path": "dz/structures_bliss/military/training",
    "usableOnConsole": false,
    "searchTags": "livonia, military, training, foundation, structure",
    "image": "images/structures_bliss/military/training/staticobj_target_concrete1.jpg",
    "id": "dzobj_pwh6lltfz5"
  },
  {
    "objectName": "target_concrete2.p3d",
    "inGameName": "-",
    "category": "structures_bliss",
    "modelType": "Raw P3D",
    "path": "dz/structures_bliss/military/training",
    "usableOnConsole": false,
    "searchTags": "livonia, military, training, foundation, structure",
    "image": "images/structures_bliss/military/training/staticobj_target_concrete2.jpg",
    "id": "dzobj_dqf8nbi5jx"
  },
  {
    "objectName": "target_concrete_block.p3d",
    "inGameName": "-",
    "category": "structures_bliss",
    "modelType": "Raw P3D",
    "path": "dz/structures_bliss/military/training",
    "usableOnConsole": false,
    "searchTags": "livonia, military, training, foundation, structure",
    "image": "images/structures_bliss/military/training/staticobj_target_concrete_block.jpg",
    "id": "dzobj_6p8dmnzfyf"
  },
  {
    "objectName": "target_concrete_ramp.p3d",
    "inGameName": "-",
    "category": "structures_bliss",
    "modelType": "Raw P3D",
    "path": "dz/structures_bliss/military/training",
    "usableOnConsole": false,
    "searchTags": "livonia, military, training, foundation, structure",
    "image": "images/structures_bliss/military/training/staticobj_target_concrete_ramp.jpg",
    "id": "dzobj_tekwx7z4oa"
  },
  {
    "objectName": "target_support.p3d",
    "inGameName": "-",
    "category": "structures_bliss",
    "modelType": "Raw P3D",
    "path": "dz/structures_bliss/military/training",
    "usableOnConsole": false,
    "searchTags": "livonia, military, training, foundation, structure",
    "image": "images/structures_bliss/military/training/staticobj_target_support.jpg",
    "id": "dzobj_f8e7g182l8"
  }
]
