[
  {
    "objectName": "CZ550",
    "inGameName": "CR-550 Savanna",
    "category": "weapons",
    "modelType": "Config",
    "path": "dz/weapons/firearms/cz550",
    "usableOnConsole": true,
    "searchTags": "rifles, .308, savannah",
    "image": "images/weapons/firearms/cz550.jpg",
    "id": "dzobj_sfs98kpjtr"
  },
  {
    "objectName": "cz550.p3d",
    "inGameName": "CR-550 Savanna",
    "category": "weapons",
    "modelType": "Raw P3D",
    "path": "dz/weapons/firearms/cz550",
    "usableOnConsole": false,
    "searchTags": "rifles, .308, savannah",
    "image": "images/weapons/firearms/dzweaponsfirearmscz550cz550.p3d.jpg",
    "id": "dzobj_m7g8z8exvh"
  }
]
