[
  {
    "objectName": "UnderSlugGrenadeM4",
    "inGameName": "UnderSlugGrenadeM4",
    "category": "weapons",
    "modelType": "Config",
    "path": "dz/weapons/firearms/ots14",
    "usableOnConsole": true,
    "searchTags": "firearms, ots14, weapon, weapons",
    "image": "images/weapons/firearms/ots14/undersluggrenadem4.jpg"
  },
  {
    "objectName": "Groza_Barrel_Short",
    "inGameName": "Groza-4 Threaded Flash Can",
    "category": "weapons",
    "modelType": "Config",
    "path": "dz/weapons/firearms/ots14",
    "usableOnConsole": true,
    "searchTags": "can, container, drum, firearms, flash, ots14, threaded, weapon, weapons",
    "image": "images/weapons/firearms/ots14/groza_barrel_short.jpg"
  },
  {
    "objectName": "Groza_Barrel_Grip",
    "inGameName": "Groza-4 Extended Barrel",
    "category": "weapons",
    "modelType": "Config",
    "path": "dz/weapons/firearms/ots14",
    "usableOnConsole": true,
    "searchTags": "container, drum, extended, firearms, ots14, weapon, weapons",
    "image": "images/weapons/firearms/ots14/groza_barrel_grip.jpg"
  },
  {
    "objectName": "Groza_Barrel_Suppressor",
    "inGameName": "Groza-4 Barrel Suppressor",
    "category": "weapons",
    "modelType": "Config",
    "path": "dz/weapons/firearms/ots14",
    "usableOnConsole": true,
    "searchTags": "container, drum, firearms, ots14, weapon, weapons",
    "image": "images/weapons/firearms/ots14/groza_barrel_suppressor.jpg"
  },
  {
    "objectName": "ProxyOTs14_Barrel",
    "inGameName": "-",
    "category": "weapons",
    "modelType": "Config",
    "path": "dz/weapons/firearms/ots14",
    "usableOnConsole": true,
    "searchTags": "container, drum, firearms, ots14, weapon, weapons",
    "image": "images/weapons/firearms/ots14/proxyots14_barrel.jpg"
  },
  {
    "objectName": "ProxyOTs14_Barrel_Grip",
    "inGameName": "-",
    "category": "weapons",
    "modelType": "Config",
    "path": "dz/weapons/firearms/ots14",
    "usableOnConsole": true,
    "searchTags": "container, drum, firearms, ots14, weapon, weapons",
    "image": "images/weapons/firearms/ots14/proxyots14_barrel_grip.jpg"
  },
  {
    "objectName": "ProxyOTs14_Silencer",
    "inGameName": "-",
    "category": "weapons",
    "modelType": "Config",
    "path": "dz/weapons/firearms/ots14",
    "usableOnConsole": true,
    "searchTags": "firearms, ots14, weapon, weapons",
    "image": "images/weapons/firearms/ots14/proxyots14_silencer.jpg"
  },
  {
    "objectName": "Groza_LowerReceiver",
    "inGameName": "Groza Lower Reciever",
    "category": "weapons",
    "modelType": "Config",
    "path": "dz/weapons/firearms/ots14",
    "usableOnConsole": true,
    "searchTags": "firearms, ots14, reciever, weapon, weapons",
    "image": "images/weapons/firearms/ots14/groza_lowerreceiver.jpg"
  },
  {
    "objectName": "GrozaGL_LowerReceiver",
    "inGameName": "Groza GP-30 Reciever",
    "category": "weapons",
    "modelType": "Config",
    "path": "dz/weapons/firearms/ots14",
    "usableOnConsole": true,
    "searchTags": "firearms, gp, ots14, reciever, weapon, weapons",
    "image": "images/weapons/firearms/ots14/grozagl_lowerreceiver.jpg"
  },
  {
    "objectName": "ProxyOTs14_Grip",
    "inGameName": "-",
    "category": "weapons",
    "modelType": "Config",
    "path": "dz/weapons/firearms/ots14",
    "usableOnConsole": true,
    "searchTags": "firearms, ots14, weapon, weapons",
    "image": "images/weapons/firearms/ots14/proxyots14_grip.jpg"
  },
  {
    "objectName": "ProxyOTs14_launcher",
    "inGameName": "-",
    "category": "weapons",
    "modelType": "Config",
    "path": "dz/weapons/firearms/ots14",
    "usableOnConsole": true,
    "searchTags": "firearms, ots14, weapon, weapons",
    "image": "images/weapons/firearms/ots14/proxyots14_launcher.jpg"
  },
  {
    "objectName": "ots14.p3d",
    "inGameName": "-",
    "category": "weapons",
    "modelType": "Raw P3D",
    "path": "dz/weapons/firearms/ots14",
    "usableOnConsole": false,
    "searchTags": "firearms, weapon, weapons",
    "image": "images/weapons/firearms/ots14/ots14.p3d.jpg"
  },
  {
    "objectName": "ots14_barrel.p3d",
    "inGameName": "-",
    "category": "weapons",
    "modelType": "Raw P3D",
    "path": "dz/weapons/firearms/ots14",
    "usableOnConsole": false,
    "searchTags": "container, drum, firearms, weapon, weapons",
    "image": "images/weapons/firearms/ots14/ots14_barrel.p3d.jpg"
  },
  {
    "objectName": "ots14_barrel_grip.p3d",
    "inGameName": "-",
    "category": "weapons",
    "modelType": "Raw P3D",
    "path": "dz/weapons/firearms/ots14",
    "usableOnConsole": false,
    "searchTags": "container, drum, firearms, weapon, weapons",
    "image": "images/weapons/firearms/ots14/ots14_barrel_grip.p3d.jpg"
  },
  {
    "objectName": "ots14_grip.p3d",
    "inGameName": "-",
    "category": "weapons",
    "modelType": "Raw P3D",
    "path": "dz/weapons/firearms/ots14",
    "usableOnConsole": false,
    "searchTags": "firearms, weapon, weapons",
    "image": "images/weapons/firearms/ots14/ots14_grip.p3d.jpg"
  },
  {
    "objectName": "ots14_launcher.p3d",
    "inGameName": "-",
    "category": "weapons",
    "modelType": "Raw P3D",
    "path": "dz/weapons/firearms/ots14",
    "usableOnConsole": false,
    "searchTags": "firearms, weapon, weapons",
    "image": "images/weapons/firearms/ots14/ots14_launcher.p3d.jpg"
  },
  {
    "objectName": "ots14_silencer.p3d",
    "inGameName": "-",
    "category": "weapons",
    "modelType": "Raw P3D",
    "path": "dz/weapons/firearms/ots14",
    "usableOnConsole": false,
    "searchTags": "firearms, weapon, weapons",
    "image": "images/weapons/firearms/ots14/ots14_silencer.p3d.jpg"
  }
]
