[
  {
    "objectName": "Land_Lighthouse",
    "inGameName": "-",
    "category": "structures",
    "modelType": "Config",
    "path": "dz/structures/industrial/harbour",
    "usableOnConsole": true,
    "searchTags": "coast, red, white, tower, medium, beacon, signal",
    "image": "images/structures/industrial/harbour/land_lighthouse.jpg",
    "id": "dzobj_ax0tgihy10"
  },
  {
    "objectName": "Land_Pier_Crane_A",
    "inGameName": "-",
    "category": "structures",
    "modelType": "Config",
    "path": "dz/structures/industrial/harbour",
    "usableOnConsole": true,
    "searchTags": "large, base, industrial, coast, ladder, metal",
    "image": "images/structures/industrial/harbour/land_pier_crane_a.jpg",
    "id": "dzobj_b8q0nl0abi"
  },
  {
    "objectName": "Land_Pier_Crane_B",
    "inGameName": "-",
    "category": "structures",
    "modelType": "Config",
    "path": "dz/structures/industrial/harbour",
    "usableOnConsole": true,
    "searchTags": "hook, top, large, lifting, industrial, metal, coast",
    "image": "images/structures/industrial/harbour/land_pier_crane_b.jpg",
    "id": "dzobj_9njc8ofaup"
  },
  {
    "objectName": "StaticObj_Boathouse_PierL",
    "inGameName": "-",
    "category": "structures",
    "modelType": "Config",
    "path": "dz/structures/industrial/harbour",
    "usableOnConsole": true,
    "searchTags": "pier, wooden, left, dock, stairs, coast, fishing, stilts",
    "image": "images/structures/industrial/harbour/staticobj_boathouse_pierl.jpg",
    "id": "dzobj_wq53q56nf2"
  },
  {
    "objectName": "StaticObj_Boathouse_PierR",
    "inGameName": "-",
    "category": "structures",
    "modelType": "Config",
    "path": "dz/structures/industrial/harbour",
    "usableOnConsole": true,
    "searchTags": "pier, wooden, right, dock, stairs, coast, fishing, stilts",
    "image": "images/structures/industrial/harbour/staticobj_boathouse_pierr.jpg",
    "id": "dzobj_x45t2zrsvp"
  },
  {
    "objectName": "StaticObj_Boathouse_PierT",
    "inGameName": "-",
    "category": "structures",
    "modelType": "Config",
    "path": "dz/structures/industrial/harbour",
    "usableOnConsole": true,
    "searchTags": "pier, wooden, dock, coast, fishing, long, large, stilts",
    "image": "images/structures/industrial/harbour/staticobj_boathouse_piert.jpg",
    "id": "dzobj_yl0gc9eylq"
  },
  {
    "objectName": "StaticObj_Pier_Concrete1",
    "inGameName": "-",
    "category": "structures",
    "modelType": "Config",
    "path": "dz/structures/industrial/harbour",
    "usableOnConsole": true,
    "searchTags": "pier, concrete, straight, dock, coast, industrial, infrastructure, platform",
    "image": "images/structures/industrial/harbour/staticobj_pier_concrete1.jpg",
    "id": "dzobj_k2ebk6528z"
  },
  {
    "objectName": "StaticObj_Pier_Concrete1_CornerIn",
    "inGameName": "-",
    "category": "structures",
    "modelType": "Config",
    "path": "dz/structures/industrial/harbour",
    "usableOnConsole": true,
    "searchTags": "pier, concrete, coast, industrial, dock, infrastructure, platform, l_shape",
    "image": "images/structures/industrial/harbour/staticobj_pier_concrete1_cornerin.jpg",
    "id": "dzobj_40q6hzgvki"
  },
  {
    "objectName": "StaticObj_Pier_Concrete1_CornerOut",
    "inGameName": "-",
    "category": "structures",
    "modelType": "Config",
    "path": "dz/structures/industrial/harbour",
    "usableOnConsole": true,
    "searchTags": "pier, concrete, coast, industrial, dock, infrastructure, platform, square",
    "image": "images/structures/industrial/harbour/staticobj_pier_concrete1_cornerout.jpg",
    "id": "dzobj_7mcuux0hq4"
  },
  {
    "objectName": "StaticObj_Pier_Concrete1_End",
    "inGameName": "-",
    "category": "structures",
    "modelType": "Config",
    "path": "dz/structures/industrial/harbour",
    "usableOnConsole": true,
    "searchTags": "pier, concrete, end, dock, t_shape, coast, industrial, infrastructure, platform",
    "image": "images/structures/industrial/harbour/staticobj_pier_concrete1_end.jpg",
    "id": "dzobj_tl2y49ecug"
  },
  {
    "objectName": "StaticObj_Pier_Concrete1_L",
    "inGameName": "-",
    "category": "structures",
    "modelType": "Config",
    "path": "dz/structures/industrial/harbour",
    "usableOnConsole": true,
    "searchTags": "pier, concrete, curve, dock, t_shape, coast, industrial, infrastructure, platform",
    "image": "images/structures/industrial/harbour/staticobj_pier_concrete1_l.jpg",
    "id": "dzobj_3g8236uhem"
  },
  {
    "objectName": "StaticObj_Pier_Concrete1_L10",
    "inGameName": "-",
    "category": "structures",
    "modelType": "Config",
    "path": "dz/structures/industrial/harbour",
    "usableOnConsole": true,
    "searchTags": "pier, concrete, dock, thin, coast, curve, industrial, infrastructure, platform",
    "image": "images/structures/industrial/harbour/staticobj_pier_concrete1_l10.jpg",
    "id": "dzobj_kfyufqszsj"
  },
  {
    "objectName": "StaticObj_Pier_Concrete1_L30",
    "inGameName": "-",
    "category": "structures",
    "modelType": "Config",
    "path": "dz/structures/industrial/harbour",
    "usableOnConsole": true,
    "searchTags": "pier, concrete, dock, thin, coast, curve, industrial, infrastructure, platform",
    "image": "images/structures/industrial/harbour/staticobj_pier_concrete1_l30.jpg",
    "id": "dzobj_om4cyn0wgq"
  },
  {
    "objectName": "StaticObj_Pier_Concrete1_TBig",
    "inGameName": "-",
    "category": "structures",
    "modelType": "Config",
    "path": "dz/structures/industrial/harbour",
    "usableOnConsole": true,
    "searchTags": "pier, concrete, t_shape, big, dock, coast, industrial, infrastructure, platform",
    "image": "images/structures/industrial/harbour/staticobj_pier_concrete1_tbig.jpg",
    "id": "dzobj_vcavs637mg"
  },
  {
    "objectName": "StaticObj_Pier_Concrete1_TSmall",
    "inGameName": "-",
    "category": "structures",
    "modelType": "Config",
    "path": "dz/structures/industrial/harbour",
    "usableOnConsole": true,
    "searchTags": "pier, concrete, t_shape, small, dock, coast, industrial, infrastructure, platform",
    "image": "images/structures/industrial/harbour/staticobj_pier_concrete1_tsmall.jpg",
    "id": "dzobj_90a1j2wsjm"
  },
  {
    "objectName": "StaticObj_Pier_Concrete2",
    "inGameName": "-",
    "category": "structures",
    "modelType": "Config",
    "path": "dz/structures/industrial/harbour",
    "usableOnConsole": true,
    "searchTags": "pier, concrete, straight, dock, coast, industrial, infrastructure, platform",
    "image": "images/structures/industrial/harbour/staticobj_pier_concrete2.jpg",
    "id": "dzobj_nhtbez3ezr"
  },
  {
    "objectName": "StaticObj_Pier_Concrete2_End",
    "inGameName": "-",
    "category": "structures",
    "modelType": "Config",
    "path": "dz/structures/industrial/harbour",
    "usableOnConsole": true,
    "searchTags": "pier, concrete, dock, coast, industrial, infrastructure, platform",
    "image": "images/structures/industrial/harbour/staticobj_pier_concrete2_end.jpg",
    "id": "dzobj_pmzdg215um"
  },
  {
    "objectName": "StaticObj_Pier_Concrete3_1",
    "inGameName": "-",
    "category": "structures",
    "modelType": "Config",
    "path": "dz/structures/industrial/harbour",
    "usableOnConsole": true,
    "searchTags": "pier, concrete, straight, dock, coast, industrial, infrastructure, platform, stilts",
    "image": "images/structures/industrial/harbour/staticobj_pier_concrete3_1.jpg",
    "id": "dzobj_svj9r3fofw"
  },
  {
    "objectName": "StaticObj_Pier_Concrete3_2",
    "inGameName": "-",
    "category": "structures",
    "modelType": "Config",
    "path": "dz/structures/industrial/harbour",
    "usableOnConsole": true,
    "searchTags": "pier, concrete, straight, dock, coast, industrial, infrastructure, platform, stilts",
    "image": "images/structures/industrial/harbour/staticobj_pier_concrete3_2.jpg",
    "id": "dzobj_9esdvjr573"
  },
  {
    "objectName": "StaticObj_Pier_Concrete3_End",
    "inGameName": "-",
    "category": "structures",
    "modelType": "Config",
    "path": "dz/structures/industrial/harbour",
    "usableOnConsole": true,
    "searchTags": "pier, concrete, end, dock, coast, industrial, infrastructure, platform, stilts",
    "image": "images/structures/industrial/harbour/staticobj_pier_concrete3_end.jpg",
    "id": "dzobj_aokeztyx1c"
  },
  {
    "objectName": "StaticObj_Pier_Concrete3_Fuel",
    "inGameName": "-",
    "category": "structures",
    "modelType": "Config",
    "path": "dz/structures/industrial/harbour",
    "usableOnConsole": true,
    "searchTags": "pier, concrete, fuel, dock, dock, coast, industrial, infrastructure, platform, stilts, gangway, gangplank, ramp",
    "image": "images/structures/industrial/harbour/staticobj_pier_concrete3_fuel.jpg",
    "id": "dzobj_k5axin03dt"
  },
  {
    "objectName": "StaticObj_Pier_Crane_Rails",
    "inGameName": "-",
    "category": "structures",
    "modelType": "Config",
    "path": "dz/structures/industrial/harbour",
    "usableOnConsole": true,
    "searchTags": "pier, crane, rails, track, industrial, metal",
    "image": "images/structures/industrial/harbour/staticobj_pier_crane_rails.jpg",
    "id": "dzobj_pg5pksfm5i"
  },
  {
    "objectName": "StaticObj_Pier_Crane_Rails_End",
    "inGameName": "-",
    "category": "structures",
    "modelType": "Config",
    "path": "dz/structures/industrial/harbour",
    "usableOnConsole": true,
    "searchTags": "pier, crane, rails, end, track, industrial, metal",
    "image": "images/structures/industrial/harbour/staticobj_pier_crane_rails_end.jpg",
    "id": "dzobj_xyr9ibtkw4"
  },
  {
    "objectName": "StaticObj_Pier_Tube_Big",
    "inGameName": "-",
    "category": "structures",
    "modelType": "Config",
    "path": "dz/structures/industrial/harbour",
    "usableOnConsole": true,
    "searchTags": "pier, dock, pipe, chimeny, cylinder, large, industrial",
    "image": "images/structures/industrial/harbour/staticobj_pier_tube_big.jpg",
    "id": "dzobj_vrluvah5h8"
  },
  {
    "objectName": "StaticObj_Pier_Tube_Small",
    "inGameName": "-",
    "category": "structures",
    "modelType": "Config",
    "path": "dz/structures/industrial/harbour",
    "usableOnConsole": true,
    "searchTags": "pier, tube, small, dock,  pipe, chimeny, cylinder, small, industrial",
    "image": "images/structures/industrial/harbour/staticobj_pier_tube_small.jpg",
    "id": "dzobj_o18gn4zsfs"
  },
  {
    "objectName": "StaticObj_Pier_Wooden1",
    "inGameName": "-",
    "category": "structures",
    "modelType": "Config",
    "path": "dz/structures/industrial/harbour",
    "usableOnConsole": true,
    "searchTags": "pier, wooden, end, dock, platform, fishing, coast, stilts, stage, catwalk",
    "image": "images/structures/industrial/harbour/staticobj_pier_wooden1.jpg",
    "id": "dzobj_bzwovwj6e4"
  },
  {
    "objectName": "StaticObj_Pier_Wooden1_End",
    "inGameName": "-",
    "category": "structures",
    "modelType": "Config",
    "path": "dz/structures/industrial/harbour",
    "usableOnConsole": true,
    "searchTags": "pier, wooden, end, dock, platform, fishing, coast, stilts, catwalk, stage",
    "image": "images/structures/industrial/harbour/staticobj_pier_wooden1_end.jpg",
    "id": "dzobj_utp8e51jbc"
  },
  {
    "objectName": "StaticObj_Pier_Wooden1_Pillars",
    "inGameName": "-",
    "category": "structures",
    "modelType": "Config",
    "path": "dz/structures/industrial/harbour",
    "usableOnConsole": true,
    "searchTags": "pier, wooden, end, dock, platform, fishing, coast, stilts, timbers",
    "image": "images/structures/industrial/harbour/staticobj_pier_wooden1_pillars.jpg",
    "id": "dzobj_oqonae9m66"
  },
  {
    "objectName": "boathouse_pierl.p3d",
    "inGameName": "-",
    "category": "structures",
    "modelType": "Raw P3D",
    "path": "dz/structures/industrial/harbour",
    "usableOnConsole": false,
    "searchTags": "pier, wooden, left, dock, stairs, coast, fishing, stilts",
    "image": "images/structures/industrial/harbour/staticobj_boathouse_pierl.jpg",
    "id": "dzobj_bjujlzsifk"
  },
  {
    "objectName": "boathouse_pierr.p3d",
    "inGameName": "-",
    "category": "structures",
    "modelType": "Raw P3D",
    "path": "dz/structures/industrial/harbour",
    "usableOnConsole": false,
    "searchTags": "pier, wooden, right, dock, stairs, coast, fishing, stilts",
    "image": "images/structures/industrial/harbour/staticobj_boathouse_pierr.jpg",
    "id": "dzobj_lhbkvlpw2p"
  },
  {
    "objectName": "boathouse_piert.p3d",
    "inGameName": "-",
    "category": "structures",
    "modelType": "Raw P3D",
    "path": "dz/structures/industrial/harbour",
    "usableOnConsole": false,
    "searchTags": "pier, wooden, dock, coast, fishing, long, large, stilts",
    "image": "images/structures/industrial/harbour/staticobj_boathouse_piert.jpg",
    "id": "dzobj_g8oe7mrspu"
  },
  {
    "objectName": "lighthouse.p3d",
    "inGameName": "-",
    "category": "structures",
    "modelType": "Raw P3D",
    "path": "dz/structures/industrial/harbour",
    "usableOnConsole": false,
    "searchTags": "coast, red, white, tower, medium, beacon, signal",
    "image": "images/structures/industrial/harbour/land_lighthouse.jpg",
    "id": "dzobj_ob966pdygm"
  },
  {
    "objectName": "pier_concrete1.p3d",
    "inGameName": "-",
    "category": "structures",
    "modelType": "Raw P3D",
    "path": "dz/structures/industrial/harbour",
    "usableOnConsole": false,
    "searchTags": "pier, concrete, straight, dock, coast, industrial, infrastructure, platform",
    "image": "images/structures/industrial/harbour/staticobj_pier_concrete1.jpg",
    "id": "dzobj_6is7odwdm4"
  },
  {
    "objectName": "pier_concrete1_cornerin.p3d",
    "inGameName": "-",
    "category": "structures",
    "modelType": "Raw P3D",
    "path": "dz/structures/industrial/harbour",
    "usableOnConsole": false,
    "searchTags": "pier, concrete, coast, industrial, dock, infrastructure, platform, l_shape",
    "image": "images/structures/industrial/harbour/staticobj_pier_concrete1_cornerin.jpg",
    "id": "dzobj_qvvwtuusm8"
  },
  {
    "objectName": "pier_concrete1_cornerout.p3d",
    "inGameName": "-",
    "category": "structures",
    "modelType": "Raw P3D",
    "path": "dz/structures/industrial/harbour",
    "usableOnConsole": false,
    "searchTags": "pier, concrete, coast, industrial, dock, infrastructure, platform, square",
    "image": "images/structures/industrial/harbour/staticobj_pier_concrete1_cornerout.jpg",
    "id": "dzobj_3q8vt2npsr"
  },
  {
    "objectName": "pier_concrete1_end.p3d",
    "inGameName": "-",
    "category": "structures",
    "modelType": "Raw P3D",
    "path": "dz/structures/industrial/harbour",
    "usableOnConsole": false,
    "searchTags": "pier, concrete, end, dock, t_shape, coast, industrial, infrastructure, platform",
    "image": "images/structures/industrial/harbour/staticobj_pier_concrete1_end.jpg",
    "id": "dzobj_nzg87bv0gi"
  },
  {
    "objectName": "pier_concrete1_l.p3d",
    "inGameName": "-",
    "category": "structures",
    "modelType": "Raw P3D",
    "path": "dz/structures/industrial/harbour",
    "usableOnConsole": false,
    "searchTags": "",
    "image": "images/structures/industrial/harbour/pier_concrete1_l.p3d.jpg",
    "id": "dzobj_xkkknj28dr"
  },
  {
    "objectName": "pier_concrete1_l10.p3d",
    "inGameName": "-",
    "category": "structures",
    "modelType": "Raw P3D",
    "path": "dz/structures/industrial/harbour",
    "usableOnConsole": false,
    "searchTags": "",
    "image": "images/structures/industrial/harbour/pier_concrete1_l10.p3d.jpg",
    "id": "dzobj_brttkvslg4"
  },
  {
    "objectName": "pier_concrete1_l30.p3d",
    "inGameName": "-",
    "category": "structures",
    "modelType": "Raw P3D",
    "path": "dz/structures/industrial/harbour",
    "usableOnConsole": false,
    "searchTags": "",
    "image": "images/structures/industrial/harbour/pier_concrete1_l30.p3d.jpg",
    "id": "dzobj_pkk2wiqtqm"
  },
  {
    "objectName": "pier_concrete1_r.p3d",
    "inGameName": "-",
    "category": "structures",
    "modelType": "Raw P3D",
    "path": "dz/structures/industrial/harbour",
    "usableOnConsole": false,
    "searchTags": "pier, concrete, curve, dock, t_shape, coast, industrial, infrastructure, platform",
    "image": "images/structures/industrial/harbour/staticobj_pier_concrete1_l.jpg",
    "id": "dzobj_it729e3ybx"
  },
  {
    "objectName": "pier_concrete1_r10.p3d",
    "inGameName": "-",
    "category": "structures",
    "modelType": "Raw P3D",
    "path": "dz/structures/industrial/harbour",
    "usableOnConsole": false,
    "searchTags": "pier, concrete, dock, thin, coast, curve, industrial, infrastructure, platform",
    "image": "images/structures/industrial/harbour/staticobj_pier_concrete1_l10.jpg",
    "id": "dzobj_lzeu055wv3"
  },
  {
    "objectName": "pier_concrete1_r30.p3d",
    "inGameName": "-",
    "category": "structures",
    "modelType": "Raw P3D",
    "path": "dz/structures/industrial/harbour",
    "usableOnConsole": false,
    "searchTags": "pier, concrete, dock, thin, coast, curve, industrial, infrastructure, platform",
    "image": "images/structures/industrial/harbour/staticobj_pier_concrete1_l30.jpg",
    "id": "dzobj_kbe6ll160c"
  },
  {
    "objectName": "pier_concrete1_tbig.p3d",
    "inGameName": "-",
    "category": "structures",
    "modelType": "Raw P3D",
    "path": "dz/structures/industrial/harbour",
    "usableOnConsole": false,
    "searchTags": "pier, concrete, t_shape, big, dock, coast, industrial, infrastructure, platform",
    "image": "images/structures/industrial/harbour/staticobj_pier_concrete1_tbig.jpg",
    "id": "dzobj_ehpqntgpnh"
  },
  {
    "objectName": "pier_concrete1_tsmall.p3d",
    "inGameName": "-",
    "category": "structures",
    "modelType": "Raw P3D",
    "path": "dz/structures/industrial/harbour",
    "usableOnConsole": false,
    "searchTags": "pier, concrete, t_shape, small, dock, coast, industrial, infrastructure, platform",
    "image": "images/structures/industrial/harbour/staticobj_pier_concrete1_tsmall.jpg",
    "id": "dzobj_jqulph86c3"
  },
  {
    "objectName": "pier_concrete2.p3d",
    "inGameName": "-",
    "category": "structures",
    "modelType": "Raw P3D",
    "path": "dz/structures/industrial/harbour",
    "usableOnConsole": false,
    "searchTags": "pier, concrete, straight, dock, coast, industrial, infrastructure, platform",
    "image": "images/structures/industrial/harbour/staticobj_pier_concrete2.jpg",
    "id": "dzobj_ewtw1kqu5f"
  },
  {
    "objectName": "pier_concrete2_end.p3d",
    "inGameName": "-",
    "category": "structures",
    "modelType": "Raw P3D",
    "path": "dz/structures/industrial/harbour",
    "usableOnConsole": false,
    "searchTags": "pier, concrete, dock, coast, industrial, infrastructure, platform",
    "image": "images/structures/industrial/harbour/staticobj_pier_concrete2_end.jpg",
    "id": "dzobj_y1yd1hd47y"
  },
  {
    "objectName": "pier_concrete3_1.p3d",
    "inGameName": "-",
    "category": "structures",
    "modelType": "Raw P3D",
    "path": "dz/structures/industrial/harbour",
    "usableOnConsole": false,
    "searchTags": "pier, concrete, straight, dock, coast, industrial, infrastructure, platform, stilts",
    "image": "images/structures/industrial/harbour/staticobj_pier_concrete3_1.jpg",
    "id": "dzobj_ubo3uw08wf"
  },
  {
    "objectName": "pier_concrete3_2.p3d",
    "inGameName": "-",
    "category": "structures",
    "modelType": "Raw P3D",
    "path": "dz/structures/industrial/harbour",
    "usableOnConsole": false,
    "searchTags": "pier, concrete, straight, dock, coast, industrial, infrastructure, platform, stilts",
    "image": "images/structures/industrial/harbour/staticobj_pier_concrete3_2.jpg",
    "id": "dzobj_87al4s4awm"
  },
  {
    "objectName": "pier_concrete3_end.p3d",
    "inGameName": "-",
    "category": "structures",
    "modelType": "Raw P3D",
    "path": "dz/structures/industrial/harbour",
    "usableOnConsole": false,
    "searchTags": "pier, concrete, end, dock, coast, industrial, infrastructure, platform, stilts",
    "image": "images/structures/industrial/harbour/staticobj_pier_concrete3_end.jpg",
    "id": "dzobj_jnv4t7p6um"
  },
  {
    "objectName": "pier_concrete3_fuel.p3d",
    "inGameName": "-",
    "category": "structures",
    "modelType": "Raw P3D",
    "path": "dz/structures/industrial/harbour",
    "usableOnConsole": false,
    "searchTags": "pier, concrete, fuel, dock, dock, coast, industrial, infrastructure, platform, stilts, gangway, gangplank, ramp",
    "image": "images/structures/industrial/harbour/staticobj_pier_concrete3_fuel.jpg",
    "id": "dzobj_5azzr3gcdx"
  },
  {
    "objectName": "pier_crane_a.p3d",
    "inGameName": "-",
    "category": "structures",
    "modelType": "Raw P3D",
    "path": "dz/structures/industrial/harbour",
    "usableOnConsole": false,
    "searchTags": "large, base, industrial, coast, ladder, metal",
    "image": "images/structures/industrial/harbour/land_pier_crane_a.jpg",
    "id": "dzobj_erydg4ygsu"
  },
  {
    "objectName": "pier_crane_b.p3d",
    "inGameName": "-",
    "category": "structures",
    "modelType": "Raw P3D",
    "path": "dz/structures/industrial/harbour",
    "usableOnConsole": false,
    "searchTags": "hook, top, large, lifting, industrial, metal, coast",
    "image": "images/structures/industrial/harbour/land_pier_crane_b.jpg",
    "id": "dzobj_mg3ut0np5w"
  },
  {
    "objectName": "pier_crane_rails.p3d",
    "inGameName": "-",
    "category": "structures",
    "modelType": "Raw P3D",
    "path": "dz/structures/industrial/harbour",
    "usableOnConsole": false,
    "searchTags": "pier, crane, rails, track, industrial, metal",
    "image": "images/structures/industrial/harbour/staticobj_pier_crane_rails.jpg",
    "id": "dzobj_7t6w27utqq"
  },
  {
    "objectName": "pier_crane_rails_end.p3d",
    "inGameName": "-",
    "category": "structures",
    "modelType": "Raw P3D",
    "path": "dz/structures/industrial/harbour",
    "usableOnConsole": false,
    "searchTags": "pier, crane, rails, end, track, industrial, metal",
    "image": "images/structures/industrial/harbour/staticobj_pier_crane_rails_end.jpg",
    "id": "dzobj_2mk0y8rbmi"
  },
  {
    "objectName": "pier_tube_big.p3d",
    "inGameName": "-",
    "category": "structures",
    "modelType": "Raw P3D",
    "path": "dz/structures/industrial/harbour",
    "usableOnConsole": false,
    "searchTags": "pier, dock, pipe, chimeny, cylinder, large, industrial",
    "image": "images/structures/industrial/harbour/staticobj_pier_tube_big.jpg",
    "id": "dzobj_vvnlniy0vp"
  },
  {
    "objectName": "pier_tube_small.p3d",
    "inGameName": "-",
    "category": "structures",
    "modelType": "Raw P3D",
    "path": "dz/structures/industrial/harbour",
    "usableOnConsole": false,
    "searchTags": "pier, tube, small, dock,  pipe, chimeny, cylinder, small, industrial",
    "image": "images/structures/industrial/harbour/staticobj_pier_tube_small.jpg",
    "id": "dzobj_6jrzhctrhi"
  },
  {
    "objectName": "pier_wooden1.p3d",
    "inGameName": "-",
    "category": "structures",
    "modelType": "Raw P3D",
    "path": "dz/structures/industrial/harbour",
    "usableOnConsole": false,
    "searchTags": "pier, wooden, end, dock, platform, fishing, coast, stilts, catwalk",
    "image": "images/structures/industrial/harbour/staticobj_pier_wooden1.jpg",
    "id": "dzobj_o6l4dhcrd1"
  },
  {
    "objectName": "pier_wooden1_end.p3d",
    "inGameName": "-",
    "category": "structures",
    "modelType": "Raw P3D",
    "path": "dz/structures/industrial/harbour",
    "usableOnConsole": false,
    "searchTags": "pier, wooden, end, dock, platform, fishing, coast, stilts, catwalk",
    "image": "images/structures/industrial/harbour/staticobj_pier_wooden1_end.jpg",
    "id": "dzobj_lcn23g7u13"
  },
  {
    "objectName": "pier_wooden1_pillars.p3d",
    "inGameName": "-",
    "category": "structures",
    "modelType": "Raw P3D",
    "path": "dz/structures/industrial/harbour",
    "usableOnConsole": false,
    "searchTags": "",
    "image": "images/structures/industrial/harbour/pier_wooden1_pillars.p3d.jpg",
    "id": "dzobj_xsh8xa0oyf"
  },
  {
    "objectName": "boathouse.p3d",
    "category": "structures",
    "modelType": "Raw P3D",
    "path": "dz/structures/industrial/harbour",
    "usableOnConsole": false,
    "searchTags": "coast, fishing, wooden, pier, dock, medium, stilts",
    "image": "images/structures/industrial/harbour/land_boathouse.jpg",
    "id": "dzobj_lvfknm4tij"
  },
  {
    "objectName": "Land_Boathouse",
    "category": "structures",
    "modelType": "Config",
    "path": "dz/structures/industrial/harbour",
    "usableOnConsole": true,
    "searchTags": "coast, fishing, wooden, pier, dock, medium, stilts",
    "image": "images/structures/industrial/harbour/land_boathouse.jpg",
    "id": "dzobj_a802rcvbxg"
  }
]
