[
  {
    "objectName": "StaticObj_Skilift_Rope_End",
    "inGameName": "-",
    "category": "structures",
    "modelType": "Config",
    "path": "dz/structures/specific/skilift",
    "usableOnConsole": true,
    "searchTags": "specific, skiiing, snow, winter, sports",
    "image": "images/structures/specific/skilift/staticobj_skilift_rope_end.jpg",
    "id": "dzobj_vcsgciukqg"
  },
  {
    "objectName": "StaticObj_Skilift_Rope_Middle",
    "inGameName": "-",
    "category": "structures",
    "modelType": "Config",
    "path": "dz/structures/specific/skilift",
    "usableOnConsole": true,
    "searchTags": "specific, skiiing, snow, winter, sports",
    "image": "images/structures/specific/skilift/staticobj_skilift_rope_middle.jpg",
    "id": "dzobj_ch4zrq0mqx"
  },
  {
    "objectName": "StaticObj_Skilift_Rope_Start",
    "inGameName": "-",
    "category": "structures",
    "modelType": "Config",
    "path": "dz/structures/specific/skilift",
    "usableOnConsole": true,
    "searchTags": "specific, skiiing, snow, winter, sports",
    "image": "images/structures/specific/skilift/staticobj_skilift_rope_start.jpg",
    "id": "dzobj_ifzfwt84e4"
  },
  {
    "objectName": "StaticObj_Skilift_Tower_End",
    "inGameName": "-",
    "category": "structures",
    "modelType": "Config",
    "path": "dz/structures/specific/skilift",
    "usableOnConsole": true,
    "searchTags": "specific, skiiing, snow, winter, sports",
    "image": "images/structures/specific/skilift/staticobj_skilift_tower_end.jpg",
    "id": "dzobj_znop3ewa3n"
  },
  {
    "objectName": "StaticObj_Skilift_Tower_Middle",
    "inGameName": "-",
    "category": "structures",
    "modelType": "Config",
    "path": "dz/structures/specific/skilift",
    "usableOnConsole": true,
    "searchTags": "specific, skiiing, snow, winter, sports",
    "image": "images/structures/specific/skilift/staticobj_skilift_tower_middle.jpg",
    "id": "dzobj_9c874488t5"
  },
  {
    "objectName": "StaticObj_Skilift_Tower_Middle_Slope",
    "inGameName": "-",
    "category": "structures",
    "modelType": "Config",
    "path": "dz/structures/specific/skilift",
    "usableOnConsole": true,
    "searchTags": "specific, skiiing, snow, winter, sports",
    "image": "images/structures/specific/skilift/staticobj_skilift_tower_middle_slope.jpg",
    "id": "dzobj_9vej7l6bfj"
  },
  {
    "objectName": "StaticObj_Skilift_Tower_Start",
    "inGameName": "-",
    "category": "structures",
    "modelType": "Config",
    "path": "dz/structures/specific/skilift",
    "usableOnConsole": true,
    "searchTags": "specific, skiiing, snow, winter, sports",
    "image": "images/structures/specific/skilift/staticobj_skilift_tower_start.jpg",
    "id": "dzobj_q6g6baft7u"
  },
  {
    "objectName": "skilift_rope_end.p3d",
    "inGameName": "-",
    "category": "structures",
    "modelType": "Raw P3D",
    "path": "dz/structures/specific/skilift",
    "usableOnConsole": false,
    "searchTags": "specific, skiiing, snow, winter, sports",
    "image": "images/structures/specific/skilift/skilift_rope_end.p3d.jpg",
    "id": "dzobj_63a05m8jqz"
  },
  {
    "objectName": "skilift_rope_middle.p3d",
    "inGameName": "-",
    "category": "structures",
    "modelType": "Raw P3D",
    "path": "dz/structures/specific/skilift",
    "usableOnConsole": false,
    "searchTags": "specific, skiiing, snow, winter, sports",
    "image": "images/structures/specific/skilift/skilift_rope_middle.p3d.jpg",
    "id": "dzobj_x8eco5uxax"
  },
  {
    "objectName": "skilift_rope_start.p3d",
    "inGameName": "-",
    "category": "structures",
    "modelType": "Raw P3D",
    "path": "dz/structures/specific/skilift",
    "usableOnConsole": false,
    "searchTags": "specific, skiiing, snow, winter, sports",
    "image": "images/structures/specific/skilift/skilift_rope_start.p3d.jpg",
    "id": "dzobj_tj29aary4d"
  },
  {
    "objectName": "skilift_tower_end.p3d",
    "inGameName": "-",
    "category": "structures",
    "modelType": "Raw P3D",
    "path": "dz/structures/specific/skilift",
    "usableOnConsole": false,
    "searchTags": "specific, skiiing, snow, winter, sports",
    "image": "images/structures/specific/skilift/skilift_tower_end.p3d.jpg",
    "id": "dzobj_nievp9xric"
  },
  {
    "objectName": "skilift_tower_middle.p3d",
    "inGameName": "-",
    "category": "structures",
    "modelType": "Raw P3D",
    "path": "dz/structures/specific/skilift",
    "usableOnConsole": false,
    "searchTags": "specific, skiiing, snow, winter, sports",
    "image": "images/structures/specific/skilift/skilift_tower_middle.p3d.jpg",
    "id": "dzobj_44zkwfvvm4"
  },
  {
    "objectName": "skilift_tower_middle_slope.p3d",
    "inGameName": "-",
    "category": "structures",
    "modelType": "Raw P3D",
    "path": "dz/structures/specific/skilift",
    "usableOnConsole": false,
    "searchTags": "specific, skiiing, snow, winter, sports",
    "image": "images/structures/specific/skilift/skilift_tower_middle_slope.p3d.jpg",
    "id": "dzobj_kc3i83y2ou"
  },
  {
    "objectName": "skilift_tower_start.p3d",
    "inGameName": "-",
    "category": "structures",
    "modelType": "Raw P3D",
    "path": "dz/structures/specific/skilift",
    "usableOnConsole": false,
    "searchTags": "specific, skiiing, snow, winter, sports",
    "image": "images/structures/specific/skilift/skilift_tower_start.p3d.jpg",
    "id": "dzobj_zzeiad23ve"
  }
]
