[
  {
    "objectName": "Land_City_Hospital_East",
    "inGameName": "-",
    "category": "structures_sakhal",
    "modelType": "Config",
    "path": "dz/structures_sakhal/residential/medical",
    "usableOnConsole": true,
    "searchTags": "building, health, medical, residential, sakhal",
    "image": "images/structures_sakhal/residential/medical/land_city_hospital_east.jpg"
  },
  {
    "objectName": "Land_Village_HealthCare_East",
    "inGameName": "-",
    "category": "structures_sakhal",
    "modelType": "Config",
    "path": "dz/structures_sakhal/residential/medical",
    "usableOnConsole": true,
    "searchTags": "hospital, medical, residential, sakhal",
    "image": "images/structures_sakhal/residential/medical/land_village_healthcare_east.jpg"
  },
  {
    "objectName": "city_hospital_east.p3d",
    "inGameName": "-",
    "category": "structures_sakhal",
    "modelType": "Raw P3D",
    "path": "dz/structures_sakhal/residential/medical",
    "usableOnConsole": false,
    "searchTags": "building, health, medical, residential, sakhal",
    "image": "images/structures_sakhal/residential/medical/land_city_hospital_east.jpg"
  },
  {
    "objectName": "village_healthcare_east.p3d",
    "inGameName": "-",
    "category": "structures_sakhal",
    "modelType": "Raw P3D",
    "path": "dz/structures_sakhal/residential/medical",
    "usableOnConsole": false,
    "searchTags": "health, hospital, medical, residential, sakhal",
    "image": "images/structures_sakhal/residential/medical/land_village_healthcare_east.jpg"
  }
]
