[
  {
    "objectName": "StaticObj_Furniture_stul_kuch_1",
    "inGameName": "-",
    "category": "structures",
    "modelType": "Config",
    "path": "dz/structures/furniture/tables/stul_kuch1",
    "usableOnConsole": true,
    "searchTags": "kuch1, tables",
    "image": "images/structures/furniture/tables/stul_kuch1/staticobj_furniture_stul_kuch_1.jpg",
    "id": "dzobj_28xnpnlyib"
  },
  {
    "objectName": "stul_kuch1.p3d",
    "inGameName": "-",
    "category": "structures",
    "modelType": "Raw P3D",
    "path": "dz/structures/furniture/tables/stul_kuch1",
    "usableOnConsole": false,
    "searchTags": "furniture, tables",
    "image": "images/structures/furniture/tables/stul_kuch1/stul_kuch1.p3d.jpg",
    "id": "dzobj_t9xvyk9dgu"
  }
]
