[
  {
    "objectName": "StaticObj_Furniture_picture_f",
    "inGameName": "-",
    "category": "structures",
    "modelType": "Config",
    "path": "dz/structures/furniture/decoration/wallboards/picture_f",
    "usableOnConsole": true,
    "searchTags": "decoration, wallboards",
    "image": "images/structures/furniture/decoration/wallboards/picture_f/staticobj_furniture_picture_f.jpg"
  },
  {
    "objectName": "picture_f.p3d",
    "inGameName": "-",
    "category": "structures",
    "modelType": "Raw P3D",
    "path": "dz/structures/furniture/decoration/wallboards/picture_f",
    "usableOnConsole": false,
    "searchTags": "decoration, furniture, wallboards",
    "image": "images/structures/furniture/decoration/wallboards/picture_f/picture_f.p3d.jpg"
  }
]
