[
  {
    "objectName": "StaticObj_Bridge_Concrete3",
    "inGameName": "-",
    "category": "structures_sakhal",
    "modelType": "Config",
    "path": "dz/structures_sakhal/roads/bridges",
    "usableOnConsole": true,
    "searchTags": "",
    "image": "images/structures_sakhal/roads/bridges/staticobj_bridge_concrete3.jpg",
    "id": "dzobj_0d22fpowst"
  },
  {
    "objectName": "StaticObj_Bridge_Concrete3_Snow",
    "inGameName": "-",
    "category": "structures_sakhal",
    "modelType": "Config",
    "path": "dz/structures_sakhal/roads/bridges",
    "usableOnConsole": true,
    "searchTags": "",
    "image": "images/structures_sakhal/roads/bridges/staticobj_bridge_concrete3_snow.jpg",
    "id": "dzobj_gd7beod3iv"
  },
  {
    "objectName": "StaticObj_Bridge_Wood2",
    "inGameName": "-",
    "category": "structures_sakhal",
    "modelType": "Config",
    "path": "dz/structures_sakhal/roads/bridges",
    "usableOnConsole": true,
    "searchTags": "",
    "image": "images/structures_sakhal/roads/bridges/staticobj_bridge_wood2.jpg",
    "id": "dzobj_fxd2yqkyba"
  },
  {
    "objectName": "StaticObj_Bridge_Wood2_Snow",
    "inGameName": "-",
    "category": "structures_sakhal",
    "modelType": "Config",
    "path": "dz/structures_sakhal/roads/bridges",
    "usableOnConsole": true,
    "searchTags": "",
    "image": "images/structures_sakhal/roads/bridges/staticobj_bridge_wood2_snow.jpg",
    "id": "dzobj_pa6r9rh1gm"
  },
  {
    "objectName": "StaticObj_Bridge_Wood2_Pillar",
    "inGameName": "-",
    "category": "structures_sakhal",
    "modelType": "Config",
    "path": "dz/structures_sakhal/roads/bridges",
    "usableOnConsole": true,
    "searchTags": "",
    "image": "images/structures_sakhal/roads/bridges/staticobj_bridge_wood2_pillar.jpg",
    "id": "dzobj_ynokweromp"
  },
  {
    "objectName": "bridge_concrete2_left_sakhal.p3d",
    "inGameName": "-",
    "category": "structures_sakhal",
    "modelType": "Raw P3D",
    "path": "dz/structures_sakhal/roads/bridges",
    "usableOnConsole": false,
    "searchTags": "",
    "image": "images/structures_sakhal/roads/bridges/bridge_concrete2_left_sakhal.p3d.jpg",
    "id": "dzobj_v8lbysr4pz"
  },
  {
    "objectName": "bridge_concrete2_right_sakhal.p3d",
    "inGameName": "-",
    "category": "structures_sakhal",
    "modelType": "Raw P3D",
    "path": "dz/structures_sakhal/roads/bridges",
    "usableOnConsole": false,
    "searchTags": "",
    "image": "images/structures_sakhal/roads/bridges/bridge_concrete2_right_sakhal.p3d.jpg",
    "id": "dzobj_0y0b91ui70"
  },
  {
    "objectName": "bridge_concrete3.p3d",
    "inGameName": "-",
    "category": "structures_sakhal",
    "modelType": "Raw P3D",
    "path": "dz/structures_sakhal/roads/bridges",
    "usableOnConsole": false,
    "searchTags": "",
    "image": "images/structures_sakhal/roads/bridges/bridge_concrete3.p3d.jpg",
    "id": "dzobj_2yj6ml6pjv"
  },
  {
    "objectName": "bridge_concrete3_snow.p3d",
    "inGameName": "-",
    "category": "structures_sakhal",
    "modelType": "Raw P3D",
    "path": "dz/structures_sakhal/roads/bridges",
    "usableOnConsole": false,
    "searchTags": "",
    "image": "images/structures_sakhal/roads/bridges/bridge_concrete3_snow.p3d.jpg",
    "id": "dzobj_j1za7otpah"
  },
  {
    "objectName": "bridge_wood2.p3d",
    "inGameName": "-",
    "category": "structures_sakhal",
    "modelType": "Raw P3D",
    "path": "dz/structures_sakhal/roads/bridges",
    "usableOnConsole": false,
    "searchTags": "",
    "image": "images/structures_sakhal/roads/bridges/bridge_wood2.p3d.jpg",
    "id": "dzobj_1609zqe2vj"
  },
  {
    "objectName": "bridge_wood2_pillar.p3d",
    "inGameName": "-",
    "category": "structures_sakhal",
    "modelType": "Raw P3D",
    "path": "dz/structures_sakhal/roads/bridges",
    "usableOnConsole": false,
    "searchTags": "",
    "image": "images/structures_sakhal/roads/bridges/bridge_wood2_pillar.p3d.jpg",
    "id": "dzobj_jugnil8hv5"
  },
  {
    "objectName": "bridge_wood2_snow.p3d",
    "inGameName": "-",
    "category": "structures_sakhal",
    "modelType": "Raw P3D",
    "path": "dz/structures_sakhal/roads/bridges",
    "usableOnConsole": false,
    "searchTags": "",
    "image": "images/structures_sakhal/roads/bridges/bridge_wood2_snow.p3d.jpg",
    "id": "dzobj_bd91wku48j"
  }
]
