[
  {
    "objectName": "PersonalRadio",
    "inGameName": "Handheld Transceiver",
    "category": "gear",
    "modelType": "Config",
    "path": "dz/gear/radio",
    "usableOnConsole": true,
    "searchTags": "audio, communication, gear, handheld, transceiver",
    "image": "images/gear/radio/personalradio.jpg"
  },
  {
    "objectName": "BaseRadio",
    "inGameName": "Field Transceiver",
    "category": "gear",
    "modelType": "Config",
    "path": "dz/gear/radio",
    "usableOnConsole": true,
    "searchTags": "audio, communication, field, gear, transceiver",
    "image": "images/gear/radio/baseradio.jpg"
  },
  {
    "objectName": "Megaphone",
    "inGameName": "Megaphone",
    "category": "gear",
    "modelType": "Config",
    "path": "dz/gear/radio",
    "usableOnConsole": true,
    "searchTags": "audio, communication, gear, radio",
    "image": "images/gear/radio/megaphone.jpg"
  },
  {
    "objectName": "Radio",
    "inGameName": "Radio",
    "category": "gear",
    "modelType": "Config",
    "path": "dz/gear/radio",
    "usableOnConsole": true,
    "searchTags": "audio, communication, gear",
    "image": "images/gear/radio/radio.jpg"
  },
  {
    "objectName": "Absolute90s",
    "inGameName": "-",
    "category": "gear",
    "modelType": "Config",
    "path": "dz/gear/radio",
    "usableOnConsole": true,
    "searchTags": "audio, communication, gear, radio",
    "image": "images/gear/radio/absolute90s.jpg"
  },
  {
    "objectName": "base_radio_station_f.p3d",
    "inGameName": "-",
    "category": "gear",
    "modelType": "Raw P3D",
    "path": "dz/gear/radio",
    "usableOnConsole": false,
    "searchTags": "audio, communication, gear",
    "image": "images/gear/radio/base_radio_station_f.p3d.jpg"
  },
  {
    "objectName": "base_radio_station_g.p3d",
    "inGameName": "Field Transceiver",
    "category": "gear",
    "modelType": "Raw P3D",
    "path": "dz/gear/radio",
    "usableOnConsole": false,
    "searchTags": "audio, communication, field, gear, transceiver",
    "image": "images/gear/radio/base_radio_station_g.p3d.jpg"
  },
  {
    "objectName": "base_radio_station_m.p3d",
    "inGameName": "-",
    "category": "gear",
    "modelType": "Raw P3D",
    "path": "dz/gear/radio",
    "usableOnConsole": false,
    "searchTags": "audio, communication, gear",
    "image": "images/gear/radio/base_radio_station_m.p3d.jpg"
  },
  {
    "objectName": "cassette.p3d",
    "inGameName": "-",
    "category": "gear",
    "modelType": "Raw P3D",
    "path": "dz/gear/radio",
    "usableOnConsole": false,
    "searchTags": "audio, communication, gear, radio",
    "image": "images/gear/radio/cassette.p3d.jpg"
  },
  {
    "objectName": "megaphone.p3d",
    "inGameName": "Megaphone",
    "category": "gear",
    "modelType": "Raw P3D",
    "path": "dz/gear/radio",
    "usableOnConsole": false,
    "searchTags": "audio, communication, gear, radio",
    "image": "images/gear/radio/megaphone.p3d.jpg"
  },
  {
    "objectName": "unitra_wilga.p3d",
    "inGameName": "Radio",
    "category": "gear",
    "modelType": "Raw P3D",
    "path": "dz/gear/radio",
    "usableOnConsole": false,
    "searchTags": "audio, communication, gear, radio",
    "image": "images/gear/radio/unitra_wilga.p3d.jpg"
  },
  {
    "objectName": "walkietalkie.p3d",
    "inGameName": "-",
    "category": "gear",
    "modelType": "Raw P3D",
    "path": "dz/gear/radio",
    "usableOnConsole": false,
    "searchTags": "audio, communication, gear, radio",
    "image": "images/gear/radio/walkietalkie.p3d.jpg"
  }
]
