[
  {
    "objectName": "PersonalRadio",
    "inGameName": "Handheld Transceiver",
    "category": "gear",
    "modelType": "Config",
    "path": "dz/gear/radio",
    "usableOnConsole": true,
    "searchTags": "audio, communication, gear, handheld, transceiver",
    "image": "images/gear/radio/personalradio.jpg",
    "id": "dzobj_ybef6owl0k"
  },
  {
    "objectName": "BaseRadio",
    "inGameName": "Field Transceiver",
    "category": "gear",
    "modelType": "Config",
    "path": "dz/gear/radio",
    "usableOnConsole": true,
    "searchTags": "audio, communication, field, gear, transceiver",
    "image": "images/gear/radio/baseradio.jpg",
    "id": "dzobj_ubw0gp47rj"
  },
  {
    "objectName": "Megaphone",
    "inGameName": "Megaphone",
    "category": "gear",
    "modelType": "Config",
    "path": "dz/gear/radio",
    "usableOnConsole": true,
    "searchTags": "audio, communication, gear, radio",
    "image": "images/gear/radio/megaphone.jpg",
    "id": "dzobj_oorrb1gc3v"
  },
  {
    "objectName": "Radio",
    "inGameName": "Radio",
    "category": "gear",
    "modelType": "Config",
    "path": "dz/gear/radio",
    "usableOnConsole": true,
    "searchTags": "audio, communication, gear",
    "image": "images/gear/radio/radio.jpg",
    "id": "dzobj_h2nhcf6yty"
  },
  {
    "objectName": "Absolute90s",
    "inGameName": "-",
    "category": "gear",
    "modelType": "Config",
    "path": "dz/gear/radio",
    "usableOnConsole": true,
    "searchTags": "audio, communication, gear, radio",
    "image": "images/gear/radio/absolute90s.jpg",
    "id": "dzobj_2ovsiqy8q9"
  },
  {
    "objectName": "base_radio_station_f.p3d",
    "inGameName": "-",
    "category": "gear",
    "modelType": "Raw P3D",
    "path": "dz/gear/radio",
    "usableOnConsole": false,
    "searchTags": "audio, communication, gear",
    "image": "images/gear/radio/base_radio_station_f.p3d.jpg",
    "id": "dzobj_dn0imng0nb"
  },
  {
    "objectName": "base_radio_station_g.p3d",
    "inGameName": "Field Transceiver",
    "category": "gear",
    "modelType": "Raw P3D",
    "path": "dz/gear/radio",
    "usableOnConsole": false,
    "searchTags": "audio, communication, field, gear, transceiver",
    "image": "images/gear/radio/base_radio_station_g.p3d.jpg",
    "id": "dzobj_ct48oetgs5"
  },
  {
    "objectName": "base_radio_station_m.p3d",
    "inGameName": "-",
    "category": "gear",
    "modelType": "Raw P3D",
    "path": "dz/gear/radio",
    "usableOnConsole": false,
    "searchTags": "audio, communication, gear",
    "image": "images/gear/radio/base_radio_station_m.p3d.jpg",
    "id": "dzobj_8vj9jkfash"
  },
  {
    "objectName": "cassette.p3d",
    "inGameName": "-",
    "category": "gear",
    "modelType": "Raw P3D",
    "path": "dz/gear/radio",
    "usableOnConsole": false,
    "searchTags": "audio, communication, gear, radio",
    "image": "images/gear/radio/cassette.p3d.jpg",
    "id": "dzobj_v5pt4n5jfe"
  },
  {
    "objectName": "megaphone.p3d",
    "inGameName": "Megaphone",
    "category": "gear",
    "modelType": "Raw P3D",
    "path": "dz/gear/radio",
    "usableOnConsole": false,
    "searchTags": "audio, communication, gear, radio",
    "image": "images/gear/radio/megaphone.p3d.jpg",
    "id": "dzobj_fvc9kkqbem"
  },
  {
    "objectName": "unitra_wilga.p3d",
    "inGameName": "Radio",
    "category": "gear",
    "modelType": "Raw P3D",
    "path": "dz/gear/radio",
    "usableOnConsole": false,
    "searchTags": "audio, communication, gear, radio",
    "image": "images/gear/radio/unitra_wilga.p3d.jpg",
    "id": "dzobj_11uihxrw2m"
  },
  {
    "objectName": "walkietalkie.p3d",
    "inGameName": "-",
    "category": "gear",
    "modelType": "Raw P3D",
    "path": "dz/gear/radio",
    "usableOnConsole": false,
    "searchTags": "audio, communication, gear, radio",
    "image": "images/gear/radio/walkietalkie.p3d.jpg",
    "id": "dzobj_mhjh5izpwq"
  }
]
