[
  {
    "objectName": "Shockpistol",
    "inGameName": "Shockpistol",
    "category": "weapons",
    "modelType": "Config",
    "path": "dz/weapons/nonlethal/shockpistol",
    "usableOnConsole": true,
    "searchTags": "nonlethal, weapon, weapons",
    "image": "images/weapons/nonlethal/shockpistol/shockpistol.jpg",
    "id": "dzobj_v00mkvwdrb"
  },
  {
    "objectName": "ProxyShockpistol",
    "inGameName": "-",
    "category": "weapons",
    "modelType": "Config",
    "path": "dz/weapons/nonlethal/shockpistol",
    "usableOnConsole": true,
    "searchTags": "nonlethal, weapon, weapons",
    "image": "images/weapons/nonlethal/shockpistol/proxyshockpistol.jpg",
    "id": "dzobj_cjjb3uxhh9"
  },
  {
    "objectName": "shockpistol.p3d",
    "inGameName": "-",
    "category": "weapons",
    "modelType": "Raw P3D",
    "path": "dz/weapons/nonlethal/shockpistol",
    "usableOnConsole": false,
    "searchTags": "nonlethal, weapon, weapons",
    "image": "images/weapons/nonlethal/shockpistol/shockpistol.p3d.jpg",
    "id": "dzobj_aswhsybeg7"
  }
]
