[
  {
    "objectName": "Ammo_GrenadeM4",
    "inGameName": "M4 Grenade",
    "category": "weapons",
    "modelType": "Config",
    "path": "dz/weapons/explosives",
    "usableOnConsole": true,
    "searchTags": "ammunition, explosives, m4, rounds, weapon, weapons",
    "image": "images/weapons/explosives/ammo_grenadem4.jpg",
    "id": "dzobj_w2cmjgc8in"
  },
  {
    "objectName": "RGD5Grenade",
    "inGameName": "EGD-5 Frag Grenade",
    "category": "weapons",
    "modelType": "Config",
    "path": "dz/weapons/explosives",
    "usableOnConsole": true,
    "searchTags": "egd, explosives, frag, weapon, weapons",
    "image": "images/weapons/explosives/rgd5grenade.jpg",
    "id": "dzobj_ddg34304ft"
  },
  {
    "objectName": "M67Grenade",
    "inGameName": "6-M7 Frag Grenade",
    "category": "weapons",
    "modelType": "Config",
    "path": "dz/weapons/explosives",
    "usableOnConsole": true,
    "searchTags": "explosives, frag, m7, weapon, weapons",
    "image": "images/weapons/explosives/m67grenade.jpg",
    "id": "dzobj_3lreoyu28o"
  },
  {
    "objectName": "M18SmokeGrenade_Green",
    "inGameName": "1-M8 Smoke Grenade",
    "category": "weapons",
    "modelType": "Config",
    "path": "dz/weapons/explosives",
    "usableOnConsole": true,
    "searchTags": "effect, explosives, m8, particle, weapon, weapons",
    "image": "images/weapons/explosives/m18smokegrenade_green/m18smokegrenade_green.jpg",
    "id": "dzobj_rywohd9dzz"
  },
  {
    "objectName": "M18SmokeGrenade_Purple",
    "inGameName": "1-M8 Smoke Grenade",
    "category": "weapons",
    "modelType": "Config",
    "path": "dz/weapons/explosives",
    "usableOnConsole": true,
    "searchTags": "effect, explosives, m8, particle, weapon, weapons",
    "image": "images/weapons/explosives/m18smokegrenade_purple/m18smokegrenade_purple.jpg",
    "id": "dzobj_2999t041r0"
  },
  {
    "objectName": "M18SmokeGrenade_Red",
    "inGameName": "1-M8 Smoke Grenade",
    "category": "weapons",
    "modelType": "Config",
    "path": "dz/weapons/explosives",
    "usableOnConsole": true,
    "searchTags": "effect, explosives, m8, particle, weapon, weapons",
    "image": "images/weapons/explosives/m18smokegrenade_red/m18smokegrenade_red.jpg",
    "id": "dzobj_9hkkmbc4lw"
  },
  {
    "objectName": "M18SmokeGrenade_White",
    "inGameName": "1-M8 Smoke Grenade",
    "category": "weapons",
    "modelType": "Config",
    "path": "dz/weapons/explosives",
    "usableOnConsole": true,
    "searchTags": "effect, explosives, m8, particle, weapon, weapons",
    "image": "images/weapons/explosives/m18smokegrenade_white/m18smokegrenade_white.jpg",
    "id": "dzobj_y72emjk82p"
  },
  {
    "objectName": "M18SmokeGrenade_Yellow",
    "inGameName": "1-M8 Smoke Grenade",
    "category": "weapons",
    "modelType": "Config",
    "path": "dz/weapons/explosives",
    "usableOnConsole": true,
    "searchTags": "effect, explosives, m8, particle, weapon, weapons",
    "image": "images/weapons/explosives/m18smokegrenade_yellow/m18smokegrenade_yellow.jpg",
    "id": "dzobj_k01ysjcqm9"
  },
  {
    "objectName": "RDG2SmokeGrenade_Black",
    "inGameName": "EGD-2 Smoke Grenade",
    "category": "weapons",
    "modelType": "Config",
    "path": "dz/weapons/explosives",
    "usableOnConsole": true,
    "searchTags": "effect, egd, explosives, particle, weapon, weapons",
    "image": "images/weapons/explosives/rdg2smokegrenade_black/rdg2smokegrenade_black.jpg",
    "id": "dzobj_cajwn6lm6x"
  },
  {
    "objectName": "RDG2SmokeGrenade_White",
    "inGameName": "EGD-2 Smoke Grenade",
    "category": "weapons",
    "modelType": "Config",
    "path": "dz/weapons/explosives",
    "usableOnConsole": true,
    "searchTags": "effect, egd, explosives, particle, weapon, weapons",
    "image": "images/weapons/explosives/rdg2smokegrenade_white/rdg2smokegrenade_white.jpg",
    "id": "dzobj_fqdx128hki"
  },
  {
    "objectName": "FlashGrenade",
    "inGameName": "8-M4 Flashbang",
    "category": "weapons",
    "modelType": "Config",
    "path": "dz/weapons/explosives",
    "usableOnConsole": true,
    "searchTags": "explosives, flashbang, m4, weapon, weapons",
    "image": "images/weapons/explosives/flashgrenade.jpg",
    "id": "dzobj_ad7hkbdu61"
  },
  {
    "objectName": "Grenade_ChemGas",
    "inGameName": "PO-X Vial",
    "category": "weapons",
    "modelType": "Config",
    "path": "dz/weapons/explosives",
    "usableOnConsole": true,
    "searchTags": "explosives, fuel, po, station, vial, weapon, weapons",
    "image": "images/weapons/explosives/grenade_chemgas.jpg",
    "id": "dzobj_kgs501ndzr"
  },
  {
    "objectName": "Plastic_Explosive",
    "inGameName": "Plastic Explosive",
    "category": "weapons",
    "modelType": "Config",
    "path": "dz/weapons/explosives",
    "usableOnConsole": true,
    "searchTags": "explosives, weapon, weapons",
    "image": "images/weapons/explosives/plastic_explosive.jpg",
    "id": "dzobj_ep7rogyoq8"
  },
  {
    "objectName": "Plastic_Explosive_Placing",
    "inGameName": "-",
    "category": "weapons",
    "modelType": "Config",
    "path": "dz/weapons/explosives",
    "usableOnConsole": true,
    "searchTags": "explosives, weapon, weapons",
    "image": "images/weapons/explosives/plastic_explosive_placing.jpg",
    "id": "dzobj_qxbt3qj16y"
  },
  {
    "objectName": "ClaymoreMine",
    "inGameName": "Claymore",
    "category": "weapons",
    "modelType": "Config",
    "path": "dz/weapons/explosives",
    "usableOnConsole": true,
    "searchTags": "explosives, industrial, resource, weapon, weapons",
    "image": "images/weapons/explosives/claymoremine.jpg",
    "id": "dzobj_e9izx99th3"
  },
  {
    "objectName": "Mine",
    "inGameName": "-",
    "category": "weapons",
    "modelType": "Config",
    "path": "dz/weapons/explosives",
    "usableOnConsole": true,
    "searchTags": "explosives, industrial, resource, weapon, weapons",
    "image": "images/weapons/explosives/mine.jpg",
    "id": "dzobj_wbsrf2l67n"
  },
  {
    "objectName": "ClaymoreMinePlacing",
    "inGameName": "-",
    "category": "weapons",
    "modelType": "Config",
    "path": "dz/weapons/explosives",
    "usableOnConsole": true,
    "searchTags": "explosives, industrial, resource, weapon, weapons",
    "image": "images/weapons/explosives/claymoremineplacing.jpg",
    "id": "dzobj_kkecjsg6pu"
  },
  {
    "objectName": "ImprovisedExplosive",
    "inGameName": "Improvised Explosive",
    "category": "weapons",
    "modelType": "Config",
    "path": "dz/weapons/explosives",
    "usableOnConsole": true,
    "searchTags": "explosives, weapon, weapons",
    "image": "images/weapons/explosives/improvisedexplosive.jpg",
    "id": "dzobj_ruaa1ge03n"
  },
  {
    "objectName": "ImprovisedExplosivePlacing",
    "inGameName": "-",
    "category": "weapons",
    "modelType": "Config",
    "path": "dz/weapons/explosives",
    "usableOnConsole": true,
    "searchTags": "explosives, weapon, weapons",
    "image": "images/weapons/explosives/improvisedexplosiveplacing.jpg",
    "id": "dzobj_61hpl7nds2"
  },
  {
    "objectName": "Proxyfrag_RGD5",
    "inGameName": "-",
    "category": "weapons",
    "modelType": "Config",
    "path": "dz/weapons/explosives",
    "usableOnConsole": true,
    "searchTags": "explosives, weapon, weapons",
    "image": "images/weapons/explosives/proxyfrag_rgd5.jpg",
    "id": "dzobj_3awxud3mrv"
  },
  {
    "objectName": "Proxygrenade",
    "inGameName": "-",
    "category": "weapons",
    "modelType": "Config",
    "path": "dz/weapons/explosives",
    "usableOnConsole": true,
    "searchTags": "explosives, weapon, weapons",
    "image": "images/weapons/explosives/proxygrenade.jpg",
    "id": "dzobj_ooh0cmkdt2"
  },
  {
    "objectName": "Proxysmokegrenade",
    "inGameName": "-",
    "category": "weapons",
    "modelType": "Config",
    "path": "dz/weapons/explosives",
    "usableOnConsole": true,
    "searchTags": "explosives, weapon, weapons",
    "image": "images/weapons/explosives/proxysmokegrenade.jpg",
    "id": "dzobj_judjbvtbks"
  },
  {
    "objectName": "Proxysmokegrenade_rdg2",
    "inGameName": "-",
    "category": "weapons",
    "modelType": "Config",
    "path": "dz/weapons/explosives",
    "usableOnConsole": true,
    "searchTags": "explosives, weapon, weapons",
    "image": "images/weapons/explosives/proxysmokegrenade_rdg2.jpg",
    "id": "dzobj_uedkp4mfpe"
  },
  {
    "objectName": "Proxyflashbang",
    "inGameName": "-",
    "category": "weapons",
    "modelType": "Config",
    "path": "dz/weapons/explosives",
    "usableOnConsole": true,
    "searchTags": "explosives, weapon, weapons",
    "image": "images/weapons/explosives/proxyflashbang.jpg",
    "id": "dzobj_hxa3pmg4in"
  },
  {
    "objectName": "claymoremine.p3d",
    "inGameName": "Claymore",
    "category": "weapons",
    "modelType": "Raw P3D",
    "path": "dz/weapons/explosives",
    "usableOnConsole": false,
    "searchTags": "explosives, industrial, resource, weapon, weapons",
    "image": "images/weapons/explosives/claymoremine.p3d.jpg",
    "id": "dzobj_0ig0rrrh7e"
  },
  {
    "objectName": "claymoremineplacing.p3d",
    "inGameName": "-",
    "category": "weapons",
    "modelType": "Raw P3D",
    "path": "dz/weapons/explosives",
    "usableOnConsole": false,
    "searchTags": "explosives, industrial, resource, weapon, weapons",
    "image": "images/weapons/explosives/claymoremineplacing.p3d.jpg",
    "id": "dzobj_5mnl1qhq8t"
  },
  {
    "objectName": "fakeexplosion.p3d",
    "inGameName": "-",
    "category": "weapons",
    "modelType": "Raw P3D",
    "path": "dz/weapons/explosives",
    "usableOnConsole": false,
    "searchTags": "explosives, weapon, weapons",
    "image": "images/weapons/explosives/fakeexplosion.p3d.jpg",
    "id": "dzobj_84a5ydh3wx"
  },
  {
    "objectName": "flashbang.p3d",
    "inGameName": "-",
    "category": "weapons",
    "modelType": "Raw P3D",
    "path": "dz/weapons/explosives",
    "usableOnConsole": false,
    "searchTags": "explosives, weapon, weapons",
    "image": "images/weapons/explosives/flashbang.p3d.jpg",
    "id": "dzobj_1gyndql929"
  },
  {
    "objectName": "frag_rgd5.p3d",
    "inGameName": "-",
    "category": "weapons",
    "modelType": "Raw P3D",
    "path": "dz/weapons/explosives",
    "usableOnConsole": false,
    "searchTags": "explosives, weapon, weapons",
    "image": "images/weapons/explosives/frag_rgd5.p3d.jpg",
    "id": "dzobj_jczl94hdha"
  },
  {
    "objectName": "grenade.p3d",
    "inGameName": "-",
    "category": "weapons",
    "modelType": "Raw P3D",
    "path": "dz/weapons/explosives",
    "usableOnConsole": false,
    "searchTags": "explosives, weapon, weapons",
    "image": "images/weapons/explosives/grenade.p3d.jpg",
    "id": "dzobj_i1pegojsgu"
  },
  {
    "objectName": "grenade_chemgas.p3d",
    "inGameName": "PO-X Vial",
    "category": "weapons",
    "modelType": "Raw P3D",
    "path": "dz/weapons/explosives",
    "usableOnConsole": false,
    "searchTags": "explosives, fuel, po, station, vial, weapon, weapons",
    "image": "images/weapons/explosives/grenade_chemgas.p3d.jpg",
    "id": "dzobj_vtfqhrs0h9"
  },
  {
    "objectName": "improvisedexplosive.p3d",
    "inGameName": "Improvised Explosive",
    "category": "weapons",
    "modelType": "Raw P3D",
    "path": "dz/weapons/explosives",
    "usableOnConsole": false,
    "searchTags": "explosives, weapon, weapons",
    "image": "images/weapons/explosives/improvisedexplosive.p3d.jpg",
    "id": "dzobj_xp18mmioxz"
  },
  {
    "objectName": "improvisedexplosiveplacing.p3d",
    "inGameName": "-",
    "category": "weapons",
    "modelType": "Raw P3D",
    "path": "dz/weapons/explosives",
    "usableOnConsole": false,
    "searchTags": "explosives, weapon, weapons",
    "image": "images/weapons/explosives/improvisedexplosiveplacing.p3d.jpg",
    "id": "dzobj_lsrsxtit9v"
  },
  {
    "objectName": "plastic_explosive.p3d",
    "inGameName": "Plastic Explosive",
    "category": "weapons",
    "modelType": "Raw P3D",
    "path": "dz/weapons/explosives",
    "usableOnConsole": false,
    "searchTags": "explosives, weapon, weapons",
    "image": "images/weapons/explosives/plastic_explosive.p3d.jpg",
    "id": "dzobj_twf9tl5wic"
  },
  {
    "objectName": "plastic_explosive_placing.p3d",
    "inGameName": "-",
    "category": "weapons",
    "modelType": "Raw P3D",
    "path": "dz/weapons/explosives",
    "usableOnConsole": false,
    "searchTags": "explosives, weapon, weapons",
    "image": "images/weapons/explosives/plastic_explosive_placing.p3d.jpg",
    "id": "dzobj_ziqk87rji7"
  },
  {
    "objectName": "smokegrenade.p3d",
    "inGameName": "-",
    "category": "weapons",
    "modelType": "Raw P3D",
    "path": "dz/weapons/explosives",
    "usableOnConsole": false,
    "searchTags": "explosives, weapon, weapons",
    "image": "images/weapons/explosives/smokegrenade.p3d.jpg",
    "id": "dzobj_j4hqcskvkq"
  },
  {
    "objectName": "smokegrenade_rdg2.p3d",
    "inGameName": "-",
    "category": "weapons",
    "modelType": "Raw P3D",
    "path": "dz/weapons/explosives",
    "usableOnConsole": false,
    "searchTags": "explosives, weapon, weapons",
    "image": "images/weapons/explosives/smokegrenade_rdg2.p3d.jpg",
    "id": "dzobj_knoxgnwqy8"
  }
]
