[
  {
    "objectName": "Ammo_GrenadeM4",
    "inGameName": "M4 Grenade",
    "category": "weapons",
    "modelType": "Config",
    "path": "dz/weapons/explosives",
    "usableOnConsole": true,
    "searchTags": "ammunition, explosives, m4, rounds, weapon, weapons",
    "image": "images/weapons/explosives/ammo_grenadem4.jpg"
  },
  {
    "objectName": "RGD5Grenade",
    "inGameName": "EGD-5 Frag Grenade",
    "category": "weapons",
    "modelType": "Config",
    "path": "dz/weapons/explosives",
    "usableOnConsole": true,
    "searchTags": "egd, explosives, frag, weapon, weapons",
    "image": "images/weapons/explosives/rgd5grenade.jpg"
  },
  {
    "objectName": "M67Grenade",
    "inGameName": "6-M7 Frag Grenade",
    "category": "weapons",
    "modelType": "Config",
    "path": "dz/weapons/explosives",
    "usableOnConsole": true,
    "searchTags": "explosives, frag, m7, weapon, weapons",
    "image": "images/weapons/explosives/m67grenade.jpg"
  },
  {
    "objectName": "M18SmokeGrenade_Green",
    "inGameName": "1-M8 Smoke Grenade",
    "category": "weapons",
    "modelType": "Config",
    "path": "dz/weapons/explosives",
    "usableOnConsole": true,
    "searchTags": "effect, explosives, m8, particle, weapon, weapons",
    "image": "images/weapons/explosives/m18smokegrenade_green/m18smokegrenade_green.jpg"
  },
  {
    "objectName": "M18SmokeGrenade_Purple",
    "inGameName": "1-M8 Smoke Grenade",
    "category": "weapons",
    "modelType": "Config",
    "path": "dz/weapons/explosives",
    "usableOnConsole": true,
    "searchTags": "effect, explosives, m8, particle, weapon, weapons",
    "image": "images/weapons/explosives/m18smokegrenade_purple/m18smokegrenade_purple.jpg"
  },
  {
    "objectName": "M18SmokeGrenade_Red",
    "inGameName": "1-M8 Smoke Grenade",
    "category": "weapons",
    "modelType": "Config",
    "path": "dz/weapons/explosives",
    "usableOnConsole": true,
    "searchTags": "effect, explosives, m8, particle, weapon, weapons",
    "image": "images/weapons/explosives/m18smokegrenade_red/m18smokegrenade_red.jpg"
  },
  {
    "objectName": "M18SmokeGrenade_White",
    "inGameName": "1-M8 Smoke Grenade",
    "category": "weapons",
    "modelType": "Config",
    "path": "dz/weapons/explosives",
    "usableOnConsole": true,
    "searchTags": "effect, explosives, m8, particle, weapon, weapons",
    "image": "images/weapons/explosives/m18smokegrenade_white/m18smokegrenade_white.jpg"
  },
  {
    "objectName": "M18SmokeGrenade_Yellow",
    "inGameName": "1-M8 Smoke Grenade",
    "category": "weapons",
    "modelType": "Config",
    "path": "dz/weapons/explosives",
    "usableOnConsole": true,
    "searchTags": "effect, explosives, m8, particle, weapon, weapons",
    "image": "images/weapons/explosives/m18smokegrenade_yellow/m18smokegrenade_yellow.jpg"
  },
  {
    "objectName": "RDG2SmokeGrenade_Black",
    "inGameName": "EGD-2 Smoke Grenade",
    "category": "weapons",
    "modelType": "Config",
    "path": "dz/weapons/explosives",
    "usableOnConsole": true,
    "searchTags": "effect, egd, explosives, particle, weapon, weapons",
    "image": "images/weapons/explosives/rdg2smokegrenade_black/rdg2smokegrenade_black.jpg"
  },
  {
    "objectName": "RDG2SmokeGrenade_White",
    "inGameName": "EGD-2 Smoke Grenade",
    "category": "weapons",
    "modelType": "Config",
    "path": "dz/weapons/explosives",
    "usableOnConsole": true,
    "searchTags": "effect, egd, explosives, particle, weapon, weapons",
    "image": "images/weapons/explosives/rdg2smokegrenade_white/rdg2smokegrenade_white.jpg"
  },
  {
    "objectName": "FlashGrenade",
    "inGameName": "8-M4 Flashbang",
    "category": "weapons",
    "modelType": "Config",
    "path": "dz/weapons/explosives",
    "usableOnConsole": true,
    "searchTags": "explosives, flashbang, m4, weapon, weapons",
    "image": "images/weapons/explosives/flashgrenade.jpg"
  },
  {
    "objectName": "Grenade_ChemGas",
    "inGameName": "PO-X Vial",
    "category": "weapons",
    "modelType": "Config",
    "path": "dz/weapons/explosives",
    "usableOnConsole": true,
    "searchTags": "explosives, fuel, po, station, vial, weapon, weapons",
    "image": "images/weapons/explosives/grenade_chemgas.jpg"
  },
  {
    "objectName": "Plastic_Explosive",
    "inGameName": "Plastic Explosive",
    "category": "weapons",
    "modelType": "Config",
    "path": "dz/weapons/explosives",
    "usableOnConsole": true,
    "searchTags": "explosives, weapon, weapons",
    "image": "images/weapons/explosives/plastic_explosive.jpg"
  },
  {
    "objectName": "Plastic_Explosive_Placing",
    "inGameName": "-",
    "category": "weapons",
    "modelType": "Config",
    "path": "dz/weapons/explosives",
    "usableOnConsole": true,
    "searchTags": "explosives, weapon, weapons",
    "image": "images/weapons/explosives/plastic_explosive_placing.jpg"
  },
  {
    "objectName": "ClaymoreMine",
    "inGameName": "Claymore",
    "category": "weapons",
    "modelType": "Config",
    "path": "dz/weapons/explosives",
    "usableOnConsole": true,
    "searchTags": "explosives, industrial, resource, weapon, weapons",
    "image": "images/weapons/explosives/claymoremine.jpg"
  },
  {
    "objectName": "Mine",
    "inGameName": "-",
    "category": "weapons",
    "modelType": "Config",
    "path": "dz/weapons/explosives",
    "usableOnConsole": true,
    "searchTags": "explosives, industrial, resource, weapon, weapons",
    "image": "images/weapons/explosives/mine.jpg"
  },
  {
    "objectName": "ClaymoreMinePlacing",
    "inGameName": "-",
    "category": "weapons",
    "modelType": "Config",
    "path": "dz/weapons/explosives",
    "usableOnConsole": true,
    "searchTags": "explosives, industrial, resource, weapon, weapons",
    "image": "images/weapons/explosives/claymoremineplacing.jpg"
  },
  {
    "objectName": "ImprovisedExplosive",
    "inGameName": "Improvised Explosive",
    "category": "weapons",
    "modelType": "Config",
    "path": "dz/weapons/explosives",
    "usableOnConsole": true,
    "searchTags": "explosives, weapon, weapons",
    "image": "images/weapons/explosives/improvisedexplosive.jpg"
  },
  {
    "objectName": "ImprovisedExplosivePlacing",
    "inGameName": "-",
    "category": "weapons",
    "modelType": "Config",
    "path": "dz/weapons/explosives",
    "usableOnConsole": true,
    "searchTags": "explosives, weapon, weapons",
    "image": "images/weapons/explosives/improvisedexplosiveplacing.jpg"
  },
  {
    "objectName": "Proxyfrag_RGD5",
    "inGameName": "-",
    "category": "weapons",
    "modelType": "Config",
    "path": "dz/weapons/explosives",
    "usableOnConsole": true,
    "searchTags": "explosives, weapon, weapons",
    "image": "images/weapons/explosives/proxyfrag_rgd5.jpg"
  },
  {
    "objectName": "Proxygrenade",
    "inGameName": "-",
    "category": "weapons",
    "modelType": "Config",
    "path": "dz/weapons/explosives",
    "usableOnConsole": true,
    "searchTags": "explosives, weapon, weapons",
    "image": "images/weapons/explosives/proxygrenade.jpg"
  },
  {
    "objectName": "Proxysmokegrenade",
    "inGameName": "-",
    "category": "weapons",
    "modelType": "Config",
    "path": "dz/weapons/explosives",
    "usableOnConsole": true,
    "searchTags": "explosives, weapon, weapons",
    "image": "images/weapons/explosives/proxysmokegrenade.jpg"
  },
  {
    "objectName": "Proxysmokegrenade_rdg2",
    "inGameName": "-",
    "category": "weapons",
    "modelType": "Config",
    "path": "dz/weapons/explosives",
    "usableOnConsole": true,
    "searchTags": "explosives, weapon, weapons",
    "image": "images/weapons/explosives/proxysmokegrenade_rdg2.jpg"
  },
  {
    "objectName": "Proxyflashbang",
    "inGameName": "-",
    "category": "weapons",
    "modelType": "Config",
    "path": "dz/weapons/explosives",
    "usableOnConsole": true,
    "searchTags": "explosives, weapon, weapons",
    "image": "images/weapons/explosives/proxyflashbang.jpg"
  },
  {
    "objectName": "claymoremine.p3d",
    "inGameName": "Claymore",
    "category": "weapons",
    "modelType": "Raw P3D",
    "path": "dz/weapons/explosives",
    "usableOnConsole": false,
    "searchTags": "explosives, industrial, resource, weapon, weapons",
    "image": "images/weapons/explosives/claymoremine.p3d.jpg"
  },
  {
    "objectName": "claymoremineplacing.p3d",
    "inGameName": "-",
    "category": "weapons",
    "modelType": "Raw P3D",
    "path": "dz/weapons/explosives",
    "usableOnConsole": false,
    "searchTags": "explosives, industrial, resource, weapon, weapons",
    "image": "images/weapons/explosives/claymoremineplacing.p3d.jpg"
  },
  {
    "objectName": "fakeexplosion.p3d",
    "inGameName": "-",
    "category": "weapons",
    "modelType": "Raw P3D",
    "path": "dz/weapons/explosives",
    "usableOnConsole": false,
    "searchTags": "explosives, weapon, weapons",
    "image": "images/weapons/explosives/fakeexplosion.p3d.jpg"
  },
  {
    "objectName": "flashbang.p3d",
    "inGameName": "-",
    "category": "weapons",
    "modelType": "Raw P3D",
    "path": "dz/weapons/explosives",
    "usableOnConsole": false,
    "searchTags": "explosives, weapon, weapons",
    "image": "images/weapons/explosives/flashbang.p3d.jpg"
  },
  {
    "objectName": "frag_rgd5.p3d",
    "inGameName": "-",
    "category": "weapons",
    "modelType": "Raw P3D",
    "path": "dz/weapons/explosives",
    "usableOnConsole": false,
    "searchTags": "explosives, weapon, weapons",
    "image": "images/weapons/explosives/frag_rgd5.p3d.jpg"
  },
  {
    "objectName": "grenade.p3d",
    "inGameName": "-",
    "category": "weapons",
    "modelType": "Raw P3D",
    "path": "dz/weapons/explosives",
    "usableOnConsole": false,
    "searchTags": "explosives, weapon, weapons",
    "image": "images/weapons/explosives/grenade.p3d.jpg"
  },
  {
    "objectName": "grenade_chemgas.p3d",
    "inGameName": "PO-X Vial",
    "category": "weapons",
    "modelType": "Raw P3D",
    "path": "dz/weapons/explosives",
    "usableOnConsole": false,
    "searchTags": "explosives, fuel, po, station, vial, weapon, weapons",
    "image": "images/weapons/explosives/grenade_chemgas.p3d.jpg"
  },
  {
    "objectName": "improvisedexplosive.p3d",
    "inGameName": "Improvised Explosive",
    "category": "weapons",
    "modelType": "Raw P3D",
    "path": "dz/weapons/explosives",
    "usableOnConsole": false,
    "searchTags": "explosives, weapon, weapons",
    "image": "images/weapons/explosives/improvisedexplosive.p3d.jpg"
  },
  {
    "objectName": "improvisedexplosiveplacing.p3d",
    "inGameName": "-",
    "category": "weapons",
    "modelType": "Raw P3D",
    "path": "dz/weapons/explosives",
    "usableOnConsole": false,
    "searchTags": "explosives, weapon, weapons",
    "image": "images/weapons/explosives/improvisedexplosiveplacing.p3d.jpg"
  },
  {
    "objectName": "plastic_explosive.p3d",
    "inGameName": "Plastic Explosive",
    "category": "weapons",
    "modelType": "Raw P3D",
    "path": "dz/weapons/explosives",
    "usableOnConsole": false,
    "searchTags": "explosives, weapon, weapons",
    "image": "images/weapons/explosives/plastic_explosive.p3d.jpg"
  },
  {
    "objectName": "plastic_explosive_placing.p3d",
    "inGameName": "-",
    "category": "weapons",
    "modelType": "Raw P3D",
    "path": "dz/weapons/explosives",
    "usableOnConsole": false,
    "searchTags": "explosives, weapon, weapons",
    "image": "images/weapons/explosives/plastic_explosive_placing.p3d.jpg"
  },
  {
    "objectName": "smokegrenade.p3d",
    "inGameName": "-",
    "category": "weapons",
    "modelType": "Raw P3D",
    "path": "dz/weapons/explosives",
    "usableOnConsole": false,
    "searchTags": "explosives, weapon, weapons",
    "image": "images/weapons/explosives/smokegrenade.p3d.jpg"
  },
  {
    "objectName": "smokegrenade_rdg2.p3d",
    "inGameName": "-",
    "category": "weapons",
    "modelType": "Raw P3D",
    "path": "dz/weapons/explosives",
    "usableOnConsole": false,
    "searchTags": "explosives, weapon, weapons",
    "image": "images/weapons/explosives/smokegrenade_rdg2.p3d.jpg"
  }
]
