[
  {
    "objectName": "StaticObj_Furniture_Dhangar_brownskrin_old",
    "inGameName": "-",
    "category": "structures",
    "modelType": "Config",
    "path": "dz/structures/furniture/cases/dhangar_borwnskrin_old",
    "usableOnConsole": true,
    "searchTags": "borwnskrin, decoration",
    "image": "images/structures/furniture/cases/dhangar_borwnskrin_old/staticobj_furniture_dhangar_brownskrin_old.jpg",
    "id": "dzobj_i8m6w85rg1"
  },
  {
    "objectName": "dhangar_brownskrin_old.p3d",
    "inGameName": "-",
    "category": "structures",
    "modelType": "Raw P3D",
    "path": "dz/structures/furniture/cases/dhangar_borwnskrin_old",
    "usableOnConsole": false,
    "searchTags": "borwnskrin, decoration, furniture",
    "image": "images/structures/furniture/cases/dhangar_borwnskrin_old/dhangar_brownskrin_old.p3d.jpg",
    "id": "dzobj_z99fx6lz34"
  }
]
