[
  {
    "objectName": "bridge_concrete1_25.p3d",
    "inGameName": "-",
    "category": "structures_bliss",
    "modelType": "Raw P3D",
    "path": "dz/structures_bliss/roads/bridges",
    "usableOnConsole": false,
    "searchTags": "",
    "image": "images/structures_bliss/roads/bridges/bridge_concrete1_25.jpg"
  },
  {
    "objectName": "bridge_concrete1_left.p3d",
    "inGameName": "-",
    "category": "structures_bliss",
    "modelType": "Raw P3D",
    "path": "dz/structures_bliss/roads/bridges",
    "usableOnConsole": false,
    "searchTags": "",
    "image": "images/structures_bliss/roads/bridges/bridge_concrete1_left.jpg"
  },
  {
    "objectName": "bridge_concrete1_right.p3d",
    "inGameName": "-",
    "category": "structures_bliss",
    "modelType": "Raw P3D",
    "path": "dz/structures_bliss/roads/bridges",
    "usableOnConsole": false,
    "searchTags": "",
    "image": "images/structures_bliss/roads/bridges/bridge_concrete1_right.jpg"
  },
  {
    "objectName": "bridge_concrete2_25.p3d",
    "inGameName": "-",
    "category": "structures_bliss",
    "modelType": "Raw P3D",
    "path": "dz/structures_bliss/roads/bridges",
    "usableOnConsole": false,
    "searchTags": "",
    "image": "images/structures_bliss/roads/bridges/bridge_concrete2_25.jpg"
  },
  {
    "objectName": "bridge_concrete2_left.p3d",
    "inGameName": "-",
    "category": "structures_bliss",
    "modelType": "Raw P3D",
    "path": "dz/structures_bliss/roads/bridges",
    "usableOnConsole": false,
    "searchTags": "",
    "image": "images/structures_bliss/roads/bridges/bridge_concrete2_left.jpg"
  },
  {
    "objectName": "bridge_concrete2_right.p3d",
    "inGameName": "-",
    "category": "structures_bliss",
    "modelType": "Raw P3D",
    "path": "dz/structures_bliss/roads/bridges",
    "usableOnConsole": false,
    "searchTags": "",
    "image": "images/structures_bliss/roads/bridges/bridge_concrete2_right.jpg"
  }
]
