[
  {
    "objectName": "Ammo_HuntingBolt",
    "inGameName": "Bolt",
    "category": "weapons",
    "modelType": "Config",
    "path": "dz/weapons/projectiles",
    "usableOnConsole": true,
    "searchTags": "ammunition, projectiles, rounds, weapon, weapons",
    "image": "images/weapons/projectiles/ammo_huntingbolt.jpg",
    "id": "dzobj_wpc86h0f5f"
  },
  {
    "objectName": "Ammo_ImprovisedBolt_1",
    "inGameName": "Improvised Bolt",
    "category": "weapons",
    "modelType": "Config",
    "path": "dz/weapons/projectiles",
    "usableOnConsole": true,
    "searchTags": "ammunition, projectiles, rounds, weapon, weapons",
    "image": "images/weapons/projectiles/ammo_improvisedbolt_1.jpg",
    "id": "dzobj_bhb6hh1lj8"
  },
  {
    "objectName": "Ammo_ImprovisedBolt_2",
    "inGameName": "Improvised Bolt",
    "category": "weapons",
    "modelType": "Config",
    "path": "dz/weapons/projectiles",
    "usableOnConsole": true,
    "searchTags": "ammunition, projectiles, rounds, weapon, weapons",
    "image": "images/weapons/projectiles/ammo_improvisedbolt_2.jpg",
    "id": "dzobj_n2eeqm4hvi"
  },
  {
    "objectName": "Ammo_CupidsBolt",
    "inGameName": "Cupid's Bolt",
    "category": "weapons",
    "modelType": "Config",
    "path": "dz/weapons/projectiles",
    "usableOnConsole": true,
    "searchTags": "ammunition, cupid, projectiles, rounds, weapon, weapons",
    "image": "images/weapons/projectiles/ammo_cupidsbolt.jpg",
    "id": "dzobj_lg8qsx2hbn"
  },
  {
    "objectName": "Bullet_12GaugeRubberSlug",
    "inGameName": "-",
    "category": "weapons",
    "modelType": "Config",
    "path": "dz/weapons/projectiles",
    "usableOnConsole": true,
    "searchTags": "projectiles, weapon, weapons",
    "image": "images/weapons/projectiles/bullet_12gaugerubberslug.jpg",
    "id": "dzobj_67nlnucya3"
  },
  {
    "objectName": "Bullet_12GaugeBeanbag",
    "inGameName": "-",
    "category": "weapons",
    "modelType": "Config",
    "path": "dz/weapons/projectiles",
    "usableOnConsole": true,
    "searchTags": "projectiles, weapon, weapons",
    "image": "images/weapons/projectiles/bullet_12gaugebeanbag.jpg",
    "id": "dzobj_n4ioydyvt5"
  },
  {
    "objectName": "Bullet_556x45Tracer",
    "inGameName": "-",
    "category": "weapons",
    "modelType": "Config",
    "path": "dz/weapons/projectiles",
    "usableOnConsole": true,
    "searchTags": "projectiles, weapon, weapons, m4, nato",
    "image": "images/weapons/projectiles/bullet_556x45tracer.jpg",
    "id": "dzobj_cwnqhjh41n"
  },
  {
    "objectName": "Bullet_545x39Tracer",
    "inGameName": "-",
    "category": "weapons",
    "modelType": "Config",
    "path": "dz/weapons/projectiles",
    "usableOnConsole": true,
    "searchTags": "projectiles, weapon, weapons, AK",
    "image": "images/weapons/projectiles/bullet_545x39tracer.jpg",
    "id": "dzobj_ewwullcjm8"
  },
  {
    "objectName": "Bullet_762x54Tracer",
    "inGameName": "-",
    "category": "weapons",
    "modelType": "Config",
    "path": "dz/weapons/projectiles",
    "usableOnConsole": true,
    "searchTags": "projectiles, weapon, weapons, mosin, rounds",
    "image": "images/weapons/projectiles/bullet_762x54tracer.jpg",
    "id": "dzobj_jspo1yhkam"
  },
  {
    "objectName": "Bullet_308WinTracer",
    "inGameName": "-",
    "category": "weapons",
    "modelType": "Config",
    "path": "dz/weapons/projectiles",
    "usableOnConsole": true,
    "searchTags": "projectiles, weapon, weapons",
    "image": "images/weapons/projectiles/bullet_308wintracer.jpg",
    "id": "dzobj_k5dwmbbu6t"
  },
  {
    "objectName": "Bullet_762x39Tracer",
    "inGameName": "-",
    "category": "weapons",
    "modelType": "Config",
    "path": "dz/weapons/projectiles",
    "usableOnConsole": true,
    "searchTags": "projectiles, weapon, weapons, sks, akm",
    "image": "images/weapons/projectiles/bullet_762x39tracer.jpg",
    "id": "dzobj_nhktq34r1g"
  },
  {
    "objectName": "Bullet_HuntingBolt",
    "inGameName": "-",
    "category": "weapons",
    "modelType": "Config",
    "path": "dz/weapons/projectiles",
    "usableOnConsole": true,
    "searchTags": "projectiles, weapon, weapons",
    "image": "images/weapons/projectiles/bullet_huntingbolt.jpg",
    "id": "dzobj_68fa812oj8"
  },
  {
    "objectName": "Bullet_ImprovisedBolt_1",
    "inGameName": "-",
    "category": "weapons",
    "modelType": "Config",
    "path": "dz/weapons/projectiles",
    "usableOnConsole": true,
    "searchTags": "projectiles, weapon, weapons",
    "image": "images/weapons/projectiles/bullet_improvisedbolt_1.jpg",
    "id": "dzobj_dvjwakcc0t"
  },
  {
    "objectName": "Bullet_ImprovisedBolt_2",
    "inGameName": "-",
    "category": "weapons",
    "modelType": "Config",
    "path": "dz/weapons/projectiles",
    "usableOnConsole": true,
    "searchTags": "projectiles, weapon, weapons",
    "image": "images/weapons/projectiles/bullet_improvisedbolt_2.jpg",
    "id": "dzobj_6qnqgd1c7b"
  },
  {
    "objectName": "Bullet_CupidsBolt",
    "inGameName": "-",
    "category": "weapons",
    "modelType": "Config",
    "path": "dz/weapons/projectiles",
    "usableOnConsole": true,
    "searchTags": "projectiles, weapon, weapons",
    "image": "images/weapons/projectiles/bullet_cupidsbolt.jpg",
    "id": "dzobj_h0vy6g7nkz"
  },
  {
    "objectName": "Dart_Syringe",
    "inGameName": "-",
    "category": "weapons",
    "modelType": "Config",
    "path": "dz/weapons/projectiles",
    "usableOnConsole": true,
    "searchTags": "projectiles, weapon, weapons",
    "image": "images/weapons/projectiles/dart_syringe.jpg",
    "id": "dzobj_swthpjzyer"
  },
  {
    "objectName": "Bullet_Flare",
    "inGameName": "-",
    "category": "weapons",
    "modelType": "Config",
    "path": "dz/weapons/projectiles",
    "usableOnConsole": true,
    "searchTags": "projectiles, weapon, weapons",
    "image": "images/weapons/projectiles/bullet_flare.jpg",
    "id": "dzobj_5u3wuiq9zl"
  },
  {
    "objectName": "Bullet_40mm_Base",
    "inGameName": "-",
    "category": "weapons",
    "modelType": "Config",
    "path": "dz/weapons/projectiles",
    "usableOnConsole": true,
    "searchTags": "projectiles, weapon, weapons",
    "image": "images/weapons/projectiles/bullet_40mm_base.jpg",
    "id": "dzobj_hfb2jiuj9j"
  },
  {
    "objectName": "Bullet_40mm_ChemGas",
    "inGameName": "-",
    "category": "weapons",
    "modelType": "Config",
    "path": "dz/weapons/projectiles",
    "usableOnConsole": true,
    "searchTags": "fuel, projectiles, station, weapon, weapons",
    "image": "images/weapons/projectiles/bullet_40mm_chemgas.jpg",
    "id": "dzobj_e9k1usw7j6"
  },
  {
    "objectName": "Bullet_40mm_Smoke_Red",
    "inGameName": "-",
    "category": "weapons",
    "modelType": "Config",
    "path": "dz/weapons/projectiles",
    "usableOnConsole": true,
    "searchTags": "effect, particle, projectiles, weapon, weapons",
    "image": "images/weapons/projectiles/bullet_40mm_smoke_red.jpg",
    "id": "dzobj_okkuemcsdf"
  },
  {
    "objectName": "Bullet_40mm_Smoke_Green",
    "inGameName": "-",
    "category": "weapons",
    "modelType": "Config",
    "path": "dz/weapons/projectiles",
    "usableOnConsole": true,
    "searchTags": "effect, particle, projectiles, weapon, weapons",
    "image": "images/weapons/projectiles/bullet_40mm_smoke_green.jpg",
    "id": "dzobj_ee78hmjh9j"
  },
  {
    "objectName": "Bullet_40mm_Smoke_White",
    "inGameName": "-",
    "category": "weapons",
    "modelType": "Config",
    "path": "dz/weapons/projectiles",
    "usableOnConsole": true,
    "searchTags": "effect, particle, projectiles, weapon, weapons",
    "image": "images/weapons/projectiles/bullet_40mm_smoke_white.jpg",
    "id": "dzobj_f1x4ocysto"
  },
  {
    "objectName": "Bullet_40mm_Smoke_Black",
    "inGameName": "-",
    "category": "weapons",
    "modelType": "Config",
    "path": "dz/weapons/projectiles",
    "usableOnConsole": true,
    "searchTags": "effect, particle, projectiles, weapon, weapons",
    "image": "images/weapons/projectiles/bullet_40mm_smoke_black.jpg",
    "id": "dzobj_4kh5b6immy"
  },
  {
    "objectName": "FxCartridge",
    "inGameName": "-",
    "category": "weapons",
    "modelType": "Config",
    "path": "dz/weapons/projectiles",
    "usableOnConsole": true,
    "searchTags": "projectiles, weapon, weapons",
    "image": "images/weapons/projectiles/fxcartridge.jpg",
    "id": "dzobj_u8vq3vdr64"
  },
  {
    "objectName": "FxCartridge_Small",
    "inGameName": "-",
    "category": "weapons",
    "modelType": "Config",
    "path": "dz/weapons/projectiles",
    "usableOnConsole": true,
    "searchTags": "projectiles, weapon, weapons",
    "image": "images/weapons/projectiles/fxcartridge_small.jpg",
    "id": "dzobj_py7r4imnss"
  },
  {
    "objectName": "FxCartridge_357",
    "inGameName": "-",
    "category": "weapons",
    "modelType": "Config",
    "path": "dz/weapons/projectiles",
    "usableOnConsole": true,
    "searchTags": "projectiles, weapon, weapons",
    "image": "images/weapons/projectiles/fxcartridge_357.jpg",
    "id": "dzobj_93f8ghq9k3"
  },
  {
    "objectName": "FxCartridge_762",
    "inGameName": "-",
    "category": "weapons",
    "modelType": "Config",
    "path": "dz/weapons/projectiles",
    "usableOnConsole": true,
    "searchTags": "projectiles, weapon, weapons",
    "image": "images/weapons/projectiles/fxcartridge_762.jpg",
    "id": "dzobj_gkyo5iljai"
  },
  {
    "objectName": "FxCartridge_762x39",
    "inGameName": "-",
    "category": "weapons",
    "modelType": "Config",
    "path": "dz/weapons/projectiles",
    "usableOnConsole": true,
    "searchTags": "projectiles, weapon, weapons",
    "image": "images/weapons/projectiles/fxcartridge_762x39.jpg",
    "id": "dzobj_4v7fbf68t2"
  },
  {
    "objectName": "FxCartridge_12Pellet",
    "inGameName": "-",
    "category": "weapons",
    "modelType": "Config",
    "path": "dz/weapons/projectiles",
    "usableOnConsole": true,
    "searchTags": "projectiles, weapon, weapons",
    "image": "images/weapons/projectiles/fxcartridge_12pellet.jpg",
    "id": "dzobj_gzs2rx0q00"
  },
  {
    "objectName": "FxCartridge_12Slug",
    "inGameName": "-",
    "category": "weapons",
    "modelType": "Config",
    "path": "dz/weapons/projectiles",
    "usableOnConsole": true,
    "searchTags": "projectiles, weapon, weapons",
    "image": "images/weapons/projectiles/fxcartridge_12slug.jpg",
    "id": "dzobj_pyu2kt851f"
  },
  {
    "objectName": "FxCartridge_12RubberSlug",
    "inGameName": "-",
    "category": "weapons",
    "modelType": "Config",
    "path": "dz/weapons/projectiles",
    "usableOnConsole": true,
    "searchTags": "projectiles, weapon, weapons",
    "image": "images/weapons/projectiles/fxcartridge_12rubberslug.jpg",
    "id": "dzobj_szby9n9mmk"
  },
  {
    "objectName": "FxCartridge_12Beanbag",
    "inGameName": "-",
    "category": "weapons",
    "modelType": "Config",
    "path": "dz/weapons/projectiles",
    "usableOnConsole": true,
    "searchTags": "projectiles, weapon, weapons",
    "image": "images/weapons/projectiles/fxcartridge_12beanbag.jpg",
    "id": "dzobj_p8h7ex5q4l"
  },
  {
    "objectName": "FxCartridge_22",
    "inGameName": "-",
    "category": "weapons",
    "modelType": "Config",
    "path": "dz/weapons/projectiles",
    "usableOnConsole": true,
    "searchTags": "projectiles, weapon, weapons",
    "image": "images/weapons/projectiles/fxcartridge_22.jpg",
    "id": "dzobj_cb0klfiv98"
  },
  {
    "objectName": "FxCartridge_Flare",
    "inGameName": "-",
    "category": "weapons",
    "modelType": "Config",
    "path": "dz/weapons/projectiles",
    "usableOnConsole": true,
    "searchTags": "projectiles, weapon, weapons",
    "image": "images/weapons/projectiles/fxcartridge_flare.jpg",
    "id": "dzobj_5r3l0z54fq"
  },
  {
    "objectName": "FxCartridge_Flare_Red",
    "inGameName": "-",
    "category": "weapons",
    "modelType": "Config",
    "path": "dz/weapons/projectiles",
    "usableOnConsole": true,
    "searchTags": "projectiles, weapon, weapons",
    "image": "images/weapons/projectiles/fxcartridge_flare_red.jpg",
    "id": "dzobj_3ysvkfg6mg"
  },
  {
    "objectName": "FxCartridge_Flare_Green",
    "inGameName": "-",
    "category": "weapons",
    "modelType": "Config",
    "path": "dz/weapons/projectiles",
    "usableOnConsole": true,
    "searchTags": "projectiles, weapon, weapons",
    "image": "images/weapons/projectiles/fxcartridge_flare_green.jpg",
    "id": "dzobj_2az0t9n7vl"
  },
  {
    "objectName": "FxCartridge_Flare_Blue",
    "inGameName": "-",
    "category": "weapons",
    "modelType": "Config",
    "path": "dz/weapons/projectiles",
    "usableOnConsole": true,
    "searchTags": "projectiles, weapon, weapons",
    "image": "images/weapons/projectiles/fxcartridge_flare_blue.jpg",
    "id": "dzobj_zsqaz5m6xw"
  },
  {
    "objectName": "FxCartridge_40mm",
    "inGameName": "-",
    "category": "weapons",
    "modelType": "Config",
    "path": "dz/weapons/projectiles",
    "usableOnConsole": true,
    "searchTags": "projectiles, weapon, weapons",
    "image": "images/weapons/projectiles/fxcartridge_40mm.jpg",
    "id": "dzobj_n8aeshr7k1"
  },
  {
    "objectName": "FxRound",
    "inGameName": "-",
    "category": "weapons",
    "modelType": "Config",
    "path": "dz/weapons/projectiles",
    "usableOnConsole": true,
    "searchTags": "projectiles, weapon, weapons",
    "image": "images/weapons/projectiles/fxround.jpg",
    "id": "dzobj_7ljv1qr71z"
  },
  {
    "objectName": "FxRound_9mm",
    "inGameName": "-",
    "category": "weapons",
    "modelType": "Config",
    "path": "dz/weapons/projectiles",
    "usableOnConsole": true,
    "searchTags": "projectiles, weapon, weapons",
    "image": "images/weapons/projectiles/fxround_9mm.jpg",
    "id": "dzobj_lepnce3z3f"
  },
  {
    "objectName": "FxRound_45acp",
    "inGameName": "-",
    "category": "weapons",
    "modelType": "Config",
    "path": "dz/weapons/projectiles",
    "usableOnConsole": true,
    "searchTags": "projectiles, weapon, weapons",
    "image": "images/weapons/projectiles/fxround_45acp.jpg",
    "id": "dzobj_ysglcx3yyv"
  },
  {
    "objectName": "FxRound_357",
    "inGameName": "-",
    "category": "weapons",
    "modelType": "Config",
    "path": "dz/weapons/projectiles",
    "usableOnConsole": true,
    "searchTags": "projectiles, weapon, weapons",
    "image": "images/weapons/projectiles/fxround_357.jpg",
    "id": "dzobj_29ph8wgseh"
  },
  {
    "objectName": "FxRound_556",
    "inGameName": "-",
    "category": "weapons",
    "modelType": "Config",
    "path": "dz/weapons/projectiles",
    "usableOnConsole": true,
    "searchTags": "projectiles, weapon, weapons",
    "image": "images/weapons/projectiles/fxround_556.jpg",
    "id": "dzobj_nw0k9scqdm"
  },
  {
    "objectName": "FxRound_762",
    "inGameName": "-",
    "category": "weapons",
    "modelType": "Config",
    "path": "dz/weapons/projectiles",
    "usableOnConsole": true,
    "searchTags": "projectiles, weapon, weapons",
    "image": "images/weapons/projectiles/fxround_762.jpg",
    "id": "dzobj_hc0nxtf5xp"
  },
  {
    "objectName": "FxRound_762x39",
    "inGameName": "-",
    "category": "weapons",
    "modelType": "Config",
    "path": "dz/weapons/projectiles",
    "usableOnConsole": true,
    "searchTags": "projectiles, weapon, weapons",
    "image": "images/weapons/projectiles/fxround_762x39.jpg",
    "id": "dzobj_q3dwlrs92z"
  },
  {
    "objectName": "FxRound_12Pellet",
    "inGameName": "-",
    "category": "weapons",
    "modelType": "Config",
    "path": "dz/weapons/projectiles",
    "usableOnConsole": true,
    "searchTags": "projectiles, weapon, weapons",
    "image": "images/weapons/projectiles/fxround_12pellet.jpg",
    "id": "dzobj_h8o4gxn73q"
  },
  {
    "objectName": "FxRound_12Slug",
    "inGameName": "-",
    "category": "weapons",
    "modelType": "Config",
    "path": "dz/weapons/projectiles",
    "usableOnConsole": true,
    "searchTags": "projectiles, weapon, weapons",
    "image": "images/weapons/projectiles/fxround_12slug.jpg",
    "id": "dzobj_70jxnl6c9d"
  },
  {
    "objectName": "FxRound_12RubberSlug",
    "inGameName": "-",
    "category": "weapons",
    "modelType": "Config",
    "path": "dz/weapons/projectiles",
    "usableOnConsole": true,
    "searchTags": "projectiles, weapon, weapons",
    "image": "images/weapons/projectiles/fxround_12rubberslug.jpg",
    "id": "dzobj_mquikoyanh"
  },
  {
    "objectName": "FxRound_12Beanbag",
    "inGameName": "-",
    "category": "weapons",
    "modelType": "Config",
    "path": "dz/weapons/projectiles",
    "usableOnConsole": true,
    "searchTags": "projectiles, weapon, weapons",
    "image": "images/weapons/projectiles/fxround_12beanbag.jpg",
    "id": "dzobj_tjepr2vyel"
  },
  {
    "objectName": "FxRound_22",
    "inGameName": "-",
    "category": "weapons",
    "modelType": "Config",
    "path": "dz/weapons/projectiles",
    "usableOnConsole": true,
    "searchTags": "projectiles, weapon, weapons",
    "image": "images/weapons/projectiles/fxround_22.jpg",
    "id": "dzobj_mnuvu1ldna"
  },
  {
    "objectName": "FxRound_308Win",
    "inGameName": "-",
    "category": "weapons",
    "modelType": "Config",
    "path": "dz/weapons/projectiles",
    "usableOnConsole": true,
    "searchTags": "projectiles, weapon, weapons",
    "image": "images/weapons/projectiles/fxround_308win.jpg",
    "id": "dzobj_3vtugbtmo9"
  },
  {
    "objectName": "FxRound_HuntingBolt",
    "inGameName": "-",
    "category": "weapons",
    "modelType": "Config",
    "path": "dz/weapons/projectiles",
    "usableOnConsole": true,
    "searchTags": "projectiles, weapon, weapons",
    "image": "images/weapons/projectiles/fxround_huntingbolt.jpg",
    "id": "dzobj_v38yspgf5f"
  },
  {
    "objectName": "FxRound_ImprovisedBolt_1",
    "inGameName": "-",
    "category": "weapons",
    "modelType": "Config",
    "path": "dz/weapons/projectiles",
    "usableOnConsole": true,
    "searchTags": "projectiles, weapon, weapons",
    "image": "images/weapons/projectiles/fxround_improvisedbolt_1.jpg",
    "id": "dzobj_6an852gjzz"
  },
  {
    "objectName": "FxRound_ImprovisedBolt_2",
    "inGameName": "-",
    "category": "weapons",
    "modelType": "Config",
    "path": "dz/weapons/projectiles",
    "usableOnConsole": true,
    "searchTags": "projectiles, weapon, weapons",
    "image": "images/weapons/projectiles/fxround_improvisedbolt_2.jpg",
    "id": "dzobj_5gefwk7b56"
  },
  {
    "objectName": "FxRound_CupidsBolt",
    "inGameName": "-",
    "category": "weapons",
    "modelType": "Config",
    "path": "dz/weapons/projectiles",
    "usableOnConsole": true,
    "searchTags": "projectiles, weapon, weapons",
    "image": "images/weapons/projectiles/fxround_cupidsbolt.jpg",
    "id": "dzobj_mxafju5pow"
  },
  {
    "objectName": "FxRound_Flare",
    "inGameName": "-",
    "category": "weapons",
    "modelType": "Config",
    "path": "dz/weapons/projectiles",
    "usableOnConsole": true,
    "searchTags": "projectiles, weapon, weapons",
    "image": "images/weapons/projectiles/fxround_flare.jpg",
    "id": "dzobj_4elqri68a5"
  },
  {
    "objectName": "FxRound_Flare_Red",
    "inGameName": "-",
    "category": "weapons",
    "modelType": "Config",
    "path": "dz/weapons/projectiles",
    "usableOnConsole": true,
    "searchTags": "projectiles, weapon, weapons",
    "image": "images/weapons/projectiles/fxround_flare_red.jpg",
    "id": "dzobj_tcz0shmjv9"
  },
  {
    "objectName": "FxRound_Flare_Green",
    "inGameName": "-",
    "category": "weapons",
    "modelType": "Config",
    "path": "dz/weapons/projectiles",
    "usableOnConsole": true,
    "searchTags": "projectiles, weapon, weapons",
    "image": "images/weapons/projectiles/fxround_flare_green.jpg",
    "id": "dzobj_w8llqrjvol"
  },
  {
    "objectName": "FxRound_Flare_Blue",
    "inGameName": "-",
    "category": "weapons",
    "modelType": "Config",
    "path": "dz/weapons/projectiles",
    "usableOnConsole": true,
    "searchTags": "projectiles, weapon, weapons",
    "image": "images/weapons/projectiles/fxround_flare_blue.jpg",
    "id": "dzobj_yw72naji7m"
  },
  {
    "objectName": "FxRound_40mm",
    "inGameName": "-",
    "category": "weapons",
    "modelType": "Config",
    "path": "dz/weapons/projectiles",
    "usableOnConsole": true,
    "searchTags": "projectiles, weapon, weapons",
    "image": "images/weapons/projectiles/fxround_40mm.jpg",
    "id": "dzobj_ra3m2fgx02"
  },
  {
    "objectName": "FxRound_40mmChemGas",
    "inGameName": "-",
    "category": "weapons",
    "modelType": "Config",
    "path": "dz/weapons/projectiles",
    "usableOnConsole": true,
    "searchTags": "fuel, projectiles, station, weapon, weapons",
    "image": "images/weapons/projectiles/fxround_40mmchemgas.jpg",
    "id": "dzobj_r9x389e3h3"
  },
  {
    "objectName": "FxRound_40mmRed",
    "inGameName": "-",
    "category": "weapons",
    "modelType": "Config",
    "path": "dz/weapons/projectiles",
    "usableOnConsole": true,
    "searchTags": "projectiles, weapon, weapons",
    "image": "images/weapons/projectiles/fxround_40mmred.jpg",
    "id": "dzobj_0qwdv0wcq8"
  },
  {
    "objectName": "FxRound_40mmGreen",
    "inGameName": "-",
    "category": "weapons",
    "modelType": "Config",
    "path": "dz/weapons/projectiles",
    "usableOnConsole": true,
    "searchTags": "projectiles, weapon, weapons",
    "image": "images/weapons/projectiles/fxround_40mmgreen.jpg",
    "id": "dzobj_17poumqgej"
  },
  {
    "objectName": "FxRound_40mmWhite",
    "inGameName": "-",
    "category": "weapons",
    "modelType": "Config",
    "path": "dz/weapons/projectiles",
    "usableOnConsole": true,
    "searchTags": "projectiles, weapon, weapons",
    "image": "images/weapons/projectiles/fxround_40mmwhite.jpg",
    "id": "dzobj_i2y5er91mn"
  },
  {
    "objectName": "FxRound_40mmBlack",
    "inGameName": "-",
    "category": "weapons",
    "modelType": "Config",
    "path": "dz/weapons/projectiles",
    "usableOnConsole": true,
    "searchTags": "projectiles, weapon, weapons",
    "image": "images/weapons/projectiles/fxround_40mmblack.jpg",
    "id": "dzobj_hubqr9tsru"
  },
  {
    "objectName": "ProxyShotgunShell_pellets",
    "inGameName": "-",
    "category": "weapons",
    "modelType": "Config",
    "path": "dz/weapons/projectiles",
    "usableOnConsole": true,
    "searchTags": "firearm, gun, projectiles, weapon, weapons",
    "image": "images/weapons/projectiles/proxyshotgunshell_pellets.jpg",
    "id": "dzobj_ch3prdxyj4"
  },
  {
    "objectName": "Proxy357_SingleRound",
    "inGameName": "-",
    "category": "weapons",
    "modelType": "Config",
    "path": "dz/weapons/projectiles",
    "usableOnConsole": true,
    "searchTags": "projectiles, weapon, weapons",
    "image": "images/weapons/projectiles/proxy357_singleround.jpg",
    "id": "dzobj_hwgr59utct"
  },
  {
    "objectName": "22_singleround.p3d",
    "inGameName": "-",
    "category": "weapons",
    "modelType": "Raw P3D",
    "path": "dz/weapons/projectiles",
    "usableOnConsole": false,
    "searchTags": "projectiles, weapon, weapons",
    "image": "images/placeholder.jpeg",
    "id": "dzobj_kygctjde68"
  },
  {
    "objectName": "308win_singleround.p3d",
    "inGameName": "-",
    "category": "weapons",
    "modelType": "Raw P3D",
    "path": "dz/weapons/projectiles",
    "usableOnConsole": false,
    "searchTags": "projectiles, weapon, weapons",
    "image": "images/placeholder.jpeg",
    "id": "dzobj_l687qlw6rr"
  },
  {
    "objectName": "357_singleround.p3d",
    "inGameName": "-",
    "category": "weapons",
    "modelType": "Raw P3D",
    "path": "dz/weapons/projectiles",
    "usableOnConsole": false,
    "searchTags": "projectiles, weapon, weapons",
    "image": "images/placeholder.jpeg",
    "id": "dzobj_w0fxczdlk5"
  },
  {
    "objectName": "40mm_grenade_chemgas_shell.p3d",
    "inGameName": "-",
    "category": "weapons",
    "modelType": "Raw P3D",
    "path": "dz/weapons/projectiles",
    "usableOnConsole": false,
    "searchTags": "projectiles, weapon, weapons, pox",
    "image": "images/weapons/projectiles/40mm_grenade_chemgas_shell.p3d.jpg",
    "id": "dzobj_22oac7tn5s"
  },
  {
    "objectName": "40mm_grenade_chemgas_singleround.p3d",
    "inGameName": "-",
    "category": "weapons",
    "modelType": "Raw P3D",
    "path": "dz/weapons/projectiles",
    "usableOnConsole": false,
    "searchTags": "projectiles, weapon, weapons",
    "image": "images/placeholder.jpeg",
    "id": "dzobj_app97fedce"
  },
  {
    "objectName": "40mm_grenade_shell.p3d",
    "inGameName": "-",
    "category": "weapons",
    "modelType": "Raw P3D",
    "path": "dz/weapons/projectiles",
    "usableOnConsole": false,
    "searchTags": "projectiles, weapon, weapons",
    "image": "images/placeholder.jpeg",
    "id": "dzobj_ki2kdl25i5"
  },
  {
    "objectName": "40mm_grenade_singleround.p3d",
    "inGameName": "-",
    "category": "weapons",
    "modelType": "Raw P3D",
    "path": "dz/weapons/projectiles",
    "usableOnConsole": false,
    "searchTags": "projectiles, weapon, weapons",
    "image": "images/placeholder.jpeg",
    "id": "dzobj_w01kctbg8m"
  },
  {
    "objectName": "40mm_grenade_smoke_b_singleround.p3d",
    "inGameName": "-",
    "category": "weapons",
    "modelType": "Raw P3D",
    "path": "dz/weapons/projectiles",
    "usableOnConsole": false,
    "searchTags": "effect, particle, projectiles, weapon, weapons",
    "image": "images/placeholder.jpeg",
    "id": "dzobj_b7f5y3e0nr"
  },
  {
    "objectName": "40mm_grenade_smoke_g_singleround.p3d",
    "inGameName": "-",
    "category": "weapons",
    "modelType": "Raw P3D",
    "path": "dz/weapons/projectiles",
    "usableOnConsole": false,
    "searchTags": "effect, particle, projectiles, weapon, weapons",
    "image": "images/placeholder.jpeg",
    "id": "dzobj_m7wlurdgyb"
  },
  {
    "objectName": "40mm_grenade_smoke_r_singleround.p3d",
    "inGameName": "-",
    "category": "weapons",
    "modelType": "Raw P3D",
    "path": "dz/weapons/projectiles",
    "usableOnConsole": false,
    "searchTags": "effect, particle, projectiles, weapon, weapons",
    "image": "images/placeholder.jpeg",
    "id": "dzobj_8ffr2gnrwh"
  },
  {
    "objectName": "40mm_grenade_smoke_shell.p3d",
    "inGameName": "-",
    "category": "weapons",
    "modelType": "Raw P3D",
    "path": "dz/weapons/projectiles",
    "usableOnConsole": false,
    "searchTags": "effect, particle, projectiles, weapon, weapons",
    "image": "images/weapons/projectiles/40mm_grenade_smoke_shell.p3d.jpg",
    "id": "dzobj_k6aiqeqkas"
  },
  {
    "objectName": "40mm_grenade_smoke_w_singleround.p3d",
    "inGameName": "-",
    "category": "weapons",
    "modelType": "Raw P3D",
    "path": "dz/weapons/projectiles",
    "usableOnConsole": false,
    "searchTags": "effect, particle, projectiles, weapon, weapons",
    "image": "images/placeholder.jpeg",
    "id": "dzobj_j40wlddysq"
  },
  {
    "objectName": "45acp_singleround.p3d",
    "inGameName": "-",
    "category": "weapons",
    "modelType": "Raw P3D",
    "path": "dz/weapons/projectiles",
    "usableOnConsole": false,
    "searchTags": "projectiles, weapon, weapons",
    "image": "images/placeholder.jpeg",
    "id": "dzobj_yxcdp4bdfi"
  },
  {
    "objectName": "545x39_singleround.p3d",
    "inGameName": "-",
    "category": "weapons",
    "modelType": "Raw P3D",
    "path": "dz/weapons/projectiles",
    "usableOnConsole": false,
    "searchTags": "projectiles, weapon, weapons",
    "image": "images/weapons/projectiles/545x39_singleround.p3d.jpg",
    "id": "dzobj_d8iksobuoi"
  },
  {
    "objectName": "556_singleround.p3d",
    "inGameName": "-",
    "category": "weapons",
    "modelType": "Raw P3D",
    "path": "dz/weapons/projectiles",
    "usableOnConsole": false,
    "searchTags": "projectiles, weapon, weapons",
    "image": "images/placeholder.jpeg",
    "id": "dzobj_z9xdi1wd77"
  },
  {
    "objectName": "762x39_singleround.p3d",
    "inGameName": "-",
    "category": "weapons",
    "modelType": "Raw P3D",
    "path": "dz/weapons/projectiles",
    "usableOnConsole": false,
    "searchTags": "projectiles, weapon, weapons",
    "image": "images/placeholder.jpeg",
    "id": "dzobj_qlsz2vwjwd"
  },
  {
    "objectName": "762_singleround.p3d",
    "inGameName": "-",
    "category": "weapons",
    "modelType": "Raw P3D",
    "path": "dz/weapons/projectiles",
    "usableOnConsole": false,
    "searchTags": "projectiles, weapon, weapons",
    "image": "images/placeholder.jpeg",
    "id": "dzobj_cyueos4hka"
  },
  {
    "objectName": "9mm_singleround.p3d",
    "inGameName": "-",
    "category": "weapons",
    "modelType": "Raw P3D",
    "path": "dz/weapons/projectiles",
    "usableOnConsole": false,
    "searchTags": "projectiles, weapon, weapons",
    "image": "images/placeholder.jpeg",
    "id": "dzobj_d5rpwurau1"
  },
  {
    "objectName": "9x39_singleround.p3d",
    "inGameName": "-",
    "category": "weapons",
    "modelType": "Raw P3D",
    "path": "dz/weapons/projectiles",
    "usableOnConsole": false,
    "searchTags": "projectiles, weapon, weapons",
    "image": "images/weapons/projectiles/9x39_singleround.p3d.jpg",
    "id": "dzobj_u3s0o3kt95"
  },
  {
    "objectName": "arrow_composite.p3d",
    "inGameName": "-",
    "category": "weapons",
    "modelType": "Raw P3D",
    "path": "dz/weapons/projectiles",
    "usableOnConsole": false,
    "searchTags": "projectiles, weapon, weapons",
    "image": "images/weapons/projectiles/arrow_composite.p3d.jpg",
    "id": "dzobj_6cctt2ub8s"
  },
  {
    "objectName": "arrow_composite_flying.p3d",
    "inGameName": "-",
    "category": "weapons",
    "modelType": "Raw P3D",
    "path": "dz/weapons/projectiles",
    "usableOnConsole": false,
    "searchTags": "projectiles, weapon, weapons",
    "image": "images/weapons/projectiles/arrow_composite_flying.p3d.jpg",
    "id": "dzobj_fn4xow9gj8"
  },
  {
    "objectName": "arrow_crafted_simple.p3d",
    "inGameName": "-",
    "category": "weapons",
    "modelType": "Raw P3D",
    "path": "dz/weapons/projectiles",
    "usableOnConsole": false,
    "searchTags": "projectiles, weapon, weapons",
    "image": "images/weapons/projectiles/arrow_crafted_simple.p3d.jpg",
    "id": "dzobj_z5a2xj6wc8"
  },
  {
    "objectName": "arrow_crude_simple.p3d",
    "inGameName": "-",
    "category": "weapons",
    "modelType": "Raw P3D",
    "path": "dz/weapons/projectiles",
    "usableOnConsole": false,
    "searchTags": "projectiles, weapon, weapons",
    "image": "images/weapons/projectiles/arrow_crude_simple.p3d.jpg",
    "id": "dzobj_vn8orj3t8c"
  },
  {
    "objectName": "bolt_biggame.p3d",
    "inGameName": "-",
    "category": "weapons",
    "modelType": "Raw P3D",
    "path": "dz/weapons/projectiles",
    "usableOnConsole": false,
    "searchTags": "projectiles, weapon, weapons",
    "image": "images/weapons/projectiles/bolt_biggame.p3d.jpg",
    "id": "dzobj_nqtrlagda2"
  },
  {
    "objectName": "bolt_crafted.p3d",
    "inGameName": "-",
    "category": "weapons",
    "modelType": "Raw P3D",
    "path": "dz/weapons/projectiles",
    "usableOnConsole": false,
    "searchTags": "projectiles, weapon, weapons",
    "image": "images/weapons/projectiles/bolt_crafted.p3d.jpg",
    "id": "dzobj_g4leicmloe"
  },
  {
    "objectName": "bolt_crude.p3d",
    "inGameName": "-",
    "category": "weapons",
    "modelType": "Raw P3D",
    "path": "dz/weapons/projectiles",
    "usableOnConsole": false,
    "searchTags": "projectiles, weapon, weapons",
    "image": "images/weapons/projectiles/bolt_crude.p3d.jpg",
    "id": "dzobj_ktzny8ihmf"
  },
  {
    "objectName": "bolt_cupids.p3d",
    "inGameName": "-",
    "category": "weapons",
    "modelType": "Raw P3D",
    "path": "dz/weapons/projectiles",
    "usableOnConsole": false,
    "searchTags": "projectiles, weapon, weapons",
    "image": "images/weapons/projectiles/bolt_cupids.p3d.jpg",
    "id": "dzobj_sszxhvr2f9"
  },
  {
    "objectName": "bolt_flying.p3d",
    "inGameName": "-",
    "category": "weapons",
    "modelType": "Raw P3D",
    "path": "dz/weapons/projectiles",
    "usableOnConsole": false,
    "searchTags": "projectiles, weapon, weapons",
    "image": "images/weapons/projectiles/bolt_flying.p3d.jpg",
    "id": "dzobj_dy3brbckt2"
  },
  {
    "objectName": "bolt_smallgame.p3d",
    "inGameName": "-",
    "category": "weapons",
    "modelType": "Raw P3D",
    "path": "dz/weapons/projectiles",
    "usableOnConsole": false,
    "searchTags": "projectiles, weapon, weapons",
    "image": "images/weapons/projectiles/bolt_smallgame.p3d.jpg",
    "id": "dzobj_pcnegztztu"
  },
  {
    "objectName": "dart_syringe.p3d",
    "inGameName": "-",
    "category": "weapons",
    "modelType": "Raw P3D",
    "path": "dz/weapons/projectiles",
    "usableOnConsole": false,
    "searchTags": "projectiles, weapon, weapons",
    "image": "images/weapons/projectiles/dart_syringe.p3d.jpg",
    "id": "dzobj_zqrgd1exi8"
  },
  {
    "objectName": "empty.p3d",
    "inGameName": "-",
    "category": "weapons",
    "modelType": "Raw P3D",
    "path": "dz/weapons/projectiles",
    "usableOnConsole": false,
    "searchTags": "projectiles, weapon, weapons",
    "image": "images/weapons/projectiles/empty.p3d.jpg",
    "id": "dzobj_706za8emj5"
  },
  {
    "objectName": "flare_projectile.p3d",
    "inGameName": "-",
    "category": "weapons",
    "modelType": "Raw P3D",
    "path": "dz/weapons/projectiles",
    "usableOnConsole": false,
    "searchTags": "projectiles, weapon, weapons",
    "image": "images/weapons/projectiles/flare_projectile.p3d.jpg",
    "id": "dzobj_89s9jhq7o3"
  },
  {
    "objectName": "flare_singleround.p3d",
    "inGameName": "-",
    "category": "weapons",
    "modelType": "Raw P3D",
    "path": "dz/weapons/projectiles",
    "usableOnConsole": false,
    "searchTags": "projectiles, weapon, weapons",
    "image": "images/placeholder.jpeg",
    "id": "dzobj_3khpilazn5"
  },
  {
    "objectName": "flare_singleround_blue.p3d",
    "inGameName": "-",
    "category": "weapons",
    "modelType": "Raw P3D",
    "path": "dz/weapons/projectiles",
    "usableOnConsole": false,
    "searchTags": "projectiles, weapon, weapons",
    "image": "images/placeholder.jpeg",
    "id": "dzobj_xi6v0td8wt"
  },
  {
    "objectName": "flare_singleround_green.p3d",
    "inGameName": "-",
    "category": "weapons",
    "modelType": "Raw P3D",
    "path": "dz/weapons/projectiles",
    "usableOnConsole": false,
    "searchTags": "projectiles, weapon, weapons",
    "image": "images/placeholder.jpeg",
    "id": "dzobj_29um8rrh0a"
  },
  {
    "objectName": "flare_singleround_red.p3d",
    "inGameName": "-",
    "category": "weapons",
    "modelType": "Raw P3D",
    "path": "dz/weapons/projectiles",
    "usableOnConsole": false,
    "searchTags": "projectiles, weapon, weapons",
    "image": "images/placeholder.jpeg",
    "id": "dzobj_zyfegrb7cv"
  },
  {
    "objectName": "m203_grenade.p3d",
    "inGameName": "-",
    "category": "weapons",
    "modelType": "Raw P3D",
    "path": "dz/weapons/projectiles",
    "usableOnConsole": false,
    "searchTags": "projectiles, weapon, weapons",
    "image": "images/weapons/projectiles/m203_grenade.p3d.jpg",
    "id": "dzobj_w4yqcdei0l"
  },
  {
    "objectName": "nabojnice_22.p3d",
    "inGameName": "-",
    "category": "weapons",
    "modelType": "Raw P3D",
    "path": "dz/weapons/projectiles",
    "usableOnConsole": false,
    "searchTags": "projectiles, weapon, weapons",
    "image": "images/placeholder.jpeg",
    "id": "dzobj_bshrqaof7v"
  },
  {
    "objectName": "nabojnice_357.p3d",
    "inGameName": "-",
    "category": "weapons",
    "modelType": "Raw P3D",
    "path": "dz/weapons/projectiles",
    "usableOnConsole": false,
    "searchTags": "projectiles, weapon, weapons",
    "image": "images/placeholder.jpeg",
    "id": "dzobj_hequw6g4eu"
  },
  {
    "objectName": "nabojnice_556.p3d",
    "inGameName": "-",
    "category": "weapons",
    "modelType": "Raw P3D",
    "path": "dz/weapons/projectiles",
    "usableOnConsole": false,
    "searchTags": "projectiles, weapon, weapons",
    "image": "images/placeholder.jpeg",
    "id": "dzobj_j38fqcpwfr"
  },
  {
    "objectName": "nabojnice_762.p3d",
    "inGameName": "-",
    "category": "weapons",
    "modelType": "Raw P3D",
    "path": "dz/weapons/projectiles",
    "usableOnConsole": false,
    "searchTags": "projectiles, weapon, weapons",
    "image": "images/placeholder.jpeg",
    "id": "dzobj_z9mnfns1lt"
  },
  {
    "objectName": "nabojnice_762x39.p3d",
    "inGameName": "-",
    "category": "weapons",
    "modelType": "Raw P3D",
    "path": "dz/weapons/projectiles",
    "usableOnConsole": false,
    "searchTags": "projectiles, weapon, weapons",
    "image": "images/placeholder.jpeg",
    "id": "dzobj_1wx0dwm50z"
  },
  {
    "objectName": "nabojnice_small.p3d",
    "inGameName": "-",
    "category": "weapons",
    "modelType": "Raw P3D",
    "path": "dz/weapons/projectiles",
    "usableOnConsole": false,
    "searchTags": "projectiles, weapon, weapons",
    "image": "images/placeholder.jpeg",
    "id": "dzobj_zjul4czi3u"
  },
  {
    "objectName": "shotgunshell_beanbag.p3d",
    "inGameName": "-",
    "category": "weapons",
    "modelType": "Raw P3D",
    "path": "dz/weapons/projectiles",
    "usableOnConsole": false,
    "searchTags": "projectiles, weapon, weapons",
    "image": "images/placeholder.jpeg",
    "id": "dzobj_hzhl0cts8z"
  },
  {
    "objectName": "shotgunshell_pellets.p3d",
    "inGameName": "-",
    "category": "weapons",
    "modelType": "Raw P3D",
    "path": "dz/weapons/projectiles",
    "usableOnConsole": false,
    "searchTags": "projectiles, weapon, weapons",
    "image": "images/placeholder.jpeg",
    "id": "dzobj_thszogzvj9"
  },
  {
    "objectName": "shotgunshell_rubber.p3d",
    "inGameName": "-",
    "category": "weapons",
    "modelType": "Raw P3D",
    "path": "dz/weapons/projectiles",
    "usableOnConsole": false,
    "searchTags": "projectiles, weapon, weapons",
    "image": "images/placeholder.jpeg",
    "id": "dzobj_en5zka4uka"
  },
  {
    "objectName": "shotgunshell_slug.p3d",
    "inGameName": "-",
    "category": "weapons",
    "modelType": "Raw P3D",
    "path": "dz/weapons/projectiles",
    "usableOnConsole": false,
    "searchTags": "projectiles, weapon, weapons",
    "image": "images/placeholder.jpeg",
    "id": "dzobj_kpa9c1ugm8"
  },
  {
    "objectName": "speargun_spear.p3d",
    "inGameName": "-",
    "category": "weapons",
    "modelType": "Raw P3D",
    "path": "dz/weapons/projectiles",
    "usableOnConsole": false,
    "searchTags": "projectiles, weapon, weapons",
    "image": "images/weapons/projectiles/speargun_spear.p3d.jpg",
    "id": "dzobj_l6mt4vnzr4"
  },
  {
    "objectName": "tracer_40mm_grenade.p3d",
    "inGameName": "-",
    "category": "weapons",
    "modelType": "Raw P3D",
    "path": "dz/weapons/projectiles",
    "usableOnConsole": false,
    "searchTags": "projectiles, weapon, weapons",
    "image": "images/weapons/projectiles/tracer_40mm_grenade.p3d.jpg",
    "id": "dzobj_e3mh6er9sv"
  },
  {
    "objectName": "tracer_40mm_grenade_chemgas.p3d",
    "inGameName": "-",
    "category": "weapons",
    "modelType": "Raw P3D",
    "path": "dz/weapons/projectiles",
    "usableOnConsole": false,
    "searchTags": "projectiles, weapon, weapons",
    "image": "images/weapons/projectiles/tracer_40mm_grenade_chemgas.p3d.jpg",
    "id": "dzobj_5opf46p0xl"
  },
  {
    "objectName": "tracer_40mm_grenade_smoke_b.p3d",
    "inGameName": "-",
    "category": "weapons",
    "modelType": "Raw P3D",
    "path": "dz/weapons/projectiles",
    "usableOnConsole": false,
    "searchTags": "effect, particle, projectiles, weapon, weapons",
    "image": "images/weapons/projectiles/tracer_40mm_grenade_smoke_b.p3d.jpg",
    "id": "dzobj_0y9f1mvyvs"
  },
  {
    "objectName": "tracer_40mm_grenade_smoke_g.p3d",
    "inGameName": "-",
    "category": "weapons",
    "modelType": "Raw P3D",
    "path": "dz/weapons/projectiles",
    "usableOnConsole": false,
    "searchTags": "effect, particle, projectiles, weapon, weapons",
    "image": "images/weapons/projectiles/tracer_40mm_grenade_smoke_g.p3d.jpg",
    "id": "dzobj_uabyxmlof4"
  },
  {
    "objectName": "tracer_40mm_grenade_smoke_r.p3d",
    "inGameName": "-",
    "category": "weapons",
    "modelType": "Raw P3D",
    "path": "dz/weapons/projectiles",
    "usableOnConsole": false,
    "searchTags": "effect, particle, projectiles, weapon, weapons",
    "image": "images/weapons/projectiles/tracer_40mm_grenade_smoke_r.p3d.jpg",
    "id": "dzobj_qawl6x8npl"
  },
  {
    "objectName": "tracer_40mm_grenade_smoke_w.p3d",
    "inGameName": "-",
    "category": "weapons",
    "modelType": "Raw P3D",
    "path": "dz/weapons/projectiles",
    "usableOnConsole": false,
    "searchTags": "effect, particle, projectiles, weapon, weapons",
    "image": "images/weapons/projectiles/tracer_40mm_grenade_smoke_w.p3d.jpg",
    "id": "dzobj_c2x0owl1ai"
  },
  {
    "objectName": "tracer_beanbag.p3d",
    "inGameName": "-",
    "category": "weapons",
    "modelType": "Raw P3D",
    "path": "dz/weapons/projectiles",
    "usableOnConsole": false,
    "searchTags": "projectiles, weapon, weapons",
    "image": "images/weapons/projectiles/tracer_beanbag.p3d.jpg",
    "id": "dzobj_2maglz346s"
  },
  {
    "objectName": "tracer_green.p3d",
    "inGameName": "-",
    "category": "weapons",
    "modelType": "Raw P3D",
    "path": "dz/weapons/projectiles",
    "usableOnConsole": false,
    "searchTags": "projectiles, weapon, weapons",
    "image": "images/weapons/projectiles/tracer_green.p3d.jpg",
    "id": "dzobj_q31h464j1k"
  },
  {
    "objectName": "tracer_green_wide.p3d",
    "inGameName": "-",
    "category": "weapons",
    "modelType": "Raw P3D",
    "path": "dz/weapons/projectiles",
    "usableOnConsole": false,
    "searchTags": "projectiles, weapon, weapons",
    "image": "images/weapons/projectiles/tracer_green_wide.p3d.jpg",
    "id": "dzobj_81cxwdb3xb"
  },
  {
    "objectName": "tracer_red.p3d",
    "inGameName": "-",
    "category": "weapons",
    "modelType": "Raw P3D",
    "path": "dz/weapons/projectiles",
    "usableOnConsole": false,
    "searchTags": "projectiles, weapon, weapons",
    "image": "images/weapons/projectiles/tracer_red.p3d.jpg",
    "id": "dzobj_r0tljiryjo"
  },
  {
    "objectName": "tracer_red_wide.p3d",
    "inGameName": "-",
    "category": "weapons",
    "modelType": "Raw P3D",
    "path": "dz/weapons/projectiles",
    "usableOnConsole": false,
    "searchTags": "projectiles, weapon, weapons",
    "image": "images/weapons/projectiles/tracer_red_wide.p3d.jpg",
    "id": "dzobj_vtw1852rlc"
  },
  {
    "objectName": "tracer_rubberslug.p3d",
    "inGameName": "-",
    "category": "weapons",
    "modelType": "Raw P3D",
    "path": "dz/weapons/projectiles",
    "usableOnConsole": false,
    "searchTags": "projectiles, weapon, weapons",
    "image": "images/weapons/projectiles/tracer_rubberslug.p3d.jpg",
    "id": "dzobj_42pww7vwx8"
  },
  {
    "objectName": "tracer_yellow.p3d",
    "inGameName": "-",
    "category": "weapons",
    "modelType": "Raw P3D",
    "path": "dz/weapons/projectiles",
    "usableOnConsole": false,
    "searchTags": "projectiles, weapon, weapons",
    "image": "images/weapons/projectiles/tracer_yellow.p3d.jpg",
    "id": "dzobj_5z62iv1jow"
  },
  {
    "objectName": "vog25_singleround.p3d",
    "inGameName": "-",
    "category": "weapons",
    "modelType": "Raw P3D",
    "path": "dz/weapons/projectiles",
    "usableOnConsole": false,
    "searchTags": "projectiles, weapon, weapons",
    "image": "images/weapons/projectiles/vog25_singleround.p3d.jpg",
    "id": "dzobj_pwl20s7bru"
  }
]
