[
  {
    "objectName": "Land_streambed_leaf_long_curve_left",
    "inGameName": "-",
    "category": "water",
    "modelType": "Config",
    "path": "dz/water/streambed",
    "usableOnConsole": true,
    "searchTags": "",
    "image": "images/water/streambed/land_streambed_leaf_long_curve_left.jpg",
    "id": "dzobj_d8wwh0pa7g"
  },
  {
    "objectName": "Land_streambed_leaf_long_curve_left_2",
    "inGameName": "-",
    "category": "water",
    "modelType": "Config",
    "path": "dz/water/streambed",
    "usableOnConsole": true,
    "searchTags": "",
    "image": "images/water/streambed/land_streambed_leaf_long_curve_left_2.jpg",
    "id": "dzobj_h4r5ie5tom"
  },
  {
    "objectName": "Land_streambed_leaf_long_curve_right",
    "inGameName": "-",
    "category": "water",
    "modelType": "Config",
    "path": "dz/water/streambed",
    "usableOnConsole": true,
    "searchTags": "",
    "image": "images/water/streambed/land_streambed_leaf_long_curve_right.jpg",
    "id": "dzobj_3mvhmtrf4o"
  },
  {
    "objectName": "Land_streambed_leaf_long_curve_right_2",
    "inGameName": "-",
    "category": "water",
    "modelType": "Config",
    "path": "dz/water/streambed",
    "usableOnConsole": true,
    "searchTags": "",
    "image": "images/water/streambed/land_streambed_leaf_long_curve_right_2.jpg",
    "id": "dzobj_yxsayyzh0y"
  },
  {
    "objectName": "Land_streambed_leaf_long_snake",
    "inGameName": "-",
    "category": "water",
    "modelType": "Config",
    "path": "dz/water/streambed",
    "usableOnConsole": true,
    "searchTags": "",
    "image": "images/water/streambed/land_streambed_leaf_long_snake.jpg",
    "id": "dzobj_dzqq9q83qt"
  },
  {
    "objectName": "Land_streambed_leaf_long_straight",
    "inGameName": "-",
    "category": "water",
    "modelType": "Config",
    "path": "dz/water/streambed",
    "usableOnConsole": true,
    "searchTags": "",
    "image": "images/water/streambed/land_streambed_leaf_long_straight.jpg",
    "id": "dzobj_b8cc2mp6fs"
  },
  {
    "objectName": "Land_streambed_leaf_long_straight_2",
    "inGameName": "-",
    "category": "water",
    "modelType": "Config",
    "path": "dz/water/streambed",
    "usableOnConsole": true,
    "searchTags": "",
    "image": "images/water/streambed/land_streambed_leaf_long_straight_2.jpg",
    "id": "dzobj_jiwfiqv3nb"
  },
  {
    "objectName": "Land_streambed_leaf_short_arrow",
    "inGameName": "-",
    "category": "water",
    "modelType": "Config",
    "path": "dz/water/streambed",
    "usableOnConsole": true,
    "searchTags": "",
    "image": "images/water/streambed/land_streambed_leaf_short_arrow.jpg",
    "id": "dzobj_eiii2g5cxd"
  },
  {
    "objectName": "Land_streambed_leaf_short_slanted",
    "inGameName": "-",
    "category": "water",
    "modelType": "Config",
    "path": "dz/water/streambed",
    "usableOnConsole": true,
    "searchTags": "",
    "image": "images/water/streambed/land_streambed_leaf_short_slanted.jpg",
    "id": "dzobj_qkiu8ql4yy"
  },
  {
    "objectName": "Land_streambed_leaf_short_slanted_inv",
    "inGameName": "-",
    "category": "water",
    "modelType": "Config",
    "path": "dz/water/streambed",
    "usableOnConsole": true,
    "searchTags": "",
    "image": "images/water/streambed/land_streambed_leaf_short_slanted_inv.jpg",
    "id": "dzobj_kg96gknllu"
  },
  {
    "objectName": "Land_streambed_leaf_short_straight",
    "inGameName": "-",
    "category": "water",
    "modelType": "Config",
    "path": "dz/water/streambed",
    "usableOnConsole": true,
    "searchTags": "",
    "image": "images/water/streambed/land_streambed_leaf_short_straight.jpg",
    "id": "dzobj_53rj9cqsuc"
  },
  {
    "objectName": "Land_streambed_moss_long_curve_left",
    "inGameName": "-",
    "category": "water",
    "modelType": "Config",
    "path": "dz/water/streambed",
    "usableOnConsole": true,
    "searchTags": "",
    "image": "images/water/streambed/land_streambed_moss_long_curve_left.jpg",
    "id": "dzobj_sy31louoxk"
  },
  {
    "objectName": "Land_streambed_moss_long_curve_left_2",
    "inGameName": "-",
    "category": "water",
    "modelType": "Config",
    "path": "dz/water/streambed",
    "usableOnConsole": true,
    "searchTags": "",
    "image": "images/water/streambed/land_streambed_moss_long_curve_left_2.jpg",
    "id": "dzobj_r7q9vckz4r"
  },
  {
    "objectName": "Land_streambed_moss_long_curve_right",
    "inGameName": "-",
    "category": "water",
    "modelType": "Config",
    "path": "dz/water/streambed",
    "usableOnConsole": true,
    "searchTags": "",
    "image": "images/water/streambed/land_streambed_moss_long_curve_right.jpg",
    "id": "dzobj_orcfgirutk"
  },
  {
    "objectName": "Land_streambed_moss_long_curve_right_2",
    "inGameName": "-",
    "category": "water",
    "modelType": "Config",
    "path": "dz/water/streambed",
    "usableOnConsole": true,
    "searchTags": "",
    "image": "images/water/streambed/land_streambed_moss_long_curve_right_2.jpg",
    "id": "dzobj_w8820sqh04"
  },
  {
    "objectName": "Land_streambed_moss_long_snake",
    "inGameName": "-",
    "category": "water",
    "modelType": "Config",
    "path": "dz/water/streambed",
    "usableOnConsole": true,
    "searchTags": "",
    "image": "images/water/streambed/land_streambed_moss_long_snake.jpg",
    "id": "dzobj_ogs4xp1aqk"
  },
  {
    "objectName": "Land_streambed_moss_long_straight",
    "inGameName": "-",
    "category": "water",
    "modelType": "Config",
    "path": "dz/water/streambed",
    "usableOnConsole": true,
    "searchTags": "",
    "image": "images/water/streambed/land_streambed_moss_long_straight.jpg",
    "id": "dzobj_2pe9so998l"
  },
  {
    "objectName": "Land_streambed_moss_long_straight_2",
    "inGameName": "-",
    "category": "water",
    "modelType": "Config",
    "path": "dz/water/streambed",
    "usableOnConsole": true,
    "searchTags": "",
    "image": "images/water/streambed/land_streambed_moss_long_straight_2.jpg",
    "id": "dzobj_stynzbdhds"
  },
  {
    "objectName": "Land_streambed_moss_short_arrow",
    "inGameName": "-",
    "category": "water",
    "modelType": "Config",
    "path": "dz/water/streambed",
    "usableOnConsole": true,
    "searchTags": "",
    "image": "images/water/streambed/land_streambed_moss_short_arrow.jpg",
    "id": "dzobj_gzprwpnwm4"
  },
  {
    "objectName": "Land_streambed_moss_short_slanted",
    "inGameName": "-",
    "category": "water",
    "modelType": "Config",
    "path": "dz/water/streambed",
    "usableOnConsole": true,
    "searchTags": "",
    "image": "images/water/streambed/land_streambed_moss_short_slanted.jpg",
    "id": "dzobj_uxnfp1gf5x"
  },
  {
    "objectName": "Land_streambed_moss_short_slanted_inv",
    "inGameName": "-",
    "category": "water",
    "modelType": "Config",
    "path": "dz/water/streambed",
    "usableOnConsole": true,
    "searchTags": "",
    "image": "images/water/streambed/land_streambed_moss_short_slanted_inv.jpg",
    "id": "dzobj_k7x8jyrn9b"
  },
  {
    "objectName": "Land_streambed_moss_short_straight",
    "inGameName": "-",
    "category": "water",
    "modelType": "Config",
    "path": "dz/water/streambed",
    "usableOnConsole": true,
    "searchTags": "",
    "image": "images/water/streambed/land_streambed_moss_short_straight.jpg",
    "id": "dzobj_slgn2k7v2r"
  },
  {
    "objectName": "Land_streambed_sand_long_curve_left",
    "inGameName": "-",
    "category": "water",
    "modelType": "Config",
    "path": "dz/water/streambed",
    "usableOnConsole": true,
    "searchTags": "",
    "image": "images/water/streambed/land_streambed_sand_long_curve_left.jpg",
    "id": "dzobj_2wr37s7zgc"
  },
  {
    "objectName": "Land_streambed_sand_long_curve_right",
    "inGameName": "-",
    "category": "water",
    "modelType": "Config",
    "path": "dz/water/streambed",
    "usableOnConsole": true,
    "searchTags": "",
    "image": "images/water/streambed/land_streambed_sand_long_curve_right.jpg",
    "id": "dzobj_z2u2m4n8l1"
  },
  {
    "objectName": "Land_streambed_sand_long_snake",
    "inGameName": "-",
    "category": "water",
    "modelType": "Config",
    "path": "dz/water/streambed",
    "usableOnConsole": true,
    "searchTags": "",
    "image": "images/water/streambed/land_streambed_sand_long_snake.jpg",
    "id": "dzobj_1so2h3rnrr"
  },
  {
    "objectName": "Land_streambed_sand_long_straight",
    "inGameName": "-",
    "category": "water",
    "modelType": "Config",
    "path": "dz/water/streambed",
    "usableOnConsole": true,
    "searchTags": "",
    "image": "images/water/streambed/land_streambed_sand_long_straight.jpg",
    "id": "dzobj_by4gkqe4yw"
  },
  {
    "objectName": "Land_streambed_sand_short_arrow",
    "inGameName": "-",
    "category": "water",
    "modelType": "Config",
    "path": "dz/water/streambed",
    "usableOnConsole": true,
    "searchTags": "",
    "image": "images/water/streambed/land_streambed_sand_short_arrow.jpg",
    "id": "dzobj_kp4r69c701"
  },
  {
    "objectName": "Land_streambed_sand_short_slanted",
    "inGameName": "-",
    "category": "water",
    "modelType": "Config",
    "path": "dz/water/streambed",
    "usableOnConsole": true,
    "searchTags": "",
    "image": "images/water/streambed/land_streambed_sand_short_slanted.jpg",
    "id": "dzobj_k1ag1bdtnr"
  },
  {
    "objectName": "Land_streambed_sand_short_slanted_inv",
    "inGameName": "-",
    "category": "water",
    "modelType": "Config",
    "path": "dz/water/streambed",
    "usableOnConsole": true,
    "searchTags": "",
    "image": "images/water/streambed/land_streambed_sand_short_slanted_inv.jpg",
    "id": "dzobj_nzw7nj4k1n"
  },
  {
    "objectName": "Land_streambed_sand_short_straight",
    "inGameName": "-",
    "category": "water",
    "modelType": "Config",
    "path": "dz/water/streambed",
    "usableOnConsole": true,
    "searchTags": "",
    "image": "images/water/streambed/land_streambed_sand_short_straight.jpg",
    "id": "dzobj_u5qdag4o2s"
  },
  {
    "objectName": "streambed_leaf_long_curve_left.p3d",
    "inGameName": "-",
    "category": "water",
    "modelType": "Raw P3D",
    "path": "dz/water/streambed",
    "usableOnConsole": false,
    "searchTags": "",
    "image": "images/water/streambed/streambed_leaf_long_curve_left.p3d.jpg",
    "id": "dzobj_dcyhpz3qn8"
  },
  {
    "objectName": "streambed_leaf_long_curve_left_2.p3d",
    "inGameName": "-",
    "category": "water",
    "modelType": "Raw P3D",
    "path": "dz/water/streambed",
    "usableOnConsole": false,
    "searchTags": "",
    "image": "images/water/streambed/streambed_leaf_long_curve_left_2.p3d.jpg",
    "id": "dzobj_wwrwg1vhlx"
  },
  {
    "objectName": "streambed_leaf_long_curve_right.p3d",
    "inGameName": "-",
    "category": "water",
    "modelType": "Raw P3D",
    "path": "dz/water/streambed",
    "usableOnConsole": false,
    "searchTags": "",
    "image": "images/water/streambed/streambed_leaf_long_curve_right.p3d.jpg",
    "id": "dzobj_pig1g6w2sv"
  },
  {
    "objectName": "streambed_leaf_long_curve_right_2.p3d",
    "inGameName": "-",
    "category": "water",
    "modelType": "Raw P3D",
    "path": "dz/water/streambed",
    "usableOnConsole": false,
    "searchTags": "",
    "image": "images/water/streambed/streambed_leaf_long_curve_right_2.p3d.jpg",
    "id": "dzobj_f7s4n019a2"
  },
  {
    "objectName": "streambed_leaf_long_snake.p3d",
    "inGameName": "-",
    "category": "water",
    "modelType": "Raw P3D",
    "path": "dz/water/streambed",
    "usableOnConsole": false,
    "searchTags": "",
    "image": "images/water/streambed/streambed_leaf_long_snake.p3d.jpg",
    "id": "dzobj_e601a7nndo"
  },
  {
    "objectName": "streambed_leaf_long_straight.p3d",
    "inGameName": "-",
    "category": "water",
    "modelType": "Raw P3D",
    "path": "dz/water/streambed",
    "usableOnConsole": false,
    "searchTags": "",
    "image": "images/water/streambed/streambed_leaf_long_straight.p3d.jpg",
    "id": "dzobj_5esspagv61"
  },
  {
    "objectName": "streambed_leaf_long_straight_2.p3d",
    "inGameName": "-",
    "category": "water",
    "modelType": "Raw P3D",
    "path": "dz/water/streambed",
    "usableOnConsole": false,
    "searchTags": "",
    "image": "images/water/streambed/streambed_leaf_long_straight_2.p3d.jpg",
    "id": "dzobj_8rovhk7reg"
  },
  {
    "objectName": "streambed_leaf_short_arrow.p3d",
    "inGameName": "-",
    "category": "water",
    "modelType": "Raw P3D",
    "path": "dz/water/streambed",
    "usableOnConsole": false,
    "searchTags": "",
    "image": "images/water/streambed/streambed_leaf_short_arrow.p3d.jpg",
    "id": "dzobj_h0gkqugwnv"
  },
  {
    "objectName": "streambed_leaf_short_slanted.p3d",
    "inGameName": "-",
    "category": "water",
    "modelType": "Raw P3D",
    "path": "dz/water/streambed",
    "usableOnConsole": false,
    "searchTags": "",
    "image": "images/water/streambed/streambed_leaf_short_slanted.p3d.jpg",
    "id": "dzobj_x1n7v7s1tp"
  },
  {
    "objectName": "streambed_leaf_short_slanted_inv.p3d",
    "inGameName": "-",
    "category": "water",
    "modelType": "Raw P3D",
    "path": "dz/water/streambed",
    "usableOnConsole": false,
    "searchTags": "",
    "image": "images/water/streambed/streambed_leaf_short_slanted_inv.p3d.jpg",
    "id": "dzobj_kz28fdrzum"
  },
  {
    "objectName": "streambed_leaf_short_straight.p3d",
    "inGameName": "-",
    "category": "water",
    "modelType": "Raw P3D",
    "path": "dz/water/streambed",
    "usableOnConsole": false,
    "searchTags": "",
    "image": "images/water/streambed/streambed_leaf_short_straight.p3d.jpg",
    "id": "dzobj_lfzg9ijttf"
  },
  {
    "objectName": "streambed_moss_long_curve_left.p3d",
    "inGameName": "-",
    "category": "water",
    "modelType": "Raw P3D",
    "path": "dz/water/streambed",
    "usableOnConsole": false,
    "searchTags": "",
    "image": "images/water/streambed/streambed_moss_long_curve_left.p3d.jpg",
    "id": "dzobj_h6b7e5c9i5"
  },
  {
    "objectName": "streambed_moss_long_curve_left_2.p3d",
    "inGameName": "-",
    "category": "water",
    "modelType": "Raw P3D",
    "path": "dz/water/streambed",
    "usableOnConsole": false,
    "searchTags": "",
    "image": "images/water/streambed/streambed_moss_long_curve_left_2.p3d.jpg",
    "id": "dzobj_m5aip8v8zr"
  },
  {
    "objectName": "streambed_moss_long_curve_right.p3d",
    "inGameName": "-",
    "category": "water",
    "modelType": "Raw P3D",
    "path": "dz/water/streambed",
    "usableOnConsole": false,
    "searchTags": "",
    "image": "images/water/streambed/streambed_moss_long_curve_right.p3d.jpg",
    "id": "dzobj_0qwq7mpnrm"
  },
  {
    "objectName": "streambed_moss_long_curve_right_2.p3d",
    "inGameName": "-",
    "category": "water",
    "modelType": "Raw P3D",
    "path": "dz/water/streambed",
    "usableOnConsole": false,
    "searchTags": "",
    "image": "images/water/streambed/streambed_moss_long_curve_right_2.p3d.jpg",
    "id": "dzobj_52kekyf8lk"
  },
  {
    "objectName": "streambed_moss_long_snake.p3d",
    "inGameName": "-",
    "category": "water",
    "modelType": "Raw P3D",
    "path": "dz/water/streambed",
    "usableOnConsole": false,
    "searchTags": "",
    "image": "images/water/streambed/streambed_moss_long_snake.p3d.jpg",
    "id": "dzobj_45y8qpxoa9"
  },
  {
    "objectName": "streambed_moss_long_straight.p3d",
    "inGameName": "-",
    "category": "water",
    "modelType": "Raw P3D",
    "path": "dz/water/streambed",
    "usableOnConsole": false,
    "searchTags": "",
    "image": "images/water/streambed/streambed_moss_long_straight.p3d.jpg",
    "id": "dzobj_d11apjri9i"
  },
  {
    "objectName": "streambed_moss_long_straight_2.p3d",
    "inGameName": "-",
    "category": "water",
    "modelType": "Raw P3D",
    "path": "dz/water/streambed",
    "usableOnConsole": false,
    "searchTags": "",
    "image": "images/water/streambed/streambed_moss_long_straight_2.p3d.jpg",
    "id": "dzobj_9g57k53nlh"
  },
  {
    "objectName": "streambed_moss_short_arrow.p3d",
    "inGameName": "-",
    "category": "water",
    "modelType": "Raw P3D",
    "path": "dz/water/streambed",
    "usableOnConsole": false,
    "searchTags": "",
    "image": "images/water/streambed/streambed_moss_short_arrow.p3d.jpg",
    "id": "dzobj_mhdp7izyz9"
  },
  {
    "objectName": "streambed_moss_short_slanted.p3d",
    "inGameName": "-",
    "category": "water",
    "modelType": "Raw P3D",
    "path": "dz/water/streambed",
    "usableOnConsole": false,
    "searchTags": "",
    "image": "images/water/streambed/streambed_moss_short_slanted.p3d.jpg",
    "id": "dzobj_2cftb7b427"
  },
  {
    "objectName": "streambed_moss_short_slanted_inv.p3d",
    "inGameName": "-",
    "category": "water",
    "modelType": "Raw P3D",
    "path": "dz/water/streambed",
    "usableOnConsole": false,
    "searchTags": "",
    "image": "images/water/streambed/streambed_moss_short_slanted_inv.p3d.jpg",
    "id": "dzobj_9h7n5we7oi"
  },
  {
    "objectName": "streambed_moss_short_straight.p3d",
    "inGameName": "-",
    "category": "water",
    "modelType": "Raw P3D",
    "path": "dz/water/streambed",
    "usableOnConsole": false,
    "searchTags": "",
    "image": "images/water/streambed/streambed_moss_short_straight.p3d.jpg",
    "id": "dzobj_hsx6g22799"
  },
  {
    "objectName": "streambed_sand_long_curve_left.p3d",
    "inGameName": "-",
    "category": "water",
    "modelType": "Raw P3D",
    "path": "dz/water/streambed",
    "usableOnConsole": false,
    "searchTags": "",
    "image": "images/water/streambed/streambed_sand_long_curve_left.p3d.jpg",
    "id": "dzobj_7jnh2imr0y"
  },
  {
    "objectName": "streambed_sand_long_curve_right.p3d",
    "inGameName": "-",
    "category": "water",
    "modelType": "Raw P3D",
    "path": "dz/water/streambed",
    "usableOnConsole": false,
    "searchTags": "",
    "image": "images/water/streambed/streambed_sand_long_curve_right.p3d.jpg",
    "id": "dzobj_qk4ycstwj3"
  },
  {
    "objectName": "streambed_sand_long_snake.p3d",
    "inGameName": "-",
    "category": "water",
    "modelType": "Raw P3D",
    "path": "dz/water/streambed",
    "usableOnConsole": false,
    "searchTags": "",
    "image": "images/water/streambed/streambed_sand_long_snake.p3d.jpg",
    "id": "dzobj_fd43tj6cgd"
  },
  {
    "objectName": "streambed_sand_long_straight.p3d",
    "inGameName": "-",
    "category": "water",
    "modelType": "Raw P3D",
    "path": "dz/water/streambed",
    "usableOnConsole": false,
    "searchTags": "",
    "image": "images/water/streambed/streambed_sand_long_straight.p3d.jpg",
    "id": "dzobj_a6xb6tzi3d"
  },
  {
    "objectName": "streambed_sand_short_arrow.p3d",
    "inGameName": "-",
    "category": "water",
    "modelType": "Raw P3D",
    "path": "dz/water/streambed",
    "usableOnConsole": false,
    "searchTags": "",
    "image": "images/water/streambed/streambed_sand_short_arrow.p3d.jpg",
    "id": "dzobj_lsyw86bppk"
  },
  {
    "objectName": "streambed_sand_short_slanted.p3d",
    "inGameName": "-",
    "category": "water",
    "modelType": "Raw P3D",
    "path": "dz/water/streambed",
    "usableOnConsole": false,
    "searchTags": "",
    "image": "images/water/streambed/streambed_sand_short_slanted.p3d.jpg",
    "id": "dzobj_pw7gmjvmck"
  },
  {
    "objectName": "streambed_sand_short_slanted_inv.p3d",
    "inGameName": "-",
    "category": "water",
    "modelType": "Raw P3D",
    "path": "dz/water/streambed",
    "usableOnConsole": false,
    "searchTags": "",
    "image": "images/water/streambed/streambed_sand_short_slanted_inv.p3d.jpg",
    "id": "dzobj_io3gx6sy34"
  },
  {
    "objectName": "streambed_sand_short_straight.p3d",
    "inGameName": "-",
    "category": "water",
    "modelType": "Raw P3D",
    "path": "dz/water/streambed",
    "usableOnConsole": false,
    "searchTags": "",
    "image": "images/water/streambed/streambed_sand_short_straight.p3d.jpg",
    "id": "dzobj_q6aex009gm"
  }
]
