[
  {
    "objectName": "Land_streambed_leaf_long_curve_left",
    "inGameName": "-",
    "category": "water",
    "modelType": "Config",
    "path": "dz/water/streambed",
    "usableOnConsole": true,
    "searchTags": "",
    "image": "images/water/streambed/land_streambed_leaf_long_curve_left.jpg"
  },
  {
    "objectName": "Land_streambed_leaf_long_curve_left_2",
    "inGameName": "-",
    "category": "water",
    "modelType": "Config",
    "path": "dz/water/streambed",
    "usableOnConsole": true,
    "searchTags": "",
    "image": "images/water/streambed/land_streambed_leaf_long_curve_left_2.jpg"
  },
  {
    "objectName": "Land_streambed_leaf_long_curve_right",
    "inGameName": "-",
    "category": "water",
    "modelType": "Config",
    "path": "dz/water/streambed",
    "usableOnConsole": true,
    "searchTags": "",
    "image": "images/water/streambed/land_streambed_leaf_long_curve_right.jpg"
  },
  {
    "objectName": "Land_streambed_leaf_long_curve_right_2",
    "inGameName": "-",
    "category": "water",
    "modelType": "Config",
    "path": "dz/water/streambed",
    "usableOnConsole": true,
    "searchTags": "",
    "image": "images/water/streambed/land_streambed_leaf_long_curve_right_2.jpg"
  },
  {
    "objectName": "Land_streambed_leaf_long_snake",
    "inGameName": "-",
    "category": "water",
    "modelType": "Config",
    "path": "dz/water/streambed",
    "usableOnConsole": true,
    "searchTags": "",
    "image": "images/water/streambed/land_streambed_leaf_long_snake.jpg"
  },
  {
    "objectName": "Land_streambed_leaf_long_straight",
    "inGameName": "-",
    "category": "water",
    "modelType": "Config",
    "path": "dz/water/streambed",
    "usableOnConsole": true,
    "searchTags": "",
    "image": "images/water/streambed/land_streambed_leaf_long_straight.jpg"
  },
  {
    "objectName": "Land_streambed_leaf_long_straight_2",
    "inGameName": "-",
    "category": "water",
    "modelType": "Config",
    "path": "dz/water/streambed",
    "usableOnConsole": true,
    "searchTags": "",
    "image": "images/water/streambed/land_streambed_leaf_long_straight_2.jpg"
  },
  {
    "objectName": "Land_streambed_leaf_short_arrow",
    "inGameName": "-",
    "category": "water",
    "modelType": "Config",
    "path": "dz/water/streambed",
    "usableOnConsole": true,
    "searchTags": "",
    "image": "images/water/streambed/land_streambed_leaf_short_arrow.jpg"
  },
  {
    "objectName": "Land_streambed_leaf_short_slanted",
    "inGameName": "-",
    "category": "water",
    "modelType": "Config",
    "path": "dz/water/streambed",
    "usableOnConsole": true,
    "searchTags": "",
    "image": "images/water/streambed/land_streambed_leaf_short_slanted.jpg"
  },
  {
    "objectName": "Land_streambed_leaf_short_slanted_inv",
    "inGameName": "-",
    "category": "water",
    "modelType": "Config",
    "path": "dz/water/streambed",
    "usableOnConsole": true,
    "searchTags": "",
    "image": "images/water/streambed/land_streambed_leaf_short_slanted_inv.jpg"
  },
  {
    "objectName": "Land_streambed_leaf_short_straight",
    "inGameName": "-",
    "category": "water",
    "modelType": "Config",
    "path": "dz/water/streambed",
    "usableOnConsole": true,
    "searchTags": "",
    "image": "images/water/streambed/land_streambed_leaf_short_straight.jpg"
  },
  {
    "objectName": "Land_streambed_moss_long_curve_left",
    "inGameName": "-",
    "category": "water",
    "modelType": "Config",
    "path": "dz/water/streambed",
    "usableOnConsole": true,
    "searchTags": "",
    "image": "images/water/streambed/land_streambed_moss_long_curve_left.jpg"
  },
  {
    "objectName": "Land_streambed_moss_long_curve_left_2",
    "inGameName": "-",
    "category": "water",
    "modelType": "Config",
    "path": "dz/water/streambed",
    "usableOnConsole": true,
    "searchTags": "",
    "image": "images/water/streambed/land_streambed_moss_long_curve_left_2.jpg"
  },
  {
    "objectName": "Land_streambed_moss_long_curve_right",
    "inGameName": "-",
    "category": "water",
    "modelType": "Config",
    "path": "dz/water/streambed",
    "usableOnConsole": true,
    "searchTags": "",
    "image": "images/water/streambed/land_streambed_moss_long_curve_right.jpg"
  },
  {
    "objectName": "Land_streambed_moss_long_curve_right_2",
    "inGameName": "-",
    "category": "water",
    "modelType": "Config",
    "path": "dz/water/streambed",
    "usableOnConsole": true,
    "searchTags": "",
    "image": "images/water/streambed/land_streambed_moss_long_curve_right_2.jpg"
  },
  {
    "objectName": "Land_streambed_moss_long_snake",
    "inGameName": "-",
    "category": "water",
    "modelType": "Config",
    "path": "dz/water/streambed",
    "usableOnConsole": true,
    "searchTags": "",
    "image": "images/water/streambed/land_streambed_moss_long_snake.jpg"
  },
  {
    "objectName": "Land_streambed_moss_long_straight",
    "inGameName": "-",
    "category": "water",
    "modelType": "Config",
    "path": "dz/water/streambed",
    "usableOnConsole": true,
    "searchTags": "",
    "image": "images/water/streambed/land_streambed_moss_long_straight.jpg"
  },
  {
    "objectName": "Land_streambed_moss_long_straight_2",
    "inGameName": "-",
    "category": "water",
    "modelType": "Config",
    "path": "dz/water/streambed",
    "usableOnConsole": true,
    "searchTags": "",
    "image": "images/water/streambed/land_streambed_moss_long_straight_2.jpg"
  },
  {
    "objectName": "Land_streambed_moss_short_arrow",
    "inGameName": "-",
    "category": "water",
    "modelType": "Config",
    "path": "dz/water/streambed",
    "usableOnConsole": true,
    "searchTags": "",
    "image": "images/water/streambed/land_streambed_moss_short_arrow.jpg"
  },
  {
    "objectName": "Land_streambed_moss_short_slanted",
    "inGameName": "-",
    "category": "water",
    "modelType": "Config",
    "path": "dz/water/streambed",
    "usableOnConsole": true,
    "searchTags": "",
    "image": "images/water/streambed/land_streambed_moss_short_slanted.jpg"
  },
  {
    "objectName": "Land_streambed_moss_short_slanted_inv",
    "inGameName": "-",
    "category": "water",
    "modelType": "Config",
    "path": "dz/water/streambed",
    "usableOnConsole": true,
    "searchTags": "",
    "image": "images/water/streambed/land_streambed_moss_short_slanted_inv.jpg"
  },
  {
    "objectName": "Land_streambed_moss_short_straight",
    "inGameName": "-",
    "category": "water",
    "modelType": "Config",
    "path": "dz/water/streambed",
    "usableOnConsole": true,
    "searchTags": "",
    "image": "images/water/streambed/land_streambed_moss_short_straight.jpg"
  },
  {
    "objectName": "Land_streambed_sand_long_curve_left",
    "inGameName": "-",
    "category": "water",
    "modelType": "Config",
    "path": "dz/water/streambed",
    "usableOnConsole": true,
    "searchTags": "",
    "image": "images/water/streambed/land_streambed_sand_long_curve_left.jpg"
  },
  {
    "objectName": "Land_streambed_sand_long_curve_right",
    "inGameName": "-",
    "category": "water",
    "modelType": "Config",
    "path": "dz/water/streambed",
    "usableOnConsole": true,
    "searchTags": "",
    "image": "images/water/streambed/land_streambed_sand_long_curve_right.jpg"
  },
  {
    "objectName": "Land_streambed_sand_long_snake",
    "inGameName": "-",
    "category": "water",
    "modelType": "Config",
    "path": "dz/water/streambed",
    "usableOnConsole": true,
    "searchTags": "",
    "image": "images/water/streambed/land_streambed_sand_long_snake.jpg"
  },
  {
    "objectName": "Land_streambed_sand_long_straight",
    "inGameName": "-",
    "category": "water",
    "modelType": "Config",
    "path": "dz/water/streambed",
    "usableOnConsole": true,
    "searchTags": "",
    "image": "images/water/streambed/land_streambed_sand_long_straight.jpg"
  },
  {
    "objectName": "Land_streambed_sand_short_arrow",
    "inGameName": "-",
    "category": "water",
    "modelType": "Config",
    "path": "dz/water/streambed",
    "usableOnConsole": true,
    "searchTags": "",
    "image": "images/water/streambed/land_streambed_sand_short_arrow.jpg"
  },
  {
    "objectName": "Land_streambed_sand_short_slanted",
    "inGameName": "-",
    "category": "water",
    "modelType": "Config",
    "path": "dz/water/streambed",
    "usableOnConsole": true,
    "searchTags": "",
    "image": "images/water/streambed/land_streambed_sand_short_slanted.jpg"
  },
  {
    "objectName": "Land_streambed_sand_short_slanted_inv",
    "inGameName": "-",
    "category": "water",
    "modelType": "Config",
    "path": "dz/water/streambed",
    "usableOnConsole": true,
    "searchTags": "",
    "image": "images/water/streambed/land_streambed_sand_short_slanted_inv.jpg"
  },
  {
    "objectName": "Land_streambed_sand_short_straight",
    "inGameName": "-",
    "category": "water",
    "modelType": "Config",
    "path": "dz/water/streambed",
    "usableOnConsole": true,
    "searchTags": "",
    "image": "images/water/streambed/land_streambed_sand_short_straight.jpg"
  },
  {
    "objectName": "streambed_leaf_long_curve_left.p3d",
    "inGameName": "-",
    "category": "water",
    "modelType": "Raw P3D",
    "path": "dz/water/streambed",
    "usableOnConsole": false,
    "searchTags": "",
    "image": "images/water/streambed/streambed_leaf_long_curve_left.p3d.jpg"
  },
  {
    "objectName": "streambed_leaf_long_curve_left_2.p3d",
    "inGameName": "-",
    "category": "water",
    "modelType": "Raw P3D",
    "path": "dz/water/streambed",
    "usableOnConsole": false,
    "searchTags": "",
    "image": "images/water/streambed/streambed_leaf_long_curve_left_2.p3d.jpg"
  },
  {
    "objectName": "streambed_leaf_long_curve_right.p3d",
    "inGameName": "-",
    "category": "water",
    "modelType": "Raw P3D",
    "path": "dz/water/streambed",
    "usableOnConsole": false,
    "searchTags": "",
    "image": "images/water/streambed/streambed_leaf_long_curve_right.p3d.jpg"
  },
  {
    "objectName": "streambed_leaf_long_curve_right_2.p3d",
    "inGameName": "-",
    "category": "water",
    "modelType": "Raw P3D",
    "path": "dz/water/streambed",
    "usableOnConsole": false,
    "searchTags": "",
    "image": "images/water/streambed/streambed_leaf_long_curve_right_2.p3d.jpg"
  },
  {
    "objectName": "streambed_leaf_long_snake.p3d",
    "inGameName": "-",
    "category": "water",
    "modelType": "Raw P3D",
    "path": "dz/water/streambed",
    "usableOnConsole": false,
    "searchTags": "",
    "image": "images/water/streambed/streambed_leaf_long_snake.p3d.jpg"
  },
  {
    "objectName": "streambed_leaf_long_straight.p3d",
    "inGameName": "-",
    "category": "water",
    "modelType": "Raw P3D",
    "path": "dz/water/streambed",
    "usableOnConsole": false,
    "searchTags": "",
    "image": "images/water/streambed/streambed_leaf_long_straight.p3d.jpg"
  },
  {
    "objectName": "streambed_leaf_long_straight_2.p3d",
    "inGameName": "-",
    "category": "water",
    "modelType": "Raw P3D",
    "path": "dz/water/streambed",
    "usableOnConsole": false,
    "searchTags": "",
    "image": "images/water/streambed/streambed_leaf_long_straight_2.p3d.jpg"
  },
  {
    "objectName": "streambed_leaf_short_arrow.p3d",
    "inGameName": "-",
    "category": "water",
    "modelType": "Raw P3D",
    "path": "dz/water/streambed",
    "usableOnConsole": false,
    "searchTags": "",
    "image": "images/water/streambed/streambed_leaf_short_arrow.p3d.jpg"
  },
  {
    "objectName": "streambed_leaf_short_slanted.p3d",
    "inGameName": "-",
    "category": "water",
    "modelType": "Raw P3D",
    "path": "dz/water/streambed",
    "usableOnConsole": false,
    "searchTags": "",
    "image": "images/water/streambed/streambed_leaf_short_slanted.p3d.jpg"
  },
  {
    "objectName": "streambed_leaf_short_slanted_inv.p3d",
    "inGameName": "-",
    "category": "water",
    "modelType": "Raw P3D",
    "path": "dz/water/streambed",
    "usableOnConsole": false,
    "searchTags": "",
    "image": "images/water/streambed/streambed_leaf_short_slanted_inv.p3d.jpg"
  },
  {
    "objectName": "streambed_leaf_short_straight.p3d",
    "inGameName": "-",
    "category": "water",
    "modelType": "Raw P3D",
    "path": "dz/water/streambed",
    "usableOnConsole": false,
    "searchTags": "",
    "image": "images/water/streambed/streambed_leaf_short_straight.p3d.jpg"
  },
  {
    "objectName": "streambed_moss_long_curve_left.p3d",
    "inGameName": "-",
    "category": "water",
    "modelType": "Raw P3D",
    "path": "dz/water/streambed",
    "usableOnConsole": false,
    "searchTags": "",
    "image": "images/water/streambed/streambed_moss_long_curve_left.p3d.jpg"
  },
  {
    "objectName": "streambed_moss_long_curve_left_2.p3d",
    "inGameName": "-",
    "category": "water",
    "modelType": "Raw P3D",
    "path": "dz/water/streambed",
    "usableOnConsole": false,
    "searchTags": "",
    "image": "images/water/streambed/streambed_moss_long_curve_left_2.p3d.jpg"
  },
  {
    "objectName": "streambed_moss_long_curve_right.p3d",
    "inGameName": "-",
    "category": "water",
    "modelType": "Raw P3D",
    "path": "dz/water/streambed",
    "usableOnConsole": false,
    "searchTags": "",
    "image": "images/water/streambed/streambed_moss_long_curve_right.p3d.jpg"
  },
  {
    "objectName": "streambed_moss_long_curve_right_2.p3d",
    "inGameName": "-",
    "category": "water",
    "modelType": "Raw P3D",
    "path": "dz/water/streambed",
    "usableOnConsole": false,
    "searchTags": "",
    "image": "images/water/streambed/streambed_moss_long_curve_right_2.p3d.jpg"
  },
  {
    "objectName": "streambed_moss_long_snake.p3d",
    "inGameName": "-",
    "category": "water",
    "modelType": "Raw P3D",
    "path": "dz/water/streambed",
    "usableOnConsole": false,
    "searchTags": "",
    "image": "images/water/streambed/streambed_moss_long_snake.p3d.jpg"
  },
  {
    "objectName": "streambed_moss_long_straight.p3d",
    "inGameName": "-",
    "category": "water",
    "modelType": "Raw P3D",
    "path": "dz/water/streambed",
    "usableOnConsole": false,
    "searchTags": "",
    "image": "images/water/streambed/streambed_moss_long_straight.p3d.jpg"
  },
  {
    "objectName": "streambed_moss_long_straight_2.p3d",
    "inGameName": "-",
    "category": "water",
    "modelType": "Raw P3D",
    "path": "dz/water/streambed",
    "usableOnConsole": false,
    "searchTags": "",
    "image": "images/water/streambed/streambed_moss_long_straight_2.p3d.jpg"
  },
  {
    "objectName": "streambed_moss_short_arrow.p3d",
    "inGameName": "-",
    "category": "water",
    "modelType": "Raw P3D",
    "path": "dz/water/streambed",
    "usableOnConsole": false,
    "searchTags": "",
    "image": "images/water/streambed/streambed_moss_short_arrow.p3d.jpg"
  },
  {
    "objectName": "streambed_moss_short_slanted.p3d",
    "inGameName": "-",
    "category": "water",
    "modelType": "Raw P3D",
    "path": "dz/water/streambed",
    "usableOnConsole": false,
    "searchTags": "",
    "image": "images/water/streambed/streambed_moss_short_slanted.p3d.jpg"
  },
  {
    "objectName": "streambed_moss_short_slanted_inv.p3d",
    "inGameName": "-",
    "category": "water",
    "modelType": "Raw P3D",
    "path": "dz/water/streambed",
    "usableOnConsole": false,
    "searchTags": "",
    "image": "images/water/streambed/streambed_moss_short_slanted_inv.p3d.jpg"
  },
  {
    "objectName": "streambed_moss_short_straight.p3d",
    "inGameName": "-",
    "category": "water",
    "modelType": "Raw P3D",
    "path": "dz/water/streambed",
    "usableOnConsole": false,
    "searchTags": "",
    "image": "images/water/streambed/streambed_moss_short_straight.p3d.jpg"
  },
  {
    "objectName": "streambed_sand_long_curve_left.p3d",
    "inGameName": "-",
    "category": "water",
    "modelType": "Raw P3D",
    "path": "dz/water/streambed",
    "usableOnConsole": false,
    "searchTags": "",
    "image": "images/water/streambed/streambed_sand_long_curve_left.p3d.jpg"
  },
  {
    "objectName": "streambed_sand_long_curve_right.p3d",
    "inGameName": "-",
    "category": "water",
    "modelType": "Raw P3D",
    "path": "dz/water/streambed",
    "usableOnConsole": false,
    "searchTags": "",
    "image": "images/water/streambed/streambed_sand_long_curve_right.p3d.jpg"
  },
  {
    "objectName": "streambed_sand_long_snake.p3d",
    "inGameName": "-",
    "category": "water",
    "modelType": "Raw P3D",
    "path": "dz/water/streambed",
    "usableOnConsole": false,
    "searchTags": "",
    "image": "images/water/streambed/streambed_sand_long_snake.p3d.jpg"
  },
  {
    "objectName": "streambed_sand_long_straight.p3d",
    "inGameName": "-",
    "category": "water",
    "modelType": "Raw P3D",
    "path": "dz/water/streambed",
    "usableOnConsole": false,
    "searchTags": "",
    "image": "images/water/streambed/streambed_sand_long_straight.p3d.jpg"
  },
  {
    "objectName": "streambed_sand_short_arrow.p3d",
    "inGameName": "-",
    "category": "water",
    "modelType": "Raw P3D",
    "path": "dz/water/streambed",
    "usableOnConsole": false,
    "searchTags": "",
    "image": "images/water/streambed/streambed_sand_short_arrow.p3d.jpg"
  },
  {
    "objectName": "streambed_sand_short_slanted.p3d",
    "inGameName": "-",
    "category": "water",
    "modelType": "Raw P3D",
    "path": "dz/water/streambed",
    "usableOnConsole": false,
    "searchTags": "",
    "image": "images/water/streambed/streambed_sand_short_slanted.p3d.jpg"
  },
  {
    "objectName": "streambed_sand_short_slanted_inv.p3d",
    "inGameName": "-",
    "category": "water",
    "modelType": "Raw P3D",
    "path": "dz/water/streambed",
    "usableOnConsole": false,
    "searchTags": "",
    "image": "images/water/streambed/streambed_sand_short_slanted_inv.p3d.jpg"
  },
  {
    "objectName": "streambed_sand_short_straight.p3d",
    "inGameName": "-",
    "category": "water",
    "modelType": "Raw P3D",
    "path": "dz/water/streambed",
    "usableOnConsole": false,
    "searchTags": "",
    "image": "images/water/streambed/streambed_sand_short_straight.p3d.jpg"
  }
]