[
  {
    "objectName": "signenoch_adamow_end.p3d",
    "inGameName": "-",
    "category": "structures_bliss",
    "modelType": "Raw P3D",
    "path": "dz/structures_bliss/signs/settlements",
    "usableOnConsole": false,
    "searchTags": "livoniaa, settlements, signs",
    "image": "images/structures_bliss/signs/settlements/signenoch_adamow_end.jpg"
  },
  {
    "objectName": "signenoch_adamow_start.p3d",
    "inGameName": "-",
    "category": "structures_bliss",
    "modelType": "Raw P3D",
    "path": "dz/structures_bliss/signs/settlements",
    "usableOnConsole": false,
    "searchTags": "livoniaa, settlements, signs",
    "image": "images/structures_bliss/signs/settlements/signenoch_adamow_start.jpg"
  },
  {
    "objectName": "signenoch_bielawa_end.p3d",
    "inGameName": "-",
    "category": "structures_bliss",
    "modelType": "Raw P3D",
    "path": "dz/structures_bliss/signs/settlements",
    "usableOnConsole": false,
    "searchTags": "livoniaa, settlements, signs",
    "image": "images/structures_bliss/signs/settlements/signenoch_bielawa_end.jpg"
  },
  {
    "objectName": "signenoch_bielawa_start.p3d",
    "inGameName": "-",
    "category": "structures_bliss",
    "modelType": "Raw P3D",
    "path": "dz/structures_bliss/signs/settlements",
    "usableOnConsole": false,
    "searchTags": "livoniaa, settlements, signs",
    "image": "images/structures_bliss/signs/settlements/signenoch_bielawa_start.jpg"
  },
  {
    "objectName": "signenoch_borek_end.p3d",
    "inGameName": "-",
    "category": "structures_bliss",
    "modelType": "Raw P3D",
    "path": "dz/structures_bliss/signs/settlements",
    "usableOnConsole": false,
    "searchTags": "livoniaa, settlements, signs",
    "image": "images/structures_bliss/signs/settlements/signenoch_borek_end.jpg"
  },
  {
    "objectName": "signenoch_borek_start.p3d",
    "inGameName": "-",
    "category": "structures_bliss",
    "modelType": "Raw P3D",
    "path": "dz/structures_bliss/signs/settlements",
    "usableOnConsole": false,
    "searchTags": "livoniaa, settlements, signs",
    "image": "images/structures_bliss/signs/settlements/signenoch_borek_start.jpg"
  },
  {
    "objectName": "signenoch_brena_end.p3d",
    "inGameName": "-",
    "category": "structures_bliss",
    "modelType": "Raw P3D",
    "path": "dz/structures_bliss/signs/settlements",
    "usableOnConsole": false,
    "searchTags": "livoniaa, settlements, signs",
    "image": "images/structures_bliss/signs/settlements/signenoch_brena_end.jpg"
  },
  {
    "objectName": "signenoch_brena_start.p3d",
    "inGameName": "-",
    "category": "structures_bliss",
    "modelType": "Raw P3D",
    "path": "dz/structures_bliss/signs/settlements",
    "usableOnConsole": false,
    "searchTags": "livoniaa, settlements, signs",
    "image": "images/structures_bliss/signs/settlements/signenoch_brena_start.jpg"
  },
  {
    "objectName": "signenoch_dolnik_end.p3d",
    "inGameName": "-",
    "category": "structures_bliss",
    "modelType": "Raw P3D",
    "path": "dz/structures_bliss/signs/settlements",
    "usableOnConsole": false,
    "searchTags": "livoniaa, settlements, signs",
    "image": "images/structures_bliss/signs/settlements/signenoch_dolnik_end.jpg"
  },
  {
    "objectName": "signenoch_dolnik_start.p3d",
    "inGameName": "-",
    "category": "structures_bliss",
    "modelType": "Raw P3D",
    "path": "dz/structures_bliss/signs/settlements",
    "usableOnConsole": false,
    "searchTags": "livoniaa, settlements, signs",
    "image": "images/structures_bliss/signs/settlements/signenoch_dolnik_start.jpg"
  },
  {
    "objectName": "signenoch_gieraltow_end.p3d",
    "inGameName": "-",
    "category": "structures_bliss",
    "modelType": "Raw P3D",
    "path": "dz/structures_bliss/signs/settlements",
    "usableOnConsole": false,
    "searchTags": "livoniaa, settlements, signs",
    "image": "images/structures_bliss/signs/settlements/signenoch_gieraltow_end.jpg"
  },
  {
    "objectName": "signenoch_gieraltow_start.p3d",
    "inGameName": "-",
    "category": "structures_bliss",
    "modelType": "Raw P3D",
    "path": "dz/structures_bliss/signs/settlements",
    "usableOnConsole": false,
    "searchTags": "livoniaa, settlements, signs",
    "image": "images/structures_bliss/signs/settlements/signenoch_gieraltow_start.jpg"
  },
  {
    "objectName": "signenoch_gliniska_end.p3d",
    "inGameName": "-",
    "category": "structures_bliss",
    "modelType": "Raw P3D",
    "path": "dz/structures_bliss/signs/settlements",
    "usableOnConsole": false,
    "searchTags": "livoniaa, settlements, signs",
    "image": "images/structures_bliss/signs/settlements/signenoch_gliniska_end.jpg"
  },
  {
    "objectName": "signenoch_gliniska_start.p3d",
    "inGameName": "-",
    "category": "structures_bliss",
    "modelType": "Raw P3D",
    "path": "dz/structures_bliss/signs/settlements",
    "usableOnConsole": false,
    "searchTags": "livoniaa, settlements, signs",
    "image": "images/structures_bliss/signs/settlements/signenoch_gliniska_start.jpg"
  },
  {
    "objectName": "signenoch_grabin_end.p3d",
    "inGameName": "-",
    "category": "structures_bliss",
    "modelType": "Raw P3D",
    "path": "dz/structures_bliss/signs/settlements",
    "usableOnConsole": false,
    "searchTags": "livoniaa, settlements, signs",
    "image": "images/structures_bliss/signs/settlements/signenoch_grabin_end.jpg"
  },
  {
    "objectName": "signenoch_grabin_start.p3d",
    "inGameName": "-",
    "category": "structures_bliss",
    "modelType": "Raw P3D",
    "path": "dz/structures_bliss/signs/settlements",
    "usableOnConsole": false,
    "searchTags": "livoniaa, settlements, signs",
    "image": "images/structures_bliss/signs/settlements/signenoch_grabin_start.jpg"
  },
  {
    "objectName": "signenoch_huta_end.p3d",
    "inGameName": "-",
    "category": "structures_bliss",
    "modelType": "Raw P3D",
    "path": "dz/structures_bliss/signs/settlements",
    "usableOnConsole": false,
    "searchTags": "livoniaa, settlements, signs",
    "image": "images/structures_bliss/signs/settlements/signenoch_huta_end.jpg"
  },
  {
    "objectName": "signenoch_huta_start.p3d",
    "inGameName": "-",
    "category": "structures_bliss",
    "modelType": "Raw P3D",
    "path": "dz/structures_bliss/signs/settlements",
    "usableOnConsole": false,
    "searchTags": "livoniaa, settlements, signs",
    "image": "images/structures_bliss/signs/settlements/signenoch_huta_start.jpg"
  },
  {
    "objectName": "signenoch_karlin_end.p3d",
    "inGameName": "-",
    "category": "structures_bliss",
    "modelType": "Raw P3D",
    "path": "dz/structures_bliss/signs/settlements",
    "usableOnConsole": false,
    "searchTags": "livoniaa, settlements, signs",
    "image": "images/structures_bliss/signs/settlements/signenoch_karlin_end.jpg"
  },
  {
    "objectName": "signenoch_karlin_start.p3d",
    "inGameName": "-",
    "category": "structures_bliss",
    "modelType": "Raw P3D",
    "path": "dz/structures_bliss/signs/settlements",
    "usableOnConsole": false,
    "searchTags": "livoniaa, settlements, signs",
    "image": "images/structures_bliss/signs/settlements/signenoch_karlin_start.jpg"
  },
  {
    "objectName": "signenoch_kolembrody_end.p3d",
    "inGameName": "-",
    "category": "structures_bliss",
    "modelType": "Raw P3D",
    "path": "dz/structures_bliss/signs/settlements",
    "usableOnConsole": false,
    "searchTags": "livoniaa, settlements, signs",
    "image": "images/structures_bliss/signs/settlements/signenoch_kolembrody_end.jpg"
  },
  {
    "objectName": "signenoch_kolembrody_start.p3d",
    "inGameName": "-",
    "category": "structures_bliss",
    "modelType": "Raw P3D",
    "path": "dz/structures_bliss/signs/settlements",
    "usableOnConsole": false,
    "searchTags": "livoniaa, settlements, signs",
    "image": "images/structures_bliss/signs/settlements/signenoch_kolembrody_start.jpg"
  },
  {
    "objectName": "signenoch_konopki_end.p3d",
    "inGameName": "-",
    "category": "structures_bliss",
    "modelType": "Raw P3D",
    "path": "dz/structures_bliss/signs/settlements",
    "usableOnConsole": false,
    "searchTags": "livoniaa, settlements, signs",
    "image": "images/structures_bliss/signs/settlements/signenoch_konopki_end.jpg"
  },
  {
    "objectName": "signenoch_konopki_start.p3d",
    "inGameName": "-",
    "category": "structures_bliss",
    "modelType": "Raw P3D",
    "path": "dz/structures_bliss/signs/settlements",
    "usableOnConsole": false,
    "searchTags": "livoniaa, settlements, signs",
    "image": "images/structures_bliss/signs/settlements/signenoch_konopki_start.jpg"
  },
  {
    "objectName": "signenoch_lembork_end.p3d",
    "inGameName": "-",
    "category": "structures_bliss",
    "modelType": "Raw P3D",
    "path": "dz/structures_bliss/signs/settlements",
    "usableOnConsole": false,
    "searchTags": "livoniaa, settlements, signs",
    "image": "images/structures_bliss/signs/settlements/signenoch_lembork_end.jpg"
  },
  {
    "objectName": "signenoch_lembork_start.p3d",
    "inGameName": "-",
    "category": "structures_bliss",
    "modelType": "Raw P3D",
    "path": "dz/structures_bliss/signs/settlements",
    "usableOnConsole": false,
    "searchTags": "livoniaa, settlements, signs",
    "image": "images/structures_bliss/signs/settlements/signenoch_lembork_start.jpg"
  },
  {
    "objectName": "signenoch_lipina_end.p3d",
    "inGameName": "-",
    "category": "structures_bliss",
    "modelType": "Raw P3D",
    "path": "dz/structures_bliss/signs/settlements",
    "usableOnConsole": false,
    "searchTags": "livoniaa, settlements, signs",
    "image": "images/structures_bliss/signs/settlements/signenoch_lipina_end.jpg"
  },
  {
    "objectName": "signenoch_lipina_start.p3d",
    "inGameName": "-",
    "category": "structures_bliss",
    "modelType": "Raw P3D",
    "path": "dz/structures_bliss/signs/settlements",
    "usableOnConsole": false,
    "searchTags": "livoniaa, settlements, signs",
    "image": "images/structures_bliss/signs/settlements/signenoch_lipina_start.jpg"
  },
  {
    "objectName": "signenoch_lomnica_end.p3d",
    "inGameName": "-",
    "category": "structures_bliss",
    "modelType": "Raw P3D",
    "path": "dz/structures_bliss/signs/settlements",
    "usableOnConsole": false,
    "searchTags": "livoniaa, settlements, signs",
    "image": "images/structures_bliss/signs/settlements/signenoch_lomnica_end.jpg"
  },
  {
    "objectName": "signenoch_lomnica_start.p3d",
    "inGameName": "-",
    "category": "structures_bliss",
    "modelType": "Raw P3D",
    "path": "dz/structures_bliss/signs/settlements",
    "usableOnConsole": false,
    "searchTags": "livoniaa, settlements, signs",
    "image": "images/structures_bliss/signs/settlements/signenoch_lomnica_start.jpg"
  },
  {
    "objectName": "signenoch_lukow_end.p3d",
    "inGameName": "-",
    "category": "structures_bliss",
    "modelType": "Raw P3D",
    "path": "dz/structures_bliss/signs/settlements",
    "usableOnConsole": false,
    "searchTags": "livoniaa, settlements, signs",
    "image": "images/structures_bliss/signs/settlements/signenoch_lukow_end.jpg"
  },
  {
    "objectName": "signenoch_lukow_start.p3d",
    "inGameName": "-",
    "category": "structures_bliss",
    "modelType": "Raw P3D",
    "path": "dz/structures_bliss/signs/settlements",
    "usableOnConsole": false,
    "searchTags": "livoniaa, settlements, signs",
    "image": "images/structures_bliss/signs/settlements/signenoch_lukow_start.jpg"
  },
  {
    "objectName": "signenoch_majdan_end.p3d",
    "inGameName": "-",
    "category": "structures_bliss",
    "modelType": "Raw P3D",
    "path": "dz/structures_bliss/signs/settlements",
    "usableOnConsole": false,
    "searchTags": "livoniaa, settlements, signs",
    "image": "images/structures_bliss/signs/settlements/signenoch_majdan_end.jpg"
  },
  {
    "objectName": "signenoch_majdan_start.p3d",
    "inGameName": "-",
    "category": "structures_bliss",
    "modelType": "Raw P3D",
    "path": "dz/structures_bliss/signs/settlements",
    "usableOnConsole": false,
    "searchTags": "livoniaa, settlements, signs",
    "image": "images/structures_bliss/signs/settlements/signenoch_majdan_start.jpg"
  },
  {
    "objectName": "signenoch_muratyn_end.p3d",
    "inGameName": "-",
    "category": "structures_bliss",
    "modelType": "Raw P3D",
    "path": "dz/structures_bliss/signs/settlements",
    "usableOnConsole": false,
    "searchTags": "livoniaa, settlements, signs",
    "image": "images/structures_bliss/signs/settlements/signenoch_muratyn_end.jpg"
  },
  {
    "objectName": "signenoch_muratyn_start.p3d",
    "inGameName": "-",
    "category": "structures_bliss",
    "modelType": "Raw P3D",
    "path": "dz/structures_bliss/signs/settlements",
    "usableOnConsole": false,
    "searchTags": "livoniaa, settlements, signs",
    "image": "images/structures_bliss/signs/settlements/signenoch_muratyn_start.jpg"
  },
  {
    "objectName": "signenoch_nadbor_end.p3d",
    "inGameName": "-",
    "category": "structures_bliss",
    "modelType": "Raw P3D",
    "path": "dz/structures_bliss/signs/settlements",
    "usableOnConsole": false,
    "searchTags": "livoniaa, settlements, signs",
    "image": "images/structures_bliss/signs/settlements/signenoch_nadbor_end.jpg"
  },
  {
    "objectName": "signenoch_nadbor_start.p3d",
    "inGameName": "-",
    "category": "structures_bliss",
    "modelType": "Raw P3D",
    "path": "dz/structures_bliss/signs/settlements",
    "usableOnConsole": false,
    "searchTags": "livoniaa, settlements, signs",
    "image": "images/structures_bliss/signs/settlements/signenoch_nadbor_start.jpg"
  },
  {
    "objectName": "signenoch_olszanka_end.p3d",
    "inGameName": "-",
    "category": "structures_bliss",
    "modelType": "Raw P3D",
    "path": "dz/structures_bliss/signs/settlements",
    "usableOnConsole": false,
    "searchTags": "livoniaa, settlements, signs",
    "image": "images/structures_bliss/signs/settlements/signenoch_olszanka_end.jpg"
  },
  {
    "objectName": "signenoch_olszanka_start.p3d",
    "inGameName": "-",
    "category": "structures_bliss",
    "modelType": "Raw P3D",
    "path": "dz/structures_bliss/signs/settlements",
    "usableOnConsole": false,
    "searchTags": "livoniaa, settlements, signs",
    "image": "images/structures_bliss/signs/settlements/signenoch_olszanka_start.jpg"
  },
  {
    "objectName": "signenoch_polana_end.p3d",
    "inGameName": "-",
    "category": "structures_bliss",
    "modelType": "Raw P3D",
    "path": "dz/structures_bliss/signs/settlements",
    "usableOnConsole": false,
    "searchTags": "livoniaa, settlements, signs",
    "image": "images/structures_bliss/signs/settlements/signenoch_polana_end.jpg"
  },
  {
    "objectName": "signenoch_polana_start.p3d",
    "inGameName": "-",
    "category": "structures_bliss",
    "modelType": "Raw P3D",
    "path": "dz/structures_bliss/signs/settlements",
    "usableOnConsole": false,
    "searchTags": "livoniaa, settlements, signs",
    "image": "images/structures_bliss/signs/settlements/signenoch_polana_start.jpg"
  },
  {
    "objectName": "signenoch_radacz_end.p3d",
    "inGameName": "-",
    "category": "structures_bliss",
    "modelType": "Raw P3D",
    "path": "dz/structures_bliss/signs/settlements",
    "usableOnConsole": false,
    "searchTags": "livoniaa, settlements, signs",
    "image": "images/structures_bliss/signs/settlements/signenoch_radacz_end.jpg"
  },
  {
    "objectName": "signenoch_radacz_start.p3d",
    "inGameName": "-",
    "category": "structures_bliss",
    "modelType": "Raw P3D",
    "path": "dz/structures_bliss/signs/settlements",
    "usableOnConsole": false,
    "searchTags": "livoniaa, settlements, signs",
    "image": "images/structures_bliss/signs/settlements/signenoch_radacz_start.jpg"
  },
  {
    "objectName": "signenoch_radunin_end.p3d",
    "inGameName": "-",
    "category": "structures_bliss",
    "modelType": "Raw P3D",
    "path": "dz/structures_bliss/signs/settlements",
    "usableOnConsole": false,
    "searchTags": "livoniaa, settlements, signs",
    "image": "images/structures_bliss/signs/settlements/signenoch_radunin_end.jpg"
  },
  {
    "objectName": "signenoch_radunin_start.p3d",
    "inGameName": "-",
    "category": "structures_bliss",
    "modelType": "Raw P3D",
    "path": "dz/structures_bliss/signs/settlements",
    "usableOnConsole": false,
    "searchTags": "livoniaa, settlements, signs",
    "image": "images/structures_bliss/signs/settlements/signenoch_radunin_start.jpg"
  },
  {
    "objectName": "signenoch_roztoka_end.p3d",
    "inGameName": "-",
    "category": "structures_bliss",
    "modelType": "Raw P3D",
    "path": "dz/structures_bliss/signs/settlements",
    "usableOnConsole": false,
    "searchTags": "livoniaa, settlements, signs",
    "image": "images/structures_bliss/signs/settlements/signenoch_roztoka_end.jpg"
  },
  {
    "objectName": "signenoch_roztoka_start.p3d",
    "inGameName": "-",
    "category": "structures_bliss",
    "modelType": "Raw P3D",
    "path": "dz/structures_bliss/signs/settlements",
    "usableOnConsole": false,
    "searchTags": "livoniaa, settlements, signs",
    "image": "images/structures_bliss/signs/settlements/signenoch_roztoka_start.jpg"
  },
  {
    "objectName": "signenoch_sarnowek_end.p3d",
    "inGameName": "-",
    "category": "structures_bliss",
    "modelType": "Raw P3D",
    "path": "dz/structures_bliss/signs/settlements",
    "usableOnConsole": false,
    "searchTags": "livoniaa, settlements, signs",
    "image": "images/structures_bliss/signs/settlements/signenoch_sarnowek_end.jpg"
  },
  {
    "objectName": "signenoch_sarnowek_start.p3d",
    "inGameName": "-",
    "category": "structures_bliss",
    "modelType": "Raw P3D",
    "path": "dz/structures_bliss/signs/settlements",
    "usableOnConsole": false,
    "searchTags": "livoniaa, settlements, signs",
    "image": "images/structures_bliss/signs/settlements/signenoch_sarnowek_start.jpg"
  },
  {
    "objectName": "signenoch_sitnik_end.p3d",
    "inGameName": "-",
    "category": "structures_bliss",
    "modelType": "Raw P3D",
    "path": "dz/structures_bliss/signs/settlements",
    "usableOnConsole": false,
    "searchTags": "livoniaa, settlements, signs",
    "image": "images/structures_bliss/signs/settlements/signenoch_sitnik_end.jpg"
  },
  {
    "objectName": "signenoch_sitnik_start.p3d",
    "inGameName": "-",
    "category": "structures_bliss",
    "modelType": "Raw P3D",
    "path": "dz/structures_bliss/signs/settlements",
    "usableOnConsole": false,
    "searchTags": "livoniaa, settlements, signs",
    "image": "images/structures_bliss/signs/settlements/signenoch_sitnik_start.jpg"
  },
  {
    "objectName": "signenoch_sobotka_end.p3d",
    "inGameName": "-",
    "category": "structures_bliss",
    "modelType": "Raw P3D",
    "path": "dz/structures_bliss/signs/settlements",
    "usableOnConsole": false,
    "searchTags": "livoniaa, settlements, signs",
    "image": "images/structures_bliss/signs/settlements/signenoch_sobotka_end.jpg"
  },
  {
    "objectName": "signenoch_sobotka_start.p3d",
    "inGameName": "-",
    "category": "structures_bliss",
    "modelType": "Raw P3D",
    "path": "dz/structures_bliss/signs/settlements",
    "usableOnConsole": false,
    "searchTags": "livoniaa, settlements, signs",
    "image": "images/structures_bliss/signs/settlements/signenoch_sobotka_start.jpg"
  },
  {
    "objectName": "signenoch_tarnow_end.p3d",
    "inGameName": "-",
    "category": "structures_bliss",
    "modelType": "Raw P3D",
    "path": "dz/structures_bliss/signs/settlements",
    "usableOnConsole": false,
    "searchTags": "livoniaa, settlements, signs",
    "image": "images/structures_bliss/signs/settlements/signenoch_tarnow_end.jpg"
  },
  {
    "objectName": "signenoch_tarnow_start.p3d",
    "inGameName": "-",
    "category": "structures_bliss",
    "modelType": "Raw P3D",
    "path": "dz/structures_bliss/signs/settlements",
    "usableOnConsole": false,
    "searchTags": "livoniaa, settlements, signs",
    "image": "images/structures_bliss/signs/settlements/signenoch_tarnow_start.jpg"
  },
  {
    "objectName": "signenoch_topolin_end.p3d",
    "inGameName": "-",
    "category": "structures_bliss",
    "modelType": "Raw P3D",
    "path": "dz/structures_bliss/signs/settlements",
    "usableOnConsole": false,
    "searchTags": "livoniaa, settlements, signs",
    "image": "images/structures_bliss/signs/settlements/signenoch_topolin_end.jpg"
  },
  {
    "objectName": "signenoch_topolin_start.p3d",
    "inGameName": "-",
    "category": "structures_bliss",
    "modelType": "Raw P3D",
    "path": "dz/structures_bliss/signs/settlements",
    "usableOnConsole": false,
    "searchTags": "livoniaa, settlements, signs",
    "image": "images/structures_bliss/signs/settlements/signenoch_topolin_start.jpg"
  },
  {
    "objectName": "signenoch_wrzeszcz_end.p3d",
    "inGameName": "-",
    "category": "structures_bliss",
    "modelType": "Raw P3D",
    "path": "dz/structures_bliss/signs/settlements",
    "usableOnConsole": false,
    "searchTags": "livoniaa, settlements, signs",
    "image": "images/structures_bliss/signs/settlements/signenoch_wrzeszcz_end.jpg"
  },
  {
    "objectName": "signenoch_wrzeszcz_start.p3d",
    "inGameName": "-",
    "category": "structures_bliss",
    "modelType": "Raw P3D",
    "path": "dz/structures_bliss/signs/settlements",
    "usableOnConsole": false,
    "searchTags": "livoniaa, settlements, signs",
    "image": "images/structures_bliss/signs/settlements/signenoch_wrzeszcz_start.jpg"
  },
  {
    "objectName": "signenoch_zalesie_end.p3d",
    "inGameName": "-",
    "category": "structures_bliss",
    "modelType": "Raw P3D",
    "path": "dz/structures_bliss/signs/settlements",
    "usableOnConsole": false,
    "searchTags": "livoniaa, settlements, signs",
    "image": "images/structures_bliss/signs/settlements/signenoch_zalesie_end.jpg"
  },
  {
    "objectName": "signenoch_zalesie_start.p3d",
    "inGameName": "-",
    "category": "structures_bliss",
    "modelType": "Raw P3D",
    "path": "dz/structures_bliss/signs/settlements",
    "usableOnConsole": false,
    "searchTags": "livoniaa, settlements, signs",
    "image": "images/structures_bliss/signs/settlements/signenoch_zalesie_start.jpg"
  },
  {
    "objectName": "signenoch_zapadlisko_end.p3d",
    "inGameName": "-",
    "category": "structures_bliss",
    "modelType": "Raw P3D",
    "path": "dz/structures_bliss/signs/settlements",
    "usableOnConsole": false,
    "searchTags": "livoniaa, settlements, signs",
    "image": "images/structures_bliss/signs/settlements/signenoch_zapadlisko_end.jpg"
  },
  {
    "objectName": "signenoch_zapadlisko_start.p3d",
    "inGameName": "-",
    "category": "structures_bliss",
    "modelType": "Raw P3D",
    "path": "dz/structures_bliss/signs/settlements",
    "usableOnConsole": false,
    "searchTags": "livoniaa, settlements, signs",
    "image": "images/structures_bliss/signs/settlements/signenoch_zapadlisko_start.jpg"
  }
]
