[
  {
    "objectName": "CivilianBelt",
    "inGameName": "Belt",
    "category": "characters",
    "modelType": "Config",
    "path": "dz/characters/belts",
    "usableOnConsole": true,
    "searchTags": "belt, leather, civilian, waist, accessory",
    "image": "images/characters/belts/civilianbelt/civilianbelt.jpg"
  },
  {
    "objectName": "MilitaryBelt",
    "inGameName": "Tactical Belt",
    "category": "characters",
    "modelType": "Config",
    "path": "dz/characters/belts",
    "usableOnConsole": true,
    "searchTags": "belt, tactical, military, utility, holster",
    "image": "images/characters/belts/militarybelt/militarybelt.jpg"
  },
  {
    "objectName": "RopeBelt",
    "inGameName": "Rope Belt",
    "category": "characters",
    "modelType": "Config",
    "path": "dz/characters/belts",
    "usableOnConsole": true,
    "searchTags": "belt, rope, improvised, survival, waist",
    "image": "images/characters/belts/ropebelt/ropebelt.jpg"
  },
  {
    "objectName": "LeatherKnifeSheath",
    "inGameName": "Leather Sheath",
    "category": "characters",
    "modelType": "Config",
    "path": "dz/characters/belts",
    "usableOnConsole": true,
    "searchTags": "knife, sheath, leather, belt, holster",
    "image": "images/characters/belts/leatherknifesheath/leatherknifesheath.jpg"
  },
  {
    "objectName": "NylonKnifeSheath",
    "inGameName": "Sheath",
    "category": "characters",
    "modelType": "Config",
    "path": "dz/characters/belts",
    "usableOnConsole": true,
    "searchTags": "knife, sheath, nylon, belt, holster, plate carrier, vest",
    "image": "images/characters/belts/nylonknifesheath/nylonknifesheath.jpg"
  },
  {
    "objectName": "HipPack_Black",
    "inGameName": "Hip Pack",
    "category": "characters",
    "modelType": "Config",
    "path": "dz/characters/belts",
    "usableOnConsole": true,
    "searchTags": "hip pack, belt bag, fanny pack, storage, waist, military",
    "image": "images/characters/belts/hippack_black/hippack_black.jpg"
  },
  {
    "objectName": "HipPack_Green",
    "inGameName": "Hip Pack",
    "category": "characters",
    "modelType": "Config",
    "path": "dz/characters/belts",
    "usableOnConsole": true,
    "searchTags": "hip pack, belt bag, fanny pack, storage, waist, camo",
    "image": "images/characters/belts/hippack_green/hippack_green.jpg"
  },
  {
    "objectName": "HipPack_Medical",
    "inGameName": "Hip Pack",
    "category": "characters",
    "modelType": "Config",
    "path": "dz/characters/belts",
    "usableOnConsole": true,
    "searchTags": "hip pack, belt bag, fanny pack, storage, waist, medicine, first aid",
    "image": "images/characters/belts/hippack_medical/hippack_medical.jpg"
  },
  {
    "objectName": "HipPack_Party",
    "inGameName": "Hip Pack",
    "category": "characters",
    "modelType": "Config",
    "path": "dz/characters/belts",
    "usableOnConsole": true,
    "searchTags": "hip pack, belt bag, fanny pack, storage, waist, colorful, rave",
    "image": "images/characters/belts/hippack_party/hippack_party.jpg"
  },
  {
    "objectName": "LeatherBelt_Natrual",
    "inGameName": "Leather Belt",
    "category": "characters",
    "modelType": "Config",
    "path": "dz/characters/belts",
    "usableOnConsole": true,
    "searchTags": "belt, leather, civilian, waist, crafting, tanning",
    "image": "images/characters/belts/leatherbelt_natrual/leatherbelt_natrual.jpg"
  },
  {
    "objectName": "LeatherBelt_Black",
    "inGameName": "Leather Belt",
    "category": "characters",
    "modelType": "Config",
    "path": "dz/characters/belts",
    "usableOnConsole": true,
    "searchTags": "belt, leather, civilian, waist, crafting, tanning",
    "image": "images/characters/belts/leatherbelt_black/leatherbelt_black.jpg"
  },
  {
    "objectName": "LeatherBelt_Brown",
    "inGameName": "Leather Belt",
    "category": "characters",
    "modelType": "Config",
    "path": "dz/characters/belts",
    "usableOnConsole": true,
    "searchTags": "belt, leather, civilian, waist, crafting, tanning",
    "image": "images/characters/belts/leatherbelt_brown/leatherbelt_brown.jpg"
  },
  {
    "objectName": "LeatherBelt_Beige",
    "inGameName": "Leather Belt",
    "category": "characters",
    "modelType": "Config",
    "path": "dz/characters/belts",
    "usableOnConsole": true,
    "searchTags": "belt, leather, civilian, waist, crafting, tanning",
    "image": "images/characters/belts/leatherbelt_beige/leatherbelt_beige.jpg"
  },
  {
    "objectName": "belt_leather_g.p3d",
    "inGameName": "-",
    "category": "characters",
    "modelType": "Raw P3D",
    "path": "dz/characters/belts",
    "usableOnConsole": false,
    "searchTags": "belt, leather, civilian, waist, crafting, tanning",
    "image": "images/characters/belts/belt_leather_g.p3d.jpg"
  },
  {
    "objectName": "civ_belt_g.p3d",
    "inGameName": "Belt",
    "category": "characters",
    "modelType": "Raw P3D",
    "path": "dz/characters/belts",
    "usableOnConsole": false,
    "searchTags": "belt, leather, civilian, waist, accessory",
    "image": "images/characters/belts/civ_belt_g.p3d.jpg"
  },
  {
    "objectName": "hippack_g.p3d",
    "inGameName": "Hip Pack",
    "category": "characters",
    "modelType": "Raw P3D",
    "path": "dz/characters/belts",
    "usableOnConsole": false,
    "searchTags": "hip pack, belt bag, fanny pack, storage, waist",
    "image": "images/characters/belts/hippack_g.p3d.jpg"
  },
  {
    "objectName": "knife_holster_g.p3d",
    "inGameName": "Leather Sheath",
    "category": "characters",
    "modelType": "Raw P3D",
    "path": "dz/characters/belts",
    "usableOnConsole": false,
    "searchTags": "knife, sheath, leather, belt, holster",
    "image": "images/characters/belts/knife_holster_g.p3d.jpg"
  },
  {
    "objectName": "leather_quiver_g.p3d",
    "inGameName": "-",
    "category": "characters",
    "modelType": "Raw P3D",
    "path": "dz/characters/belts",
    "usableOnConsole": false,
    "searchTags": "quiver, arrows, leather, belt, archery, not_in_game, not_included",
    "image": "images/characters/belts/leather_quiver_g.p3d.jpg"
  },
  {
    "objectName": "mil_belt_g.p3d",
    "inGameName": "Tactical Belt",
    "category": "characters",
    "modelType": "Raw P3D",
    "path": "dz/characters/belts",
    "usableOnConsole": false,
    "searchTags": "belt, tactical, military, utility, holster",
    "image": "images/characters/belts/mil_belt_g.p3d.jpg"
  },
  {
    "objectName": "nylon_knifesheath.p3d",
    "inGameName": "Sheath",
    "category": "characters",
    "modelType": "Raw P3D",
    "path": "dz/characters/belts",
    "usableOnConsole": false,
    "searchTags": "knife, sheath, nylon, belt, holster",
    "image": "images/characters/belts/nylon_knifesheath.p3d.jpg"
  },
  {
    "objectName": "nylon_toolholder.p3d",
    "inGameName": "-",
    "category": "characters",
    "modelType": "Raw P3D",
    "path": "dz/characters/belts",
    "usableOnConsole": false,
    "searchTags": "tool holder, nylon, belt, utility, pouch",
    "image": "images/characters/belts/nylon_toolholder.p3d.jpg"
  },
  {
    "objectName": "rope_belt_g.p3d",
    "inGameName": "Rope Belt",
    "category": "characters",
    "modelType": "Raw P3D",
    "path": "dz/characters/belts",
    "usableOnConsole": false,
    "searchTags": "belt, rope, improvised, survival, waist",
    "image": "images/characters/belts/rope_belt_g.p3d.jpg"
  },
  {
    "objectName": "LeatherBelt_Natural",
    "inGameName": "Leather Belt",
    "category": "characters",
    "modelType": "Config",
    "path": "dz/characters/belts",
    "usableOnConsole": true,
    "searchTags": "belt, leather, civilian, waist, crafting, tanning",
    "image": "images/characters/belts/leatherbelt_natrual/leatherbelt_natrual.jpg"
  }
]
