[
  {
    "objectName": "MaleLegs_Base",
    "inGameName": "",
    "category": "characters",
    "modelType": "Config",
    "path": "dz/characters/pants",
    "usableOnConsole": true,
    "searchTags": "pants, shorts, underwear, bodies, player, pc, loot, trousers",
    "image": "images/characters/pants/malelegs_base/malelegs_base.jpg",
    "id": "dzobj_daknmnjdji"
  },
  {
    "objectName": "FemaleLegs_Base",
    "inGameName": "Underwear shorts",
    "category": "characters",
    "modelType": "Config",
    "path": "dz/characters/pants",
    "usableOnConsole": true,
    "searchTags": "pants, shorts, underwear, bodies, player, pc, loot, trousers",
    "image": "images/characters/pants/malelegs_base/malelegs_base.jpg",
    "id": "dzobj_te8oncbt5r"
  },
  {
    "objectName": "Jeans_Black",
    "inGameName": "Jeans",
    "category": "characters",
    "modelType": "Config",
    "path": "dz/characters/pants",
    "usableOnConsole": true,
    "searchTags": "pants, clothing, clothes, loot, trousers",
    "image": "images/characters/pants/jeans_black/jeans_black.jpg",
    "id": "dzobj_z2z556vkat"
  },
  {
    "objectName": "Jeans_Blue",
    "inGameName": "Jeans",
    "category": "characters",
    "modelType": "Config",
    "path": "dz/characters/pants",
    "usableOnConsole": true,
    "searchTags": "pants, clothing, clothes, loot, trousers",
    "image": "images/characters/pants/jeans_blue/jeans_blue.jpg",
    "id": "dzobj_nvze2yeomo"
  },
  {
    "objectName": "Jeans_BlueDark",
    "inGameName": "Jeans",
    "category": "characters",
    "modelType": "Config",
    "path": "dz/characters/pants",
    "usableOnConsole": true,
    "searchTags": "pants, clothing, clothes, loot, trousers",
    "image": "images/characters/pants/jeans_bluedark/jeans_bluedark.jpg",
    "id": "dzobj_o102ch9h6g"
  },
  {
    "objectName": "Jeans_Brown",
    "inGameName": "Jeans",
    "category": "characters",
    "modelType": "Config",
    "path": "dz/characters/pants",
    "usableOnConsole": true,
    "searchTags": "pants, clothing, clothes, loot, trousers",
    "image": "images/characters/pants/jeans_brown/jeans_brown.jpg",
    "id": "dzobj_m4cl1zurv2"
  },
  {
    "objectName": "Jeans_Green",
    "inGameName": "Jeans",
    "category": "characters",
    "modelType": "Config",
    "path": "dz/characters/pants",
    "usableOnConsole": true,
    "searchTags": "pants, clothing, clothes, loot, trousers",
    "image": "images/characters/pants/jeans_green/jeans_green.jpg",
    "id": "dzobj_16wfslvehd"
  },
  {
    "objectName": "Jeans_Grey",
    "inGameName": "Jeans",
    "category": "characters",
    "modelType": "Config",
    "path": "dz/characters/pants",
    "usableOnConsole": true,
    "searchTags": "pants, clothing, clothes, loot, trousers",
    "image": "images/characters/pants/jeans_grey/jeans_grey.jpg",
    "id": "dzobj_p4jfuygsuq"
  },
  {
    "objectName": "CargoPants_Beige",
    "inGameName": "Cargo Pants",
    "category": "characters",
    "modelType": "Config",
    "path": "dz/characters/pants",
    "usableOnConsole": true,
    "searchTags": "workware, clothing, loot, trousers",
    "image": "images/characters/pants/cargopants_beige/cargopants_beige.jpg",
    "id": "dzobj_c1ezz450n0"
  },
  {
    "objectName": "CargoPants_Black",
    "inGameName": "Cargo Pants",
    "category": "characters",
    "modelType": "Config",
    "path": "dz/characters/pants",
    "usableOnConsole": true,
    "searchTags": "workware, clothing, loot, trousers",
    "image": "images/characters/pants/cargopants_black/cargopants_black.jpg",
    "id": "dzobj_dymmae6ikm"
  },
  {
    "objectName": "CargoPants_Blue",
    "inGameName": "Cargo Pants",
    "category": "characters",
    "modelType": "Config",
    "path": "dz/characters/pants",
    "usableOnConsole": true,
    "searchTags": "workware, clothing, loot, trousers",
    "image": "images/characters/pants/cargopants_blue/cargopants_blue.jpg",
    "id": "dzobj_lg464aqsl6"
  },
  {
    "objectName": "CargoPants_Green",
    "inGameName": "Cargo Pants",
    "category": "characters",
    "modelType": "Config",
    "path": "dz/characters/pants",
    "usableOnConsole": true,
    "searchTags": "workware, clothing, loot, trousers",
    "image": "images/characters/pants/cargopants_green/cargopants_green.jpg",
    "id": "dzobj_v21iw1t566"
  },
  {
    "objectName": "CargoPants_Grey",
    "inGameName": "Cargo Pants",
    "category": "characters",
    "modelType": "Config",
    "path": "dz/characters/pants",
    "usableOnConsole": true,
    "searchTags": "workware, clothing, loot, trousers",
    "image": "images/characters/pants/cargopants_grey/cargopants_grey.jpg",
    "id": "dzobj_0vuu88wfnr"
  },
  {
    "objectName": "TTSKOPants",
    "inGameName": "Combat Pants",
    "category": "characters",
    "modelType": "Config",
    "path": "dz/characters/pants",
    "usableOnConsole": true,
    "searchTags": "combat, clothing, clothes, military, loot, trousers",
    "image": "images/characters/pants/ttskopants/ttskopants.jpg",
    "id": "dzobj_yh6asf9dei"
  },
  {
    "objectName": "HunterPants_Autumn",
    "inGameName": "Hunter Pants",
    "category": "characters",
    "modelType": "Config",
    "path": "dz/characters/pants",
    "usableOnConsole": true,
    "searchTags": "hunting, woodsman, weather, trail, loot, trousers",
    "image": "images/characters/pants/hunterpants_autumn/hunterpants_autumn.jpg",
    "id": "dzobj_113qubk860"
  },
  {
    "objectName": "HunterPants_Brown",
    "inGameName": "Hunter Pants",
    "category": "characters",
    "modelType": "Config",
    "path": "dz/characters/pants",
    "usableOnConsole": true,
    "searchTags": "hunting, woodsman, weather, trail, loot, trousers",
    "image": "images/characters/pants/hunterpants_brown/hunterpants_brown.jpg",
    "id": "dzobj_9nx573t698"
  },
  {
    "objectName": "HunterPants_Spring",
    "inGameName": "Hunter Pants",
    "category": "characters",
    "modelType": "Config",
    "path": "dz/characters/pants",
    "usableOnConsole": true,
    "searchTags": "hunting, woodsman, weather, trail, loot, trousers",
    "image": "images/characters/pants/hunterpants_spring/hunterpants_spring.jpg",
    "id": "dzobj_m7kf081d04"
  },
  {
    "objectName": "HunterPants_Summer",
    "inGameName": "Hunter Pants",
    "category": "characters",
    "modelType": "Config",
    "path": "dz/characters/pants",
    "usableOnConsole": true,
    "searchTags": "hunting, woodsman, weather, trail, loot, trousers",
    "image": "images/characters/pants/hunterpants_summer/hunterpants_summer.jpg",
    "id": "dzobj_osmkwzm19e"
  },
  {
    "objectName": "HunterPants_Winter",
    "inGameName": "Hunter Pants",
    "category": "characters",
    "modelType": "Config",
    "path": "dz/characters/pants",
    "usableOnConsole": true,
    "searchTags": "hunting, woodsman, weather, trail, snow, loot, trousers",
    "image": "images/characters/pants/hunterpants_winter/hunterpants_winter.jpg",
    "id": "dzobj_ecncjrp6hp"
  },
  {
    "objectName": "CanvasPants_Beige",
    "inGameName": "Hiking Pants",
    "category": "characters",
    "modelType": "Config",
    "path": "dz/characters/pants",
    "usableOnConsole": true,
    "searchTags": "hiking, clothing, clothes, loot, trousers",
    "image": "images/characters/pants/canvaspants_beige/canvaspants_beige.jpg",
    "id": "dzobj_6ee3ekafc1"
  },
  {
    "objectName": "CanvasPants_Blue",
    "inGameName": "Hiking Pants",
    "category": "characters",
    "modelType": "Config",
    "path": "dz/characters/pants",
    "usableOnConsole": true,
    "searchTags": "hiking, clothing, clothes, loot, trousers",
    "image": "images/characters/pants/canvaspants_blue/canvaspants_blue.jpg",
    "id": "dzobj_pf55710dk4"
  },
  {
    "objectName": "CanvasPants_Grey",
    "inGameName": "Hiking Pants",
    "category": "characters",
    "modelType": "Config",
    "path": "dz/characters/pants",
    "usableOnConsole": true,
    "searchTags": "hiking, clothing, clothes, loot, trousers",
    "image": "images/characters/pants/canvaspants_grey/canvaspants_grey.jpg",
    "id": "dzobj_vqm5hq4tbv"
  },
  {
    "objectName": "CanvasPants_Red",
    "inGameName": "Hiking Pants",
    "category": "characters",
    "modelType": "Config",
    "path": "dz/characters/pants",
    "usableOnConsole": true,
    "searchTags": "hiking, clothing, clothes, loot, trousers",
    "image": "images/characters/pants/canvaspants_red/canvaspants_red.jpg",
    "id": "dzobj_d0fwqjnkg5"
  },
  {
    "objectName": "CanvasPants_Violet",
    "inGameName": "Hiking Pants",
    "category": "characters",
    "modelType": "Config",
    "path": "dz/characters/pants",
    "usableOnConsole": true,
    "searchTags": "hiking, clothing, clothes, loot, trousers",
    "image": "images/characters/pants/canvaspants_violet/canvaspants_violet.jpg",
    "id": "dzobj_qc9mqtba43"
  },
  {
    "objectName": "CanvasPantsMidi_Beige",
    "inGameName": "Crop Hiking Pants",
    "category": "characters",
    "modelType": "Config",
    "path": "dz/characters/pants",
    "usableOnConsole": true,
    "searchTags": "crop, hiking, clothing, clothes, loot, trousers",
    "image": "images/characters/pants/canvaspantsmidi_beige/canvaspantsmidi_beige.jpg",
    "id": "dzobj_9pxs5ior05"
  },
  {
    "objectName": "CanvasPantsMidi_Blue",
    "inGameName": "Crop Hiking Pants",
    "category": "characters",
    "modelType": "Config",
    "path": "dz/characters/pants",
    "usableOnConsole": true,
    "searchTags": "crop, hiking, clothing, clothes, loot, trousers",
    "image": "images/characters/pants/canvaspantsmidi_blue/canvaspantsmidi_blue.jpg",
    "id": "dzobj_lmkl6fvf8u"
  },
  {
    "objectName": "CanvasPantsMidi_Grey",
    "inGameName": "Crop Hiking Pants",
    "category": "characters",
    "modelType": "Config",
    "path": "dz/characters/pants",
    "usableOnConsole": true,
    "searchTags": "crop, hiking, clothing, clothes, loot, trousers",
    "image": "images/characters/pants/canvaspantsmidi_grey/canvaspantsmidi_grey.jpg",
    "id": "dzobj_16ea2b5qvs"
  },
  {
    "objectName": "CanvasPantsMidi_Red",
    "inGameName": "Crop Hiking Pants",
    "category": "characters",
    "modelType": "Config",
    "path": "dz/characters/pants",
    "usableOnConsole": true,
    "searchTags": "crop, hiking, clothing, clothes, loot, trousers",
    "image": "images/characters/pants/canvaspantsmidi_red/canvaspantsmidi_red.jpg",
    "id": "dzobj_u1of210t98"
  },
  {
    "objectName": "CanvasPantsMidi_Violet",
    "inGameName": "Crop Hiking Pants",
    "category": "characters",
    "modelType": "Config",
    "path": "dz/characters/pants",
    "usableOnConsole": true,
    "searchTags": "crop, hiking, clothing, clothes, loot, trousers",
    "image": "images/characters/pants/canvaspantsmidi_violet/canvaspantsmidi_violet.jpg",
    "id": "dzobj_9j1p0qaeea"
  },
  {
    "objectName": "TrackSuitPants_Black",
    "inGameName": "Tracksuit Pants",
    "category": "characters",
    "modelType": "Config",
    "path": "dz/characters/pants",
    "usableOnConsole": true,
    "searchTags": "tracksuit, clothing, clothes, loot, trousers",
    "image": "images/characters/pants/tracksuitpants_black/tracksuitpants_black.jpg",
    "id": "dzobj_sd081owwfb"
  },
  {
    "objectName": "TrackSuitPants_Blue",
    "inGameName": "Tracksuit Pants",
    "category": "characters",
    "modelType": "Config",
    "path": "dz/characters/pants",
    "usableOnConsole": true,
    "searchTags": "tracksuit, clothing, clothes, loot, trousers",
    "image": "images/characters/pants/tracksuitpants_blue/tracksuitpants_blue.jpg",
    "id": "dzobj_yp0b1woy6l"
  },
  {
    "objectName": "TrackSuitPants_Green",
    "inGameName": "Tracksuit Pants",
    "category": "characters",
    "modelType": "Config",
    "path": "dz/characters/pants",
    "usableOnConsole": true,
    "searchTags": "tracksuit, clothing, clothes, loot, trousers",
    "image": "images/characters/pants/tracksuitpants_green/tracksuitpants_green.jpg",
    "id": "dzobj_mm3ahcq6cf"
  },
  {
    "objectName": "TrackSuitPants_LightBlue",
    "inGameName": "Tracksuit Pants",
    "category": "characters",
    "modelType": "Config",
    "path": "dz/characters/pants",
    "usableOnConsole": true,
    "searchTags": "tracksuit, clothing, clothes, loot, trousers",
    "image": "images/characters/pants/tracksuitpants_lightblue/tracksuitpants_lightblue.jpg",
    "id": "dzobj_vm1xhdvy6b"
  },
  {
    "objectName": "TrackSuitPants_Red",
    "inGameName": "Tracksuit Pants",
    "category": "characters",
    "modelType": "Config",
    "path": "dz/characters/pants",
    "usableOnConsole": true,
    "searchTags": "tracksuit, loot, trousers",
    "image": "images/characters/pants/tracksuitpants_red/tracksuitpants_red.jpg",
    "id": "dzobj_7tyiz3i9lu"
  },
  {
    "objectName": "GorkaPants_Autumn",
    "inGameName": "Patrol Pants",
    "category": "characters",
    "modelType": "Config",
    "path": "dz/characters/pants",
    "usableOnConsole": true,
    "searchTags": "patrol, combat, military, loot, trousers",
    "image": "images/characters/pants/gorkapants_autumn/gorkapants_autumn.jpg",
    "id": "dzobj_68uupkbhhz"
  },
  {
    "objectName": "GorkaPants_Flat",
    "inGameName": "Patrol Pants",
    "category": "characters",
    "modelType": "Config",
    "path": "dz/characters/pants",
    "usableOnConsole": true,
    "searchTags": "patrol, combat, military, loot, trousers",
    "image": "images/characters/pants/gorkapants_flat/gorkapants_flat.jpg",
    "id": "dzobj_nqc35w0wjj"
  },
  {
    "objectName": "GorkaPants_PautRev",
    "inGameName": "Patrol Pants",
    "category": "characters",
    "modelType": "Config",
    "path": "dz/characters/pants",
    "usableOnConsole": true,
    "searchTags": "patrol, combat, military, loot, trousers",
    "image": "images/characters/pants/gorkapants_pautrev/gorkapants_pautrev.jpg",
    "id": "dzobj_3164fjo39t"
  },
  {
    "objectName": "GorkaPants_Summer",
    "inGameName": "Patrol Pants",
    "category": "characters",
    "modelType": "Config",
    "path": "dz/characters/pants",
    "usableOnConsole": true,
    "searchTags": "patrol, combat, military, loot, trousers",
    "image": "images/characters/pants/gorkapants_summer/gorkapants_summer.jpg",
    "id": "dzobj_ceiwg4u1f5"
  },
  {
    "objectName": "GorkaPants_Winter",
    "inGameName": "Patrol Pants",
    "category": "characters",
    "modelType": "Config",
    "path": "dz/characters/pants",
    "usableOnConsole": true,
    "searchTags": "patrol, combat, military, clothing, clothes, loot, trousers",
    "image": "images/characters/pants/gorkapants_winter/gorkapants_winter.jpg",
    "id": "dzobj_8341dd5o64"
  },
  {
    "objectName": "PolicePants",
    "inGameName": "Police Pants",
    "category": "characters",
    "modelType": "Config",
    "path": "dz/characters/pants",
    "usableOnConsole": true,
    "searchTags": "law enforcement, workware, clohthing, clothes, loot, trousers",
    "image": "images/characters/pants/policepants/policepants.jpg",
    "id": "dzobj_p2fzn2qwam"
  },
  {
    "objectName": "PolicePantsOrel",
    "inGameName": "OREL Police Pants",
    "category": "characters",
    "modelType": "Config",
    "path": "dz/characters/pants",
    "usableOnConsole": true,
    "searchTags": "law enforcement, workware, clohthing, clothes, loot, trousers",
    "image": "images/characters/pants/policepantsorel/policepantsorel.jpg",
    "id": "dzobj_jgg8muh7nd"
  },
  {
    "objectName": "ParamedicPants_Blue",
    "inGameName": "Paramedic Pants",
    "category": "characters",
    "modelType": "Config",
    "path": "dz/characters/pants",
    "usableOnConsole": true,
    "searchTags": "ambulance, workware, clothing, clothes, loot, trousers",
    "image": "images/characters/pants/paramedicpants_blue/paramedicpants_blue.jpg",
    "id": "dzobj_jrfuj9ssuq"
  },
  {
    "objectName": "ParamedicPants_Crimson",
    "inGameName": "Paramedic Pants",
    "category": "characters",
    "modelType": "Config",
    "path": "dz/characters/pants",
    "usableOnConsole": true,
    "searchTags": "ambulance, workware, clothing, clothes, hospital, loot, trousers",
    "image": "images/characters/pants/paramedicpants_crimson/paramedicpants_crimson.jpg",
    "id": "dzobj_6tsfwwhjjz"
  },
  {
    "objectName": "ParamedicPants_Green",
    "inGameName": "Paramedic Pants",
    "category": "characters",
    "modelType": "Config",
    "path": "dz/characters/pants",
    "usableOnConsole": true,
    "searchTags": "ambulance, workware, clothing, clothes, hospital, loot, trousers",
    "image": "images/characters/pants/paramedicpants_green/paramedicpants_green.jpg",
    "id": "dzobj_zf4qvmdfne"
  },
  {
    "objectName": "FirefightersPants_Beige",
    "inGameName": "Firefighter Pants",
    "category": "characters",
    "modelType": "Config",
    "path": "dz/characters/pants",
    "usableOnConsole": true,
    "searchTags": "firefighter, workware, clothing, clothes, fire, loot, trousers",
    "image": "images/characters/pants/firefighterspants_beige/firefighterspants_beige.jpg",
    "id": "dzobj_8zuh5b2pl1"
  },
  {
    "objectName": "FirefightersPants_Black",
    "inGameName": "Firefighter Pants",
    "category": "characters",
    "modelType": "Config",
    "path": "dz/characters/pants",
    "usableOnConsole": true,
    "searchTags": "firefighter, workware, clothing, clothes, fire, loot, trousers",
    "image": "images/characters/pants/firefighterspants_black/firefighterspants_black.jpg",
    "id": "dzobj_o9m0c0346k"
  },
  {
    "objectName": "PrisonUniformPants",
    "inGameName": "Prisoner Pants",
    "category": "characters",
    "modelType": "Config",
    "path": "dz/characters/pants",
    "usableOnConsole": true,
    "searchTags": "prisoner, gulag, inmate, clothing, clothes, loot, trousers",
    "image": "images/characters/pants/prisonuniformpants/prisonuniformpants.jpg",
    "id": "dzobj_o567c5s5sf"
  },
  {
    "objectName": "LeatherPants_Beige",
    "inGameName": "Leather Pants",
    "category": "characters",
    "modelType": "Config",
    "path": "dz/characters/pants",
    "usableOnConsole": true,
    "searchTags": "clothing, clothes, loot, trousers",
    "image": "images/characters/pants/leatherpants_beige/leatherpants_beige.jpg",
    "id": "dzobj_f108oksamw"
  },
  {
    "objectName": "LeatherPants_Black",
    "inGameName": "Leather Pants",
    "category": "characters",
    "modelType": "Config",
    "path": "dz/characters/pants",
    "usableOnConsole": true,
    "searchTags": "clothing, clothes, loot, trousers",
    "image": "images/characters/pants/leatherpants_black/leatherpants_black.jpg",
    "id": "dzobj_gltbgzw05x"
  },
  {
    "objectName": "LeatherPants_Brown",
    "inGameName": "Leather Pants",
    "category": "characters",
    "modelType": "Config",
    "path": "dz/characters/pants",
    "usableOnConsole": true,
    "searchTags": "clothing, clothes, loot, trousers",
    "image": "images/characters/pants/leatherpants_brown/leatherpants_brown.jpg",
    "id": "dzobj_8yzkqq8lnj"
  },
  {
    "objectName": "LeatherPants_Natural",
    "inGameName": "Leather Pants",
    "category": "characters",
    "modelType": "Config",
    "path": "dz/characters/pants",
    "usableOnConsole": true,
    "searchTags": "clothing, clothes, loot, trousers",
    "image": "images/characters/pants/leatherpants_natural/leatherpants_natural.jpg",
    "id": "dzobj_xey9vavidz"
  },
  {
    "objectName": "MedicalScrubsPants_Blue",
    "inGameName": "Scrub Pants",
    "category": "characters",
    "modelType": "Config",
    "path": "dz/characters/pants",
    "usableOnConsole": true,
    "searchTags": "health, hospital, scrub, workware, ambulance, clothing, clothes, loot, trousers",
    "image": "images/characters/pants/medicalscrubspants_blue/medicalscrubspants_blue.jpg",
    "id": "dzobj_6hwoide68f"
  },
  {
    "objectName": "MedicalScrubsPants_Green",
    "inGameName": "Scrub Pants",
    "category": "characters",
    "modelType": "Config",
    "path": "dz/characters/pants",
    "usableOnConsole": true,
    "searchTags": "health, hospital, scrub, workware, ambulance, clothing, clothes, loot, trousers",
    "image": "images/characters/pants/medicalscrubspants_green/medicalscrubspants_green.jpg",
    "id": "dzobj_5k9z979ov2"
  },
  {
    "objectName": "MedicalScrubsPants_White",
    "inGameName": "Scrub Pants",
    "category": "characters",
    "modelType": "Config",
    "path": "dz/characters/pants",
    "usableOnConsole": true,
    "searchTags": "health, hospital, scrub, workware, ambulance, clothing, clothes, loot, trousers",
    "image": "images/characters/pants/medicalscrubspants_white/medicalscrubspants_white.jpg",
    "id": "dzobj_ppgwt3wymr"
  },
  {
    "objectName": "USMCPants_Desert",
    "inGameName": "CUU Pants",
    "category": "characters",
    "modelType": "Config",
    "path": "dz/characters/pants",
    "usableOnConsole": true,
    "searchTags": "cuu, combat, military, clothing, clothes, loot, trousers",
    "image": "images/characters/pants/usmcpants_desert/usmcpants_desert.jpg",
    "id": "dzobj_znxkj918y8"
  },
  {
    "objectName": "USMCPants_Woodland",
    "inGameName": "CUU Pants",
    "category": "characters",
    "modelType": "Config",
    "path": "dz/characters/pants",
    "usableOnConsole": true,
    "searchTags": "cuu, combat, military, clothing, clothes, loot, trousers",
    "image": "images/characters/pants/usmcpants_woodland/usmcpants_woodland.jpg",
    "id": "dzobj_toe309ljim"
  },
  {
    "objectName": "OMKPants_Navy",
    "inGameName": "OMK Pants",
    "category": "characters",
    "modelType": "Config",
    "path": "dz/characters/pants",
    "usableOnConsole": true,
    "searchTags": "cuu, combat, military, clothing, clothes, loot, trousers",
    "image": "images/characters/pants/omkpants_navy/omkpants_navy.jpg",
    "id": "dzobj_3l6zzzb1wg"
  },
  {
    "objectName": "BDUPants",
    "inGameName": "BDU Pants",
    "category": "characters",
    "modelType": "Config",
    "path": "dz/characters/pants",
    "usableOnConsole": true,
    "searchTags": "cuu, combat, military, clothing, clothes, loot, trousers",
    "image": "images/characters/pants/bdupants/bdupants.jpg",
    "id": "dzobj_zhuzowl7ci"
  },
  {
    "objectName": "JumpsuitPants_Blue",
    "inGameName": "Jumpsuit Pants",
    "category": "characters",
    "modelType": "Config",
    "path": "dz/characters/pants",
    "usableOnConsole": true,
    "searchTags": "clothing, clothes, loot, trousers",
    "image": "images/characters/pants/jumpsuitpants_blue/jumpsuitpants_blue.jpg",
    "id": "dzobj_solluwr0xv"
  },
  {
    "objectName": "JumpsuitPants_Green",
    "inGameName": "Jumpsuit Pants",
    "category": "characters",
    "modelType": "Config",
    "path": "dz/characters/pants",
    "usableOnConsole": true,
    "searchTags": "clothing, clothes, loot, trousers",
    "image": "images/characters/pants/jumpsuitpants_green/jumpsuitpants_green.jpg",
    "id": "dzobj_xlm925t0e0"
  },
  {
    "objectName": "JumpsuitPants_Grey",
    "inGameName": "Jumpsuit Pants",
    "category": "characters",
    "modelType": "Config",
    "path": "dz/characters/pants",
    "usableOnConsole": true,
    "searchTags": "clothing, clothes, loot, trousers",
    "image": "images/characters/pants/jumpsuitpants_grey/jumpsuitpants_grey.jpg",
    "id": "dzobj_00fyisazn2"
  },
  {
    "objectName": "JumpsuitPants_Red",
    "inGameName": "Jumpsuit Pants",
    "category": "characters",
    "modelType": "Config",
    "path": "dz/characters/pants",
    "usableOnConsole": true,
    "searchTags": "clothing, clothes, loot, trousers",
    "image": "images/characters/pants/jumpsuitpants_red/jumpsuitpants_red.jpg",
    "id": "dzobj_xveklvswg0"
  },
  {
    "objectName": "LegsCover_Improvised",
    "inGameName": "Improvised Legs Wrapping",
    "category": "characters",
    "modelType": "Config",
    "path": "dz/characters/pants",
    "usableOnConsole": true,
    "searchTags": "pants, wrapping, rags, clothing, clothes, loot, trousers",
    "image": "images/characters/pants/legscover_improvised/legscover_improvised.jpg",
    "id": "dzobj_nne9vasukc"
  },
  {
    "objectName": "Chainmail_Leggings",
    "inGameName": "Chainmail Leggings",
    "category": "characters",
    "modelType": "Config",
    "path": "dz/characters/pants",
    "usableOnConsole": true,
    "searchTags": "pants, medieval, castle, armour, armor, loot, trousers",
    "image": "images/characters/pants/chainmail_leggings/chainmail_leggings.jpg",
    "id": "dzobj_h4dskmeuut"
  },
  {
    "objectName": "MaleLegsAbove",
    "inGameName": "-",
    "category": "characters",
    "modelType": "Config",
    "path": "dz/characters/pants",
    "usableOnConsole": true,
    "searchTags": "pants, shorts, underwear, player, pc, bodies, loot, trousers",
    "image": "images/characters/pants/malelegs_base/malelegs_base.jpg",
    "id": "dzobj_0hrgj7pn61"
  },
  {
    "objectName": "FemaleLegsAbove",
    "inGameName": "-",
    "category": "characters",
    "modelType": "Config",
    "path": "dz/characters/pants",
    "usableOnConsole": true,
    "searchTags": "pants, shorts, underwear, player, pc, bodies, loot, trousers",
    "image": "images/characters/pants/malelegs_base/malelegs_base.jpg",
    "id": "dzobj_4h5jsr6489"
  },
  {
    "objectName": "bdu_pants_g.p3d",
    "inGameName": "BDU Pants",
    "category": "characters",
    "modelType": "Raw P3D",
    "path": "dz/characters/pants",
    "usableOnConsole": false,
    "searchTags": "cuu, combat, military, clothing, clothes, loot, trousers",
    "image": "images/characters/pants/bdupants/bdupants.jpg",
    "id": "dzobj_cbjblo7mot"
  },
  {
    "objectName": "breechesf_g.p3d",
    "inGameName": "-",
    "category": "characters",
    "modelType": "Raw P3D",
    "path": "dz/characters/pants",
    "usableOnConsole": false,
    "searchTags": "bdu, pants, clothing, clothes, loot, trousers",
    "image": "images/characters/pants/breeches_beetcheck/breeches_beetcheck.jpg",
    "id": "dzobj_3qnxbzl1r7"
  },
  {
    "objectName": "canvaspants_long_g.p3d",
    "inGameName": "Hiking Pants",
    "category": "characters",
    "modelType": "Raw P3D",
    "path": "dz/characters/pants",
    "usableOnConsole": false,
    "searchTags": "hiking, clothing, clothes, loot, trousers",
    "image": "images/characters/pants/canvaspants_beige/canvaspants_beige.jpg",
    "id": "dzobj_819hf7bh4f"
  },
  {
    "objectName": "canvaspants_midi_g.p3d",
    "inGameName": "Crop Hiking Pants",
    "category": "characters",
    "modelType": "Raw P3D",
    "path": "dz/characters/pants",
    "usableOnConsole": false,
    "searchTags": "crop, hiking, clothing, clothes, loot, trousers",
    "image": "images/characters/pants/canvaspantsmidi_beige/canvaspantsmidi_beige.jpg",
    "id": "dzobj_xtjm3r4pjm"
  },
  {
    "objectName": "cargopants_g.p3d",
    "inGameName": "Cargo Pants",
    "category": "characters",
    "modelType": "Raw P3D",
    "path": "dz/characters/pants",
    "usableOnConsole": false,
    "searchTags": "workware, clothing, loot, trousers",
    "image": "images/characters/pants/cargopants_beige/cargopants_beige.jpg",
    "id": "dzobj_7pac6q0yqu"
  },
  {
    "objectName": "chainmail_leggings_g.p3d",
    "inGameName": "Chainmail Leggings",
    "category": "characters",
    "modelType": "Raw P3D",
    "path": "dz/characters/pants",
    "usableOnConsole": false,
    "searchTags": "pants, medieval, castle, armour, armor, loot, trousers",
    "image": "images/characters/pants/chainmail_leggings/chainmail_leggings.jpg",
    "id": "dzobj_869w1r0al2"
  },
  {
    "objectName": "firefighter_pants_g.p3d",
    "inGameName": "Firefighter Pants",
    "category": "characters",
    "modelType": "Raw P3D",
    "path": "dz/characters/pants",
    "usableOnConsole": false,
    "searchTags": "firefighter, workware, clothing, clothes, fire, loot, trousers",
    "image": "images/characters/pants/firefighterspants_beige/firefighterspants_beige.jpg",
    "id": "dzobj_nr5nk55l8u"
  },
  {
    "objectName": "gorka_pants_g.p3d",
    "inGameName": "Patrol Pants",
    "category": "characters",
    "modelType": "Raw P3D",
    "path": "dz/characters/pants",
    "usableOnConsole": false,
    "searchTags": "patrol, combat, military, loot, trousers",
    "image": "images/characters/pants/gorkapants_autumn/gorkapants_autumn.jpg",
    "id": "dzobj_ep1snuycne"
  },
  {
    "objectName": "hunterpants_g.p3d",
    "inGameName": "Hunter Pants",
    "category": "characters",
    "modelType": "Raw P3D",
    "path": "dz/characters/pants",
    "usableOnConsole": false,
    "searchTags": "hunting, woodsman, weather, trail, loot, trousers",
    "image": "images/characters/pants/hunterpants_autumn/hunterpants_autumn.jpg",
    "id": "dzobj_wukt01gci8"
  },
  {
    "objectName": "jeans_ground.p3d",
    "inGameName": "Jeans",
    "category": "characters",
    "modelType": "Raw P3D",
    "path": "dz/characters/pants",
    "usableOnConsole": false,
    "searchTags": "pants, clothing, clothes, loot, trousers",
    "image": "images/characters/pants/jeans_black/jeans_black.jpg",
    "id": "dzobj_7ee3u1qsv6"
  },
  {
    "objectName": "jumpsuit_pants_g.p3d",
    "inGameName": "Jumpsuit Pants",
    "category": "characters",
    "modelType": "Raw P3D",
    "path": "dz/characters/pants",
    "usableOnConsole": false,
    "searchTags": "clothing, clothes, loot, trousers",
    "image": "images/characters/pants/jumpsuitpants_blue/jumpsuitpants_blue.jpg",
    "id": "dzobj_lsvm23o8f4"
  },
  {
    "objectName": "legcover_improvised_g.p3d",
    "inGameName": "Improvised Legs Wrapping",
    "category": "characters",
    "modelType": "Raw P3D",
    "path": "dz/characters/pants",
    "usableOnConsole": false,
    "searchTags": "pants, wrapping, rags, clothing, clothes, loot, trousers",
    "image": "images/characters/pants/legscover_improvised/legscover_improvised.jpg",
    "id": "dzobj_hdqjtn1apn"
  },
  {
    "objectName": "legs_m_above0.p3d",
    "inGameName": "-",
    "category": "characters",
    "modelType": "Raw P3D",
    "path": "dz/characters/pants",
    "usableOnConsole": false,
    "searchTags": "pants, shorts, underwear, bodies, player, pc, loot, trousers",
    "image": "images/characters/pants/malelegs_base/malelegs_base.jpg",
    "id": "dzobj_jreus9q289"
  },
  {
    "objectName": "medicalscrubs_pants_g.p3d",
    "inGameName": "Scrub Pants",
    "category": "characters",
    "modelType": "Raw P3D",
    "path": "dz/characters/pants",
    "usableOnConsole": false,
    "searchTags": "health, hospital, scrub, workware, ambulance, clothing, clothes, loot, trousers",
    "image": "images/characters/pants/medicalscrubspants_blue/medicalscrubspants_blue.jpg",
    "id": "dzobj_2jr5s2jorv"
  },
  {
    "objectName": "nbc_pants_g.p3d",
    "inGameName": "NBC Pants",
    "category": "characters",
    "modelType": "Raw P3D",
    "path": "dz/characters/pants",
    "usableOnConsole": false,
    "searchTags": "shorts, NBC, protection, clothing, clothes, loot, trousers",
    "image": "images/characters/pants/nbcpantsgray/nbcpantsgray.jpg",
    "id": "dzobj_oai38wn4hb"
  },
  {
    "objectName": "pants_leatherpants_g.p3d",
    "inGameName": "Leather Pants",
    "category": "characters",
    "modelType": "Raw P3D",
    "path": "dz/characters/pants",
    "usableOnConsole": false,
    "searchTags": "clothing, clothes, loot, trousers",
    "image": "images/characters/pants/leatherpants_beige/leatherpants_beige.jpg",
    "id": "dzobj_21ssxtu203"
  },
  {
    "objectName": "paramedic_pants_g.p3d",
    "inGameName": "Paramedic Pants",
    "category": "characters",
    "modelType": "Raw P3D",
    "path": "dz/characters/pants",
    "usableOnConsole": false,
    "searchTags": "ambulance, workware, clothing, clothes, loot, trousers",
    "image": "images/characters/pants/paramedicpants_blue/paramedicpants_blue.jpg",
    "id": "dzobj_l052gzcnhi"
  },
  {
    "objectName": "policepants_g.p3d",
    "inGameName": "Police Pants",
    "category": "characters",
    "modelType": "Raw P3D",
    "path": "dz/characters/pants",
    "usableOnConsole": false,
    "searchTags": "law enforcement, workware, clohthing, clothes, loot, trousers",
    "image": "images/characters/pants/policepants/policepants.jpg",
    "id": "dzobj_ml8exdf55x"
  },
  {
    "objectName": "prison_pants_g.p3d",
    "inGameName": "Prisoner Pants",
    "category": "characters",
    "modelType": "Raw P3D",
    "path": "dz/characters/pants",
    "usableOnConsole": false,
    "searchTags": "prisoner, gulag, inmate, clothing, clothes, loot, trousers",
    "image": "images/characters/pants/prisonuniformpants/prisonuniformpants.jpg",
    "id": "dzobj_6k1toqyj79"
  },
  {
    "objectName": "shortjeans_g.p3d",
    "inGameName": "Denim Shorts",
    "category": "characters",
    "modelType": "Raw P3D",
    "path": "dz/characters/pants",
    "usableOnConsole": false,
    "searchTags": "pants, shorts, clothing, clothes, loot, trousers",
    "image": "images/characters/pants/shortjeans_black/shortjeans_black.jpg",
    "id": "dzobj_zpc3kgdfup"
  },
  {
    "objectName": "skirt_g.p3d",
    "inGameName": "Denim Skirt",
    "category": "characters",
    "modelType": "Raw P3D",
    "path": "dz/characters/pants",
    "usableOnConsole": false,
    "searchTags": "pants, short, skirt, loot, trousers",
    "image": "images/characters/pants/skirt_blue/skirt_blue.jpg",
    "id": "dzobj_yngl4e3967"
  },
  {
    "objectName": "slacks_g.p3d",
    "inGameName": "Suit Pants",
    "category": "characters",
    "modelType": "Raw P3D",
    "path": "dz/characters/pants",
    "usableOnConsole": false,
    "searchTags": "underwear, clothing, clothes, loot, trousers",
    "image": "images/characters/pants/slackspants_beige/slackspants_beige.jpg",
    "id": "dzobj_w5x69jcyjj"
  },
  {
    "objectName": "tracksuit_pants_g.p3d",
    "inGameName": "Tracksuit Pants",
    "category": "characters",
    "modelType": "Raw P3D",
    "path": "dz/characters/pants",
    "usableOnConsole": false,
    "searchTags": "tracksuit, clothing, clothes, loot, trousers",
    "image": "images/characters/pants/tracksuitpants_black/tracksuitpants_black.jpg",
    "id": "dzobj_cyqtac82ox"
  },
  {
    "objectName": "ttsko_pants_g.p3d",
    "inGameName": "Combat Pants",
    "category": "characters",
    "modelType": "Raw P3D",
    "path": "dz/characters/pants",
    "usableOnConsole": false,
    "searchTags": "combat, clothing, clothes, military, loot, trousers",
    "image": "images/characters/pants/ttskopants/ttskopants.jpg",
    "id": "dzobj_lzdl9tbl2g"
  },
  {
    "objectName": "usmc_pants_g.p3d",
    "inGameName": "CCU Pants",
    "category": "characters",
    "modelType": "Raw P3D",
    "path": "dz/characters/pants",
    "usableOnConsole": false,
    "searchTags": "cuu, combat, military, clothing, clothes, loot, trousers",
    "image": "images/characters/pants/usmcpants_desert/usmcpants_desert.jpg",
    "id": "dzobj_l3izvfmgl0"
  },
  {
    "objectName": "Breeches_Beetcheck",
    "inGameName": "Capri Pants",
    "category": "characters",
    "modelType": "Config",
    "path": "dz/characters/pants",
    "usableOnConsole": true,
    "searchTags": "bdu, pants, clothing, clothes, loot, trousers",
    "image": "images/characters/pants/breeches_beetcheck/breeches_beetcheck.jpg",
    "id": "dzobj_ec0ypyv3aj"
  },
  {
    "objectName": "Breeches_Beige",
    "inGameName": "Capri Pants",
    "category": "characters",
    "modelType": "Config",
    "path": "dz/characters/pants",
    "usableOnConsole": true,
    "searchTags": "bdu, pants, clothing, clothes, loot, trousers",
    "image": "images/characters/pants/breeches_beige/breeches_beige.jpg",
    "id": "dzobj_9g63fjc80z"
  },
  {
    "objectName": "Breeches_Black",
    "inGameName": "Capri Pants",
    "category": "characters",
    "modelType": "Config",
    "path": "dz/characters/pants",
    "usableOnConsole": true,
    "searchTags": "bdu, pants, clothing, clothes, loot, trousers",
    "image": "images/characters/pants/breeches_black/breeches_black.jpg",
    "id": "dzobj_n41zh41a0i"
  },
  {
    "objectName": "Breeches_Blackcheck",
    "inGameName": "Capri Pants",
    "category": "characters",
    "modelType": "Config",
    "path": "dz/characters/pants",
    "usableOnConsole": true,
    "searchTags": "bdu, pants, clothing, clothes, loot, trousers",
    "image": "images/characters/pants/breeches_blackcheck/breeches_blackcheck.jpg",
    "id": "dzobj_rjneqplj3n"
  },
  {
    "objectName": "Breeches_Blue",
    "inGameName": "Capri Pants",
    "category": "characters",
    "modelType": "Config",
    "path": "dz/characters/pants",
    "usableOnConsole": true,
    "searchTags": "bdu, pants, clothing, clothes, loot, trousers",
    "image": "images/characters/pants/breeches_blue/breeches_blue.jpg",
    "id": "dzobj_zg8lcm9kkt"
  },
  {
    "objectName": "Breeches_Browncheck",
    "inGameName": "Capri Pants",
    "category": "characters",
    "modelType": "Config",
    "path": "dz/characters/pants",
    "usableOnConsole": true,
    "searchTags": "bdu, pants, clothing, clothes, loot, trousers",
    "image": "images/characters/pants/breeches_browncheck/breeches_browncheck.jpg",
    "id": "dzobj_pkq3ead5p5"
  },
  {
    "objectName": "Breeches_Green",
    "inGameName": "Capri Pants",
    "category": "characters",
    "modelType": "Config",
    "path": "dz/characters/pants",
    "usableOnConsole": true,
    "searchTags": "bdu, pants, clothing, clothes, loot, trousers",
    "image": "images/characters/pants/breeches_green/breeches_green.jpg",
    "id": "dzobj_i9l7rb46wv"
  },
  {
    "objectName": "Breeches_Pink",
    "inGameName": "Capri Pants",
    "category": "characters",
    "modelType": "Config",
    "path": "dz/characters/pants",
    "usableOnConsole": true,
    "searchTags": "bdu, pants, clothing, clothes, loot, trousers",
    "image": "images/characters/pants/breeches_pink/breeches_pink.jpg",
    "id": "dzobj_kw61w82rps"
  },
  {
    "objectName": "Breeches_Red",
    "inGameName": "Capri Pants",
    "category": "characters",
    "modelType": "Config",
    "path": "dz/characters/pants",
    "usableOnConsole": true,
    "searchTags": "bdu, pants, clothing, clothes, loot, trousers",
    "image": "images/characters/pants/breeches_red/breeches_red.jpg",
    "id": "dzobj_vfnmignk4k"
  },
  {
    "objectName": "Breeches_White",
    "inGameName": "Capri Pants",
    "category": "characters",
    "modelType": "Config",
    "path": "dz/characters/pants",
    "usableOnConsole": true,
    "searchTags": "bdu, pants, clothing, clothes, loot, trousers",
    "image": "images/characters/pants/breeches_white/breeches_white.jpg",
    "id": "dzobj_69vf18dq7l"
  },
  {
    "objectName": "NBCPantsGray",
    "inGameName": "NBC Pants",
    "category": "characters",
    "modelType": "Config",
    "path": "dz/characters/pants",
    "usableOnConsole": true,
    "searchTags": "shorts, NBC, protection, clothing, clothes, loot, trousers",
    "image": "images/characters/pants/nbcpantsgray/nbcpantsgray.jpg",
    "id": "dzobj_fa3ir1bezn"
  },
  {
    "objectName": "NBCPantsWhite",
    "inGameName": "NBC Pants",
    "category": "characters",
    "modelType": "Config",
    "path": "dz/characters/pants",
    "usableOnConsole": true,
    "searchTags": "shorts, NBC, protection, clothing, clothes, loot, trousers",
    "image": "images/characters/pants/nbcpantswhite/nbcpantswhite.jpg",
    "id": "dzobj_3n3q6rk83x"
  },
  {
    "objectName": "NBCPantsYellow",
    "inGameName": "NBC Pants",
    "category": "characters",
    "modelType": "Config",
    "path": "dz/characters/pants",
    "usableOnConsole": true,
    "searchTags": "shorts, NBC, protection, clothing, clothes, loot, trousers",
    "image": "images/characters/pants/nbcpantsyellow/nbcpantsyellow.jpg",
    "id": "dzobj_38cfnwpkxe"
  },
  {
    "objectName": "NavyUniformPants",
    "inGameName": "Navy Uniform Pants",
    "category": "characters",
    "modelType": "Config",
    "path": "dz/characters/pants",
    "usableOnConsole": true,
    "searchTags": "shorts, military, workware, clothing, clothes, loot, trousers",
    "image": "images/characters/pants/navyuniformpants/navyuniformpants.jpg",
    "id": "dzobj_ygeenziq5l"
  },
  {
    "objectName": "ShortJeans_Black",
    "inGameName": "Denim Shorts",
    "category": "characters",
    "modelType": "Config",
    "path": "dz/characters/pants",
    "usableOnConsole": true,
    "searchTags": "pants, shorts, clothing, clothes, loot, trousers",
    "image": "images/characters/pants/shortjeans_black/shortjeans_black.jpg",
    "id": "dzobj_0qmtsx1vim"
  },
  {
    "objectName": "ShortJeans_Blue",
    "inGameName": "Denim Shorts",
    "category": "characters",
    "modelType": "Config",
    "path": "dz/characters/pants",
    "usableOnConsole": true,
    "searchTags": "pants, shorts, clothing, clothes, loot, trousers",
    "image": "images/characters/pants/shortjeans_blue/shortjeans_blue.jpg",
    "id": "dzobj_d88pziuj6d"
  },
  {
    "objectName": "ShortJeans_Brown",
    "inGameName": "Denim Shorts",
    "category": "characters",
    "modelType": "Config",
    "path": "dz/characters/pants",
    "usableOnConsole": true,
    "searchTags": "pants, shorts, clothing, clothes, loot, trousers",
    "image": "images/characters/pants/shortjeans_brown/shortjeans_brown.jpg",
    "id": "dzobj_qahv88qyg3"
  },
  {
    "objectName": "ShortJeans_Darkblue",
    "inGameName": "Denim Shorts",
    "category": "characters",
    "modelType": "Config",
    "path": "dz/characters/pants",
    "usableOnConsole": true,
    "searchTags": "pants, shorts, clothing, clothes, loot, trousers",
    "image": "images/characters/pants/shortjeans_darkblue/shortjeans_darkblue.jpg",
    "id": "dzobj_gtd5gqpec7"
  },
  {
    "objectName": "ShortJeans_Green",
    "inGameName": "Denim Shorts",
    "category": "characters",
    "modelType": "Config",
    "path": "dz/characters/pants",
    "usableOnConsole": true,
    "searchTags": "pants, shorts, clothing, clothes, loot, trousers",
    "image": "images/characters/pants/shortjeans_green/shortjeans_green.jpg",
    "id": "dzobj_noafi78a7r"
  },
  {
    "objectName": "ShortJeans_Red",
    "inGameName": "Denim Shorts",
    "category": "characters",
    "modelType": "Config",
    "path": "dz/characters/pants",
    "usableOnConsole": true,
    "searchTags": "pants, shorts, clothing, clothes, loot, trousers",
    "image": "images/characters/pants/shortjeans_red/shortjeans_red.jpg",
    "id": "dzobj_tbzkch75u0"
  },
  {
    "objectName": "Skirt_Blue",
    "inGameName": "Denim Skirt",
    "category": "characters",
    "modelType": "Config",
    "path": "dz/characters/pants",
    "usableOnConsole": true,
    "searchTags": "pants, short, skirt, loot, trousers",
    "image": "images/characters/pants/skirt_blue/skirt_blue.jpg",
    "id": "dzobj_3iy59n6top"
  },
  {
    "objectName": "Skirt_Red",
    "inGameName": "Denim Skirt",
    "category": "characters",
    "modelType": "Config",
    "path": "dz/characters/pants",
    "usableOnConsole": true,
    "searchTags": "pants, short, skirt, loot, trousers",
    "image": "images/characters/pants/skirt_red/skirt_red.jpg",
    "id": "dzobj_i03folycmt"
  },
  {
    "objectName": "Skirt_White",
    "inGameName": "Denim Skirt",
    "category": "characters",
    "modelType": "Config",
    "path": "dz/characters/pants",
    "usableOnConsole": true,
    "searchTags": "pants, short, skirt, loot, trousers",
    "image": "images/characters/pants/skirt_white/skirt_white.jpg",
    "id": "dzobj_7qzcvmnbdr"
  },
  {
    "objectName": "Skirt_Yellow",
    "inGameName": "Denim Skirt",
    "category": "characters",
    "modelType": "Config",
    "path": "dz/characters/pants",
    "usableOnConsole": true,
    "searchTags": "pants, short, skirt, loot, trousers",
    "image": "images/characters/pants/skirt_yellow/skirt_yellow.jpg",
    "id": "dzobj_8w0888t1st"
  },
  {
    "objectName": "SlacksPants_Beige",
    "inGameName": "Suit Pants",
    "category": "characters",
    "modelType": "Config",
    "path": "dz/characters/pants",
    "usableOnConsole": true,
    "searchTags": "underwear, clothing, clothes, loot, trousers",
    "image": "images/characters/pants/slackspants_beige/slackspants_beige.jpg",
    "id": "dzobj_bxdinksd71"
  },
  {
    "objectName": "SlacksPants_Black",
    "inGameName": "Suit Pants",
    "category": "characters",
    "modelType": "Config",
    "path": "dz/characters/pants",
    "usableOnConsole": true,
    "searchTags": "underwear, clothing, clothes, loot, trousers",
    "image": "images/characters/pants/slackspants_black/slackspants_black.jpg",
    "id": "dzobj_41q2o9zsun"
  },
  {
    "objectName": "SlacksPants_Blue",
    "inGameName": "Suit Pants",
    "category": "characters",
    "modelType": "Config",
    "path": "dz/characters/pants",
    "usableOnConsole": true,
    "searchTags": "underwear, clothing, clothes, loot, trousers",
    "image": "images/characters/pants/slackspants_blue/slackspants_blue.jpg",
    "id": "dzobj_2pj8cpjj0f"
  },
  {
    "objectName": "SlacksPants_Brown",
    "inGameName": "Suit Pants",
    "category": "characters",
    "modelType": "Config",
    "path": "dz/characters/pants",
    "usableOnConsole": true,
    "searchTags": "underwear, clothing, clothes, loot, trousers",
    "image": "images/characters/pants/slackspants_brown/slackspants_brown.jpg",
    "id": "dzobj_dq2p5nruy1"
  },
  {
    "objectName": "SlacksPants_DarkGrey",
    "inGameName": "Suit Pants",
    "category": "characters",
    "modelType": "Config",
    "path": "dz/characters/pants",
    "usableOnConsole": true,
    "searchTags": "underwear, clothing, clothes, loot, trousers",
    "image": "images/characters/pants/slackspants_darkgrey/slackspants_darkgrey.jpg",
    "id": "dzobj_dgobavl9jt"
  },
  {
    "objectName": "SlacksPants_Khaki",
    "inGameName": "Suit Pants",
    "category": "characters",
    "modelType": "Config",
    "path": "dz/characters/pants",
    "usableOnConsole": true,
    "searchTags": "underwear, clothing, clothes, loot, trousers",
    "image": "images/characters/pants/slackspants_khaki/slackspants_khaki.jpg",
    "id": "dzobj_ijqvmbsisq"
  },
  {
    "objectName": "SlacksPants_LightGrey",
    "inGameName": "Suit Pants",
    "category": "characters",
    "modelType": "Config",
    "path": "dz/characters/pants",
    "usableOnConsole": true,
    "searchTags": "underwear, clothing, clothes, loot, trousers",
    "image": "images/characters/pants/slackspants_lightgrey/slackspants_lightgrey.jpg",
    "id": "dzobj_vsrxst4c8c"
  },
  {
    "objectName": "SlacksPants_White",
    "inGameName": "Suit Pants",
    "category": "characters",
    "modelType": "Config",
    "path": "dz/characters/pants",
    "usableOnConsole": true,
    "searchTags": "underwear, clothing, clothes, loot, trousers",
    "image": "images/characters/pants/slackspants_white/slackspants_white.jpg",
    "id": "dzobj_87hlgd1tl7"
  }
]
