[
  {
    "objectName": "P1",
    "inGameName": "P1",
    "category": "weapons",
    "modelType": "Config",
    "path": "dz/weapons/pistols/p1",
    "usableOnConsole": true,
    "searchTags": "pistols, weapon, weapons",
    "image": "images/weapons/pistols/p1/p1.jpg"
  },
  {
    "objectName": "ProxyP1",
    "inGameName": "-",
    "category": "weapons",
    "modelType": "Config",
    "path": "dz/weapons/pistols/p1",
    "usableOnConsole": true,
    "searchTags": "p1, pistols, weapon, weapons",
    "image": "images/weapons/pistols/p1/proxyp1.jpg"
  },
  {
    "objectName": "p1.p3d",
    "inGameName": "-",
    "category": "weapons",
    "modelType": "Raw P3D",
    "path": "dz/weapons/pistols/p1",
    "usableOnConsole": false,
    "searchTags": "pistols, weapon, weapons",
    "image": "images/weapons/pistols/p1/p1.p3d.jpg"
  }
]
