[
  {
    "objectName": "9x2 garage row",
    "inGameName": "-",
    "category": "Editor Preset",
    "modelType": "Preset",
    "path": "-",
    "usableOnConsole": true,
    "searchTags": "garages, cars, row, double",
    "image": "images/presets/garage_row.jpg",
    "editorJson": [
      {
        "Type": "Land_Garage_Row_Small",
        "DisplayName": "Land_Garage_Row_Small",
        "Position": [
          -372.047607421875,
          11.588173866271973,
          4316.65185546875
        ],
        "Orientation": [
          53.999969482421875,
          -0.0,
          -0.0
        ],
        "Scale": 1.0,
        "AttachmentMap": {},
        "Model": "dz\\structures\\industrial\\garages\\garage_row_small.p3d",
        "Flags": 30,
        "m_LowBits": 0,
        "m_HighBits": 0
      },
      {
        "Type": "Land_Garage_Row_Small",
        "DisplayName": "Land_Garage_Row_Small",
        "Position": [
          -381.1348876953125,
          11.588173866271973,
          4329.15966796875
        ],
        "Orientation": [
          53.999969482421875,
          -0.0,
          -0.0
        ],
        "Scale": 1.0,
        "AttachmentMap": {},
        "Model": "dz\\structures\\industrial\\garages\\garage_row_small.p3d",
        "Flags": 30,
        "m_LowBits": 0,
        "m_HighBits": 0
      },
      {
        "Type": "Land_Garage_Row_Small",
        "DisplayName": "Land_Garage_Row_Small",
        "Position": [
          -357.9907531738281,
          11.58842945098877,
          4325.88330078125
        ],
        "Orientation": [
          -126.07952117919922,
          0.002370860893279314,
          0.0008855393389239907
        ],
        "Scale": 1.0,
        "AttachmentMap": {},
        "Model": "dz\\structures\\industrial\\garages\\garage_row_small.p3d",
        "Flags": 30,
        "m_LowBits": 0,
        "m_HighBits": 0
      },
      {
        "Type": "Land_Garage_Row_Small",
        "DisplayName": "Land_Garage_Row_Small",
        "Position": [
          -348.8861389160156,
          11.588668823242188,
          4313.38818359375
        ],
        "Orientation": [
          -126.07952117919922,
          0.002370860893279314,
          0.000885539164301008
        ],
        "Scale": 1.0,
        "AttachmentMap": {},
        "Model": "dz\\structures\\industrial\\garages\\garage_row_small.p3d",
        "Flags": 30,
        "m_LowBits": 0,
        "m_HighBits": 0
      },
      {
        "Type": "Land_Garage_Row_Small",
        "DisplayName": "Land_Garage_Row_Small",
        "Position": [
          -367.0962829589844,
          11.588191032409668,
          4338.38134765625
        ],
        "Orientation": [
          -126.07952117919922,
          0.002370860893279314,
          0.0008855393389239907
        ],
        "Scale": 1.0,
        "AttachmentMap": {},
        "Model": "dz\\structures\\industrial\\garages\\garage_row_small.p3d",
        "Flags": 30,
        "m_LowBits": 0,
        "m_HighBits": 0
      },
      {
        "Type": "Land_Garage_Row_Small",
        "DisplayName": "Land_Garage_Row_Small",
        "Position": [
          -362.9594421386719,
          11.588173866271973,
          4304.14111328125
        ],
        "Orientation": [
          53.999969482421875,
          -0.0,
          -0.0
        ],
        "Scale": 1.0,
        "AttachmentMap": {},
        "Model": "dz\\structures\\industrial\\garages\\garage_row_small.p3d",
        "Flags": 30,
        "m_LowBits": 0,
        "m_HighBits": 0
      }
    ],
    "id": "dzobj_hfipywhdda"
  }
]
