[
  {
    "objectName": "Livonia bunker Main Entrance - Punched card panel",
    "inGameName": "-",
    "category": "Editor Preset",
    "modelType": "Preset",
    "path": "-",
    "usableOnConsole": true,
    "searchTags": "bunker, entrance, level",
    "image": "images/presets/livonia_bunker.jpg",
    "editorJson": [
      {
        "Type": "Land_Underground_Entrance",
        "DisplayName": "Land_Underground_Entrance",
        "Position": [
          4272.23486328125,
          257.00653076171875,
          4895.14111328125
        ],
        "Orientation": [
          9.0,
          0.0,
          -0.0
        ],
        "Scale": 1.0,
        "AttachmentMap": {},
        "Model": "dz\\structures_bliss\\underground\\entrance\\underground_entrance.p3d",
        "Flags": 30
      },
      {
        "Type": "Land_Underground_Panel",
        "DisplayName": "Land_Underground_Panel",
        "Position": [
          4268.42138671875,
          258.4884948730469,
          4888.4794921875
        ],
        "Orientation": [
          9.0,
          0.0,
          -0.0
        ],
        "Scale": 1.0,
        "AttachmentMap": {},
        "Model": "dz\\structures_bliss\\underground\\entrance\\underground_panel.p3d",
        "Flags": 30
      }
    ],
    "id": "dzobj_ohdh1u50si"
  }
]
