[
  {
    "objectName": "StaticObj_Furniture_case_a",
    "inGameName": "-",
    "category": "structures",
    "modelType": "Config",
    "path": "dz/structures/furniture/cases/case_a",
    "usableOnConsole": true,
    "searchTags": "decoration",
    "image": "images/structures/furniture/cases/case_a/staticobj_furniture_case_a.jpg"
  },
  {
    "objectName": "StaticObj_Furniture_case_a_open",
    "inGameName": "-",
    "category": "structures",
    "modelType": "Config",
    "path": "dz/structures/furniture/cases/case_a",
    "usableOnConsole": true,
    "searchTags": "decoration",
    "image": "images/structures/furniture/cases/case_a/staticobj_furniture_case_a_open.jpg"
  },
  {
    "objectName": "case_a.p3d",
    "inGameName": "-",
    "category": "structures",
    "modelType": "Raw P3D",
    "path": "dz/structures/furniture/cases/case_a",
    "usableOnConsole": false,
    "searchTags": "decoration, furniture",
    "image": "images/structures/furniture/cases/case_a/case_a.p3d.jpg"
  },
  {
    "objectName": "case_a_open.p3d",
    "inGameName": "-",
    "category": "structures",
    "modelType": "Raw P3D",
    "path": "dz/structures/furniture/cases/case_a",
    "usableOnConsole": false,
    "searchTags": "decoration, furniture",
    "image": "images/structures/furniture/cases/case_a/case_a_open.p3d.jpg"
  }
]
