[
  {
    "objectName": "StaticObj_Furniture_metalcrate_02",
    "inGameName": "-",
    "category": "structures",
    "modelType": "Config",
    "path": "dz/structures/furniture/cases/metalcrate_02",
    "usableOnConsole": true,
    "searchTags": "decoration",
    "image": "images/structures/furniture/cases/metalcrate_02/staticobj_furniture_metalcrate_02.jpg"
  },
  {
    "objectName": "metalcrate_02.p3d",
    "inGameName": "-",
    "category": "structures",
    "modelType": "Raw P3D",
    "path": "dz/structures/furniture/cases/metalcrate_02",
    "usableOnConsole": false,
    "searchTags": "decoration, furniture",
    "image": "images/structures/furniture/cases/metalcrate_02/metalcrate_02.p3d.jpg"
  }
]
