[
  {
    "objectName": "Land_City_Hospital_Ghost1",
    "inGameName": "-",
    "category": "structures",
    "modelType": "Config",
    "path": "dz/structures/residential/medical",
    "usableOnConsole": true,
    "searchTags": "invisible",
    "image": "images/structures/residential/medical/land_city_hospital_ghost1.jpg",
    "id": "dzobj_0fqii5sq44"
  },
  {
    "objectName": "Land_City_Hospital_Ghost2",
    "inGameName": "-",
    "category": "structures",
    "modelType": "Config",
    "path": "dz/structures/residential/medical",
    "usableOnConsole": true,
    "searchTags": "invisible",
    "image": "images/structures/residential/medical/land_city_hospital_ghost2.jpg",
    "id": "dzobj_6o1dgfdj7o"
  },
  {
    "objectName": "Land_Village_HealthCare_Ghost1",
    "inGameName": "-",
    "category": "structures",
    "modelType": "Config",
    "path": "dz/structures/residential/medical",
    "usableOnConsole": true,
    "searchTags": "invisible",
    "image": "images/structures/residential/medical/land_village_healthcare_ghost1.jpg",
    "id": "dzobj_ycsuvv7wn1"
  },
  {
    "objectName": "Land_Village_HealthCare_Ghost2",
    "inGameName": "-",
    "category": "structures",
    "modelType": "Config",
    "path": "dz/structures/residential/medical",
    "usableOnConsole": true,
    "searchTags": "invisible",
    "image": "images/structures/residential/medical/land_village_healthcare_ghost2.jpg",
    "id": "dzobj_mtfrtebhfp"
  },
  {
    "objectName": "Land_Medical_Tent_Big",
    "inGameName": "-",
    "category": "structures",
    "modelType": "Config",
    "path": "dz/structures/residential/medical",
    "usableOnConsole": true,
    "searchTags": "medical, tent, big, field, hospital, emergency, military, yellow",
    "image": "images/structures/residential/medical/land_medical_tent_big.jpg",
    "id": "dzobj_to1oewks3h"
  },
  {
    "objectName": "Land_Medical_Tent_Shower",
    "inGameName": "-",
    "category": "structures",
    "modelType": "Config",
    "path": "dz/structures/residential/medical",
    "usableOnConsole": true,
    "searchTags": "medical, tent, shower, hygiene, decontamination, field, hospital, yellow, military, disease",
    "image": "images/structures/residential/medical/land_medical_tent_shower.jpg",
    "id": "dzobj_o1455gyb8q"
  },
  {
    "objectName": "StaticObj_CURCylinder_01_F",
    "inGameName": "-",
    "category": "structures",
    "modelType": "Config",
    "path": "dz/structures/residential/medical",
    "usableOnConsole": true,
    "searchTags": "medical, cylinder, cur, tank, oxygen, storage",
    "image": "images/structures/residential/medical/staticobj_curcylinder_01_f.jpg",
    "id": "dzobj_cq2hidpm3l"
  },
  {
    "objectName": "StaticObj_Decon_CBRNCase_01_F",
    "inGameName": "-",
    "category": "structures",
    "modelType": "Config",
    "path": "dz/structures/residential/medical",
    "usableOnConsole": true,
    "searchTags": "medical, decon, case, box, equipment, disease, metal",
    "image": "images/structures/residential/medical/staticobj_decon_cbrncase_01_f.jpg",
    "id": "dzobj_23yi9uss99"
  },
  {
    "objectName": "StaticObj_Decon_HazmatBag_01_F",
    "inGameName": "-",
    "category": "structures",
    "modelType": "Config",
    "path": "dz/structures/residential/medical",
    "usableOnConsole": true,
    "searchTags": "medical, decon, hazmat, bag, contamination, plastic, yellow, garbage, rubbish, trash",
    "image": "images/structures/residential/medical/staticobj_decon_hazmatbag_01_f.jpg",
    "id": "dzobj_cxlaukxxc0"
  },
  {
    "objectName": "StaticObj_Decon_HazmatBag_01_roll_F",
    "inGameName": "-",
    "category": "structures",
    "modelType": "Config",
    "path": "dz/structures/residential/medical",
    "usableOnConsole": true,
    "searchTags": "medical, decon, hazmat, bag, contamination, plastic, yellow, garbage, rubbish, trash",
    "image": "images/structures/residential/medical/staticobj_decon_hazmatbag_01_roll_f.jpg",
    "id": "dzobj_p148nr50wn"
  },
  {
    "objectName": "StaticObj_Decon_LayFlatHose_01_Corner_F",
    "inGameName": "-",
    "category": "structures",
    "modelType": "Config",
    "path": "dz/structures/residential/medical",
    "usableOnConsole": true,
    "searchTags": "medical, decon, layflat hose, corner, yellow",
    "image": "images/structures/residential/medical/staticobj_decon_layflathose_01_corner_f.jpg",
    "id": "dzobj_dc1r36e14m"
  },
  {
    "objectName": "StaticObj_Decon_LayFlatHose_01_CurveLong_F",
    "inGameName": "-",
    "category": "structures",
    "modelType": "Config",
    "path": "dz/structures/residential/medical",
    "usableOnConsole": true,
    "searchTags": "medical, decon, layflat hose, curve, long, yellow",
    "image": "images/structures/residential/medical/staticobj_decon_layflathose_01_curvelong_f.jpg",
    "id": "dzobj_i6bm9p4iyy"
  },
  {
    "objectName": "StaticObj_Decon_LayFlatHose_01_CurveShort_F",
    "inGameName": "-",
    "category": "structures",
    "modelType": "Config",
    "path": "dz/structures/residential/medical",
    "usableOnConsole": true,
    "searchTags": "medical, decon, layflat hose, curve, short, yellow",
    "image": "images/structures/residential/medical/staticobj_decon_layflathose_01_curveshort_f.jpg",
    "id": "dzobj_4102p9nlu6"
  },
  {
    "objectName": "StaticObj_Decon_LayFlatHose_01_Roll_F",
    "inGameName": "-",
    "category": "structures",
    "modelType": "Config",
    "path": "dz/structures/residential/medical",
    "usableOnConsole": true,
    "searchTags": "medical, decon, layflat hose, roll, yellow, coil",
    "image": "images/structures/residential/medical/staticobj_decon_layflathose_01_roll_f.jpg",
    "id": "dzobj_4t2oyruazn"
  },
  {
    "objectName": "StaticObj_Decon_LayFlatHose_01_SBend_F",
    "inGameName": "-",
    "category": "structures",
    "modelType": "Config",
    "path": "dz/structures/residential/medical",
    "usableOnConsole": true,
    "searchTags": "medical, decon, layflat hose, s-bend, yellow",
    "image": "images/structures/residential/medical/staticobj_decon_layflathose_01_sbend_f.jpg",
    "id": "dzobj_bttlrpqydm"
  },
  {
    "objectName": "StaticObj_Decon_LayFlatHose_01_Step_F",
    "inGameName": "-",
    "category": "structures",
    "modelType": "Config",
    "path": "dz/structures/residential/medical",
    "usableOnConsole": true,
    "searchTags": "medical, decon, layflat hose, step, yellow",
    "image": "images/structures/residential/medical/staticobj_decon_layflathose_01_step_f.jpg",
    "id": "dzobj_7ozmh7dyfk"
  },
  {
    "objectName": "StaticObj_Decon_LayFlatHose_01_StraightLong_F",
    "inGameName": "-",
    "category": "structures",
    "modelType": "Config",
    "path": "dz/structures/residential/medical",
    "usableOnConsole": true,
    "searchTags": "medical, decon, layflat hose, straight, long, , yellow",
    "image": "images/structures/residential/medical/staticobj_decon_layflathose_01_straightlong_f.jpg",
    "id": "dzobj_74g2sa3kzv"
  },
  {
    "objectName": "StaticObj_Decon_LayFlatHose_01_StraightShort_F",
    "inGameName": "-",
    "category": "structures",
    "modelType": "Config",
    "path": "dz/structures/residential/medical",
    "usableOnConsole": true,
    "searchTags": "medical, decon, layflat hose, straight short",
    "image": "images/structures/residential/medical/staticobj_decon_layflathose_01_straightshort_f.jpg",
    "id": "dzobj_otuu810epk"
  },
  {
    "objectName": "StaticObj_Decon_PowerCable_01_Corner_F",
    "inGameName": "-",
    "category": "structures",
    "modelType": "Config",
    "path": "dz/structures/residential/medical",
    "usableOnConsole": true,
    "searchTags": "medical, decon, power cable, corner, black",
    "image": "images/structures/residential/medical/staticobj_decon_powercable_01_corner_f.jpg",
    "id": "dzobj_18xtk5zf6b"
  },
  {
    "objectName": "StaticObj_Decon_PowerCable_01_CurveLong_F",
    "inGameName": "-",
    "category": "structures",
    "modelType": "Config",
    "path": "dz/structures/residential/medical",
    "usableOnConsole": true,
    "searchTags": "medical, decon, power cable, curve long, black",
    "image": "images/structures/residential/medical/staticobj_decon_powercable_01_curvelong_f.jpg",
    "id": "dzobj_tv7u7g8som"
  },
  {
    "objectName": "StaticObj_Decon_PowerCable_01_CurveShort_F",
    "inGameName": "-",
    "category": "structures",
    "modelType": "Config",
    "path": "dz/structures/residential/medical",
    "usableOnConsole": true,
    "searchTags": "medical, decon, power cable, curve short, black",
    "image": "images/structures/residential/medical/staticobj_decon_powercable_01_curveshort_f.jpg",
    "id": "dzobj_8xyua72mpc"
  },
  {
    "objectName": "StaticObj_Decon_PowerCable_01_Roll_F",
    "inGameName": "-",
    "category": "structures",
    "modelType": "Config",
    "path": "dz/structures/residential/medical",
    "usableOnConsole": true,
    "searchTags": "medical, decon, power cable, roll, black",
    "image": "images/structures/residential/medical/staticobj_decon_powercable_01_roll_f.jpg",
    "id": "dzobj_e6uj0nwzmh"
  },
  {
    "objectName": "StaticObj_Decon_PowerCable_01_SBend_F",
    "inGameName": "-",
    "category": "structures",
    "modelType": "Config",
    "path": "dz/structures/residential/medical",
    "usableOnConsole": true,
    "searchTags": "medical, decon, power cable, s-bend, black",
    "image": "images/structures/residential/medical/staticobj_decon_powercable_01_sbend_f.jpg",
    "id": "dzobj_lr37hyx1pu"
  },
  {
    "objectName": "StaticObj_Decon_PowerCable_01_Step_F",
    "inGameName": "-",
    "category": "structures",
    "modelType": "Config",
    "path": "dz/structures/residential/medical",
    "usableOnConsole": true,
    "searchTags": "medical, decon, power cable, step, blue",
    "image": "images/structures/residential/medical/staticobj_decon_powercable_01_step_f.jpg",
    "id": "dzobj_l254yxmjny"
  },
  {
    "objectName": "StaticObj_Decon_PowerCable_01_StraightLong_F",
    "inGameName": "-",
    "category": "structures",
    "modelType": "Config",
    "path": "dz/structures/residential/medical",
    "usableOnConsole": true,
    "searchTags": "medical, decon, power cable, straight long, blue",
    "image": "images/structures/residential/medical/staticobj_decon_powercable_01_straightlong_f.jpg",
    "id": "dzobj_9yu42bbib9"
  },
  {
    "objectName": "StaticObj_Decon_PowerCable_01_StraightShort_F",
    "inGameName": "-",
    "category": "structures",
    "modelType": "Config",
    "path": "dz/structures/residential/medical",
    "usableOnConsole": true,
    "searchTags": "medical, decon, power cable, straight short, blue",
    "image": "images/structures/residential/medical/staticobj_decon_powercable_01_straightshort_f.jpg",
    "id": "dzobj_9ved8hsy0c"
  },
  {
    "objectName": "StaticObj_Decon_PressureHose_01_Corner_F",
    "inGameName": "-",
    "category": "structures",
    "modelType": "Config",
    "path": "dz/structures/residential/medical",
    "usableOnConsole": true,
    "searchTags": "medical, decon, pressure hose, corner, blue",
    "image": "images/structures/residential/medical/staticobj_decon_pressurehose_01_corner_f.jpg",
    "id": "dzobj_rsva809vff"
  },
  {
    "objectName": "StaticObj_Decon_PressureHose_01_CurveLong_F",
    "inGameName": "-",
    "category": "structures",
    "modelType": "Config",
    "path": "dz/structures/residential/medical",
    "usableOnConsole": true,
    "searchTags": "medical, decon, pressure hose, curve long, blue",
    "image": "images/structures/residential/medical/staticobj_decon_pressurehose_01_curvelong_f.jpg",
    "id": "dzobj_s3tyhg1sfn"
  },
  {
    "objectName": "StaticObj_Decon_PressureHose_01_CurveShort_F",
    "inGameName": "-",
    "category": "structures",
    "modelType": "Config",
    "path": "dz/structures/residential/medical",
    "usableOnConsole": true,
    "searchTags": "medical, decon, pressure hose, curve short, blue",
    "image": "images/structures/residential/medical/staticobj_decon_pressurehose_01_curveshort_f.jpg",
    "id": "dzobj_ej0erwy65b"
  },
  {
    "objectName": "StaticObj_Decon_PressureHose_01_Roll_F",
    "inGameName": "-",
    "category": "structures",
    "modelType": "Config",
    "path": "dz/structures/residential/medical",
    "usableOnConsole": true,
    "searchTags": "medical, decon, pressure hose, roll, blue",
    "image": "images/structures/residential/medical/staticobj_decon_pressurehose_01_roll_f.jpg",
    "id": "dzobj_6wuuh738b2"
  },
  {
    "objectName": "StaticObj_Decon_PressureHose_01_SBend_F",
    "inGameName": "-",
    "category": "structures",
    "modelType": "Config",
    "path": "dz/structures/residential/medical",
    "usableOnConsole": true,
    "searchTags": "medical, decon, pressure hose, s-bend, blue",
    "image": "images/structures/residential/medical/staticobj_decon_pressurehose_01_sbend_f.jpg",
    "id": "dzobj_v0520m55zf"
  },
  {
    "objectName": "StaticObj_Decon_PressureHose_01_Step_F",
    "inGameName": "-",
    "category": "structures",
    "modelType": "Config",
    "path": "dz/structures/residential/medical",
    "usableOnConsole": true,
    "searchTags": "medical, decon, pressure hose, step, blue",
    "image": "images/structures/residential/medical/staticobj_decon_pressurehose_01_step_f.jpg",
    "id": "dzobj_gn8g747s14"
  },
  {
    "objectName": "StaticObj_Decon_PressureHose_01_StraightLong_F",
    "inGameName": "-",
    "category": "structures",
    "modelType": "Config",
    "path": "dz/structures/residential/medical",
    "usableOnConsole": true,
    "searchTags": "medical, decon, pressure hose, straight long, blue",
    "image": "images/structures/residential/medical/staticobj_decon_pressurehose_01_straightlong_f.jpg",
    "id": "dzobj_7akxckcuom"
  },
  {
    "objectName": "StaticObj_Decon_PressureHose_01_StraightShort_F",
    "inGameName": "-",
    "category": "structures",
    "modelType": "Config",
    "path": "dz/structures/residential/medical",
    "usableOnConsole": true,
    "searchTags": "medical, decon, pressure hose, straight short, blue",
    "image": "images/structures/residential/medical/staticobj_decon_pressurehose_01_straightshort_f.jpg",
    "id": "dzobj_zfnncxj5n9"
  },
  {
    "objectName": "StaticObj_SCBACylinder_01_F",
    "inGameName": "-",
    "category": "structures",
    "modelType": "Config",
    "path": "dz/structures/residential/medical",
    "usableOnConsole": true,
    "searchTags": "medical, scba, cylinder, tank, breathing, oxygen, metal, gas",
    "image": "images/structures/residential/medical/staticobj_scbacylinder_01_f.jpg",
    "id": "dzobj_ebwtgixs70"
  },
  {
    "objectName": "StaticObj_Sponge_01_F",
    "inGameName": "-",
    "category": "structures",
    "modelType": "Config",
    "path": "dz/structures/residential/medical",
    "usableOnConsole": true,
    "searchTags": "medical, sponge, cleaning, decon, absorbent, yellow, porus",
    "image": "images/structures/residential/medical/staticobj_sponge_01_f.jpg",
    "id": "dzobj_5fqrq92jvz"
  },
  {
    "objectName": "StaticObj_EmergencyBlanket_discarded",
    "inGameName": "-",
    "category": "structures",
    "modelType": "Config",
    "path": "dz/structures/residential/medical",
    "usableOnConsole": true,
    "searchTags": "medical, blanket, emergency, discarded, survival, silver, garbage, trash, rubbish",
    "image": "images/structures/residential/medical/staticobj_emergencyblanket_discarded.jpg",
    "id": "dzobj_zgs0u9stpk"
  },
  {
    "objectName": "city_hospital_ghost1.p3d",
    "inGameName": "-",
    "category": "structures",
    "modelType": "Raw P3D",
    "path": "dz/structures/residential/medical",
    "usableOnConsole": false,
    "searchTags": "invisible",
    "image": "images/structures/residential/medical/land_city_hospital_ghost1.jpg",
    "id": "dzobj_4mygsutect"
  },
  {
    "objectName": "city_hospital_ghost2.p3d",
    "inGameName": "-",
    "category": "structures",
    "modelType": "Raw P3D",
    "path": "dz/structures/residential/medical",
    "usableOnConsole": false,
    "searchTags": "invisible",
    "image": "images/structures/residential/medical/land_city_hospital_ghost2.jpg",
    "id": "dzobj_siy3jko8v3"
  },
  {
    "objectName": "curcylinder_01_f.p3d",
    "inGameName": "-",
    "category": "structures",
    "modelType": "Raw P3D",
    "path": "dz/structures/residential/medical",
    "usableOnConsole": false,
    "searchTags": "medical, cylinder, cur, tank, oxygen, storage, metal",
    "image": "images/structures/residential/medical/staticobj_curcylinder_01_f.jpg",
    "id": "dzobj_8whe59eqxz"
  },
  {
    "objectName": "decon_cbrncase_01_f.p3d",
    "inGameName": "-",
    "category": "structures",
    "modelType": "Raw P3D",
    "path": "dz/structures/residential/medical",
    "usableOnConsole": false,
    "searchTags": "medical, decon, cbrn, case, box, equipment, disease, metal",
    "image": "images/structures/residential/medical/staticobj_decon_cbrncase_01_f.jpg",
    "id": "dzobj_qvyagzsxrh"
  },
  {
    "objectName": "decon_hazmatbag_01_f.p3d",
    "inGameName": "-",
    "category": "structures",
    "modelType": "Raw P3D",
    "path": "dz/structures/residential/medical",
    "usableOnConsole": false,
    "searchTags": "medical, decon, hazmat, bag, contamination, plastic, yellow, garbage, rubbish, trash",
    "image": "images/structures/residential/medical/staticobj_decon_hazmatbag_01_f.jpg",
    "id": "dzobj_7cm6umhryi"
  },
  {
    "objectName": "decon_hazmatbag_01_roll_f.p3d",
    "inGameName": "-",
    "category": "structures",
    "modelType": "Raw P3D",
    "path": "dz/structures/residential/medical",
    "usableOnConsole": false,
    "searchTags": "medical, decon, hazmat, bag, contamination, plastic, yellow, garbage, rubbish, trash",
    "image": "images/structures/residential/medical/staticobj_decon_hazmatbag_01_roll_f.jpg",
    "id": "dzobj_ja51xaqr52"
  },
  {
    "objectName": "decon_layflathose_01_corner_f.p3d",
    "inGameName": "-",
    "category": "structures",
    "modelType": "Raw P3D",
    "path": "dz/structures/residential/medical",
    "usableOnConsole": false,
    "searchTags": "medical, decon, layflat hose, corner, yellow",
    "image": "images/structures/residential/medical/staticobj_decon_layflathose_01_corner_f.jpg",
    "id": "dzobj_tx9tc19tla"
  },
  {
    "objectName": "decon_layflathose_01_curvelong_f.p3d",
    "inGameName": "-",
    "category": "structures",
    "modelType": "Raw P3D",
    "path": "dz/structures/residential/medical",
    "usableOnConsole": false,
    "searchTags": "medical, decon, layflat hose, curve long, yellow",
    "image": "images/structures/residential/medical/staticobj_decon_layflathose_01_curvelong_f.jpg",
    "id": "dzobj_t9lnuc4mf0"
  },
  {
    "objectName": "decon_layflathose_01_curveshort_f.p3d",
    "inGameName": "-",
    "category": "structures",
    "modelType": "Raw P3D",
    "path": "dz/structures/residential/medical",
    "usableOnConsole": false,
    "searchTags": "medical, decon, layflat hose, curve short, yellow",
    "image": "images/structures/residential/medical/staticobj_decon_layflathose_01_curveshort_f.jpg",
    "id": "dzobj_tg9b4lqcic"
  },
  {
    "objectName": "decon_layflathose_01_roll_f.p3d",
    "inGameName": "-",
    "category": "structures",
    "modelType": "Raw P3D",
    "path": "dz/structures/residential/medical",
    "usableOnConsole": false,
    "searchTags": "medical, decon, layflat hose, roll, yellow",
    "image": "images/structures/residential/medical/staticobj_decon_layflathose_01_roll_f.jpg",
    "id": "dzobj_kgqcir1kk0"
  },
  {
    "objectName": "decon_layflathose_01_sbend_f.p3d",
    "inGameName": "-",
    "category": "structures",
    "modelType": "Raw P3D",
    "path": "dz/structures/residential/medical",
    "usableOnConsole": false,
    "searchTags": "medical, decon, layflat hose, s-bend, yellow",
    "image": "images/structures/residential/medical/staticobj_decon_layflathose_01_sbend_f.jpg",
    "id": "dzobj_tphxpms1g0"
  },
  {
    "objectName": "decon_layflathose_01_step_f.p3d",
    "inGameName": "-",
    "category": "structures",
    "modelType": "Raw P3D",
    "path": "dz/structures/residential/medical",
    "usableOnConsole": false,
    "searchTags": "medical, decon, layflat hose, step, yellow",
    "image": "images/structures/residential/medical/staticobj_decon_layflathose_01_step_f.jpg",
    "id": "dzobj_umq1qaspoc"
  },
  {
    "objectName": "decon_layflathose_01_straightlong_f.p3d",
    "inGameName": "-",
    "category": "structures",
    "modelType": "Raw P3D",
    "path": "dz/structures/residential/medical",
    "usableOnConsole": false,
    "searchTags": "medical, decon, layflat hose, straight long, yellow",
    "image": "images/structures/residential/medical/staticobj_decon_layflathose_01_straightlong_f.jpg",
    "id": "dzobj_w440vyiwko"
  },
  {
    "objectName": "decon_layflathose_01_straightshort_f.p3d",
    "inGameName": "-",
    "category": "structures",
    "modelType": "Raw P3D",
    "path": "dz/structures/residential/medical",
    "usableOnConsole": false,
    "searchTags": "medical, decon, layflat hose, straight short",
    "image": "images/structures/residential/medical/staticobj_decon_layflathose_01_straightshort_f.jpg",
    "id": "dzobj_typra94ylu"
  },
  {
    "objectName": "decon_powercable_01_corner_f.p3d",
    "inGameName": "-",
    "category": "structures",
    "modelType": "Raw P3D",
    "path": "dz/structures/residential/medical",
    "usableOnConsole": false,
    "searchTags": "medical, decon, power cable, corner, black",
    "image": "images/structures/residential/medical/staticobj_decon_powercable_01_corner_f.jpg",
    "id": "dzobj_kecf0cqy16"
  },
  {
    "objectName": "decon_powercable_01_curvelong_f.p3d",
    "inGameName": "-",
    "category": "structures",
    "modelType": "Raw P3D",
    "path": "dz/structures/residential/medical",
    "usableOnConsole": false,
    "searchTags": "medical, decon, power cable, curve long, black",
    "image": "images/structures/residential/medical/staticobj_decon_powercable_01_curvelong_f.jpg",
    "id": "dzobj_bagm88boz4"
  },
  {
    "objectName": "decon_powercable_01_curveshort_f.p3d",
    "inGameName": "-",
    "category": "structures",
    "modelType": "Raw P3D",
    "path": "dz/structures/residential/medical",
    "usableOnConsole": false,
    "searchTags": "medical, decon, power cable, curve short",
    "image": "images/structures/residential/medical/staticobj_decon_powercable_01_curveshort_f.jpg",
    "id": "dzobj_xgzo9wfbvn"
  },
  {
    "objectName": "decon_powercable_01_roll_f.p3d",
    "inGameName": "-",
    "category": "structures",
    "modelType": "Raw P3D",
    "path": "dz/structures/residential/medical",
    "usableOnConsole": false,
    "searchTags": "medical, decon, power cable, roll, black",
    "image": "images/structures/residential/medical/staticobj_decon_powercable_01_roll_f.jpg",
    "id": "dzobj_ulq6ybgrp2"
  },
  {
    "objectName": "decon_powercable_01_sbend_f.p3d",
    "inGameName": "-",
    "category": "structures",
    "modelType": "Raw P3D",
    "path": "dz/structures/residential/medical",
    "usableOnConsole": false,
    "searchTags": "medical, decon, power cable, s-bend, black",
    "image": "images/structures/residential/medical/staticobj_decon_powercable_01_sbend_f.jpg",
    "id": "dzobj_70v3u80a2f"
  },
  {
    "objectName": "decon_powercable_01_step_f.p3d",
    "inGameName": "-",
    "category": "structures",
    "modelType": "Raw P3D",
    "path": "dz/structures/residential/medical",
    "usableOnConsole": false,
    "searchTags": "medical, decon, power cable, step, blue",
    "image": "images/structures/residential/medical/staticobj_decon_powercable_01_step_f.jpg",
    "id": "dzobj_c8pe5h3vzn"
  },
  {
    "objectName": "decon_powercable_01_straightlong_f.p3d",
    "inGameName": "-",
    "category": "structures",
    "modelType": "Raw P3D",
    "path": "dz/structures/residential/medical",
    "usableOnConsole": false,
    "searchTags": "medical, decon, power cable, straight long, blue",
    "image": "images/structures/residential/medical/staticobj_decon_powercable_01_straightlong_f.jpg",
    "id": "dzobj_j3intjj7fo"
  },
  {
    "objectName": "decon_powercable_01_straightshort_f.p3d",
    "inGameName": "-",
    "category": "structures",
    "modelType": "Raw P3D",
    "path": "dz/structures/residential/medical",
    "usableOnConsole": false,
    "searchTags": "medical, decon, power cable, straight short, blue",
    "image": "images/structures/residential/medical/staticobj_decon_powercable_01_straightshort_f.jpg",
    "id": "dzobj_syjljt90cu"
  },
  {
    "objectName": "decon_pressurehose_01_corner_f.p3d",
    "inGameName": "-",
    "category": "structures",
    "modelType": "Raw P3D",
    "path": "dz/structures/residential/medical",
    "usableOnConsole": false,
    "searchTags": "medical, decon, pressure hose, corner, blue",
    "image": "images/structures/residential/medical/staticobj_decon_pressurehose_01_corner_f.jpg",
    "id": "dzobj_2gvl3jwoci"
  },
  {
    "objectName": "decon_pressurehose_01_curvelong_f.p3d",
    "inGameName": "-",
    "category": "structures",
    "modelType": "Raw P3D",
    "path": "dz/structures/residential/medical",
    "usableOnConsole": false,
    "searchTags": "medical, decon, pressure hose, curve long, blue",
    "image": "images/structures/residential/medical/staticobj_decon_pressurehose_01_curvelong_f.jpg",
    "id": "dzobj_ej5t7q390d"
  },
  {
    "objectName": "decon_pressurehose_01_curveshort_f.p3d",
    "inGameName": "-",
    "category": "structures",
    "modelType": "Raw P3D",
    "path": "dz/structures/residential/medical",
    "usableOnConsole": false,
    "searchTags": "medical, decon, pressure hose, curve short, blue",
    "image": "images/structures/residential/medical/staticobj_decon_pressurehose_01_curveshort_f.jpg",
    "id": "dzobj_3mqnh1xx7s"
  },
  {
    "objectName": "decon_pressurehose_01_roll_f.p3d",
    "inGameName": "-",
    "category": "structures",
    "modelType": "Raw P3D",
    "path": "dz/structures/residential/medical",
    "usableOnConsole": false,
    "searchTags": "medical, decon, pressure hose, roll, blue",
    "image": "images/structures/residential/medical/staticobj_decon_pressurehose_01_roll_f.jpg",
    "id": "dzobj_tutll2m1ib"
  },
  {
    "objectName": "decon_pressurehose_01_sbend_f.p3d",
    "inGameName": "-",
    "category": "structures",
    "modelType": "Raw P3D",
    "path": "dz/structures/residential/medical",
    "usableOnConsole": false,
    "searchTags": "medical, decon, pressure hose, s-bend, blue",
    "image": "images/structures/residential/medical/staticobj_decon_pressurehose_01_sbend_f.jpg",
    "id": "dzobj_q2ysbyhsay"
  },
  {
    "objectName": "decon_pressurehose_01_step_f.p3d",
    "inGameName": "-",
    "category": "structures",
    "modelType": "Raw P3D",
    "path": "dz/structures/residential/medical",
    "usableOnConsole": false,
    "searchTags": "medical, decon, pressure hose, step, blue",
    "image": "images/structures/residential/medical/staticobj_decon_pressurehose_01_step_f.jpg",
    "id": "dzobj_ot96whcjpi"
  },
  {
    "objectName": "decon_pressurehose_01_straightlong_f.p3d",
    "inGameName": "-",
    "category": "structures",
    "modelType": "Raw P3D",
    "path": "dz/structures/residential/medical",
    "usableOnConsole": false,
    "searchTags": "medical, decon, pressure hose, straight long, blue",
    "image": "images/structures/residential/medical/staticobj_decon_pressurehose_01_straightlong_f.jpg",
    "id": "dzobj_zj0pyvvt6t"
  },
  {
    "objectName": "decon_pressurehose_01_straightshort_f.p3d",
    "inGameName": "-",
    "category": "structures",
    "modelType": "Raw P3D",
    "path": "dz/structures/residential/medical",
    "usableOnConsole": false,
    "searchTags": "medical, decon, pressure hose, straight short, blue",
    "image": "images/structures/residential/medical/staticobj_decon_pressurehose_01_straightshort_f.jpg",
    "id": "dzobj_vmd9vgifdm"
  },
  {
    "objectName": "emergencyblanket_discarded.p3d",
    "inGameName": "-",
    "category": "structures",
    "modelType": "Raw P3D",
    "path": "dz/structures/residential/medical",
    "usableOnConsole": false,
    "searchTags": "medical, blanket, emergency, discarded, survival, silver, garbage, trash, rubbish",
    "image": "images/structures/residential/medical/staticobj_emergencyblanket_discarded.jpg",
    "id": "dzobj_4w1uvh4f3q"
  },
  {
    "objectName": "medical_tent_big.p3d",
    "inGameName": "-",
    "category": "structures",
    "modelType": "Raw P3D",
    "path": "dz/structures/residential/medical",
    "usableOnConsole": false,
    "searchTags": "medical, tent, big, field, hospital, emergency, military, yellow",
    "image": "images/structures/residential/medical/land_medical_tent_big.jpg",
    "id": "dzobj_ykjkhey5c1"
  },
  {
    "objectName": "medical_tent_shower.p3d",
    "inGameName": "-",
    "category": "structures",
    "modelType": "Raw P3D",
    "path": "dz/structures/residential/medical",
    "usableOnConsole": false,
    "searchTags": "medical, tent, shower, hygiene, decontamination, field hospital, disease",
    "image": "images/structures/residential/medical/land_medical_tent_shower.jpg",
    "id": "dzobj_razyny6ngy"
  },
  {
    "objectName": "scbacylinder_01_f.p3d",
    "inGameName": "-",
    "category": "structures",
    "modelType": "Raw P3D",
    "path": "dz/structures/residential/medical",
    "usableOnConsole": false,
    "searchTags": "medical, scba, cylinder, tank, breathing, oxygen",
    "image": "images/structures/residential/medical/staticobj_scbacylinder_01_f.jpg",
    "id": "dzobj_x0bg7olln3"
  },
  {
    "objectName": "sponge_01_f.p3d",
    "inGameName": "-",
    "category": "structures",
    "modelType": "Raw P3D",
    "path": "dz/structures/residential/medical",
    "usableOnConsole": false,
    "searchTags": "medical, sponge, cleaning, decon, absorbent, yellow, porus",
    "image": "images/structures/residential/medical/staticobj_sponge_01_f.jpg",
    "id": "dzobj_jv25y5qkfp"
  },
  {
    "objectName": "village_healthcare_ghost1.p3d",
    "inGameName": "-",
    "category": "structures",
    "modelType": "Raw P3D",
    "path": "dz/structures/residential/medical",
    "usableOnConsole": false,
    "searchTags": "invisible",
    "image": "images/structures/residential/medical/land_village_healthcare_ghost1.jpg",
    "id": "dzobj_rz6l7ptida"
  },
  {
    "objectName": "village_healthcare_ghost2.p3d",
    "inGameName": "-",
    "category": "structures",
    "modelType": "Raw P3D",
    "path": "dz/structures/residential/medical",
    "usableOnConsole": false,
    "searchTags": "village, healthcare, ghost, ruined, clinic, rural",
    "image": "images/structures/residential/medical/land_village_healthcare_ghost2.jpg",
    "id": "dzobj_5xcn7z44la"
  },
  {
    "objectName": "city_hospital.p3d",
    "category": "structures",
    "modelType": "Raw P3D",
    "path": "dz/structures/residential/medical",
    "usableOnConsole": false,
    "searchTags": "hospital, city, medical, building, healthcare, large, urban",
    "image": "images/structures/residential/medical/land_city_hospital.jpg",
    "id": "dzobj_b0k2mpw58q"
  },
  {
    "objectName": "Land_City_Hospital",
    "category": "structures",
    "modelType": "Config",
    "path": "dz/structures/residential/medical",
    "usableOnConsole": true,
    "searchTags": "hospital, city, medical, building, healthcare, large, urban",
    "image": "images/structures/residential/medical/land_city_hospital.jpg",
    "id": "dzobj_szmyfda3rf"
  },
  {
    "objectName": "Land_Village_HealthCare",
    "category": "structures",
    "modelType": "Config",
    "path": "dz/structures/residential/medical",
    "usableOnConsole": true,
    "searchTags": "village, healthcare, clinic, medical, rural, building, blue, chernarus, hospital",
    "image": "images/structures/residential/medical/land_village_healthcare.jpg",
    "id": "dzobj_zltiubnbcn"
  }
]
