[
  {
    "objectName": "M249",
    "inGameName": "M249 SAW",
    "category": "weapons",
    "modelType": "Config",
    "path": "dz/weapons/firearms/m249",
    "usableOnConsole": true,
    "searchTags": "unreleased",
    "image": "images/weapons/firearms/m249.jpg"
  },
  {
    "objectName": "m249.p3d",
    "inGameName": "M249 SAW",
    "category": "weapons",
    "modelType": "Raw P3D",
    "path": "dz/weapons/firearms/m249",
    "usableOnConsole": false,
    "searchTags": "unreleased",
    "image": "images/weapons/firearms/dzweaponsfirearmsm249m249.p3d.jpg"
  }
]
