[
  {
    "objectName": "CZ75",
    "inGameName": "CR-75",
    "category": "weapons",
    "modelType": "Config",
    "path": "dz/weapons/pistols/cz75",
    "usableOnConsole": true,
    "searchTags": "cr, pistols, weapon, weapons",
    "image": "images/weapons/pistols/cz75/cz75.jpg",
    "id": "dzobj_p9f30va2tm"
  },
  {
    "objectName": "ProxyCZ75",
    "inGameName": "-",
    "category": "weapons",
    "modelType": "Config",
    "path": "dz/weapons/pistols/cz75",
    "usableOnConsole": true,
    "searchTags": "cz75, pistols, weapon, weapons",
    "image": "images/weapons/pistols/cz75/proxycz75.jpg",
    "id": "dzobj_jfyuh16kh0"
  },
  {
    "objectName": "cz75.p3d",
    "inGameName": "-",
    "category": "weapons",
    "modelType": "Raw P3D",
    "path": "dz/weapons/pistols/cz75",
    "usableOnConsole": false,
    "searchTags": "cr, pistols, weapon, weapons",
    "image": "images/weapons/pistols/cz75/cz75.p3d.jpg",
    "id": "dzobj_8cgph9qgp9"
  }
]
