[
  {
    "objectName": "Buoyancy",
    "inGameName": "Rubber Boat",
    "category": "vehicles",
    "modelType": "Config",
    "path": "dz/vehicles/water/boat_01",
    "usableOnConsole": true,
    "searchTags": "",
    "image": "images/vehicles/water/boat_01/buoyancy.jpg",
    "id": "dzobj_eu4217j8as"
  },
  {
    "objectName": "Boat_01_Black",
    "inGameName": "Rubber Boat",
    "category": "vehicles",
    "modelType": "Config",
    "path": "dz/vehicles/water/boat_01",
    "usableOnConsole": true,
    "searchTags": "",
    "image": "images/vehicles/water/boat_01/boat_01_black/boat_01_black.jpg",
    "id": "dzobj_mrx0dbemc8"
  },
  {
    "objectName": "Boat_01_Blue",
    "inGameName": "Rubber Boat",
    "category": "vehicles",
    "modelType": "Config",
    "path": "dz/vehicles/water/boat_01",
    "usableOnConsole": true,
    "searchTags": "",
    "image": "images/vehicles/water/boat_01/boat_01_blue/boat_01_blue.jpg",
    "id": "dzobj_g4voojagop"
  },
  {
    "objectName": "Boat_01_Camo",
    "inGameName": "Rubber Boat",
    "category": "vehicles",
    "modelType": "Config",
    "path": "dz/vehicles/water/boat_01",
    "usableOnConsole": true,
    "searchTags": "",
    "image": "images/vehicles/water/boat_01/boat_01_camo/boat_01_camo.jpg",
    "id": "dzobj_jfy1tlcq7p"
  },
  {
    "objectName": "Boat_01_Orange",
    "inGameName": "Rubber Boat",
    "category": "vehicles",
    "modelType": "Config",
    "path": "dz/vehicles/water/boat_01",
    "usableOnConsole": true,
    "searchTags": "",
    "image": "images/vehicles/water/boat_01/boat_01_orange/boat_01_orange.jpg",
    "id": "dzobj_lak9bsehfr"
  },
  {
    "objectName": "boat_01.p3d",
    "inGameName": "Rubber Boat",
    "category": "vehicles",
    "modelType": "Raw P3D",
    "path": "dz/vehicles/water/boat_01",
    "usableOnConsole": false,
    "searchTags": "",
    "image": "images/vehicles/water/boat_01/boat_01.p3d.jpg",
    "id": "dzobj_vuy9f576gi"
  }
]
