[
  {
    "objectName": "Colt1911",
    "inGameName": "Kolt 1911",
    "category": "weapons",
    "modelType": "Config",
    "path": "dz/weapons/pistols/1911",
    "usableOnConsole": true,
    "searchTags": "kolt, pistols, weapon, weapons",
    "image": "images/weapons/pistols/1911/colt1911.jpg"
  },
  {
    "objectName": "Engraved1911",
    "inGameName": "Engraved Kolt 1911",
    "category": "weapons",
    "modelType": "Config",
    "path": "dz/weapons/pistols/1911",
    "usableOnConsole": true,
    "searchTags": "kolt, pistols, weapon, weapons",
    "image": "images/weapons/pistols/1911/engraved1911.jpg"
  },
  {
    "objectName": "Proxy1911",
    "inGameName": "-",
    "category": "weapons",
    "modelType": "Config",
    "path": "dz/weapons/pistols/1911",
    "usableOnConsole": true,
    "searchTags": "pistols, weapon, weapons",
    "image": "images/weapons/pistols/1911/proxy1911.jpg"
  },
  {
    "objectName": "1911.p3d",
    "inGameName": "-",
    "category": "weapons",
    "modelType": "Raw P3D",
    "path": "dz/weapons/pistols/1911",
    "usableOnConsole": false,
    "searchTags": "pistols, weapon, weapons",
    "image": "images/weapons/pistols/1911/1911.p3d.jpg"
  }
]
