[
  {
    "objectName": "StaticObj_Furniture_Luxury_light",
    "inGameName": "-",
    "category": "structures",
    "modelType": "Config",
    "path": "dz/structures/furniture/lighting/luxury_light",
    "usableOnConsole": true,
    "searchTags": "lamp, lighting",
    "image": "images/structures/furniture/lighting/luxury_light/staticobj_furniture_luxury_light.jpg"
  },
  {
    "objectName": "luxury_light.p3d",
    "inGameName": "-",
    "category": "structures",
    "modelType": "Raw P3D",
    "path": "dz/structures/furniture/lighting/luxury_light",
    "usableOnConsole": false,
    "searchTags": "furniture, lamp, lighting",
    "image": "images/structures/furniture/lighting/luxury_light/luxury_light.p3d.jpg"
  }
]
