[
  {
    "objectName": "SurvivorM_Mirek",
    "inGameName": "-",
    "category": "bodies",
    "modelType": "Config",
    "path": "/dz/characters/bodies",
    "usableOnConsole": true,
    "searchTags": "bodies, player, pc, male, man, loot",
    "image": "images/characters/bodies/survivorm_mirek.jpeg"
  },
  {
    "objectName": "SurvivorM_Boris",
    "inGameName": "-",
    "category": "bodies",
    "modelType": "Config",
    "path": "/dz/characters/bodies",
    "usableOnConsole": true,
    "searchTags": "bodies, player, pc, male, man, loot",
    "image": "images/characters/bodies/survivorm_boris.jpeg"
  },
  {
    "objectName": "SurvivorM_Cyril",
    "inGameName": "-",
    "category": "bodies",
    "modelType": "Config",
    "path": "/dz/characters/bodies",
    "usableOnConsole": true,
    "searchTags": "bodies, player, pc, male, man, loot",
    "image": "images/characters/bodies/survivorm_cyril.jpeg"
  },
  {
    "objectName": "SurvivorM_Denis",
    "inGameName": "-",
    "category": "bodies",
    "modelType": "Config",
    "path": "/dz/characters/bodies",
    "usableOnConsole": true,
    "searchTags": "bodies, player, pc, male, man, loot",
    "image": "images/characters/bodies/survivorm_denis.jpeg"
  },
  {
    "objectName": "SurvivorM_Elias",
    "inGameName": "-",
    "category": "bodies",
    "modelType": "Config",
    "path": "/dz/characters/bodies",
    "usableOnConsole": true,
    "searchTags": "bodies, player, pc, male, man, loot",
    "image": "images/characters/bodies/survivorm_elias.jpeg"
  },
  {
    "objectName": "SurvivorM_Francis",
    "inGameName": "-",
    "category": "bodies",
    "modelType": "Config",
    "path": "/dz/characters/bodies",
    "usableOnConsole": true,
    "searchTags": "bodies, player, pc, male, man, loot",
    "image": "images/characters/bodies/survivorm_francis.jpeg"
  },
  {
    "objectName": "SurvivorM_Guo",
    "inGameName": "-",
    "category": "bodies",
    "modelType": "Config",
    "path": "/dz/characters/bodies",
    "usableOnConsole": true,
    "searchTags": "bodies, player, pc, male, man, loot",
    "image": "images/characters/bodies/survivorm_guo.jpeg"
  },
  {
    "objectName": "SurvivorM_Hassan",
    "inGameName": "-",
    "category": "bodies",
    "modelType": "Config",
    "path": "/dz/characters/bodies",
    "usableOnConsole": true,
    "searchTags": "bodies, player, pc, male, man, loot",
    "image": "images/characters/bodies/survivorm_hassan.jpeg"
  },
  {
    "objectName": "SurvivorM_Indar",
    "inGameName": "-",
    "category": "bodies",
    "modelType": "Config",
    "path": "/dz/characters/bodies",
    "usableOnConsole": true,
    "searchTags": "bodies, player, pc, male, man, loot",
    "image": "images/characters/bodies/survivorm_indar.jpeg"
  },
  {
    "objectName": "SurvivorM_Jose",
    "inGameName": "-",
    "category": "bodies",
    "modelType": "Config",
    "path": "/dz/characters/bodies",
    "usableOnConsole": true,
    "searchTags": "bodies, player, pc, male, man, loot",
    "image": "images/characters/bodies/survivorm_jose.jpeg"
  },
  {
    "objectName": "SurvivorM_Kaito",
    "inGameName": "-",
    "category": "bodies",
    "modelType": "Config",
    "path": "/dz/characters/bodies",
    "usableOnConsole": true,
    "searchTags": "bodies, player, pc, male, man, loot",
    "image": "images/characters/bodies/survivorm_kaito.jpeg"
  },
  {
    "objectName": "SurvivorM_Lewis",
    "inGameName": "-",
    "category": "bodies",
    "modelType": "Config",
    "path": "/dz/characters/bodies",
    "usableOnConsole": true,
    "searchTags": "bodies, player, pc, male, man, loot",
    "image": "images/characters/bodies/survivorm_lewis.jpeg"
  },
  {
    "objectName": "SurvivorM_Manua",
    "inGameName": "-",
    "category": "bodies",
    "modelType": "Config",
    "path": "/dz/characters/bodies",
    "usableOnConsole": true,
    "searchTags": "bodies, player, pc, male, man, loot",
    "image": "images/characters/bodies/survivorm_manua.jpeg"
  },
  {
    "objectName": "SurvivorM_Niki",
    "inGameName": "-",
    "category": "bodies",
    "modelType": "Config",
    "path": "/dz/characters/bodies",
    "usableOnConsole": true,
    "searchTags": "bodies, player, pc, male, man, loot",
    "image": "images/characters/bodies/survivorm_niki.jpeg"
  },
  {
    "objectName": "SurvivorM_Oliver",
    "inGameName": "-",
    "category": "bodies",
    "modelType": "Config",
    "path": "/dz/characters/bodies",
    "usableOnConsole": true,
    "searchTags": "bodies, player, pc, male, man, loot",
    "image": "images/characters/bodies/survivorm_oliver.jpeg"
  },
  {
    "objectName": "SurvivorM_Peter",
    "inGameName": "-",
    "category": "bodies",
    "modelType": "Config",
    "path": "/dz/characters/bodies",
    "usableOnConsole": true,
    "searchTags": "bodies, player, pc, male, man, loot",
    "image": "images/characters/bodies/survivorm_peter.jpeg"
  },
  {
    "objectName": "SurvivorM_Quinn",
    "inGameName": "-",
    "category": "bodies",
    "modelType": "Config",
    "path": "/dz/characters/bodies",
    "usableOnConsole": true,
    "searchTags": "bodies, player, pc, male, man, loot",
    "image": "images/characters/bodies/survivorm_quinn.jpeg"
  },
  {
    "objectName": "SurvivorM_Rolf",
    "inGameName": "-",
    "category": "bodies",
    "modelType": "Config",
    "path": "/dz/characters/bodies",
    "usableOnConsole": true,
    "searchTags": "bodies, player, pc, male, man, loot",
    "image": "images/characters/bodies/survivorm_rolf.jpeg"
  },
  {
    "objectName": "SurvivorM_Seth",
    "inGameName": "-",
    "category": "bodies",
    "modelType": "Config",
    "path": "/dz/characters/bodies",
    "usableOnConsole": true,
    "searchTags": "bodies, player, pc, male, man, loot",
    "image": "images/characters/bodies/survivorm_seth.jpeg"
  },
  {
    "objectName": "SurvivorM_Taiki",
    "inGameName": "-",
    "category": "bodies",
    "modelType": "Config",
    "path": "/dz/characters/bodies",
    "usableOnConsole": true,
    "searchTags": "bodies, player, pc, male, man, loot",
    "image": "images/characters/bodies/survivorm_taiki.jpeg"
  },
  {
    "objectName": "SurvivorF_Eva",
    "inGameName": "-",
    "category": "bodies",
    "modelType": "Config",
    "path": "/dz/characters/bodies",
    "usableOnConsole": true,
    "searchTags": "bodies, player, pc, female, women, loot",
    "image": "images/characters/bodies/survivorf_eva.jpeg"
  },
  {
    "objectName": "SurvivorF_Judy",
    "inGameName": "-",
    "category": "bodies",
    "modelType": "Config",
    "path": "/dz/characters/bodies",
    "usableOnConsole": true,
    "searchTags": "bodies, player, pc, female, women, loot",
    "image": "images/characters/bodies/survivorf_judy.jpeg"
  },
  {
    "objectName": "SurvivorF_Frida",
    "inGameName": "-",
    "category": "bodies",
    "modelType": "Config",
    "path": "/dz/characters/bodies",
    "usableOnConsole": true,
    "searchTags": "bodies, player, pc, female, women, loot",
    "image": "images/characters/bodies/survivorf_frida.jpeg"
  },
  {
    "objectName": "SurvivorF_Gabi",
    "inGameName": "-",
    "category": "bodies",
    "modelType": "Config",
    "path": "/dz/characters/bodies",
    "usableOnConsole": true,
    "searchTags": "bodies, player, pc, female, women, loot",
    "image": "images/characters/bodies/survivorf_gabi.jpeg"
  },
  {
    "objectName": "SurvivorF_Helga",
    "inGameName": "-",
    "category": "bodies",
    "modelType": "Config",
    "path": "/dz/characters/bodies",
    "usableOnConsole": true,
    "searchTags": "bodies, player, pc, female, women, loot",
    "image": "images/characters/bodies/survivorf_helga.jpeg"
  },
  {
    "objectName": "SurvivorF_Irena",
    "inGameName": "-",
    "category": "bodies",
    "modelType": "Config",
    "path": "/dz/characters/bodies",
    "usableOnConsole": true,
    "searchTags": "bodies, player, pc, female, women, loot",
    "image": "images/characters/bodies/survivorf_irena.jpeg"
  },
  {
    "objectName": "SurvivorF_Keiko",
    "inGameName": "-",
    "category": "bodies",
    "modelType": "Config",
    "path": "/dz/characters/bodies",
    "usableOnConsole": true,
    "searchTags": "bodies, player, pc, female, women, loot",
    "image": "images/characters/bodies/survivorf_keiko.jpeg"
  },
  {
    "objectName": "SurvivorF_Linda",
    "inGameName": "-",
    "category": "bodies",
    "modelType": "Config",
    "path": "/dz/characters/bodies",
    "usableOnConsole": true,
    "searchTags": "bodies, player, pc, female, women, loot",
    "image": "images/characters/bodies/survivorf_linda.jpeg"
  },
  {
    "objectName": "SurvivorF_Maria",
    "inGameName": "-",
    "category": "bodies",
    "modelType": "Config",
    "path": "/dz/characters/bodies",
    "usableOnConsole": true,
    "searchTags": "bodies, player, pc, female, women, loot",
    "image": "images/characters/bodies/survivorf_maria.jpeg"
  },
  {
    "objectName": "SurvivorF_Naomi",
    "inGameName": "-",
    "category": "bodies",
    "modelType": "Config",
    "path": "/dz/characters/bodies",
    "usableOnConsole": true,
    "searchTags": "bodies, player, pc, female, women, loot",
    "image": "images/characters/bodies/survivorf_naomi.jpeg"
  },
  {
    "objectName": "SurvivorF_Baty",
    "inGameName": "-",
    "category": "bodies",
    "modelType": "Config",
    "path": "/dz/characters/bodies",
    "usableOnConsole": true,
    "searchTags": "bodies, player, pc, female, women, loot",
    "image": "images/characters/bodies/survivorf_baty.jpeg"
  }
]
