[
  {
    "objectName": "SurvivorM_Mirek",
    "inGameName": "-",
    "category": "bodies",
    "modelType": "Config",
    "path": "/dz/characters/bodies",
    "usableOnConsole": true,
    "searchTags": "bodies, player, pc, male, man, loot",
    "image": "images/characters/bodies/survivorm_mirek.jpeg",
    "id": "dzobj_14ftda7uj6"
  },
  {
    "objectName": "SurvivorM_Boris",
    "inGameName": "-",
    "category": "bodies",
    "modelType": "Config",
    "path": "/dz/characters/bodies",
    "usableOnConsole": true,
    "searchTags": "bodies, player, pc, male, man, loot",
    "image": "images/characters/bodies/survivorm_boris.jpeg",
    "id": "dzobj_lmeyypvzj0"
  },
  {
    "objectName": "SurvivorM_Cyril",
    "inGameName": "-",
    "category": "bodies",
    "modelType": "Config",
    "path": "/dz/characters/bodies",
    "usableOnConsole": true,
    "searchTags": "bodies, player, pc, male, man, loot",
    "image": "images/characters/bodies/survivorm_cyril.jpeg",
    "id": "dzobj_0n6xekm9kr"
  },
  {
    "objectName": "SurvivorM_Denis",
    "inGameName": "-",
    "category": "bodies",
    "modelType": "Config",
    "path": "/dz/characters/bodies",
    "usableOnConsole": true,
    "searchTags": "bodies, player, pc, male, man, loot",
    "image": "images/characters/bodies/survivorm_denis.jpeg",
    "id": "dzobj_jug9syeday"
  },
  {
    "objectName": "SurvivorM_Elias",
    "inGameName": "-",
    "category": "bodies",
    "modelType": "Config",
    "path": "/dz/characters/bodies",
    "usableOnConsole": true,
    "searchTags": "bodies, player, pc, male, man, loot",
    "image": "images/characters/bodies/survivorm_elias.jpeg",
    "id": "dzobj_ih10fe0eym"
  },
  {
    "objectName": "SurvivorM_Francis",
    "inGameName": "-",
    "category": "bodies",
    "modelType": "Config",
    "path": "/dz/characters/bodies",
    "usableOnConsole": true,
    "searchTags": "bodies, player, pc, male, man, loot",
    "image": "images/characters/bodies/survivorm_francis.jpeg",
    "id": "dzobj_2z0epcscvy"
  },
  {
    "objectName": "SurvivorM_Guo",
    "inGameName": "-",
    "category": "bodies",
    "modelType": "Config",
    "path": "/dz/characters/bodies",
    "usableOnConsole": true,
    "searchTags": "bodies, player, pc, male, man, loot",
    "image": "images/characters/bodies/survivorm_guo.jpeg",
    "id": "dzobj_zffiduclcm"
  },
  {
    "objectName": "SurvivorM_Hassan",
    "inGameName": "-",
    "category": "bodies",
    "modelType": "Config",
    "path": "/dz/characters/bodies",
    "usableOnConsole": true,
    "searchTags": "bodies, player, pc, male, man, loot",
    "image": "images/characters/bodies/survivorm_hassan.jpeg",
    "id": "dzobj_wlnguejw2b"
  },
  {
    "objectName": "SurvivorM_Indar",
    "inGameName": "-",
    "category": "bodies",
    "modelType": "Config",
    "path": "/dz/characters/bodies",
    "usableOnConsole": true,
    "searchTags": "bodies, player, pc, male, man, loot",
    "image": "images/characters/bodies/survivorm_indar.jpeg",
    "id": "dzobj_7nge0obgxc"
  },
  {
    "objectName": "SurvivorM_Jose",
    "inGameName": "-",
    "category": "bodies",
    "modelType": "Config",
    "path": "/dz/characters/bodies",
    "usableOnConsole": true,
    "searchTags": "bodies, player, pc, male, man, loot",
    "image": "images/characters/bodies/survivorm_jose.jpeg",
    "id": "dzobj_nmjb7hh1ki"
  },
  {
    "objectName": "SurvivorM_Kaito",
    "inGameName": "-",
    "category": "bodies",
    "modelType": "Config",
    "path": "/dz/characters/bodies",
    "usableOnConsole": true,
    "searchTags": "bodies, player, pc, male, man, loot",
    "image": "images/characters/bodies/survivorm_kaito.jpeg",
    "id": "dzobj_lin1zusznr"
  },
  {
    "objectName": "SurvivorM_Lewis",
    "inGameName": "-",
    "category": "bodies",
    "modelType": "Config",
    "path": "/dz/characters/bodies",
    "usableOnConsole": true,
    "searchTags": "bodies, player, pc, male, man, loot",
    "image": "images/characters/bodies/survivorm_lewis.jpeg",
    "id": "dzobj_goj60fsvqa"
  },
  {
    "objectName": "SurvivorM_Manua",
    "inGameName": "-",
    "category": "bodies",
    "modelType": "Config",
    "path": "/dz/characters/bodies",
    "usableOnConsole": true,
    "searchTags": "bodies, player, pc, male, man, loot",
    "image": "images/characters/bodies/survivorm_manua.jpeg",
    "id": "dzobj_zjboxx86fm"
  },
  {
    "objectName": "SurvivorM_Niki",
    "inGameName": "-",
    "category": "bodies",
    "modelType": "Config",
    "path": "/dz/characters/bodies",
    "usableOnConsole": true,
    "searchTags": "bodies, player, pc, male, man, loot",
    "image": "images/characters/bodies/survivorm_niki.jpeg",
    "id": "dzobj_0ubnkcg5gq"
  },
  {
    "objectName": "SurvivorM_Oliver",
    "inGameName": "-",
    "category": "bodies",
    "modelType": "Config",
    "path": "/dz/characters/bodies",
    "usableOnConsole": true,
    "searchTags": "bodies, player, pc, male, man, loot",
    "image": "images/characters/bodies/survivorm_oliver.jpeg",
    "id": "dzobj_wudyg4e6ci"
  },
  {
    "objectName": "SurvivorM_Peter",
    "inGameName": "-",
    "category": "bodies",
    "modelType": "Config",
    "path": "/dz/characters/bodies",
    "usableOnConsole": true,
    "searchTags": "bodies, player, pc, male, man, loot",
    "image": "images/characters/bodies/survivorm_peter.jpeg",
    "id": "dzobj_grdne2qt83"
  },
  {
    "objectName": "SurvivorM_Quinn",
    "inGameName": "-",
    "category": "bodies",
    "modelType": "Config",
    "path": "/dz/characters/bodies",
    "usableOnConsole": true,
    "searchTags": "bodies, player, pc, male, man, loot",
    "image": "images/characters/bodies/survivorm_quinn.jpeg",
    "id": "dzobj_6y0ce804td"
  },
  {
    "objectName": "SurvivorM_Rolf",
    "inGameName": "-",
    "category": "bodies",
    "modelType": "Config",
    "path": "/dz/characters/bodies",
    "usableOnConsole": true,
    "searchTags": "bodies, player, pc, male, man, loot",
    "image": "images/characters/bodies/survivorm_rolf.jpeg",
    "id": "dzobj_7in15y5yp6"
  },
  {
    "objectName": "SurvivorM_Seth",
    "inGameName": "-",
    "category": "bodies",
    "modelType": "Config",
    "path": "/dz/characters/bodies",
    "usableOnConsole": true,
    "searchTags": "bodies, player, pc, male, man, loot",
    "image": "images/characters/bodies/survivorm_seth.jpeg",
    "id": "dzobj_11sn4zsnlb"
  },
  {
    "objectName": "SurvivorM_Taiki",
    "inGameName": "-",
    "category": "bodies",
    "modelType": "Config",
    "path": "/dz/characters/bodies",
    "usableOnConsole": true,
    "searchTags": "bodies, player, pc, male, man, loot",
    "image": "images/characters/bodies/survivorm_taiki.jpeg",
    "id": "dzobj_ckdblsjp25"
  },
  {
    "objectName": "SurvivorF_Eva",
    "inGameName": "-",
    "category": "bodies",
    "modelType": "Config",
    "path": "/dz/characters/bodies",
    "usableOnConsole": true,
    "searchTags": "bodies, player, pc, female, women, loot",
    "image": "images/characters/bodies/survivorf_eva.jpeg",
    "id": "dzobj_2brszl4eif"
  },
  {
    "objectName": "SurvivorF_Judy",
    "inGameName": "-",
    "category": "bodies",
    "modelType": "Config",
    "path": "/dz/characters/bodies",
    "usableOnConsole": true,
    "searchTags": "bodies, player, pc, female, women, loot",
    "image": "images/characters/bodies/survivorf_judy.jpeg",
    "id": "dzobj_uukuaddhjf"
  },
  {
    "objectName": "SurvivorF_Frida",
    "inGameName": "-",
    "category": "bodies",
    "modelType": "Config",
    "path": "/dz/characters/bodies",
    "usableOnConsole": true,
    "searchTags": "bodies, player, pc, female, women, loot",
    "image": "images/characters/bodies/survivorf_frida.jpeg",
    "id": "dzobj_sge8wpktu9"
  },
  {
    "objectName": "SurvivorF_Gabi",
    "inGameName": "-",
    "category": "bodies",
    "modelType": "Config",
    "path": "/dz/characters/bodies",
    "usableOnConsole": true,
    "searchTags": "bodies, player, pc, female, women, loot",
    "image": "images/characters/bodies/survivorf_gabi.jpeg",
    "id": "dzobj_5cqr7i90a2"
  },
  {
    "objectName": "SurvivorF_Helga",
    "inGameName": "-",
    "category": "bodies",
    "modelType": "Config",
    "path": "/dz/characters/bodies",
    "usableOnConsole": true,
    "searchTags": "bodies, player, pc, female, women, loot",
    "image": "images/characters/bodies/survivorf_helga.jpeg",
    "id": "dzobj_u62jjkuqyq"
  },
  {
    "objectName": "SurvivorF_Irena",
    "inGameName": "-",
    "category": "bodies",
    "modelType": "Config",
    "path": "/dz/characters/bodies",
    "usableOnConsole": true,
    "searchTags": "bodies, player, pc, female, women, loot",
    "image": "images/characters/bodies/survivorf_irena.jpeg",
    "id": "dzobj_erbyyxc2oy"
  },
  {
    "objectName": "SurvivorF_Keiko",
    "inGameName": "-",
    "category": "bodies",
    "modelType": "Config",
    "path": "/dz/characters/bodies",
    "usableOnConsole": true,
    "searchTags": "bodies, player, pc, female, women, loot",
    "image": "images/characters/bodies/survivorf_keiko.jpeg",
    "id": "dzobj_278bqm2ql3"
  },
  {
    "objectName": "SurvivorF_Linda",
    "inGameName": "-",
    "category": "bodies",
    "modelType": "Config",
    "path": "/dz/characters/bodies",
    "usableOnConsole": true,
    "searchTags": "bodies, player, pc, female, women, loot",
    "image": "images/characters/bodies/survivorf_linda.jpeg",
    "id": "dzobj_pm3frwlzbb"
  },
  {
    "objectName": "SurvivorF_Maria",
    "inGameName": "-",
    "category": "bodies",
    "modelType": "Config",
    "path": "/dz/characters/bodies",
    "usableOnConsole": true,
    "searchTags": "bodies, player, pc, female, women, loot",
    "image": "images/characters/bodies/survivorf_maria.jpeg",
    "id": "dzobj_pxq1pefshz"
  },
  {
    "objectName": "SurvivorF_Naomi",
    "inGameName": "-",
    "category": "bodies",
    "modelType": "Config",
    "path": "/dz/characters/bodies",
    "usableOnConsole": true,
    "searchTags": "bodies, player, pc, female, women, loot",
    "image": "images/characters/bodies/survivorf_naomi.jpeg",
    "id": "dzobj_oplfk33e47"
  },
  {
    "objectName": "SurvivorF_Baty",
    "inGameName": "-",
    "category": "bodies",
    "modelType": "Config",
    "path": "/dz/characters/bodies",
    "usableOnConsole": true,
    "searchTags": "bodies, player, pc, female, women, loot",
    "image": "images/characters/bodies/survivorf_baty.jpeg",
    "id": "dzobj_z6dwjns5ox"
  }
]
