[
  {
    "objectName": "Land_Underground_Panel",
    "inGameName": "-",
    "category": "structures_bliss",
    "modelType": "Config",
    "path": "dz/structures_bliss/underground/entrance",
    "usableOnConsole": true,
    "searchTags": "livoniaa, underground, entrance, access, switch, bunker, keycard, punched cad, key card",
    "image": "images/structures_bliss/underground/entrance/land_underground_panel.jpg",
    "id": "dzobj_7b5o7mnpuj"
  },
  {
    "objectName": "Land_Underground_Panel_Lever",
    "inGameName": "-",
    "category": "structures_bliss",
    "modelType": "Config",
    "path": "dz/structures_bliss/underground/entrance",
    "usableOnConsole": true,
    "searchTags": "livoniaa, underground, entrance, access, switch, bunker",
    "image": "images/structures_bliss/underground/entrance/land_underground_panel_lever.jpg",
    "id": "dzobj_ny0my23my5"
  },
  {
    "objectName": "underground_panel.p3d",
    "inGameName": "-",
    "category": "structures_bliss",
    "modelType": "Raw P3D",
    "path": "dz/structures_bliss/underground/entrance",
    "usableOnConsole": false,
    "searchTags": "livoniaa, underground, entrance, access, switch, bunker, keycard, punched cad, key card",
    "image": "images/structures_bliss/underground/entrance/land_underground_panel.jpg",
    "id": "dzobj_km5zowr6at"
  },
  {
    "objectName": "underground_panel_lever.p3d",
    "inGameName": "-",
    "category": "structures_bliss",
    "modelType": "Raw P3D",
    "path": "dz/structures_bliss/underground/entrance",
    "usableOnConsole": false,
    "searchTags": "livoniaa, underground, entrance, access, switch, bunker",
    "image": "images/structures_bliss/underground/entrance/land_underground_panel_lever.jpg",
    "id": "dzobj_mhw3kgvlmd"
  },
  {
    "objectName": "Land_Underground_Entrance",
    "category": "structures_bliss",
    "modelType": "Config",
    "path": "dz/structures_bliss/underground/entrance",
    "usableOnConsole": true,
    "searchTags": "livoniaa, bunker, entrance, keycard, entry, switch, punched card, door",
    "image": "images/structures_bliss/underground/entrance/land_underground_entrance.jpg",
    "id": "dzobj_e4cjpyab3t"
  }
]
