[
  {
    "objectName": "signt_sharpbendleft.p3d",
    "inGameName": "-",
    "category": "structures_bliss",
    "modelType": "Raw P3D",
    "path": "dz/structures_bliss/signs/misc",
    "usableOnConsole": false,
    "searchTags": "livoniaa, misc, signs",
    "image": "images/structures_bliss/signs/misc/signt_sharpbendleft.jpg",
    "id": "dzobj_yank4z9vhe"
  },
  {
    "objectName": "signt_sharpbendright.p3d",
    "inGameName": "-",
    "category": "structures_bliss",
    "modelType": "Raw P3D",
    "path": "dz/structures_bliss/signs/misc",
    "usableOnConsole": false,
    "searchTags": "livoniaa, misc, signs",
    "image": "images/structures_bliss/signs/misc/signt_sharpbendright.jpg",
    "id": "dzobj_7jo8wls6uk"
  },
  {
    "objectName": "sign_build_sila.p3d",
    "inGameName": "-",
    "category": "structures_bliss",
    "modelType": "Raw P3D",
    "path": "dz/structures_bliss/signs/misc",
    "usableOnConsole": false,
    "searchTags": "livoniaa, marker, misc, notice, signs",
    "image": "images/structures_bliss/signs/misc/sign_build_sila.jpg",
    "id": "dzobj_tj0kzgg8zp"
  },
  {
    "objectName": "sign_enochmil_entry_enpl.p3d",
    "inGameName": "-",
    "category": "structures_bliss",
    "modelType": "Raw P3D",
    "path": "dz/structures_bliss/signs/misc",
    "usableOnConsole": false,
    "searchTags": "livoniaa, marker, misc, notice, signs",
    "image": "images/structures_bliss/signs/misc/sign_enochmil_entry_enpl.jpg",
    "id": "dzobj_e73ujg3yt5"
  },
  {
    "objectName": "sign_enochmil_leave_big_enpl.p3d",
    "inGameName": "-",
    "category": "structures_bliss",
    "modelType": "Raw P3D",
    "path": "dz/structures_bliss/signs/misc",
    "usableOnConsole": false,
    "searchTags": "livoniaa, marker, misc, notice, signs",
    "image": "images/structures_bliss/signs/misc/sign_enochmil_leave_big_enpl.jpg",
    "id": "dzobj_zggt1kjee4"
  },
  {
    "objectName": "sign_enochmil_leave_enpl.p3d",
    "inGameName": "-",
    "category": "structures_bliss",
    "modelType": "Raw P3D",
    "path": "dz/structures_bliss/signs/misc",
    "usableOnConsole": false,
    "searchTags": "livoniaa, marker, misc, notice, signs",
    "image": "images/structures_bliss/signs/misc/sign_enochmil_leave_enpl.jpg",
    "id": "dzobj_g8t1abxwlz"
  },
  {
    "objectName": "sign_enochmil_noentry_small_enpl.p3d",
    "inGameName": "-",
    "category": "structures_bliss",
    "modelType": "Raw P3D",
    "path": "dz/structures_bliss/signs/misc",
    "usableOnConsole": false,
    "searchTags": "livoniaa, marker, misc, notice, signs",
    "image": "images/structures_bliss/signs/misc/sign_enochmil_noentry_small_enpl.jpg",
    "id": "dzobj_0cnnjagda3"
  },
  {
    "objectName": "sign_enochmil_warning1_pl.p3d",
    "inGameName": "-",
    "category": "structures_bliss",
    "modelType": "Raw P3D",
    "path": "dz/structures_bliss/signs/misc",
    "usableOnConsole": false,
    "searchTags": "livoniaa, marker, misc, notice, signs",
    "image": "images/structures_bliss/signs/misc/sign_enochmil_warning1_pl.jpg",
    "id": "dzobj_35yvaucndg"
  },
  {
    "objectName": "sign_enochmil_warning2_pl.p3d",
    "inGameName": "-",
    "category": "structures_bliss",
    "modelType": "Raw P3D",
    "path": "dz/structures_bliss/signs/misc",
    "usableOnConsole": false,
    "searchTags": "livoniaa, marker, misc, notice, signs",
    "image": "images/structures_bliss/signs/misc/sign_enochmil_warning2_pl.jpg",
    "id": "dzobj_p7pc2umiqh"
  },
  {
    "objectName": "sign_enochquarry.p3d",
    "inGameName": "-",
    "category": "structures_bliss",
    "modelType": "Raw P3D",
    "path": "dz/structures_bliss/signs/misc",
    "usableOnConsole": false,
    "searchTags": "livoniaa, marker, misc, notice, signs",
    "image": "images/structures_bliss/signs/misc/sign_enochquarry.jpg",
    "id": "dzobj_xhn5qexbm4"
  },
  {
    "objectName": "sign_rail_brena.p3d",
    "inGameName": "-",
    "category": "structures_bliss",
    "modelType": "Raw P3D",
    "path": "dz/structures_bliss/signs/misc",
    "usableOnConsole": false,
    "searchTags": "livoniaa, marker, misc, notice, signs",
    "image": "images/structures_bliss/signs/misc/sign_rail_brena.jpg",
    "id": "dzobj_ifeoo7h1nz"
  },
  {
    "objectName": "sign_rail_crossing_minor2.p3d",
    "inGameName": "-",
    "category": "structures_bliss",
    "modelType": "Raw P3D",
    "path": "dz/structures_bliss/signs/misc",
    "usableOnConsole": false,
    "searchTags": "livoniaa, marker, misc, notice, signs",
    "image": "images/structures_bliss/signs/misc/sign_rail_crossing_minor2.jpg",
    "id": "dzobj_ebnzvjtvn4"
  },
  {
    "objectName": "sign_rail_crossing_minor3.p3d",
    "inGameName": "-",
    "category": "structures_bliss",
    "modelType": "Raw P3D",
    "path": "dz/structures_bliss/signs/misc",
    "usableOnConsole": false,
    "searchTags": "livoniaa, marker, misc, notice, signs",
    "image": "images/structures_bliss/signs/misc/sign_rail_crossing_minor3.jpg",
    "id": "dzobj_sxw7esylwj"
  },
  {
    "objectName": "sign_rail_gliniska.p3d",
    "inGameName": "-",
    "category": "structures_bliss",
    "modelType": "Raw P3D",
    "path": "dz/structures_bliss/signs/misc",
    "usableOnConsole": false,
    "searchTags": "livoniaa, marker, misc, notice, signs",
    "image": "images/structures_bliss/signs/misc/sign_rail_gliniska.jpg",
    "id": "dzobj_t7gqb1xo45"
  },
  {
    "objectName": "sign_rail_grabin.p3d",
    "inGameName": "-",
    "category": "structures_bliss",
    "modelType": "Raw P3D",
    "path": "dz/structures_bliss/signs/misc",
    "usableOnConsole": false,
    "searchTags": "livoniaa, marker, misc, notice, signs",
    "image": "images/structures_bliss/signs/misc/sign_rail_grabin.jpg",
    "id": "dzobj_1ecru7wt3y"
  },
  {
    "objectName": "sign_rail_kolembrody.p3d",
    "inGameName": "-",
    "category": "structures_bliss",
    "modelType": "Raw P3D",
    "path": "dz/structures_bliss/signs/misc",
    "usableOnConsole": false,
    "searchTags": "livoniaa, marker, misc, notice, signs",
    "image": "images/structures_bliss/signs/misc/sign_rail_kolembrody.jpg",
    "id": "dzobj_wz8l3zj7jn"
  },
  {
    "objectName": "sign_rail_topolin.p3d",
    "inGameName": "-",
    "category": "structures_bliss",
    "modelType": "Raw P3D",
    "path": "dz/structures_bliss/signs/misc",
    "usableOnConsole": false,
    "searchTags": "livoniaa, marker, misc, notice, signs",
    "image": "images/structures_bliss/signs/misc/sign_rail_topolin.jpg",
    "id": "dzobj_zrwfp1mngn"
  }
]
