[
  {
    "objectName": "signt_sharpbendleft.p3d",
    "inGameName": "-",
    "category": "structures_bliss",
    "modelType": "Raw P3D",
    "path": "dz/structures_bliss/signs/misc",
    "usableOnConsole": false,
    "searchTags": "livoniaa, misc, signs",
    "image": "images/structures_bliss/signs/misc/signt_sharpbendleft.jpg"
  },
  {
    "objectName": "signt_sharpbendright.p3d",
    "inGameName": "-",
    "category": "structures_bliss",
    "modelType": "Raw P3D",
    "path": "dz/structures_bliss/signs/misc",
    "usableOnConsole": false,
    "searchTags": "livoniaa, misc, signs",
    "image": "images/structures_bliss/signs/misc/signt_sharpbendright.jpg"
  },
  {
    "objectName": "sign_build_sila.p3d",
    "inGameName": "-",
    "category": "structures_bliss",
    "modelType": "Raw P3D",
    "path": "dz/structures_bliss/signs/misc",
    "usableOnConsole": false,
    "searchTags": "livoniaa, marker, misc, notice, signs",
    "image": "images/structures_bliss/signs/misc/sign_build_sila.jpg"
  },
  {
    "objectName": "sign_enochmil_entry_enpl.p3d",
    "inGameName": "-",
    "category": "structures_bliss",
    "modelType": "Raw P3D",
    "path": "dz/structures_bliss/signs/misc",
    "usableOnConsole": false,
    "searchTags": "livoniaa, marker, misc, notice, signs",
    "image": "images/structures_bliss/signs/misc/sign_enochmil_entry_enpl.jpg"
  },
  {
    "objectName": "sign_enochmil_leave_big_enpl.p3d",
    "inGameName": "-",
    "category": "structures_bliss",
    "modelType": "Raw P3D",
    "path": "dz/structures_bliss/signs/misc",
    "usableOnConsole": false,
    "searchTags": "livoniaa, marker, misc, notice, signs",
    "image": "images/structures_bliss/signs/misc/sign_enochmil_leave_big_enpl.jpg"
  },
  {
    "objectName": "sign_enochmil_leave_enpl.p3d",
    "inGameName": "-",
    "category": "structures_bliss",
    "modelType": "Raw P3D",
    "path": "dz/structures_bliss/signs/misc",
    "usableOnConsole": false,
    "searchTags": "livoniaa, marker, misc, notice, signs",
    "image": "images/structures_bliss/signs/misc/sign_enochmil_leave_enpl.jpg"
  },
  {
    "objectName": "sign_enochmil_noentry_small_enpl.p3d",
    "inGameName": "-",
    "category": "structures_bliss",
    "modelType": "Raw P3D",
    "path": "dz/structures_bliss/signs/misc",
    "usableOnConsole": false,
    "searchTags": "livoniaa, marker, misc, notice, signs",
    "image": "images/structures_bliss/signs/misc/sign_enochmil_noentry_small_enpl.jpg"
  },
  {
    "objectName": "sign_enochmil_warning1_pl.p3d",
    "inGameName": "-",
    "category": "structures_bliss",
    "modelType": "Raw P3D",
    "path": "dz/structures_bliss/signs/misc",
    "usableOnConsole": false,
    "searchTags": "livoniaa, marker, misc, notice, signs",
    "image": "images/structures_bliss/signs/misc/sign_enochmil_warning1_pl.jpg"
  },
  {
    "objectName": "sign_enochmil_warning2_pl.p3d",
    "inGameName": "-",
    "category": "structures_bliss",
    "modelType": "Raw P3D",
    "path": "dz/structures_bliss/signs/misc",
    "usableOnConsole": false,
    "searchTags": "livoniaa, marker, misc, notice, signs",
    "image": "images/structures_bliss/signs/misc/sign_enochmil_warning2_pl.jpg"
  },
  {
    "objectName": "sign_enochquarry.p3d",
    "inGameName": "-",
    "category": "structures_bliss",
    "modelType": "Raw P3D",
    "path": "dz/structures_bliss/signs/misc",
    "usableOnConsole": false,
    "searchTags": "livoniaa, marker, misc, notice, signs",
    "image": "images/structures_bliss/signs/misc/sign_enochquarry.jpg"
  },
  {
    "objectName": "sign_rail_brena.p3d",
    "inGameName": "-",
    "category": "structures_bliss",
    "modelType": "Raw P3D",
    "path": "dz/structures_bliss/signs/misc",
    "usableOnConsole": false,
    "searchTags": "livoniaa, marker, misc, notice, signs",
    "image": "images/structures_bliss/signs/misc/sign_rail_brena.jpg"
  },
  {
    "objectName": "sign_rail_crossing_minor2.p3d",
    "inGameName": "-",
    "category": "structures_bliss",
    "modelType": "Raw P3D",
    "path": "dz/structures_bliss/signs/misc",
    "usableOnConsole": false,
    "searchTags": "livoniaa, marker, misc, notice, signs",
    "image": "images/structures_bliss/signs/misc/sign_rail_crossing_minor2.jpg"
  },
  {
    "objectName": "sign_rail_crossing_minor3.p3d",
    "inGameName": "-",
    "category": "structures_bliss",
    "modelType": "Raw P3D",
    "path": "dz/structures_bliss/signs/misc",
    "usableOnConsole": false,
    "searchTags": "livoniaa, marker, misc, notice, signs",
    "image": "images/structures_bliss/signs/misc/sign_rail_crossing_minor3.jpg"
  },
  {
    "objectName": "sign_rail_gliniska.p3d",
    "inGameName": "-",
    "category": "structures_bliss",
    "modelType": "Raw P3D",
    "path": "dz/structures_bliss/signs/misc",
    "usableOnConsole": false,
    "searchTags": "livoniaa, marker, misc, notice, signs",
    "image": "images/structures_bliss/signs/misc/sign_rail_gliniska.jpg"
  },
  {
    "objectName": "sign_rail_grabin.p3d",
    "inGameName": "-",
    "category": "structures_bliss",
    "modelType": "Raw P3D",
    "path": "dz/structures_bliss/signs/misc",
    "usableOnConsole": false,
    "searchTags": "livoniaa, marker, misc, notice, signs",
    "image": "images/structures_bliss/signs/misc/sign_rail_grabin.jpg"
  },
  {
    "objectName": "sign_rail_kolembrody.p3d",
    "inGameName": "-",
    "category": "structures_bliss",
    "modelType": "Raw P3D",
    "path": "dz/structures_bliss/signs/misc",
    "usableOnConsole": false,
    "searchTags": "livoniaa, marker, misc, notice, signs",
    "image": "images/structures_bliss/signs/misc/sign_rail_kolembrody.jpg"
  },
  {
    "objectName": "sign_rail_topolin.p3d",
    "inGameName": "-",
    "category": "structures_bliss",
    "modelType": "Raw P3D",
    "path": "dz/structures_bliss/signs/misc",
    "usableOnConsole": false,
    "searchTags": "livoniaa, marker, misc, notice, signs",
    "image": "images/structures_bliss/signs/misc/sign_rail_topolin.jpg"
  }
]
