[
  {
    "objectName": "Land_Village_Store_East",
    "inGameName": "-",
    "category": "structures_sakhal",
    "modelType": "Config",
    "path": "dz/structures_sakhal/residential/stores",
    "usableOnConsole": true,
    "searchTags": "residential, sakhal, stores",
    "image": "images/structures_sakhal/residential/stores/land_village_store_east.jpg",
    "id": "dzobj_33flzthi4i"
  },
  {
    "objectName": "village_store_east.p3d",
    "inGameName": "-",
    "category": "structures_sakhal",
    "modelType": "Raw P3D",
    "path": "dz/structures_sakhal/residential/stores",
    "usableOnConsole": false,
    "searchTags": "residential, sakhal, stores",
    "image": "images/structures_sakhal/residential/stores/village_store_east.p3d.jpg",
    "id": "dzobj_pjbpt8gsvz"
  }
]
