[
  {
    "objectName": "StaticObj_Furniture_bucket",
    "inGameName": "-",
    "category": "structures",
    "modelType": "Config",
    "path": "dz/structures/furniture/decoration/bucket",
    "usableOnConsole": true,
    "searchTags": "decoration",
    "image": "images/structures/furniture/decoration/bucket/staticobj_furniture_bucket.jpg",
    "id": "dzobj_03slzc847a"
  },
  {
    "objectName": "bucket.p3d",
    "inGameName": "-",
    "category": "structures",
    "modelType": "Raw P3D",
    "path": "dz/structures/furniture/decoration/bucket",
    "usableOnConsole": false,
    "searchTags": "decoration, furniture",
    "image": "images/structures/furniture/decoration/bucket/bucket.p3d.jpg",
    "id": "dzobj_ukfch5mik7"
  }
]
