[
  {
    "objectName": "Land_Slum_House7",
    "inGameName": "-",
    "category": "structures_bliss",
    "modelType": "Config",
    "path": "dz/structures_bliss/residential/slums",
    "usableOnConsole": true,
    "searchTags": "livoniaa, residential, slums",
    "image": "images/structures_bliss/residential/slums/land_slum_house7.jpg",
    "id": "dzobj_2g819br61g"
  },
  {
    "objectName": "StaticObj_Slum_Roof1",
    "inGameName": "-",
    "category": "structures_bliss",
    "modelType": "Config",
    "path": "dz/structures_bliss/residential/slums",
    "usableOnConsole": true,
    "searchTags": "livoniaa, cover, residential, slums",
    "image": "images/structures_bliss/residential/slums/staticobj_slum_roof1.jpg",
    "id": "dzobj_itwkyy7bfj"
  },
  {
    "objectName": "StaticObj_Slum_Roof2",
    "inGameName": "-",
    "category": "structures_bliss",
    "modelType": "Config",
    "path": "dz/structures_bliss/residential/slums",
    "usableOnConsole": true,
    "searchTags": "livoniaa, cover, residential, slums",
    "image": "images/structures_bliss/residential/slums/staticobj_slum_roof2.jpg",
    "id": "dzobj_dj6oes8990"
  },
  {
    "objectName": "StaticObj_Slum_Roof3",
    "inGameName": "-",
    "category": "structures_bliss",
    "modelType": "Config",
    "path": "dz/structures_bliss/residential/slums",
    "usableOnConsole": true,
    "searchTags": "livoniaa, cover, residential, slums",
    "image": "images/structures_bliss/residential/slums/staticobj_slum_roof3.jpg",
    "id": "dzobj_52ulg0ozct"
  },
  {
    "objectName": "StaticObj_Slum_Roof4",
    "inGameName": "-",
    "category": "structures_bliss",
    "modelType": "Config",
    "path": "dz/structures_bliss/residential/slums",
    "usableOnConsole": true,
    "searchTags": "livoniaa, cover, residential, slums",
    "image": "images/structures_bliss/residential/slums/staticobj_slum_roof4.jpg",
    "id": "dzobj_pmwmkrd50d"
  },
  {
    "objectName": "StaticObj_Slum_Roof5",
    "inGameName": "-",
    "category": "structures_bliss",
    "modelType": "Config",
    "path": "dz/structures_bliss/residential/slums",
    "usableOnConsole": true,
    "searchTags": "livoniaa, cover, residential, slums",
    "image": "images/structures_bliss/residential/slums/staticobj_slum_roof5.jpg",
    "id": "dzobj_g8ywmnvqn9"
  },
  {
    "objectName": "StaticObj_Slum_Roof6",
    "inGameName": "-",
    "category": "structures_bliss",
    "modelType": "Config",
    "path": "dz/structures_bliss/residential/slums",
    "usableOnConsole": true,
    "searchTags": "livoniaa, cover, residential, slums",
    "image": "images/structures_bliss/residential/slums/staticobj_slum_roof6.jpg",
    "id": "dzobj_0gpoue1cj6"
  },
  {
    "objectName": "slum_house7.p3d",
    "inGameName": "-",
    "category": "structures_bliss",
    "modelType": "Raw P3D",
    "path": "dz/structures_bliss/residential/slums",
    "usableOnConsole": false,
    "searchTags": "livoniaa, residential, slums",
    "image": "images/structures_bliss/residential/slums/land_slum_house7.jpg",
    "id": "dzobj_hdae3ckw9o"
  },
  {
    "objectName": "slum_roof1.p3d",
    "inGameName": "-",
    "category": "structures_bliss",
    "modelType": "Raw P3D",
    "path": "dz/structures_bliss/residential/slums",
    "usableOnConsole": false,
    "searchTags": "livoniaa, cover, residential, slums",
    "image": "images/structures_bliss/residential/slums/staticobj_slum_roof1.jpg",
    "id": "dzobj_co5eflj55e"
  },
  {
    "objectName": "slum_roof2.p3d",
    "inGameName": "-",
    "category": "structures_bliss",
    "modelType": "Raw P3D",
    "path": "dz/structures_bliss/residential/slums",
    "usableOnConsole": false,
    "searchTags": "livoniaa, cover, residential, slums",
    "image": "images/structures_bliss/residential/slums/staticobj_slum_roof2.jpg",
    "id": "dzobj_a3ovvugao8"
  },
  {
    "objectName": "slum_roof3.p3d",
    "inGameName": "-",
    "category": "structures_bliss",
    "modelType": "Raw P3D",
    "path": "dz/structures_bliss/residential/slums",
    "usableOnConsole": false,
    "searchTags": "livoniaa, cover, residential, slums",
    "image": "images/structures_bliss/residential/slums/staticobj_slum_roof3.jpg",
    "id": "dzobj_ecsndzojyj"
  },
  {
    "objectName": "slum_roof4.p3d",
    "inGameName": "-",
    "category": "structures_bliss",
    "modelType": "Raw P3D",
    "path": "dz/structures_bliss/residential/slums",
    "usableOnConsole": false,
    "searchTags": "livoniaa, cover, residential, slums",
    "image": "images/structures_bliss/residential/slums/staticobj_slum_roof4.jpg",
    "id": "dzobj_yfoix587nq"
  },
  {
    "objectName": "slum_roof5.p3d",
    "inGameName": "-",
    "category": "structures_bliss",
    "modelType": "Raw P3D",
    "path": "dz/structures_bliss/residential/slums",
    "usableOnConsole": false,
    "searchTags": "livoniaa, cover, residential, slums",
    "image": "images/structures_bliss/residential/slums/staticobj_slum_roof5.jpg",
    "id": "dzobj_q4gw1zhb8q"
  },
  {
    "objectName": "slum_roof6.p3d",
    "inGameName": "-",
    "category": "structures_bliss",
    "modelType": "Raw P3D",
    "path": "dz/structures_bliss/residential/slums",
    "usableOnConsole": false,
    "searchTags": "livoniaa, cover, residential, slums",
    "image": "images/structures_bliss/residential/slums/staticobj_slum_roof6.jpg",
    "id": "dzobj_cwrei95kzq"
  },
  {
    "objectName": "Land_Slum_House1",
    "category": "structures_bliss",
    "modelType": "Config",
    "path": "dz/structures_bliss/residential/slums",
    "usableOnConsole": true,
    "searchTags": "livoniaa, residential, slums",
    "image": "images/structures_bliss/residential/slums/land_slum_house1.jpg",
    "id": "dzobj_jm1sliewgn"
  },
  {
    "objectName": "Land_Slum_House2",
    "category": "structures_bliss",
    "modelType": "Config",
    "path": "dz/structures_bliss/residential/slums",
    "usableOnConsole": true,
    "searchTags": "livoniaa, residential, slums",
    "image": "images/structures_bliss/residential/slums/land_slum_house2.jpg",
    "id": "dzobj_4brdc03dug"
  },
  {
    "objectName": "Land_Slum_House3",
    "category": "structures_bliss",
    "modelType": "Config",
    "path": "dz/structures_bliss/residential/slums",
    "usableOnConsole": true,
    "searchTags": "livoniaa, residential, slums",
    "image": "images/structures_bliss/residential/slums/land_slum_house3.jpg",
    "id": "dzobj_n6441edk6g"
  },
  {
    "objectName": "Land_Slum_House4",
    "category": "structures_bliss",
    "modelType": "Config",
    "path": "dz/structures_bliss/residential/slums",
    "usableOnConsole": true,
    "searchTags": "livoniaa, residential, slums",
    "image": "images/structures_bliss/residential/slums/land_slum_house4.jpg",
    "id": "dzobj_fiauyjufm4"
  },
  {
    "objectName": "Land_Slum_House5",
    "category": "structures_bliss",
    "modelType": "Config",
    "path": "dz/structures_bliss/residential/slums",
    "usableOnConsole": true,
    "searchTags": "livoniaa, residential, slums",
    "image": "images/structures_bliss/residential/slums/land_slum_house5.jpg",
    "id": "dzobj_987n6hetj9"
  },
  {
    "objectName": "Land_Slum_House6",
    "category": "structures_bliss",
    "modelType": "Config",
    "path": "dz/structures_bliss/residential/slums",
    "usableOnConsole": true,
    "searchTags": "livoniaa, residential, slums",
    "image": "images/structures_bliss/residential/slums/land_slum_house6.jpg",
    "id": "dzobj_wcn044ab7q"
  },
  {
    "objectName": "slum_house1.p3d",
    "category": "structures_bliss",
    "modelType": "Raw P3D",
    "path": "dz/structures_bliss/residential/slums",
    "usableOnConsole": false,
    "searchTags": "livoniaa, residential, slums",
    "image": "images/structures_bliss/residential/slums/land_slum_house1.jpg",
    "id": "dzobj_97r8zkk9ya"
  },
  {
    "objectName": "slum_house2.p3d",
    "category": "structures_bliss",
    "modelType": "Raw P3D",
    "path": "dz/structures_bliss/residential/slums",
    "usableOnConsole": false,
    "searchTags": "livoniaa, residential, slums",
    "image": "images/structures_bliss/residential/slums/land_slum_house2.jpg",
    "id": "dzobj_d2zg4qyevv"
  },
  {
    "objectName": "slum_house3.p3d",
    "category": "structures_bliss",
    "modelType": "Raw P3D",
    "path": "dz/structures_bliss/residential/slums",
    "usableOnConsole": false,
    "searchTags": "livoniaa, residential, slums",
    "image": "images/structures_bliss/residential/slums/land_slum_house3.jpg",
    "id": "dzobj_rkxxga11ip"
  },
  {
    "objectName": "slum_house4.p3d",
    "category": "structures_bliss",
    "modelType": "Raw P3D",
    "path": "dz/structures_bliss/residential/slums",
    "usableOnConsole": false,
    "searchTags": "livoniaa, residential, slums",
    "image": "images/structures_bliss/residential/slums/land_slum_house4.jpg",
    "id": "dzobj_4yvwsow90c"
  },
  {
    "objectName": "slum_house5.p3d",
    "category": "structures_bliss",
    "modelType": "Raw P3D",
    "path": "dz/structures_bliss/residential/slums",
    "usableOnConsole": false,
    "searchTags": "livoniaa, residential, slums",
    "image": "images/structures_bliss/residential/slums/land_slum_house5.jpg",
    "id": "dzobj_pw6at1sagf"
  },
  {
    "objectName": "slum_house6.p3d",
    "category": "structures_bliss",
    "modelType": "Raw P3D",
    "path": "dz/structures_bliss/residential/slums",
    "usableOnConsole": false,
    "searchTags": "livoniaa, residential, slums",
    "image": "images/structures_bliss/residential/slums/land_slum_house6.jpg",
    "id": "dzobj_8tcg2gak5x"
  }
]
