[
  {
    "objectName": "Land_Slum_House7",
    "inGameName": "-",
    "category": "structures_bliss",
    "modelType": "Config",
    "path": "dz/structures_bliss/residential/slums",
    "usableOnConsole": true,
    "searchTags": "livoniaa, residential, slums",
    "image": "images/structures_bliss/residential/slums/land_slum_house7.jpg"
  },
  {
    "objectName": "StaticObj_Slum_Roof1",
    "inGameName": "-",
    "category": "structures_bliss",
    "modelType": "Config",
    "path": "dz/structures_bliss/residential/slums",
    "usableOnConsole": true,
    "searchTags": "livoniaa, cover, residential, slums",
    "image": "images/structures_bliss/residential/slums/staticobj_slum_roof1.jpg"
  },
  {
    "objectName": "StaticObj_Slum_Roof2",
    "inGameName": "-",
    "category": "structures_bliss",
    "modelType": "Config",
    "path": "dz/structures_bliss/residential/slums",
    "usableOnConsole": true,
    "searchTags": "livoniaa, cover, residential, slums",
    "image": "images/structures_bliss/residential/slums/staticobj_slum_roof2.jpg"
  },
  {
    "objectName": "StaticObj_Slum_Roof3",
    "inGameName": "-",
    "category": "structures_bliss",
    "modelType": "Config",
    "path": "dz/structures_bliss/residential/slums",
    "usableOnConsole": true,
    "searchTags": "livoniaa, cover, residential, slums",
    "image": "images/structures_bliss/residential/slums/staticobj_slum_roof3.jpg"
  },
  {
    "objectName": "StaticObj_Slum_Roof4",
    "inGameName": "-",
    "category": "structures_bliss",
    "modelType": "Config",
    "path": "dz/structures_bliss/residential/slums",
    "usableOnConsole": true,
    "searchTags": "livoniaa, cover, residential, slums",
    "image": "images/structures_bliss/residential/slums/staticobj_slum_roof4.jpg"
  },
  {
    "objectName": "StaticObj_Slum_Roof5",
    "inGameName": "-",
    "category": "structures_bliss",
    "modelType": "Config",
    "path": "dz/structures_bliss/residential/slums",
    "usableOnConsole": true,
    "searchTags": "livoniaa, cover, residential, slums",
    "image": "images/structures_bliss/residential/slums/staticobj_slum_roof5.jpg"
  },
  {
    "objectName": "StaticObj_Slum_Roof6",
    "inGameName": "-",
    "category": "structures_bliss",
    "modelType": "Config",
    "path": "dz/structures_bliss/residential/slums",
    "usableOnConsole": true,
    "searchTags": "livoniaa, cover, residential, slums",
    "image": "images/structures_bliss/residential/slums/staticobj_slum_roof6.jpg"
  },
  {
    "objectName": "slum_house7.p3d",
    "inGameName": "-",
    "category": "structures_bliss",
    "modelType": "Raw P3D",
    "path": "dz/structures_bliss/residential/slums",
    "usableOnConsole": false,
    "searchTags": "livoniaa, residential, slums",
    "image": "images/structures_bliss/residential/slums/land_slum_house7.jpg"
  },
  {
    "objectName": "slum_roof1.p3d",
    "inGameName": "-",
    "category": "structures_bliss",
    "modelType": "Raw P3D",
    "path": "dz/structures_bliss/residential/slums",
    "usableOnConsole": false,
    "searchTags": "livoniaa, cover, residential, slums",
    "image": "images/structures_bliss/residential/slums/staticobj_slum_roof1.jpg"
  },
  {
    "objectName": "slum_roof2.p3d",
    "inGameName": "-",
    "category": "structures_bliss",
    "modelType": "Raw P3D",
    "path": "dz/structures_bliss/residential/slums",
    "usableOnConsole": false,
    "searchTags": "livoniaa, cover, residential, slums",
    "image": "images/structures_bliss/residential/slums/staticobj_slum_roof2.jpg"
  },
  {
    "objectName": "slum_roof3.p3d",
    "inGameName": "-",
    "category": "structures_bliss",
    "modelType": "Raw P3D",
    "path": "dz/structures_bliss/residential/slums",
    "usableOnConsole": false,
    "searchTags": "livoniaa, cover, residential, slums",
    "image": "images/structures_bliss/residential/slums/staticobj_slum_roof3.jpg"
  },
  {
    "objectName": "slum_roof4.p3d",
    "inGameName": "-",
    "category": "structures_bliss",
    "modelType": "Raw P3D",
    "path": "dz/structures_bliss/residential/slums",
    "usableOnConsole": false,
    "searchTags": "livoniaa, cover, residential, slums",
    "image": "images/structures_bliss/residential/slums/staticobj_slum_roof4.jpg"
  },
  {
    "objectName": "slum_roof5.p3d",
    "inGameName": "-",
    "category": "structures_bliss",
    "modelType": "Raw P3D",
    "path": "dz/structures_bliss/residential/slums",
    "usableOnConsole": false,
    "searchTags": "livoniaa, cover, residential, slums",
    "image": "images/structures_bliss/residential/slums/staticobj_slum_roof5.jpg"
  },
  {
    "objectName": "slum_roof6.p3d",
    "inGameName": "-",
    "category": "structures_bliss",
    "modelType": "Raw P3D",
    "path": "dz/structures_bliss/residential/slums",
    "usableOnConsole": false,
    "searchTags": "livoniaa, cover, residential, slums",
    "image": "images/structures_bliss/residential/slums/staticobj_slum_roof6.jpg"
  },
  {
    "objectName": "Land_Slum_House1",
    "category": "structures_bliss",
    "modelType": "Config",
    "path": "dz/structures_bliss/residential/slums",
    "usableOnConsole": true,
    "searchTags": "livoniaa, residential, slums",
    "image": "images/structures_bliss/residential/slums/land_slum_house1.jpg"
  },
  {
    "objectName": "Land_Slum_House2",
    "category": "structures_bliss",
    "modelType": "Config",
    "path": "dz/structures_bliss/residential/slums",
    "usableOnConsole": true,
    "searchTags": "livoniaa, residential, slums",
    "image": "images/structures_bliss/residential/slums/land_slum_house2.jpg"
  },
  {
    "objectName": "Land_Slum_House3",
    "category": "structures_bliss",
    "modelType": "Config",
    "path": "dz/structures_bliss/residential/slums",
    "usableOnConsole": true,
    "searchTags": "livoniaa, residential, slums",
    "image": "images/structures_bliss/residential/slums/land_slum_house3.jpg"
  },
  {
    "objectName": "Land_Slum_House4",
    "category": "structures_bliss",
    "modelType": "Config",
    "path": "dz/structures_bliss/residential/slums",
    "usableOnConsole": true,
    "searchTags": "livoniaa, residential, slums",
    "image": "images/structures_bliss/residential/slums/land_slum_house4.jpg"
  },
  {
    "objectName": "Land_Slum_House5",
    "category": "structures_bliss",
    "modelType": "Config",
    "path": "dz/structures_bliss/residential/slums",
    "usableOnConsole": true,
    "searchTags": "livoniaa, residential, slums",
    "image": "images/structures_bliss/residential/slums/land_slum_house5.jpg"
  },
  {
    "objectName": "Land_Slum_House6",
    "category": "structures_bliss",
    "modelType": "Config",
    "path": "dz/structures_bliss/residential/slums",
    "usableOnConsole": true,
    "searchTags": "livoniaa, residential, slums",
    "image": "images/structures_bliss/residential/slums/land_slum_house6.jpg"
  },
  {
    "objectName": "slum_house1.p3d",
    "category": "structures_bliss",
    "modelType": "Raw P3D",
    "path": "dz/structures_bliss/residential/slums",
    "usableOnConsole": false,
    "searchTags": "livoniaa, residential, slums",
    "image": "images/structures_bliss/residential/slums/land_slum_house1.jpg"
  },
  {
    "objectName": "slum_house2.p3d",
    "category": "structures_bliss",
    "modelType": "Raw P3D",
    "path": "dz/structures_bliss/residential/slums",
    "usableOnConsole": false,
    "searchTags": "livoniaa, residential, slums",
    "image": "images/structures_bliss/residential/slums/land_slum_house2.jpg"
  },
  {
    "objectName": "slum_house3.p3d",
    "category": "structures_bliss",
    "modelType": "Raw P3D",
    "path": "dz/structures_bliss/residential/slums",
    "usableOnConsole": false,
    "searchTags": "livoniaa, residential, slums",
    "image": "images/structures_bliss/residential/slums/land_slum_house3.jpg"
  },
  {
    "objectName": "slum_house4.p3d",
    "category": "structures_bliss",
    "modelType": "Raw P3D",
    "path": "dz/structures_bliss/residential/slums",
    "usableOnConsole": false,
    "searchTags": "livoniaa, residential, slums",
    "image": "images/structures_bliss/residential/slums/land_slum_house4.jpg"
  },
  {
    "objectName": "slum_house5.p3d",
    "category": "structures_bliss",
    "modelType": "Raw P3D",
    "path": "dz/structures_bliss/residential/slums",
    "usableOnConsole": false,
    "searchTags": "livoniaa, residential, slums",
    "image": "images/structures_bliss/residential/slums/land_slum_house5.jpg"
  },
  {
    "objectName": "slum_house6.p3d",
    "category": "structures_bliss",
    "modelType": "Raw P3D",
    "path": "dz/structures_bliss/residential/slums",
    "usableOnConsole": false,
    "searchTags": "livoniaa, residential, slums",
    "image": "images/structures_bliss/residential/slums/land_slum_house6.jpg"
  }
]
