[
  {
    "objectName": "StaticObj_Pipe_Big_9m",
    "inGameName": "-",
    "category": "structures",
    "modelType": "Config",
    "path": "dz/structures/industrial/pipes",
    "usableOnConsole": true,
    "searchTags": "raised, high, ladder, metal, oil, gas, walkway, right, large",
    "image": "images/structures/industrial/pipes/staticobj_pipe_big_9m.jpg"
  },
  {
    "objectName": "StaticObj_Pipe_Big_18m",
    "inGameName": "-",
    "category": "structures",
    "modelType": "Config",
    "path": "dz/structures/industrial/pipes",
    "usableOnConsole": true,
    "searchTags": "raised, high, ladder, metal, oil, gas, walkway, right, large",
    "image": "images/structures/industrial/pipes/staticobj_pipe_big_18m.jpg"
  },
  {
    "objectName": "StaticObj_Pipe_Big_18m_Ladder",
    "inGameName": "-",
    "category": "structures",
    "modelType": "Config",
    "path": "dz/structures/industrial/pipes",
    "usableOnConsole": true,
    "searchTags": "raised, high, ladder, metal, oil, gas, walkway, right, large",
    "image": "images/structures/industrial/pipes/staticobj_pipe_big_18m_ladder.jpg"
  },
  {
    "objectName": "StaticObj_Pipe_Big_SmallConL",
    "inGameName": "-",
    "category": "structures",
    "modelType": "Config",
    "path": "dz/structures/industrial/pipes",
    "usableOnConsole": true,
    "searchTags": "raised, high, ladder, metal, oil, gas, walkway, left, large",
    "image": "images/structures/industrial/pipes/staticobj_pipe_big_smallconl.jpg"
  },
  {
    "objectName": "StaticObj_Pipe_Big_SmallConR",
    "inGameName": "-",
    "category": "structures",
    "modelType": "Config",
    "path": "dz/structures/industrial/pipes",
    "usableOnConsole": true,
    "searchTags": "raised, high, ladder, metal, oil, gas, walkway, right, large",
    "image": "images/structures/industrial/pipes/staticobj_pipe_big_smallconr.jpg"
  },
  {
    "objectName": "StaticObj_Pipe_Big_Support",
    "inGameName": "-",
    "category": "structures",
    "modelType": "Config",
    "path": "dz/structures/industrial/pipes",
    "usableOnConsole": true,
    "searchTags": "raised, high, ladder, metal, oil, gas, walkway, large",
    "image": "images/structures/industrial/pipes/staticobj_pipe_big_support.jpg"
  },
  {
    "objectName": "StaticObj_Pipe_Med_9m",
    "inGameName": "-",
    "category": "structures",
    "modelType": "Config",
    "path": "dz/structures/industrial/pipes",
    "usableOnConsole": true,
    "searchTags": "raised, high, metal, oil, gas, walkway, medium",
    "image": "images/structures/industrial/pipes/staticobj_pipe_med_9m.jpg"
  },
  {
    "objectName": "StaticObj_Pipe_Med_Ground1",
    "inGameName": "-",
    "category": "structures",
    "modelType": "Config",
    "path": "dz/structures/industrial/pipes",
    "usableOnConsole": true,
    "searchTags": "raised, high, metal, oil, gas, walkway, large",
    "image": "images/structures/industrial/pipes/staticobj_pipe_med_ground1.jpg"
  },
  {
    "objectName": "StaticObj_Pipe_Med_Ground2",
    "inGameName": "-",
    "category": "structures",
    "modelType": "Config",
    "path": "dz/structures/industrial/pipes",
    "usableOnConsole": true,
    "searchTags": "raised, high, metal, oil, gas, walkway, large",
    "image": "images/structures/industrial/pipes/staticobj_pipe_med_ground2.jpg"
  },
  {
    "objectName": "StaticObj_Pipe_MedL_BuildR",
    "inGameName": "-",
    "category": "structures",
    "modelType": "Config",
    "path": "dz/structures/industrial/pipes",
    "usableOnConsole": true,
    "searchTags": "raised, high, metal, oil, gas, walkway, right, large",
    "image": "images/structures/industrial/pipes/staticobj_pipe_medl_buildr.jpg"
  },
  {
    "objectName": "StaticObj_Pipe_MedL_CornerL",
    "inGameName": "-",
    "category": "structures",
    "modelType": "Config",
    "path": "dz/structures/industrial/pipes",
    "usableOnConsole": true,
    "searchTags": "raised, high, metal, oil, gas, walkway, left, large",
    "image": "images/structures/industrial/pipes/staticobj_pipe_medl_cornerl.jpg"
  },
  {
    "objectName": "StaticObj_Pipe_MedL_CornerR",
    "inGameName": "-",
    "category": "structures",
    "modelType": "Config",
    "path": "dz/structures/industrial/pipes",
    "usableOnConsole": true,
    "searchTags": "raised, high, metal, oil, gas, walkway, right, large",
    "image": "images/structures/industrial/pipes/staticobj_pipe_medl_cornerr.jpg"
  },
  {
    "objectName": "StaticObj_Pipe_Med_BuildL",
    "inGameName": "-",
    "category": "structures",
    "modelType": "Config",
    "path": "dz/structures/industrial/pipes",
    "usableOnConsole": true,
    "searchTags": "raised, high, metal, oil, gas, walkway, left, large",
    "image": "images/structures/industrial/pipes/staticobj_pipe_med_buildl.jpg"
  },
  {
    "objectName": "StaticObj_Pipe_Med_BuildR",
    "inGameName": "-",
    "category": "structures",
    "modelType": "Config",
    "path": "dz/structures/industrial/pipes",
    "usableOnConsole": true,
    "searchTags": "raised, high, metal, oil, gas, walkway, right, large",
    "image": "images/structures/industrial/pipes/staticobj_pipe_med_buildr.jpg"
  },
  {
    "objectName": "StaticObj_Pipe_Small_20m",
    "inGameName": "-",
    "category": "structures",
    "modelType": "Config",
    "path": "dz/structures/industrial/pipes",
    "usableOnConsole": true,
    "searchTags": "low, metal, oil, gas, water, long",
    "image": "images/structures/industrial/pipes/staticobj_pipe_small_20m.jpg"
  },
  {
    "objectName": "StaticObj_Pipe_Small_Broken",
    "inGameName": "-",
    "category": "structures",
    "modelType": "Config",
    "path": "dz/structures/industrial/pipes",
    "usableOnConsole": true,
    "searchTags": "low, metal, oil, gas, water, damaged, cracked",
    "image": "images/structures/industrial/pipes/staticobj_pipe_small_broken.jpg"
  },
  {
    "objectName": "StaticObj_Pipe_Small_Ground1",
    "inGameName": "-",
    "category": "structures",
    "modelType": "Config",
    "path": "dz/structures/industrial/pipes",
    "usableOnConsole": true,
    "searchTags": "low, metal, oil, gas, water, damaged, cracked, end, curve",
    "image": "images/structures/industrial/pipes/staticobj_pipe_small_ground1.jpg"
  },
  {
    "objectName": "StaticObj_Pipe_Small_Ground2",
    "inGameName": "-",
    "category": "structures",
    "modelType": "Config",
    "path": "dz/structures/industrial/pipes",
    "usableOnConsole": true,
    "searchTags": "low, metal, oil, gas, water, damaged, cracked, end, curve",
    "image": "images/structures/industrial/pipes/staticobj_pipe_small_ground2.jpg"
  },
  {
    "objectName": "StaticObj_Pipe_Small_L45",
    "inGameName": "-",
    "category": "structures",
    "modelType": "Config",
    "path": "dz/structures/industrial/pipes",
    "usableOnConsole": true,
    "searchTags": "low, metal, oil, gas, water, damaged, cracked, end, curve, diagonal",
    "image": "images/structures/industrial/pipes/staticobj_pipe_small_l45.jpg"
  },
  {
    "objectName": "StaticObj_Pipe_Small_L90",
    "inGameName": "-",
    "category": "structures",
    "modelType": "Config",
    "path": "dz/structures/industrial/pipes",
    "usableOnConsole": true,
    "searchTags": "industrial, pipes",
    "image": "images/structures/industrial/pipes/staticobj_pipe_small_l90.jpg"
  },
  {
    "objectName": "StaticObj_Pipe_Small_R45",
    "inGameName": "-",
    "category": "structures",
    "modelType": "Config",
    "path": "dz/structures/industrial/pipes",
    "usableOnConsole": true,
    "searchTags": "low, metal, oil, gas, water, damaged, cracked, end, curve",
    "image": "images/structures/industrial/pipes/staticobj_pipe_small_r45.jpg"
  },
  {
    "objectName": "StaticObj_Pipe_Small_R90",
    "inGameName": "-",
    "category": "structures",
    "modelType": "Config",
    "path": "dz/structures/industrial/pipes",
    "usableOnConsole": true,
    "searchTags": "low, metal, oil, gas, water, damaged, cracked, end, curve",
    "image": "images/structures/industrial/pipes/staticobj_pipe_small_r90.jpg"
  },
  {
    "objectName": "StaticObj_Pipe_Small_Stairs",
    "inGameName": "-",
    "category": "structures",
    "modelType": "Config",
    "path": "dz/structures/industrial/pipes",
    "usableOnConsole": true,
    "searchTags": "low, metal, oil, gas, water, damaged, cracked, walkway",
    "image": "images/structures/industrial/pipes/staticobj_pipe_small_stairs.jpg"
  },
  {
    "objectName": "StaticObj_Pipe_Small_U",
    "inGameName": "-",
    "category": "structures",
    "modelType": "Config",
    "path": "dz/structures/industrial/pipes",
    "usableOnConsole": true,
    "searchTags": "high, metal, oil, gas, water, end, curve, bend, vehicle",
    "image": "images/structures/industrial/pipes/staticobj_pipe_small_u.jpg"
  },
  {
    "objectName": "StaticObj_Pipe_Small_Valve",
    "inGameName": "-",
    "category": "structures",
    "modelType": "Config",
    "path": "dz/structures/industrial/pipes",
    "usableOnConsole": true,
    "searchTags": "low, metal, oil, gas, water, damaged, cracked, turn, contorl, lever",
    "image": "images/structures/industrial/pipes/staticobj_pipe_small_valve.jpg"
  },
  {
    "objectName": "pipe_big_18m.p3d",
    "inGameName": "-",
    "category": "structures",
    "modelType": "Raw P3D",
    "path": "dz/structures/industrial/pipes",
    "usableOnConsole": false,
    "searchTags": "raised, high, ladder, metal, oil, gas, walkway, right, large",
    "image": "images/structures/industrial/pipes/staticobj_pipe_big_18m.jpg"
  },
  {
    "objectName": "pipe_big_18m_ladder.p3d",
    "inGameName": "-",
    "category": "structures",
    "modelType": "Raw P3D",
    "path": "dz/structures/industrial/pipes",
    "usableOnConsole": false,
    "searchTags": "raised, high, ladder, metal, oil, gas, walkway, right, large",
    "image": "images/structures/industrial/pipes/staticobj_pipe_big_18m_ladder.jpg"
  },
  {
    "objectName": "pipe_big_9m.p3d",
    "inGameName": "-",
    "category": "structures",
    "modelType": "Raw P3D",
    "path": "dz/structures/industrial/pipes",
    "usableOnConsole": false,
    "searchTags": "raised, high, ladder, metal, oil, gas, walkway, right, large",
    "image": "images/structures/industrial/pipes/staticobj_pipe_big_9m.jpg"
  },
  {
    "objectName": "pipe_big_buildl.p3d",
    "inGameName": "-",
    "category": "structures",
    "modelType": "Raw P3D",
    "path": "dz/structures/industrial/pipes",
    "usableOnConsole": false,
    "searchTags": "raised, high, ladder, metal, oil, gas, walkway, left, large",
    "image": "images/structures/industrial/pipes/land_pipe_big_buildl.jpg"
  },
  {
    "objectName": "pipe_big_buildr.p3d",
    "inGameName": "-",
    "category": "structures",
    "modelType": "Raw P3D",
    "path": "dz/structures/industrial/pipes",
    "usableOnConsole": false,
    "searchTags": "raised, high, ladder, metal, oil, gas, walkway, right, large",
    "image": "images/structures/industrial/pipes/land_pipe_big_buildr.jpg"
  },
  {
    "objectName": "pipe_big_cornerl.p3d",
    "inGameName": "-",
    "category": "structures",
    "modelType": "Raw P3D",
    "path": "dz/structures/industrial/pipes",
    "usableOnConsole": false,
    "searchTags": "raised, high, ladder, metal, oil, gas, walkway, left, large",
    "image": "images/structures/industrial/pipes/land_pipe_big_cornerl.jpg"
  },
  {
    "objectName": "pipe_big_cornerr.p3d",
    "inGameName": "-",
    "category": "structures",
    "modelType": "Raw P3D",
    "path": "dz/structures/industrial/pipes",
    "usableOnConsole": false,
    "searchTags": "raised, high, ladder, metal, oil, gas, walkway, right, large",
    "image": "images/structures/industrial/pipes/land_pipe_big_cornerr.jpg"
  },
  {
    "objectName": "pipe_big_ground1.p3d",
    "inGameName": "-",
    "category": "structures",
    "modelType": "Raw P3D",
    "path": "dz/structures/industrial/pipes",
    "usableOnConsole": false,
    "searchTags": "raised, high, ladder, metal, oil, gas, walkway, large",
    "image": "images/structures/industrial/pipes/land_pipe_big_ground1.jpg"
  },
  {
    "objectName": "pipe_big_ground2.p3d",
    "inGameName": "-",
    "category": "structures",
    "modelType": "Raw P3D",
    "path": "dz/structures/industrial/pipes",
    "usableOnConsole": false,
    "searchTags": "raised, high, ladder, metal, oil, gas, walkway, right, large",
    "image": "images/structures/industrial/pipes/land_pipe_big_ground2.jpg"
  },
  {
    "objectName": "pipe_big_smallconl.p3d",
    "inGameName": "-",
    "category": "structures",
    "modelType": "Raw P3D",
    "path": "dz/structures/industrial/pipes",
    "usableOnConsole": false,
    "searchTags": "raised, high, ladder, metal, oil, gas, walkway, left, large",
    "image": "images/structures/industrial/pipes/staticobj_pipe_big_smallconl.jpg"
  },
  {
    "objectName": "pipe_big_smallconr.p3d",
    "inGameName": "-",
    "category": "structures",
    "modelType": "Raw P3D",
    "path": "dz/structures/industrial/pipes",
    "usableOnConsole": false,
    "searchTags": "raised, high, ladder, metal, oil, gas, walkway, right, large",
    "image": "images/structures/industrial/pipes/staticobj_pipe_big_smallconr.jpg"
  },
  {
    "objectName": "pipe_big_support.p3d",
    "inGameName": "-",
    "category": "structures",
    "modelType": "Raw P3D",
    "path": "dz/structures/industrial/pipes",
    "usableOnConsole": false,
    "searchTags": "raised, high, ladder, metal, oil, gas, walkway, large",
    "image": "images/structures/industrial/pipes/staticobj_pipe_big_support.jpg"
  },
  {
    "objectName": "pipe_medl_buildr.p3d",
    "inGameName": "-",
    "category": "structures",
    "modelType": "Raw P3D",
    "path": "dz/structures/industrial/pipes",
    "usableOnConsole": false,
    "searchTags": "raised, high, metal, oil, gas, walkway, right, large",
    "image": "images/structures/industrial/pipes/staticobj_pipe_medl_buildr.jpg"
  },
  {
    "objectName": "pipe_medl_cornerl.p3d",
    "inGameName": "-",
    "category": "structures",
    "modelType": "Raw P3D",
    "path": "dz/structures/industrial/pipes",
    "usableOnConsole": false,
    "searchTags": "raised, high, metal, oil, gas, walkway, left, large",
    "image": "images/structures/industrial/pipes/staticobj_pipe_medl_cornerl.jpg"
  },
  {
    "objectName": "pipe_medl_cornerr.p3d",
    "inGameName": "-",
    "category": "structures",
    "modelType": "Raw P3D",
    "path": "dz/structures/industrial/pipes",
    "usableOnConsole": false,
    "searchTags": "raised, high, metal, oil, gas, walkway, right, large",
    "image": "images/structures/industrial/pipes/staticobj_pipe_medl_cornerr.jpg"
  },
  {
    "objectName": "pipe_medr_buildl.p3d",
    "inGameName": "-",
    "category": "structures",
    "modelType": "Raw P3D",
    "path": "dz/structures/industrial/pipes",
    "usableOnConsole": false,
    "searchTags": "raised, high, metal, oil, gas, walkway, left, large",
    "image": "images/structures/industrial/pipes/staticobj_pipe_med_buildl.jpg"
  },
  {
    "objectName": "pipe_medr_buildr.p3d",
    "inGameName": "-",
    "category": "structures",
    "modelType": "Raw P3D",
    "path": "dz/structures/industrial/pipes",
    "usableOnConsole": false,
    "searchTags": "raised, high, metal, oil, gas, walkway, right, large",
    "image": "images/structures/industrial/pipes/staticobj_pipe_med_buildr.jpg"
  },
  {
    "objectName": "pipe_med_9m.p3d",
    "inGameName": "-",
    "category": "structures",
    "modelType": "Raw P3D",
    "path": "dz/structures/industrial/pipes",
    "usableOnConsole": false,
    "searchTags": "raised, high, metal, oil, gas, walkway, medium",
    "image": "images/structures/industrial/pipes/staticobj_pipe_med_9m.jpg"
  },
  {
    "objectName": "pipe_med_ground1.p3d",
    "inGameName": "-",
    "category": "structures",
    "modelType": "Raw P3D",
    "path": "dz/structures/industrial/pipes",
    "usableOnConsole": false,
    "searchTags": "raised, high, metal, oil, gas, walkway, large",
    "image": "images/structures/industrial/pipes/staticobj_pipe_med_ground1.jpg"
  },
  {
    "objectName": "pipe_med_ground2.p3d",
    "inGameName": "-",
    "category": "structures",
    "modelType": "Raw P3D",
    "path": "dz/structures/industrial/pipes",
    "usableOnConsole": false,
    "searchTags": "raised, high, metal, oil, gas, walkway, large",
    "image": "images/structures/industrial/pipes/staticobj_pipe_med_ground2.jpg"
  },
  {
    "objectName": "pipe_small_20m.p3d",
    "inGameName": "-",
    "category": "structures",
    "modelType": "Raw P3D",
    "path": "dz/structures/industrial/pipes",
    "usableOnConsole": false,
    "searchTags": "low, metal, oil, gas, water, long",
    "image": "images/structures/industrial/pipes/staticobj_pipe_small_20m.jpg"
  },
  {
    "objectName": "pipe_small_broken.p3d",
    "inGameName": "-",
    "category": "structures",
    "modelType": "Raw P3D",
    "path": "dz/structures/industrial/pipes",
    "usableOnConsole": false,
    "searchTags": "low, metal, oil, gas, water, damaged, cracked",
    "image": "images/structures/industrial/pipes/staticobj_pipe_small_broken.jpg"
  },
  {
    "objectName": "pipe_small_ground1.p3d",
    "inGameName": "-",
    "category": "structures",
    "modelType": "Raw P3D",
    "path": "dz/structures/industrial/pipes",
    "usableOnConsole": false,
    "searchTags": "low, metal, oil, gas, water, damaged, cracked, end, curve",
    "image": "images/structures/industrial/pipes/staticobj_pipe_small_ground1.jpg"
  },
  {
    "objectName": "pipe_small_ground2.p3d",
    "inGameName": "-",
    "category": "structures",
    "modelType": "Raw P3D",
    "path": "dz/structures/industrial/pipes",
    "usableOnConsole": false,
    "searchTags": "low, metal, oil, gas, water, damaged, cracked, end, curve",
    "image": "images/structures/industrial/pipes/staticobj_pipe_small_ground2.jpg"
  },
  {
    "objectName": "pipe_small_l45.p3d",
    "inGameName": "-",
    "category": "structures",
    "modelType": "Raw P3D",
    "path": "dz/structures/industrial/pipes",
    "usableOnConsole": false,
    "searchTags": "low, metal, oil, gas, water, damaged, cracked, end, curve, diagonal",
    "image": "images/structures/industrial/pipes/staticobj_pipe_small_l45.jpg"
  },
  {
    "objectName": "pipe_small_l90.p3d",
    "inGameName": "-",
    "category": "structures",
    "modelType": "Raw P3D",
    "path": "dz/structures/industrial/pipes",
    "usableOnConsole": false,
    "searchTags": "industrial, pipes",
    "image": "images/structures/industrial/pipes/staticobj_pipe_small_l90.jpg"
  },
  {
    "objectName": "pipe_small_r45.p3d",
    "inGameName": "-",
    "category": "structures",
    "modelType": "Raw P3D",
    "path": "dz/structures/industrial/pipes",
    "usableOnConsole": false,
    "searchTags": "low, metal, oil, gas, water, damaged, cracked, end, curve",
    "image": "images/structures/industrial/pipes/staticobj_pipe_small_r45.jpg"
  },
  {
    "objectName": "pipe_small_r90.p3d",
    "inGameName": "-",
    "category": "structures",
    "modelType": "Raw P3D",
    "path": "dz/structures/industrial/pipes",
    "usableOnConsole": false,
    "searchTags": "low, metal, oil, gas, water, damaged, cracked, end, curve",
    "image": "images/structures/industrial/pipes/staticobj_pipe_small_r90.jpg"
  },
  {
    "objectName": "pipe_small_stairs.p3d",
    "inGameName": "-",
    "category": "structures",
    "modelType": "Raw P3D",
    "path": "dz/structures/industrial/pipes",
    "usableOnConsole": false,
    "searchTags": "low, metal, oil, gas, water, damaged, cracked, walkway",
    "image": "images/structures/industrial/pipes/staticobj_pipe_small_stairs.jpg"
  },
  {
    "objectName": "pipe_small_u.p3d",
    "inGameName": "-",
    "category": "structures",
    "modelType": "Raw P3D",
    "path": "dz/structures/industrial/pipes",
    "usableOnConsole": false,
    "searchTags": "high, metal, oil, gas, water, end, curve, bend, vehicle",
    "image": "images/structures/industrial/pipes/staticobj_pipe_small_u.jpg"
  },
  {
    "objectName": "pipe_small_valve.p3d",
    "inGameName": "-",
    "category": "structures",
    "modelType": "Raw P3D",
    "path": "dz/structures/industrial/pipes",
    "usableOnConsole": false,
    "searchTags": "low, metal, oil, gas, water, damaged, cracked, turn, contorl, lever",
    "image": "images/structures/industrial/pipes/staticobj_pipe_small_valve.jpg"
  },
  {
    "objectName": "Land_Pipe_Big_BuildL",
    "inGameName": "-",
    "category": "structures",
    "modelType": "Config",
    "path": "dz/structures/industrial/pipes",
    "usableOnConsole": true,
    "searchTags": "industrial, pipes",
    "image": "images/structures/industrial/pipes/land_pipe_big_buildl.jpg"
  },
  {
    "objectName": "Land_Pipe_Big_BuildR",
    "inGameName": "-",
    "category": "structures",
    "modelType": "Config",
    "path": "dz/structures/industrial/pipes",
    "usableOnConsole": true,
    "searchTags": "industrial, pipes",
    "image": "images/structures/industrial/pipes/land_pipe_big_buildr.jpg"
  },
  {
    "objectName": "Land_Pipe_Big_CornerL",
    "inGameName": "-",
    "category": "structures",
    "modelType": "Config",
    "path": "dz/structures/industrial/pipes",
    "usableOnConsole": true,
    "searchTags": "industrial, pipes",
    "image": "images/structures/industrial/pipes/land_pipe_big_cornerl.jpg"
  },
  {
    "objectName": "Land_Pipe_Big_CornerR",
    "inGameName": "-",
    "category": "structures",
    "modelType": "Config",
    "path": "dz/structures/industrial/pipes",
    "usableOnConsole": true,
    "searchTags": "industrial, pipes",
    "image": "images/structures/industrial/pipes/land_pipe_big_cornerr.jpg"
  },
  {
    "objectName": "Land_Pipe_Big_Ground1",
    "inGameName": "-",
    "category": "structures",
    "modelType": "Config",
    "path": "dz/structures/industrial/pipes",
    "usableOnConsole": true,
    "searchTags": "industrial, pipes",
    "image": "images/structures/industrial/pipes/land_pipe_big_ground1.jpg"
  },
  {
    "objectName": "Land_Pipe_Big_Ground2",
    "inGameName": "-",
    "category": "structures",
    "modelType": "Config",
    "path": "dz/structures/industrial/pipes",
    "usableOnConsole": true,
    "searchTags": "industrial, pipes",
    "image": "images/structures/industrial/pipes/land_pipe_big_ground2.jpg"
  }
]
