[
  {
    "objectName": "StaticObj_Furniture_picture_a_02",
    "inGameName": "-",
    "category": "structures",
    "modelType": "Config",
    "path": "dz/structures/furniture/decoration/wallboards/picture_a_02",
    "usableOnConsole": true,
    "searchTags": "decoration, wallboards",
    "image": "images/structures/furniture/decoration/wallboards/picture_a_02/staticobj_furniture_picture_a_02.jpg",
    "id": "dzobj_e85k3arjkn"
  },
  {
    "objectName": "picture_a_02.p3d",
    "inGameName": "-",
    "category": "structures",
    "modelType": "Raw P3D",
    "path": "dz/structures/furniture/decoration/wallboards/picture_a_02",
    "usableOnConsole": false,
    "searchTags": "decoration, furniture, wallboards",
    "image": "images/structures/furniture/decoration/wallboards/picture_a_02/picture_a_02.p3d.jpg",
    "id": "dzobj_m2fqgo5pl8"
  }
]
