[
  {
    "objectName": "Land_Wreck_Tractor",
    "inGameName": "-",
    "category": "structures_bliss",
    "modelType": "Config",
    "path": "dz/structures_bliss/wrecks/vehicles",
    "usableOnConsole": true,
    "searchTags": "livoniaa, vehicles, wrecks",
    "image": "images/structures_bliss/wrecks/vehicles/land_wreck_tractor.jpg",
    "id": "dzobj_kptmk32shz"
  },
  {
    "objectName": "Land_Wreck_Mining_Excavator",
    "inGameName": "-",
    "category": "structures_bliss",
    "modelType": "Config",
    "path": "dz/structures_bliss/wrecks/vehicles",
    "usableOnConsole": true,
    "searchTags": "livoniaa, vehicles, wrecks",
    "image": "images/structures_bliss/wrecks/vehicles/land_wreck_mining_excavator.jpg",
    "id": "dzobj_4sosgvjacd"
  },
  {
    "objectName": "Land_Wreck_Mining_HaulTruck",
    "inGameName": "-",
    "category": "structures_bliss",
    "modelType": "Config",
    "path": "dz/structures_bliss/wrecks/vehicles",
    "usableOnConsole": true,
    "searchTags": "livoniaa, transport, vehicle, vehicles, wrecks",
    "image": "images/structures_bliss/wrecks/vehicles/land_wreck_mining_haultruck.jpg",
    "id": "dzobj_uga64jpe8e"
  },
  {
    "objectName": "wreck_mining_excavator.p3d",
    "inGameName": "-",
    "category": "structures_bliss",
    "modelType": "Raw P3D",
    "path": "dz/structures_bliss/wrecks/vehicles",
    "usableOnConsole": false,
    "searchTags": "livoniaa, vehicles, wrecks",
    "image": "images/structures_bliss/wrecks/vehicles/land_wreck_mining_excavator.jpg",
    "id": "dzobj_q8ummxbgh1"
  },
  {
    "objectName": "wreck_mining_haultruck.p3d",
    "inGameName": "-",
    "category": "structures_bliss",
    "modelType": "Raw P3D",
    "path": "dz/structures_bliss/wrecks/vehicles",
    "usableOnConsole": false,
    "searchTags": "livoniaa, vehicles, wrecks",
    "image": "images/structures_bliss/wrecks/vehicles/land_wreck_mining_haultruck.jpg",
    "id": "dzobj_v72nvv0i2n"
  },
  {
    "objectName": "wreck_tractor.p3d",
    "inGameName": "-",
    "category": "structures_bliss",
    "modelType": "Raw P3D",
    "path": "dz/structures_bliss/wrecks/vehicles",
    "usableOnConsole": false,
    "searchTags": "livoniaa, vehicles, wrecks",
    "image": "images/structures_bliss/wrecks/vehicles/land_wreck_tractor.jpg",
    "id": "dzobj_qv4tt2bnqf"
  }
]
