[
  {
    "objectName": "StaticObj_Furniture_phonebox",
    "inGameName": "-",
    "category": "structures",
    "modelType": "Config",
    "path": "dz/structures/furniture/eletrical_appliances/phonebox",
    "usableOnConsole": true,
    "searchTags": "appliances, eletrical",
    "image": "images/structures/furniture/eletrical_appliances/phonebox/staticobj_furniture_phonebox.jpg",
    "id": "dzobj_69gwoeaoih"
  },
  {
    "objectName": "phonebox.p3d",
    "inGameName": "-",
    "category": "structures",
    "modelType": "Raw P3D",
    "path": "dz/structures/furniture/eletrical_appliances/phonebox",
    "usableOnConsole": false,
    "searchTags": "appliances, eletrical, furniture",
    "image": "images/structures/furniture/eletrical_appliances/phonebox/phonebox.p3d.jpg",
    "id": "dzobj_cqvqmet8x5"
  }
]
